n,u_narma,drive_u_centered,y_narma,target_y_next,valid_target
0,0.025858459916497323,-0.89656616033401071,0,0,0
1,0.18311370419403133,-0.26754518322387466,0,0,0
2,0.4249310089359768,0.69972403574390718,0,0,0
3,0.29203775861745773,0.16815103446983093,0,0,0
4,0.225401081549432,-0.098395673802271988,0,0,0
5,0.34974293566106945,0.39897174264427782,0,0,0
6,0.45059633767292184,0.80238535069168737,0,0,0
7,0.17931918465834168,-0.28272326136663328,0,0,0
8,0.38823724256882414,0.55294897027529655,0,0,0
9,0.31258217969881102,0.2503287187952441,0,0,0
10,0.4044174430831648,0.61766977233265918,0,0.2110815640654557,1
11,0.13374564829659263,-0.46501740681362946,0.2110815640654557,0.25080125046125379,1
12,0.07936657079438636,-0.68253371682245456,0.25080125046125379,0.21579946767678881,1
13,0.3983685638591184,0.59347425543647359,0.21579946767678881,0.30674107181442084,1
14,0.1292959925481722,-0.4828160298073112,0.30674107181442084,0.27495101528537069,1
15,0.40114625218417771,0.60458500873671084,0.27495101528537069,0.47093116581694006,1
16,0.41371959093944422,0.65487836375777686,0.47093116581694006,0.39330387947543133,1
17,0.25970784790146884,0.038831391605875343,0.39330387947543133,0.41099474301930528,1
18,0.22347379975337633,-0.10610480098649466,0.41099474301930528,0.38016476327525184,1
19,0.13976857849321883,-0.44092568602712467,0.38016476327525184,0.35424132752958437,1
20,0.47246645286635608,0.88986581146542432,0.35424132752958437,0.3589588228197812,1
21,0.12001332182965452,-0.51994671268138193,0.3589588228197812,0.28330131141497056,1
22,0.08864297811736993,-0.64542808753052028,0.28330131141497056,0.2868200583391648,1
23,0.16487643418733416,-0.34049426325066334,0.2868200583391648,0.26850899448492571,1
24,0.18225416116074539,-0.27098335535701845,0.26850899448492571,0.33696833880000787,1
25,0.080528649742701186,-0.67788540102919526,0.33696833880000787,0.31077896988871112,1
26,0.17761617124931317,-0.28953531500274732,0.31077896988871112,0.31501060339853104,1
27,0.34349471965605766,0.37397887862423063,0.31501060339853104,0.36171356886711925,1
28,0.03225377891034592,-0.87098488435861632,0.36171356886711925,0.27417157856559704,1
29,0.46516588635517697,0.86066354542070789,0.27417157856559704,0.55510290370280146,1
30,0.16566307355299364,-0.33734770578802542,0.55510290370280146,0.38937032841337749,1
31,0.28052136181961285,0.12208544727845139,0.38937032841337749,0.31994806223030792,1
32,0.31833138625574442,0.27332554502297768,0.31994806223030792,0.3293978517733045,1
33,0.09417049303091074,-0.62331802787635704,0.3293978517733045,0.28156562577067235,1
34,0.43619609762869993,0.74478439051479972,0.28156562577067235,0.28606745289360413,1
35,0.19955783210909228,-0.20176867156363087,0.28606745289360413,0.2879495433027166,1
36,0.0055807423894062569,-0.97767703044237497,0.2879495433027166,0.23821600218788805,1
37,0.33980009223026708,0.35920036892106832,0.23821600218788805,0.22749013514493349,1
38,0.38072747910371585,0.5229099164148634,0.22749013514493349,0.4701756745003961,1
39,0.32769247338337315,0.3107698935334926,0.4701756745003961,0.40206641535962717,1
40,0.160751614935356,-0.35699354025857599,0.40206641535962717,0.35324021759578406,1
41,0.029983619830025454,-0.88006552067989818,0.35324021759578406,0.27673900906416971,1
42,0.33248408922250489,0.32993635689001954,0.27673900906416971,0.27361361940740975,1
43,0.046835083878203398,-0.81265966448718641,0.27361361940740975,0.255098768252079,1
44,0.17148310257218491,-0.31406758971126036,0.255098768252079,0.26702686361580769,1
45,0.10333367401868282,-0.58666530392526872,0.26702686361580769,0.22171625279589191,1
46,0.40594077204030365,0.62376308816121462,0.22171625279589191,0.40651833963733019,1
47,0.17102042309027593,-0.31591830763889628,0.40651833963733019,0.38372530922951009,1
48,0.30460075128116343,0.21840300512465372,0.38372530922951009,0.4283456659248831,1
49,0.07972683053746793,-0.68109267785012828,0.4283456659248831,0.31772164415980153,1
50,0.47118729984617524,0.88474919938470098,0.31772164415980153,0.26708559030455925,1
51,0.37565528006687687,0.50262112026750749,0.26708559030455925,0.40884087944440584,1
52,0.033424508059935909,-0.86630196776025636,0.40884087944440584,0.2910219482396717,1
53,0.14798098070379961,-0.40807607718480154,0.2910219482396717,0.27261982777521854,1
54,0.023812786118825202,-0.90474885552469919,0.27261982777521854,0.22997698109682446,1
55,0.4700932014569269,0.88037280582770761,0.22997698109682446,0.49235145830965199,1
56,0.3749100547199275,0.49964021887971,0.49235145830965199,0.42999873351406481,1
57,0.22925216262159703,-0.082991349513611867,0.42999873351406481,0.40946126131382554,1
58,0.18632795324847495,-0.25468818700610019,0.40946126131382554,0.31774801919341278,1
59,0.19807284787389196,-0.20770860850443218,0.31774801919341278,0.38992075944741889,1
60,0.49920778313362058,0.9968311325344823,0.38992075944741889,0.56668338079880642,1
61,0.43246392117668847,0.72985568470675388,0.56668338079880642,0.39960152991853415,1
62,0.16180377278387598,-0.35278490886449609,0.39960152991853415,0.33170826139430809,1
63,0.30505330820908461,0.22021323283633842,0.33170826139430809,0.27409788288849568,1
64,0.48122640566516123,0.92490562266064491,0.27409788288849568,0.57420926972559683,1
65,0.25510735028614884,0.020429401144595349,0.57420926972559683,0.53590194672962421,1
66,0.20905571447133187,-0.16377714211467254,0.53590194672962421,0.44598563301226379,1
67,0.014652059027620845,-0.94139176388951662,0.44598563301226379,0.33255836269699257,1
68,0.4419760368725264,0.7679041474901056,0.33255836269699257,0.40039475141586267,1
69,0.15889464665760167,-0.36442141336959333,0.40039475141586267,0.42420573308271858,1
70,0.24716584865197971,-0.011336605392081145,0.42420573308271858,0.47849062107346096,1
71,0.39259669845832806,0.57038679383331226,0.47849062107346096,0.43924756782878016,1
72,0.35005251814414251,0.40021007257657004,0.43924756782878016,0.48500149383320512,1
73,0.29200880058248418,0.16803520232993674,0.48500149383320512,0.56274405595413124,1
74,0.043826014369713784,-0.82469594252114486,0.56274405595413124,0.41724036471557413,1
75,0.49044011342056532,0.96176045368226126,0.41724036471557413,0.47329933115149259,1
76,0.1602719713124538,-0.35891211475018481,0.47329933115149259,0.35103833049917388,1
77,0.25827183759847983,0.033087350393919301,0.35103833049917388,0.453136879858834,1
78,0.16331716467104096,-0.34673134131583616,0.453136879858834,0.3764777929327362,1
79,0.058768581038469991,-0.76492567584612003,0.3764777929327362,0.318702870901728,1
80,0.15861568232494616,-0.36553727070021536,0.318702870901728,0.35842244555546798,1
81,0.30732363359425835,0.2292945343770334,0.35842244555546798,0.44479738010700731,1
82,0.38416202149558415,0.5366480859823366,0.44479738010700731,0.49602344261953846,1
83,0.40429850972143855,0.61719403888575419,0.49602344261953846,0.38083690077310361,1
84,0.24982883936382771,-0.00068464254468914021,0.38083690077310361,0.47554004403722416,1
85,0.24354984083438358,-0.025800636662465681,0.47554004403722416,0.3993713465802583,1
86,0.088467724738174824,-0.6461291010473007,0.3993713465802583,0.33504399643685029,1
87,0.21771100414533917,-0.12915598341864332,0.33504399643685029,0.32149841288216091,1
88,0.46666571151688319,0.86666284606753274,0.32149841288216091,0.30038757409423589,1
89,0.34618801263536747,0.38475205054146988,0.30038757409423589,0.33001614273277868,1
90,0.16698032456382006,-0.33207870174471976,0.33001614273277868,0.3393754157300643,1
91,0.17600208513851628,-0.29599165944593486,0.3393754157300643,0.36810235522380863,1
92,0.060651298507876927,-0.75739480596849229,0.36810235522380863,0.3161617227132868,1
93,0.43977812506690911,0.75911250026763644,0.3161617227132868,0.41602931831543521,1
94,0.43863896675137642,0.7545558670055057,0.41602931831543521,0.45997149847088148,1
95,0.45564187439581277,0.82256749758325109,0.45997149847088148,0.38092776817524232,1
96,0.28236998500659799,0.12947994002639196,0.38092776817524232,0.37443917111492486,1
97,0.030299152735669355,-0.87880338905732258,0.37443917111492486,0.30106952275555032,1
98,0.3646030892295013,0.45841235691800519,0.30106952275555032,0.43364168358295674,1
99,0.073585361472205846,-0.70565855411117662,0.43364168358295674,0.32917506508314343,1
100,0.33859598555270848,0.35438394221083391,0.32917506508314343,0.34935126958349783,1
101,0.32738922659349551,0.30955690637398203,0.34935126958349783,0.29972451595431776,1
102,0.45584091087520384,0.82336364350081537,0.29972451595431776,0.54547759914189498,1
103,0.24765052739636811,-0.0093978904145275433,0.54547759914189498,0.53267717733738895,1
104,0.2175505306921397,-0.12979787723144121,0.53267717733738895,0.51519821482133277,1
105,0.2372185320600575,-0.051125871759770014,0.51519821482133277,0.45966311991592079,1
106,0.29208970491082814,0.16835881964331256,0.45966311991592079,0.3463338994438131,1
107,0.45843398336506397,0.83373593346025587,0.3463338994438131,0.52583149335260715,1
108,0.080808611635166061,-0.67676555345933576,0.52583149335260715,0.3806974502664634,1
109,0.36693779036291252,0.46775116145165008,0.3806974502664634,0.48212259389344103,1
110,0.39331468297457045,0.5732587318982818,0.48212259389344103,0.54474802464011729,1
111,0.092347204539749483,-0.63061118184100207,0.54474802464011729,0.4527444135959281,1
112,0.29886546496958732,0.1954618598783493,0.4527444135959281,0.45517489254137411,1
113,0.15571762872577416,-0.37712948509690336,0.45517489254137411,0.39422380622593178,1
114,0.37350857086318973,0.4940342834527589,0.39422380622593178,0.44099060232282805,1
115,0.4797768127717747,0.91910725108709879,0.44099060232282805,0.54134166895773972,1
116,0.47451467467619096,0.89805869870476385,0.54134166895773972,0.71224280109049898,1
117,0.25147426725536709,0.0058970690214683597,0.71224280109049898,0.51972681361290141,1
118,0.30225464523736351,0.20901858094945402,0.51972681361290141,0.55023810263819251,1
119,0.40187245706647856,0.60748982826591424,0.55023810263819251,0.64229830457811909,1
120,0.082478093096121641,-0.67008762761551344,0.64229830457811909,0.47283749865982783,1
121,0.47212048660578332,0.88848194642313327,0.47283749865982783,0.57600992718366495,1
122,0.36805563066889119,0.47222252267556475,0.57600992718366495,0.51156116768582072,1
123,0.25523851675549547,0.020954067021981881,0.51156116768582072,0.53360502114970609,1
124,0.23311591929936892,-0.067536322802524307,0.53360502114970609,0.57461103542889869,1
125,0.29713625704656266,0.18854502818625063,0.57461103542889869,0.64575808144655034,1
126,0.41311259556879054,0.65245038227516217,0.64575808144655034,0.63485489488483526,1
127,0.45118330212031088,0.80473320848124352,0.63485489488483526,0.67472641810869871,1
128,0.11973436208062821,-0.52106255167748716,0.67472641810869871,0.57082216464688196,1
129,0.14125418474561635,-0.43498326101753459,0.57082216464688196,0.45531907396249804,1
130,0.26346775693302504,0.053871027732100174,0.45531907396249804,0.55180854586687234,1
131,0.4560721872437476,0.82428874897499038,0.55180854586687234,0.67540013247080444,1
132,0.21354872715014944,-0.14580509139940223,0.67540013247080444,0.58120618381451949,1
133,0.15332868967034025,-0.38668524131863902,0.58120618381451949,0.49937783815168646,1
134,0.42149717240690027,0.68598868962760107,0.49937783815168646,0.58409118465524723,1
135,0.054368421961626945,-0.78252631215349222,0.58409118465524723,0.48044679722868133,1
136,0.14776754464170566,-0.40892982143317735,0.48044679722868133,0.48126020700436578,1
137,0.22036038286447562,-0.11855846854209751,0.48126020700436578,0.41761212038658813,1
138,0.1165563997555063,-0.53377440097797479,0.41761212038658813,0.36059151314767612,1
139,0.38804232698509461,0.55216930794037844,0.36059151314767612,0.45325091564226339,1
140,0.19562205302647617,-0.21751178789409531,0.45325091564226339,0.48504201613918152,1
141,0.13813528640827816,-0.44745885436688737,0.48504201613918152,0.41146433269206661,1
142,0.23917826241368711,-0.04328695034525154,0.41146433269206661,0.3762607649017562,1
143,0.35446173039343276,0.41784692157373104,0.3762607649017562,0.52257314783459452,1
144,0.43333719689303091,0.73334878757212363,0.52257314783459452,0.41158744958811899,1
145,0.14785832551792105,-0.40856669792831579,0.41158744958811899,0.34680030336948608,1
146,0.13108007297446728,-0.47567970810213089,0.34680030336948608,0.32134755597015263,1
147,0.060627012308418826,-0.7574919507663247,0.32134755597015263,0.27298513708866778,1
148,0.059947870999013719,-0.76020851600394512,0.27298513708866778,0.27086604170774309,1
149,0.011847976044895958,-0.95260809582041617,0.27086604170774309,0.23717847245398013,1
150,0.36198538575375788,0.44794154301503153,0.23717847245398013,0.28951544672248747,1
151,0.038964898946362292,-0.84414040421455083,0.28951544672248747,0.2509285179767875,1
152,0.38263241442326118,0.53052965769304472,0.2509285179767875,0.42012511989978241,1
153,0.04292337878361413,-0.82830648486554348,0.42012511989978241,0.3241809514463273,1
154,0.24194260547808927,-0.032229578087642929,0.3241809514463273,0.3018999304232699,1
155,0.49421886832390532,0.9768754732956213,0.3018999304232699,0.33356915231991857,1
156,0.13136351819723491,-0.47454592721106037,0.33356915231991857,0.26242925686151508,1
157,0.34321580113154321,0.37286320452617283,0.26242925686151508,0.24847915302385459,1
158,0.38983666746469842,0.55934666985879367,0.24847915302385459,0.21798805814323205,1
159,0.22161631815452132,-0.11353472738191472,0.21798805814323205,0.31718810192825087,1
160,0.26054068519825124,0.042162740793004971,0.31718810192825087,0.25742815462252056,1
161,0.33648734657710322,0.34594938630841288,0.25742815462252056,0.4081223907648458,1
162,0.45752222422671646,0.83008889690686583,0.4081223907648458,0.31497800432787137,1
163,0.49682662540228817,0.98730650160915268,0.31497800432787137,0.421829054059495,1
164,0.41345517477985044,0.65382069911940177,0.421829054059495,0.59809890749749794,1
165,0.27824432113715447,0.11297728454861788,0.59809890749749794,0.43533841355905478,1
166,0.36494993549824412,0.45979974199297646,0.43533841355905478,0.49427619556836233,1
167,0.38783311153326722,0.55133244613306887,0.49427619556836233,0.56685053891587722,1
168,0.12543231540506972,-0.49827073837972113,0.56685053891587722,0.42603177464531838,1
169,0.23103776174109475,-0.075848953035621003,0.42603177464531838,0.40842338868374606,1
170,0.10005661306122876,-0.59977354775508496,0.40842338868374606,0.36148047293835806,1
171,0.46988720326136479,0.87954881304545918,0.36148047293835806,0.61108595061717119,1
172,0.24642328032550481,-0.014306878697980752,0.61108595061717119,0.60869308600777061,1
173,0.33618309915624484,0.34473239662497934,0.60869308600777061,0.64120988416426627,1
174,0.053544332473845213,-0.78582267010461915,0.64120988416426627,0.47986984573702718,1
175,0.41854463079794035,0.67417852319176141,0.47986984573702718,0.59384818195110256,1
176,0.041965973320028493,-0.83213610671988603,0.59384818195110256,0.45672428416885658,1
177,0.18921520262841512,-0.2431391894863395,0.45672428416885658,0.39032064951601853,1
178,0.13416803715605036,-0.46332785137579857,0.39032064951601853,0.36073773062146208,1
179,0.085952667230046853,-0.65618933107981259,0.36073773062146208,0.30972580203020567,1
180,0.28690045364608235,0.14760181458432942,0.30972580203020567,0.46968030925450166,1
181,0.20693931469193177,-0.1722427412322729,0.46968030925450166,0.43298196519833954,1
182,0.21934628133299094,-0.12261487466803622,0.43298196519833954,0.44320417200449214,1
183,0.014028765044033387,-0.94388493982386645,0.44320417200449214,0.33554413852007936,1
184,0.44103381692243127,0.76413526768972506,0.33554413852007936,0.54923466205996707,1
185,0.40339051740050835,0.61356206960203341,0.54923466205996707,0.40940230933629229,1
186,0.30342267956574165,0.21369071826296659,0.40940230933629229,0.39404462033964904,1
187,0.28866015515791982,0.15464062063167927,0.39404462033964904,0.35698503574459683,1
188,0.2391841014418804,-0.043263594232478386,0.35698503574459683,0.31042874134386073,1
189,0.48585543778877721,0.94342175115510885,0.31042874134386073,0.46447692192525469,1
190,0.34301116174712815,0.37204464698851258,0.46447692192525469,0.44256696383857819,1
191,0.36717969904010406,0.46871879616041623,0.44256696383857819,0.4451656875873834,1
192,0.35744047407269919,0.42976189629079675,0.4451656875873834,0.3334667026907111,1
193,0.052666126175741568,-0.78933549529703373,0.3334667026907111,0.30226353722281096,1
194,0.45350729945775375,0.81402919783101502,0.30226353722281096,0.52566402199918538,1
195,0.45369733502679671,0.81478934010718684,0.52566402199918538,0.56891678109204313,1
196,0.028074802576269764,-0.88770078969492094,0.56891678109204313,0.4007101097009047,1
197,0.34929279805860691,0.39717119223442765,0.4007101097009047,0.42869121968516466,1
198,0.32152342418129182,0.28609369672516727,0.42869121968516466,0.55343245522723905,1
199,0.056350720396434184,-0.77459711841426326,0.55343245522723905,0.41858672815028364,1
200,0.19714653011556083,-0.2114138795377567,0.41858672815028364,0.42665477697037124,1
201,0.22125792642920789,-0.11496829428316846,0.42665477697037124,0.44056606551939204,1
202,0.02652399097987268,-0.89390403608050928,0.44056606551939204,0.33116665096464637,1
203,0.043973075697135156,-0.82410769721145938,0.33116665096464637,0.30206439315462608,1
204,0.05702356899109351,-0.77190572403562596,0.30206439315462608,0.2958270783055994,1
205,0.37399313521739758,0.49597254086959031,0.2958270783055994,0.26612769435847355,1
206,0.49370542637173093,0.97482170548692371,0.26612769435847355,0.48992350383337857,1
207,0.18017528453758896,-0.27929886184964414,0.48992350383337857,0.43070728705471406,1
208,0.12420004796319384,-0.50319980814722465,0.43070728705471406,0.32488391501937142,1
209,0.42042689908148217,0.6817075963259287,0.32488391501937142,0.38232785792318547,1
210,0.076054940397056681,-0.69578023841177328,0.38232785792318547,0.31048424902097826,1
211,0.15687914679824422,-0.37248341280702313,0.31048424902097826,0.25487162329854762,1
212,0.22948024857037747,-0.082079005718490139,0.25487162329854762,0.23477806524685835,1
213,0.090794359510682932,-0.63682256195726827,0.23477806524685835,0.21684396588689439,1
214,0.46835535770917469,0.87342143083669876,0.21684396588689439,0.46256421574125939,1
215,0.40019698186517683,0.60078792746070731,0.46256421574125939,0.61316170242591361,1
216,0.21887701137299792,-0.12449195450800832,0.61316170242591361,0.45716768021496346,1
217,0.2474916346197561,-0.010033461520975617,0.45716768021496346,0.36755494621346774,1
218,0.13430806239175658,-0.46276775043297369,0.36755494621346774,0.36157925247154243,1
219,0.3884226368617445,0.55369054744697799,0.36157925247154243,0.3189790790400947,1
220,0.46160632052792633,0.84642528211170531,0.3189790790400947,0.36170242586289991,1
221,0.012032800893003681,-0.95186879642798528,0.36170242586289991,0.27864894105859794,1
222,0.067556778577608112,-0.72977288568956755,0.27864894105859794,0.24396894717614268,1
223,0.050778584551621653,-0.79688566179351339,0.24396894717614268,0.25378108836400681,1
224,0.11440135909643195,-0.54239456361427218,0.25378108836400681,0.29200091179064158,1
225,0.148303817536871,-0.40678472985251601,0.29200091179064158,0.28809963647963927,1
226,0.23126408670704013,-0.074943653171839486,0.28809963647963927,0.31871799392518396,1
227,0.0092152465973048825,-0.96313901361078047,0.31871799392518396,0.24663470104148486,1
228,0.1206692715387645,-0.517322913844942,0.24663470104148486,0.28084908117072616,1
229,0.071079217162827613,-0.71568313134868955,0.28084908117072616,0.2739604187871818,1
230,0.23542455768231374,-0.058301769270745041,0.2739604187871818,0.22531732237875551,1
231,0.39320240701213444,0.57280962804853774,0.22531732237875551,0.23788056277896816,1
232,0.23279281885378378,-0.068828724584864887,0.23788056277896816,0.22074801810646597,1
233,0.18595047664893488,-0.25619809340426047,0.22074801810646597,0.22725043659921057,1
234,0.28172844224534188,0.12691376898136753,0.22725043659921057,0.26051999705961149,1
235,0.15608340128898102,-0.37566639484407593,0.26051999705961149,0.26590752223304392,1
236,0.40795093363265611,0.63180373453062444,0.26590752223304392,0.21941803695159251,1
237,0.039786240146355067,-0.84085503941457973,0.21941803695159251,0.19999868567406875,1
238,0.27224677640253714,0.088987105610148554,0.19999868567406875,0.21314457963445521,1
239,0.46453944211533965,0.85815776846135861,0.21314457963445521,0.35297145913404604,1
240,0.061744451669498046,-0.75302219332200782,0.35297145913404604,0.28507379466764704,1
241,0.45343030861455785,0.81372123445823141,0.28507379466764704,0.37924579080476162,1
242,0.39166523535553049,0.56666094142212198,0.37924579080476162,0.37278156839760579,1
243,0.13515993583046543,-0.45936025667813829,0.37278156839760579,0.3206999624670499,1
244,0.06078762786381714,-0.75684948854473144,0.3206999624670499,0.25645851692577248,1
245,0.081892027325830785,-0.67243189069667686,0.25645851692577248,0.26379610611669374,1
246,0.47225616754733934,0.88902467018935738,0.26379610611669374,0.24509295257519378,1
247,0.067459088578969706,-0.73016364568412118,0.24509295257519378,0.23648306995418994,1
248,0.31540860460246201,0.26163441840984802,0.23648306995418994,0.42531901790766091,1
249,0.053525160303285024,-0.7858993587868599,0.42531901790766091,0.29928392812952509,1
250,0.35184700748418807,0.40738802993675227,0.29928392812952509,0.47524541815522992,1
251,0.15179965242783577,-0.3928013902886569,0.47524541815522992,0.40956292564873964,1
252,0.19455314919077793,-0.22178740323688828,0.40956292564873964,0.32998717500041885,1
253,0.31045833198337619,0.24183332793350476,0.32998717500041885,0.28112392881844417,1
254,0.077058293123005384,-0.69176682750797847,0.28112392881844417,0.23909689573614568,1
255,0.176392947115659,-0.29442821153736398,0.23909689573614568,0.33499822944742053,1
256,0.048938133765619674,-0.80424746493752131,0.33499822944742053,0.26032740346945371,1
257,0.16345629797390526,-0.34617480810437895,0.26032740346945371,0.29827395047366689,1
258,0.22069936333554474,-0.11720254665782104,0.29827395047366689,0.25721053034359936,1
259,0.37363173467230143,0.49452693868920572,0.25721053034359936,0.41531716729074397,1
260,0.36352285650260874,0.45409142601043495,0.41531716729074397,0.37592019603217852,1
261,0.13258132916267173,-0.46967468334931306,0.37592019603217852,0.31164864155026495,1
262,0.40280041403815547,0.6112016561526219,0.31164864155026495,0.42944008455820626,1
263,0.29332134682376776,0.17328538729507104,0.42944008455820626,0.33151878449434558,1
264,0.43176531500857329,0.72706126003429317,0.33151878449434558,0.36763016338481025,1
265,0.11372968423592195,-0.54508126305631222,0.36763016338481025,0.28080912890046078,1
266,0.073659260490344047,-0.70536295803862381,0.28080912890046078,0.24903083135887558,1
267,0.18413255808873197,-0.26346976764507213,0.24903083135887558,0.27696542349462705,1
268,0.39663866997411729,0.58655467989646914,0.27696542349462705,0.4510216708481769,1
269,0.40968714220469848,0.63874856881879394,0.4510216708481769,0.53739000454384178,1
270,0.034249890948965689,-0.86300043620413724,0.53739000454384178,0.36506418494138415,1
271,0.017952274463133411,-0.92819090214746636,0.36506418494138415,0.28608705607208446,1
272,0.12483013123057846,-0.50067947507768618,0.28608705607208446,0.2918865810900334,1
273,0.47875518933936412,0.91502075735745647,0.2918865810900334,0.54779740460816695,1
274,0.28245323234810965,0.1298129293924386,0.54779740460816695,0.4125980849198706,1
275,0.2567086425511631,0.026834570204652408,0.4125980849198706,0.328445681622208,1
276,0.033943429583236873,-0.86422628166705251,0.328445681622208,0.26943142837291573,1
277,0.039016683358094384,-0.84393326656762246,0.26943142837291573,0.25478591654712535,1
278,0.22072081101938884,-0.11711675592244464,0.25478591654712535,0.35977788771431374,1
279,0.0067178293530925082,-0.97312868258762997,0.35977788771431374,0.27399667810278305,1
280,0.30465210307832646,0.21860841231330586,0.27399667810278305,0.23684346903072337,1
281,0.44366243283782425,0.774649731351297,0.23684346903072337,0.29275172754453355,1
282,0.081580331164999298,-0.67367867534000281,0.29275172754453355,0.29425126966793669,1
283,0.27570190088303642,0.10280760353214569,0.29425126966793669,0.35320480098949747,1
284,0.2709544532042556,0.083817812817022386,0.35320480098949747,0.36462039896287091,1
285,0.23465405106028792,-0.061383795758848336,0.36462039896287091,0.27653908487461321,1
286,0.18501374168425178,-0.2599450332629929,0.27653908487461321,0.23494147735154916,1
287,0.17073719571682278,-0.3170512171327089,0.23494147735154916,0.26156683818094867,1
288,0.28190185022629755,0.12760740090519018,0.26156683818094867,0.21987211208193153,1
289,0.20254272555945219,-0.18982909776219126,0.21987211208193153,0.28939574178391003,1
290,0.14686036372585554,-0.41255854509657786,0.28939574178391003,0.32541585140411655,1
291,0.40501852843041597,0.62007411372166388,0.32541585140411655,0.29457672220217002,1
292,0.033395886732042412,-0.86641645307183035,0.29457672220217002,0.24510946952094351,1
293,0.28439049398427985,0.13756197593711939,0.24510946952094351,0.32423305047602846,1
294,0.0894739579796347,-0.6421041680814612,0.32423305047602846,0.27474369101046536,1
295,0.48067453408211547,0.92269813632846187,0.27474369101046536,0.35354792018808268,1
296,0.42293969902651024,0.69175879610604096,0.35354792018808268,0.36429209401140572,1
297,0.4735594163971511,0.8942376655886044,0.36429209401140572,0.46331677932932946,1
298,0.19351534301547463,-0.22593862793810149,0.46331677932932946,0.37086443984176065,1
299,0.30399618395870032,0.21598473583480127,0.37086443984176065,0.33952135884098611,1
300,0.35050896978840917,0.4020358791536367,0.33952135884098611,0.47176560485111885,1
301,0.36051336007732104,0.44205344030928417,0.47176560485111885,0.34219465288533424,1
302,0.1801913737300338,-0.2792345050798648,0.34219465288533424,0.34025798637574733,1
303,0.09779677000823217,-0.60881291996707132,0.34025798637574733,0.27721034550280194,1
304,0.21579198918632797,-0.13683204325468812,0.27721034550280194,0.38861786358801342,1
305,0.21554424305411418,-0.13782302778354327,0.38861786358801342,0.42544817526999446,1
306,0.49476818230827918,0.97907272923311672,0.42544817526999446,0.65957158103216929,1
307,0.056036488765031256,-0.77585404493987498,0.65957158103216929,0.44864935371914361,1
308,0.28596788705985493,0.14387154823941972,0.44864935371914361,0.45616234819057067,1
309,0.10115790059922791,-0.59536839760308835,0.45616234819057067,0.38467381747966989,1
310,0.10966439759225893,-0.56134240963096427,0.38467381747966989,0.35538207723765292,1
311,0.090609910114181125,-0.6375603595432755,0.35538207723765292,0.30357070377163065,1
312,0.30739129555802613,0.22956518223210454,0.30357070377163065,0.29747838946017546,1
313,0.03069111904617039,-0.87723552381531844,0.29747838946017546,0.25862541891682722,1
314,0.077808613746313482,-0.68876554501474607,0.25862541891682722,0.2541873437472385,1
315,0.46976956908036399,0.87907827632145596,0.2541873437472385,0.57374837689171421,1
316,0.023585992293078228,-0.90565603082768709,0.57374837689171421,0.38862862084149763,1
317,0.47979236572562811,0.91916946290251245,0.38862862084149763,0.49470282322183168,1
318,0.35558937681768032,0.4223575072707213,0.49470282322183168,0.39554809160958659,1
319,0.20602322475780155,-0.17590710096879381,0.39554809160958659,0.32586039990918325,1
320,0.26810465069609973,0.072418602784398933,0.32586039990918325,0.29363010183966776,1
321,0.46456390325527935,0.85825561302111741,0.29363010183966776,0.45494096828543162,1
322,0.40937540770388237,0.63750163081552946,0.45494096828543162,0.34034226809870249,1
323,0.49120754950413476,0.96483019801653902,0.34034226809870249,0.32376128552971739,1
324,0.4827413218754355,0.93096528750174201,0.32376128552971739,0.59954293728880947,1
325,0.20301177720027325,-0.18795289119890701,0.59954293728880947,0.41267063794138414,1
326,0.15258771418177508,-0.38964914327289968,0.41267063794138414,0.41676228258221615,1
327,0.30469983521906119,0.21879934087624475,0.41676228258221615,0.47210682497783985,1
328,0.43775289968145309,0.75101159872581236,0.47210682497783985,0.47216440921165281,1
329,0.2753463305026414,0.1013853220105656,0.47216440921165281,0.44945362907578201,1
330,0.3065870007530519,0.22634800301220759,0.44945362907578201,0.54366021032010903,1
331,0.35907135934453976,0.43628543737815906,0.54366021032010903,0.60551736289163871,1
332,0.072039870222187496,-0.71184051911125001,0.60551736289163871,0.47509337619338265,1
333,0.034333367461903075,-0.8626665301523877,0.47509337619338265,0.38071639699695747,1
334,0.36194519572747069,0.44778078290988277,0.38071639699695747,0.41633262559349427,1
335,0.47181878393183746,0.88727513572734984,0.41633262559349427,0.42957279322914033,1
336,0.40302677890570437,0.6121071156228175,0.42957279322914033,0.51319522708597243,1
337,0.36201667294241169,0.44806669176964675,0.51319522708597243,0.61375368303864464,1
338,0.20578276976087101,-0.17686892095651596,0.61375368303864464,0.51947147292028373,1
339,0.19591304744254823,-0.21634781022980709,0.51947147292028373,0.47442324351282406,1
340,0.22204470573427865,-0.11182117706288541,0.47442324351282406,0.47985717978275444,1
341,0.42569579760639442,0.70278319042557769,0.47985717978275444,0.40771311201980742,1
342,0.41925487513413212,0.67701950053652848,0.40771311201980742,0.33992465101847236,1
343,0.40630265404741683,0.62521061618966733,0.33992465101847236,0.5003234263893106,1
344,0.084149390800926038,-0.66340243679629585,0.5003234263893106,0.42709202548542136,1
345,0.31862204681418904,0.27448818725675617,0.42709202548542136,0.5212278114578367,1
346,0.34431992292868235,0.37727969171472941,0.5212278114578367,0.56835868994035121,1
347,0.27831523821184917,0.11326095284739668,0.56835868994035121,0.49430427504033991,1
348,0.088277951269931099,-0.64688819492027561,0.49430427504033991,0.39120307667953758,1
349,0.0079613065931861682,-0.96815477362725533,0.39120307667953758,0.3100758820212195,1
350,0.35874396305305656,0.43497585221222623,0.3100758820212195,0.4909345489640653,1
351,0.40861593263917717,0.63446373055670868,0.4909345489640653,0.61351304737128309,1
352,0.4849298308535559,0.9397193234142236,0.61351304737128309,0.72245153751710012,1
353,0.3978992124827378,0.59159684993095119,0.72245153751710012,0.54899908554618082,1
354,0.26975219860064426,0.079008794402577021,0.54899908554618082,0.53329298094727584,1
355,0.33693440694921706,0.34773762779686823,0.53329298094727584,0.57251354920339514,1
356,0.026232125889145641,-0.89507149644341744,0.57251354920339514,0.4328654550473956,1
357,0.41799072232216483,0.67196288928865933,0.4328654550473956,0.39580912811128277,1
358,0.28795263070285737,0.15181052281142948,0.39580912811128277,0.32136446213510339,1
359,0.071825865519764498,-0.71269653792094201,0.32136446213510339,0.31446624323115369,1
360,0.46617851191356052,0.86471404765424209,0.31446624323115369,0.55784262854747235,1
361,0.10854484140286885,-0.56582063438852459,0.55784262854747235,0.48613428533517544,1
362,0.123823853313419,-0.50470458674632401,0.48613428533517544,0.43850067667948467,1
363,0.10523039637241816,-0.57907841451032738,0.43850067667948467,0.3750237676203918,1
364,0.18480646301596981,-0.26077414793612075,0.3750237676203918,0.38893537330634742,1
365,0.11104621915823565,-0.55581512336705741,0.38893537330634742,0.30434944913534523,1
366,0.26644330192274629,0.065773207690985158,0.30434944913534523,0.41946366442116034,1
367,0.22808320842758967,-0.08766716628964133,0.41946366442116034,0.40828720461327905,1
368,0.31112035441399855,0.24448141765599418,0.40828720461327905,0.33795664393832603,1
369,0.36115982719010348,0.44463930876041391,0.33795664393832603,0.52204890399017367,1
370,0.41124693431736448,0.64498773726945791,0.52204890399017367,0.43420909697069554,1
371,0.2474855291428123,-0.010057883428750802,0.43420909697069554,0.36556619436131355,1
372,0.34373307471814835,0.37493229887259338,0.36556619436131355,0.33693641131802315,1
373,0.43050618214988468,0.7220247285995387,0.33693641131802315,0.38600232137086521,1
374,0.19885903230667212,-0.20456387077331151,0.38600232137086521,0.32426744162324106,1
375,0.27535096631351896,0.10140386525407585,0.32426744162324106,0.36957291482687715,1
376,0.4445856183750897,0.77834247350035879,0.36957291482687715,0.43512202192758054,1
377,0.21163044770982475,-0.15347820916070098,0.43512202192758054,0.41458366165225524,1
378,0.47124313656980432,0.88497254627921729,0.41458366165225524,0.56105451184947241,1
379,0.33435574736418944,0.33742298945675775,0.56105451184947241,0.59097147275201245,1
380,0.23088611257129726,-0.076455549714810944,0.59097147275201245,0.48764723537082233,1
381,0.010099302611486227,-0.95960278955405509,0.48764723537082233,0.35565609162411982,1
382,0.27412764396939043,0.096510575877561733,0.35565609162411982,0.45950430265055342,1
383,0.21224813610859733,-0.15100745556561068,0.45950430265055342,0.40189459834202668,1
384,0.37353529139712677,0.49414116558850707,0.40189459834202668,0.46327065732776207,1
385,0.43959063426510553,0.75836253706042211,0.46327065732776207,0.63728041097546928,1
386,0.30678354454055279,0.22713417816221115,0.63728041097546928,0.54174109929991032,1
387,0.2601082353452569,0.040432941381027598,0.54174109929991032,0.57947872355524022,1
388,0.46044105579384242,0.8417642231753697,0.57947872355524022,0.65191439596803036,1
389,0.26695910794808964,0.067836431792358542,0.65191439596803036,0.55652902187068953,1
390,0.43770504761215412,0.75082019044861648,0.55652902187068953,0.41647598404260611,1
391,0.074924349740330687,-0.70030260103867725,0.41647598404260611,0.361197463457408,1
392,0.2178825534268079,-0.1284697862927684,0.361197463457408,0.36927766193154321,1
393,0.037659678364306615,-0.84936128654277354,0.36927766193154321,0.32381690905755844,1
394,0.26470185569672217,0.058807422786888663,0.32381690905755844,0.45103680510419164,1
395,0.17599527135677623,-0.29601891457289509,0.45103680510419164,0.42654999594709242,1
396,0.30753054782387218,0.23012219129548872,0.42654999594709242,0.44772227017963673,1
397,0.2731636348349285,0.092654539339714015,0.44772227017963673,0.52559823680851159,1
398,0.26737982366351054,0.069519294654042163,0.52559823680851159,0.48379981108397707,1
399,0.46938552970077102,0.87754211880308408,0.48379981108397707,0.65883540617966652,1
400,0.43146873223512489,0.72587492894049954,0.65883540617966652,0.49320418566947721,1
401,0.31618060820956517,0.26472243283826069,0.49320418566947721,0.4632795789183527,1
402,0.29904119429350473,0.19616477717401892,0.4632795789183527,0.36342972033243848,1
403,0.21566597511147106,-0.13733609955411574,0.36342972033243848,0.37892583184167816,1
404,0.44456009195528889,0.77824036782115558,0.37892583184167816,0.41994169522076386,1
405,0.033024304683115291,-0.86790278126753884,0.41994169522076386,0.33908991494340024,1
406,0.045179605294813241,-0.81928157882074704,0.33908991494340024,0.29778603679281657,1
407,0.24460552438205108,-0.021577902471795696,0.29778603679281657,0.35330832373842114,1
408,0.091405309757090936,-0.63437876097163626,0.35330832373842114,0.3454552841046391,1
409,0.48446362816014732,0.93785451264058928,0.3454552841046391,0.58823024703511573,1
410,0.11526340770570037,-0.53894636917719851,0.58823024703511573,0.45003563012458225,1
411,0.25004122247332278,0.00016488989329110915,0.45003563012458225,0.43716510374515971,1
412,0.25467114928645385,0.018684597145815385,0.43716510374515971,0.40038627079927136,1
413,0.28416800800291248,0.1366720320116499,0.40038627079927136,0.48989445521886299,1
414,0.23091509709073271,-0.076339611637069149,0.48989445521886299,0.3593569808630741,1
415,0.36363402486248331,0.45453609944993323,0.3593569808630741,0.30541254962844894,1
416,0.19622636836938229,-0.21509452652247085,0.30541254962844894,0.32511613394337768,1
417,0.19622337050930272,-0.21510651796278912,0.32511613394337768,0.29034553548592323,1
418,0.22552863148341956,-0.097885474066321754,0.29034553548592323,0.40893852149387611,1
419,0.10338737239279111,-0.58645051042883556,0.40893852149387611,0.32346658853862947,1
420,0.4302923878826394,0.72116955153055762,0.32346658853862947,0.419725051850808,1
421,0.23058201447688725,-0.077671942092450985,0.419725051850808,0.3929056589241483,1
422,0.25228887200410921,0.0091554880164368413,0.3929056589241483,0.39840332376028553,1
423,0.4347450069336532,0.7389800277346128,0.39840332376028553,0.44407960331691143,1
424,0.41269884874885032,0.65079539499540129,0.44407960331691143,0.53976954322941395,1
425,0.42969316983104883,0.71877267932419531,0.53976954322941395,0.49226260433183655,1
426,0.055851003637513053,-0.77659598544994779,0.49226260433183655,0.36343197925452886,1
427,0.46433704517098889,0.85734818068395557,0.36343197925452886,0.44013043160644716,1
428,0.47587958175568462,0.90351832702273849,0.44013043160644716,0.39877507289297409,1
429,0.19047264786936846,-0.23810940852252616,0.39877507289297409,0.42657188691500914,1
430,0.12474118679374097,-0.50103525282503614,0.42657188691500914,0.3631715668811758,1
431,0.35880752315558317,0.4352300926223327,0.3631715668811758,0.42208268279116812,1
432,0.31819114811472682,0.27276459245890727,0.42208268279116812,0.52463167463771532,1
433,0.27932788607962161,0.11731154431848645,0.52463167463771532,0.54611695174597441,1
434,0.0048118453708725917,-0.98075261851650963,0.54611695174597441,0.39027550634969643,1
435,0.12457282820647547,-0.50170868717409811,0.39027550634969643,0.3127443731115514,1
436,0.19501794648208698,-0.21992821407165208,0.3127443731115514,0.39514200784256703,1
437,0.2850068102579375,0.14002724103175002,0.39514200784256703,0.50535387851810598,1
438,0.37216567437365283,0.48866269749461133,0.50535387851810598,0.46620590825853037,1
439,0.21394335199102699,-0.14422659203589205,0.46620590825853037,0.38134640960084465,1
440,0.42865341342659818,0.71461365370639274,0.38134640960084465,0.52723432954552396,1
441,0.42950334990065558,0.71801339960262234,0.52723432954552396,0.58103330442161505,1
442,0.17519191480240548,-0.29923234079037808,0.58103330442161505,0.48222563246466876,1
443,0.3329547718626274,0.33181908745050959,0.48222563246466876,0.35768568358886788,1
444,0.35864991597303636,0.43459966389214544,0.35768568358886788,0.35300014075612374,1
445,0.15633449941198169,-0.37466200235207325,0.35300014075612374,0.32862092242710617,1
446,0.22757595603964947,-0.089696175841402104,0.32862092242710617,0.36780994868430961,1
447,0.12535842605598485,-0.4985662957760606,0.36780994868430961,0.36033229560870905,1
448,0.34113952513319168,0.36455810053276672,0.36033229560870905,0.39334526466345143,1
449,0.33000922565948348,0.32003690263793394,0.39334526466345143,0.51147055034313338,1
450,0.20613974615402941,-0.17544101538388235,0.51147055034313338,0.49526149325032987,1
451,0.032917106920902384,-0.86833157231639047,0.49526149325032987,0.36199591514724061,1
452,0.10035486386016429,-0.59858054455934284,0.36199591514724061,0.33133103740651243,1
453,0.25485676560096482,0.019427062403859274,0.33133103740651243,0.40046687323478802,1
454,0.39325770036440438,0.57303080145761753,0.40046687323478802,0.39052349451239199,1
455,0.30244622167918267,0.20978488671673068,0.39052349451239199,0.39735701615938268,1
456,0.0015058459663281898,-0.99397661613468724,0.39735701615938268,0.29915823411079007,1
457,0.30425287977088777,0.2170115190835511,0.29915823411079007,0.40438924707678026,1
458,0.26894350689045299,0.075774027561811952,0.40438924707678026,0.43502813745065028,1
459,0.16773032873255594,-0.32907868506977622,0.43502813745065028,0.36996479623800049,1
460,0.4057505121576504,0.6230020486306016,0.36996479623800049,0.30289810971506514,1
461,0.12915853344496681,-0.48336586622013278,0.30289810971506514,0.26624380870373804,1
462,0.22299676365862237,-0.10801294536551054,0.26624380870373804,0.31301024492881102,1
463,0.30981820729606024,0.23927282918424098,0.31301024492881102,0.43267447583487173,1
464,0.25995973242156256,0.039838929686250246,0.43267447583487173,0.42586283339889675,1
465,0.084941958500551418,-0.66023216599779433,0.42586283339889675,0.30559800582852115,1
466,0.18249552913796202,-0.27001788344815192,0.30559800582852115,0.32928400293945381,1
467,0.46001897588971896,0.84007590355887585,0.32928400293945381,0.44338727041042036,1
468,0.3598383054734739,0.43935322189389558,0.44338727041042036,0.40389057932008465,1
469,0.41669849301104162,0.66679397204416646,0.40389057932008465,0.54733580319144204,1
470,0.42523479241362638,0.70093916965450553,0.54733580319144204,0.44976265962665196,1
471,0.22157145142823076,-0.11371419428707696,0.44976265962665196,0.39713050696184604,1
472,0.2547258893671368,0.018903557468547216,0.39713050696184604,0.41789518106738988,1
473,0.32604042510111281,0.30416170040445123,0.41789518106738988,0.43927682766548015,1
474,0.39991718674647542,0.59966874698590167,0.43927682766548015,0.3740945936627833,1
475,0.10888517997160213,-0.56445928011359148,0.3740945936627833,0.3188675503623718,1
476,0.20337526606753548,-0.1864989357298581,0.3188675503623718,0.40169645013882516,1
477,0.011222640255607264,-0.95510943897757095,0.40169645013882516,0.31078887666118682,1
478,0.47621877312326916,0.90487509249307663,0.31078887666118682,0.55399775671095008,1
479,0.33165274981183612,0.32661099924734449,0.55399775671095008,0.59438472694304778,1
480,0.035537649360735002,-0.85784940255705999,0.59438472694304778,0.41666800261065384,1
481,0.0095999125299911503,-0.9616003498800354,0.41666800261065384,0.31668537888995313,1
482,0.11393450675986577,-0.54426197296053691,0.31668537888995313,0.31634933332324056,1
483,0.33666462539196251,0.34665850156785005,0.31634933332324056,0.46080875924862907,1
484,0.10881608335588061,-0.56473566657647756,0.46080875924862907,0.34965952254728772,1
485,0.24620622048856433,-0.015175118045742675,0.34965952254728772,0.35063582656704617,1
486,0.35299397709763741,0.41197590839054965,0.35063582656704617,0.28251678463009433,1
487,0.075677192153855433,-0.69729123138457827,0.28251678463009433,0.29464569327357792,1
488,0.38455870538472553,0.53823482153890212,0.29464569327357792,0.43769509116869554,1
489,0.049208906595788526,-0.80316437361684589,0.43769509116869554,0.31753251802755378,1
490,0.44615855173778668,0.78463420695114672,0.31753251802755378,0.25793839185459128,1
491,0.21780019247054472,-0.12879923011782113,0.25793839185459128,0.25825315643464997,1
492,0.02697278993836244,-0.89210884024655024,0.25825315643464997,0.23404507611431122,1
493,0.48842677268904583,0.95370709075618332,0.23404507611431122,0.28789551678105463,1
494,0.1865967372473134,-0.25361305101074638,0.28789551678105463,0.29948430185333408,1
495,0.078520629134160136,-0.68591748346335946,0.29948430185333408,0.27665300266673287,1
496,0.28910626038235365,0.15642504152941461,0.27665300266673287,0.25657413620912395,1
497,0.18379495305401944,-0.26482018778392225,0.25657413620912395,0.32046118525289402,1
498,0.097387119753239715,-0.61045152098704114,0.32046118525289402,0.25053928898098798,1
499,0.14274566831232843,-0.42901732675068627,0.25053928898098798,0.30525919990213568,1
500,0.26546525727650683,0.06186102910602731,0.30525919990213568,0.32023426326375537,1
501,0.26097159493411054,0.04388637973644216,0.32023426326375537,0.25161226998396558,1
502,0.1327337150543853,-0.46906513978245878,0.25161226998396558,0.3079901492635691,1
503,0.4250496973583151,0.70019878943326042,0.3079901492635691,0.35566618897731961,1
504,0.2751756437083307,0.10070257483332279,0.35566618897731961,0.2914727957562252,1
505,0.42976407581343518,0.7190563032537407,0.2914727957562252,0.41660801237220246,1
506,0.43863793058654477,0.75455172234617907,0.41660801237220246,0.40999456928747124,1
507,0.25502113148911271,0.020084525956450827,0.40999456928747124,0.32646283140041377,1
508,0.16497874395785433,-0.34008502416858266,0.32646283140041377,0.286082918401244,1
509,0.0064060012459208338,-0.97437599501631666,0.286082918401244,0.23517007430699918,1
510,0.36298061229980277,0.4519224491992111,0.23517007430699918,0.35028489452661216,1
511,0.17167712511632865,-0.31329149953468538,0.35028489452661216,0.29586104421362658,1
512,0.13405209341484031,-0.46379162634063875,0.29586104421362658,0.32268254121692952,1
513,0.16154797212860045,-0.35380811148559821,0.32268254121692952,0.31657175349596756,1
514,0.15220837791886699,-0.39116648832453205,0.31657175349596756,0.34455383402593409,1
515,0.31192873840859731,0.24771495363438922,0.34455383402593409,0.4655268021329958,1
516,0.20243300405738107,-0.19026798377047571,0.4655268021329958,0.39514510153850424,1
517,0.11565916860134035,-0.53736332559463862,0.39514510153850424,0.31312195738903648,1
518,0.0097766607384972559,-0.96089335704601098,0.31312195738903648,0.2460870710070924,1
519,0.17066411066566239,-0.31734355733735042,0.2460870710070924,0.30716763022606758,1
520,0.47351065360219874,0.89404261440879496,0.30716763022606758,0.36564483777388801,1
521,0.27761090507197772,0.11044362028791088,0.36564483777388801,0.32716928409802937,1
522,0.2687106871419655,0.074842748567861994,0.32716928409802937,0.31894411228317504,1
523,0.41551740106502372,0.66206960426009487,0.31894411228317504,0.34477049890612588,1
524,0.088409260247243993,-0.64636295901102403,0.34477049890612588,0.30389315718029081,1
525,0.1189517927603958,-0.52419282895841679,0.30389315718029081,0.2787590548076278,1
526,0.10895228645690319,-0.56419085417238724,0.2787590548076278,0.24714095578674469,1
527,0.20887664643424475,-0.164493414263021,0.24714095578674469,0.2149278028842618,1
528,0.43533194526989605,0.74132778107958419,0.2149278028842618,0.30767190680946233,1
529,0.3220292586421723,0.2881170345686892,0.30767190680946233,0.46742629554140858,1
530,0.43567660627656707,0.74270642510626828,0.46742629554140858,0.49588618089738501,1
531,0.22494595775695359,-0.10021616897218566,0.49588618089738501,0.42141852431620419,1
532,0.062716628896661353,-0.74913348441335459,0.42141852431620419,0.33717415014121388,1
533,0.29170020783384049,0.16680083133536194,0.33717415014121388,0.29747682067305381,1
534,0.12843412973901325,-0.48626348104394701,0.29747682067305381,0.26231049428388586,1
535,0.38833201357722885,0.55332805430891541,0.26231049428388586,0.28583485738099645,1
536,0.38521606075561476,0.54086424302245906,0.28583485738099645,0.3541397915789839,1
537,0.48786306612056934,0.95145226448227738,0.3541397915789839,0.58580310064176355,1
538,0.35516600528028042,0.42066402112112167,0.58580310064176355,0.55904780248606789,1
539,0.37779200635847426,0.51116802543389706,0.55904780248606789,0.6282759476438281,1
540,0.39180406046067845,0.5672162418427138,0.6282759476438281,0.55348256519000383,1
541,0.098484533334497137,-0.60606186666201145,0.55348256519000383,0.39389234127784445,1
542,0.084505492024802675,-0.6619780319007893,0.39389234127784445,0.33899171531197669,1
543,0.37117849911954143,0.48471399647816571,0.33899171531197669,0.34539811117998442,1
544,0.2677159593230844,0.070863837292337584,0.34539811117998442,0.43394798498081799,1
545,0.31718275847427468,0.26873103389709874,0.43394798498081799,0.51063885487595095,1
546,0.16089699330760993,-0.3564120267695603,0.51063885487595095,0.4910277181480649,1
547,0.2865605943448552,0.14624237737942081,0.4910277181480649,0.51881432206365075,1
548,0.24520615221446096,-0.019175391142156162,0.51881432206365075,0.51842814167520823,1
549,0.079973412026469626,-0.6801063518941215,0.51842814167520823,0.42521267187220047,1
550,0.42962794831937934,0.71851179327751735,0.42521267187220047,0.38733851354134408,1
551,0.3354493116094806,0.34179724643792242,0.38733851354134408,0.3432337849217596,1
552,0.038234272756443477,-0.84706290897422609,0.3432337849217596,0.29827665722032815,1
553,0.40541995021633098,0.62167980086532393,0.29827665722032815,0.41600570161252914,1
554,0.095147359661640729,-0.61941056135343708,0.41600570161252914,0.36040442806485462,1
555,0.28484595871271834,0.13938383485087336,0.36040442806485462,0.3538028030510646,1
556,0.0055276861699466995,-0.9778892553202132,0.3538028030510646,0.28126835933928795,1
557,0.4161987906957042,0.66479516278281681,0.28126835933928795,0.39234876591757684,1
558,0.42979998974032962,0.7191999589613185,0.39234876591757684,0.34334520847390348,1
559,0.36050291134866352,0.4420116453946541,0.34334520847390348,0.49715012339797715,1
560,0.37830231369339629,0.51320925477358514,0.49715012339797715,0.53080286703986879,1
561,0.37493750024245076,0.49975000096980304,0.53080286703986879,0.38203819228355884,1
562,0.11928296448579206,-0.52286814205683174,0.38203819228355884,0.3607973237113733,1
563,0.49836067477728546,0.99344269910914185,0.3607973237113733,0.35004529284266783,1
564,0.1134730465799596,-0.54610781368016159,0.35004529284266783,0.32091587824573636,1
565,0.34875139393952026,0.39500557575808104,0.32091587824573636,0.26034127285711123,1
566,0.045297172862068691,-0.81881130855172524,0.26034127285711123,0.25479247799824289,1
567,0.45374586967948882,0.81498347871795529,0.25479247799824289,0.51600974593149362,1
568,0.24849923264175761,-0.0060030694329695766,0.51600974593149362,0.48764077894800772,1
569,0.043654706405030386,-0.82538117437987846,0.48764077894800772,0.36763014144013606,1
570,0.12930402872179053,-0.48278388511283787,0.36763014144013606,0.35343024678875479,1
571,0.12592428162884733,-0.49630287348461066,0.35343024678875479,0.29312537467568395,1
572,0.023546244591638787,-0.90581502163344485,0.29312537467568395,0.25778501526651887,1
573,0.0010342621281712039,-0.99586295148731518,0.25778501526651887,0.22213047438735073,1
574,0.099571666850158114,-0.60171333259936755,0.22213047438735073,0.25575472312990311,1
575,0.030377024229921112,-0.87849190308031555,0.25575472312990311,0.22058891604103781,1
576,0.24357750530776628,-0.025689978768934862,0.22058891604103781,0.36757294931713114,1
577,0.34771366059412678,0.39085464237650713,0.36757294931713114,0.40129709639534417,1
578,0.22809158053852785,-0.087633677845888602,0.40129709639534417,0.300073433350587,1
579,0.31391685445531575,0.25566741782126301,0.300073433350587,0.29651008613776941,1
580,0.12429465593353051,-0.50282137626587797,0.29651008613776941,0.25643667342473148,1
581,0.33699736466890645,0.34798945867562581,0.25643667342473148,0.2256485427582301,1
582,0.14324211599819542,-0.42703153600721833,0.2256485427582301,0.19955043330243022,1
583,0.014504639911106287,-0.94198144035557485,0.19955043330243022,0.18942542434076709,1
584,0.3870930850166221,0.54837234006648838,0.18942542434076709,0.20015994786260768,1
585,0.045616739065704737,-0.81753304373718105,0.20015994786260768,0.20330868782182215,1
586,0.34594495668884917,0.38377982675539668,0.20330868782182215,0.36826386400073807,1
587,0.34976630712044593,0.39906522848178372,0.36826386400073807,0.37877052794324284,1
588,0.14929905406805971,-0.40280378372776116,0.37877052794324284,0.3335162503531669,1
589,0.22394180828907123,-0.10423276684371507,0.3335162503531669,0.28602445513837904,1
590,0.3789787903555687,0.51591516142227478,0.28602445513837904,0.41515064513287447,1
591,0.38311314241183947,0.53245256964735788,0.41515064513287447,0.36497942792921978,1
592,0.0050554612793634046,-0.97977815488254638,0.36497942792921978,0.2632402779919934,1
593,0.30518338201260842,0.22073352805043367,0.2632402779919934,0.39569706400553739,1
594,0.20540455968801541,-0.17838176124793836,0.39569706400553739,0.29625574147505751,1
595,0.3568988316190444,0.4275953264761776,0.29625574147505751,0.42303707537609925,1
596,0.49045741181476893,0.96182964725907572,0.42303707537609925,0.55878825583911251,1
597,0.311041205685961,0.24416482274384399,0.55878825583911251,0.44110147629145113,1
598,0.10493164259243903,-0.58027342963024386,0.44110147629145113,0.35089776764332681,1
599,0.3415985432096495,0.36639417283859799,0.35089776764332681,0.4660431067411368,1
600,0.43712544816713006,0.74850179266852024,0.4660431067411368,0.58364620254702371,1
601,0.17647808751478999,-0.29408764994084002,0.58364620254702371,0.39735446944512554,1
602,0.25882004844660061,0.035280193786402458,0.39735446944512554,0.42065654125047813,1
603,0.068067400411799206,-0.72773039835280318,0.42065654125047813,0.33831428104750899,1
604,0.25817615209951456,0.032704608398058221,0.33831428104750899,0.41204163375646907,1
605,0.1352071585247695,-0.459171365900922,0.41204163375646907,0.41356440687979357,1
606,0.0035196056312565838,-0.98592157747497366,0.41356440687979357,0.3163318368185859,1
607,0.053208668079302524,-0.78716532768278991,0.3163318368185859,0.26875438709283495,1
608,0.38153660585146543,0.52614642340586171,0.26875438709283495,0.42944039680929003,1
609,0.23334234485131111,-0.066630620594755552,0.42944039680929003,0.46871088894247614,1
610,0.098148105948721975,-0.6074075762051121,0.46871088894247614,0.36148093666494974,1
611,0.35836944567097073,0.43347778268388293,0.36148093666494974,0.4167371242497937,1
612,0.21066118061258149,-0.15735527754967404,0.4167371242497937,0.32666910047857162,1
613,0.34462816915447125,0.37851267661788501,0.32666910047857162,0.39274675020635419,1
614,0.10502577119813089,-0.57989691520747644,0.39274675020635419,0.31387346184999454,1
615,0.46696763839406857,0.8678705535762743,0.31387346184999454,0.25482434517258223,1
616,0.24679093639465849,-0.012836254421366045,0.25482434517258223,0.24137026179330931,1
617,0.41122050490203849,0.64488201960815394,0.24137026179330931,0.44968794002808921,1
618,0.053701307910212159,-0.78519476835915136,0.44968794002808921,0.33589520540754403,1
619,0.27159194794580493,0.086367791783219738,0.33589520540754403,0.30057578369746873,1
620,0.22347123340245839,-0.10611506639016643,0.30057578369746873,0.36130624829840086,1
621,0.39535479489147057,0.58141917956588229,0.36130624829840086,0.39462873809240773,1
622,0.36145636626245248,0.44582546504980991,0.39462873809240773,0.47176676534991469,1
623,0.43985583067926226,0.75942332271704904,0.47176676534991469,0.3937768576231635,1
624,0.27360908438479559,0.094436337539182347,0.3937768576231635,0.47904249225899842,1
625,0.33718163130458301,0.34872652521833203,0.47904249225899842,0.45674547572139157,1
626,0.21858599597305556,-0.12565601610777777,0.45674547572139157,0.46057235272221198,1
627,0.064240141968650577,-0.74303943212539769,0.46057235272221198,0.33785577276166878,1
628,0.14163565001267098,-0.43345739994931609,0.33785577276166878,0.32649619619880321,1
629,0.33645945881516082,0.34583783526064327,0.32649619619880321,0.37575028284950507,1
630,0.27398738933513833,0.095949557340553326,0.37575028284950507,0.45144705436885302,1
631,0.35070103295437771,0.40280413181751085,0.45144705436885302,0.51921076757187945,1
632,0.22043868774975006,-0.11824524900099975,0.51921076757187945,0.51212575164581831,1
633,0.1442089932173668,-0.4231640271305328,0.51212575164581831,0.42326356876748006,1
634,0.39716572928899196,0.58866291715596786,0.42326356876748006,0.51975586134624374,1
635,0.061721083069490534,-0.75311566772203786,0.51975586134624374,0.39007409950045235,1
636,0.34100162105612764,0.36400648422451054,0.39007409950045235,0.33406996968946701,1
637,0.42125872567408118,0.68503490269632472,0.33406996968946701,0.35970735360337491,1
638,0.38544372970790508,0.54177491883162032,0.35970735360337491,0.47819407555144711,1
639,0.13901422523699231,-0.44394309905203078,0.47819407555144711,0.4049227939961324,1
640,0.3937302257695019,0.57492090307800758,0.4049227939961324,0.51753589485187634,1
641,0.32734193186845112,0.30936772747380448,0.51753589485187634,0.47888001585415696,1
642,0.2009131021696669,-0.19634759132133239,0.47888001585415696,0.39292149013075406,1
643,0.063561687608607476,-0.7457532495655701,0.39292149013075406,0.34020809476010572,1
644,0.42811557335086187,0.71246229340344747,0.34020809476010572,0.313418516946117,1
645,0.45891854554209549,0.83567418216838196,0.313418516946117,0.49160285883024901,1
646,0.39412813760161802,0.57651255040647209,0.49160285883024901,0.59758603380344466,1
647,0.29915234511888167,0.19660938047552667,0.59758603380344466,0.58295666512617106,1
648,0.34438547329414948,0.37754189317659792,0.58295666512617106,0.4807270567106533,1
649,0.39421054630514224,0.57684218522056896,0.4807270567106533,0.58762250486414869,1
650,0.095585526971233958,-0.61765789211506417,0.58762250486414869,0.4637638898948484,1
651,0.2676765613768512,0.070706245507404786,0.4637638898948484,0.42947166445326868,1
652,0.2291874280391718,-0.083250287843312787,0.42947166445326868,0.35119516468463852,1
653,0.076541978307769598,-0.69383208676892161,0.35119516468463852,0.33596362837844895,1
654,0.22449812472742875,-0.102007501090285,0.33596362837844895,0.43317656409001271,1
655,0.28587729363763009,0.14350917455052037,0.43317656409001271,0.50192889664771545,1
656,0.38652690678153906,0.54610762712615624,0.50192889664771545,0.54359361762799696,1
657,0.27338040720334134,0.093521628813365343,0.54359361762799696,0.53232760605271023,1
658,0.0043106168973398029,-0.98275753241064079,0.53232760605271023,0.38627344401592201,1
659,0.089029085113350059,-0.64388365954659976,0.38627344401592201,0.31681990688742173,1
660,0.26662332019533369,0.066493280781334763,0.31681990688742173,0.37012857470858351,1
661,0.44344518193711346,0.77378072774845386,0.37012857470858351,0.44122993258907905,1
662,0.44681364598020701,0.78725458392082803,0.44122993258907905,0.37660606475634439,1
663,0.17793301277281448,-0.28826794890874208,0.37660606475634439,0.35270399438454958,1
664,0.40719568906128184,0.62878275624512736,0.35270399438454958,0.45545724742512483,1
665,0.45773286278566955,0.83093145114267819,0.45545724742512483,0.59942738578654864,1
666,0.44250007466604002,0.77000029866416009,0.59942738578654864,0.59239627787829785,1
667,0.27165051570373966,0.086602062814958636,0.59239627787829785,0.41049476437151355,1
668,0.23527423427051752,-0.058903062917929905,0.41049476437151355,0.34285573708287798,1
669,0.4961995740288126,0.98479829611525038,0.34285573708287798,0.47430032958833868,1
670,0.20541965528287431,-0.17832137886850274,0.47430032958833868,0.4836446675763475,1
671,0.22627176192372628,-0.094912952305094889,0.4836446675763475,0.50626951648359053,1
672,0.33555345023780409,0.34221380095121634,0.50626951648359053,0.45773396593301496,1
673,0.20601378773224605,-0.17594484907101582,0.45773396593301496,0.47015389091929116,1
674,0.23751829312763278,-0.049926827489468861,0.47015389091929116,0.51679218150364881,1
675,0.23132319172439769,-0.074707233102409232,0.51679218150364881,0.53400568694068651,1
676,0.49694690206279635,0.98778760825118539,0.53400568694068651,0.59055376644189783,1
677,0.097873284954432316,-0.60850686018227074,0.59055376644189783,0.45304999472916707,1
678,0.44931741659611008,0.7972696663844403,0.45304999472916707,0.67973873467098445,1
679,0.13912767350494931,-0.44348930598020275,0.67973873467098445,0.52237572347620076,1
680,0.26039003684651352,0.041560147386054069,0.52237572347620076,0.48128274592490627,1
681,0.37691539530487655,0.50766158121950622,0.48128274592490627,0.55951894553874637,1
682,0.090355656510808569,-0.63857737395676573,0.55951894553874637,0.44307656550002872,1
683,0.084946585349431891,-0.66021365860227244,0.44307656550002872,0.37950726555093883,1
684,0.21295824065930591,-0.14816703736277637,0.37950726555093883,0.38565645709667562,1
685,0.34866172173218046,0.39464688692872185,0.38565645709667562,0.57256528260870143,1
686,0.29285347504698156,0.17141390018792624,0.57256528260870143,0.45983211452272499,1
687,0.45494525004090025,0.819781000163601,0.45983211452272499,0.65807231989512649,1
688,0.29705227996552658,0.18820911986210631,0.65807231989512649,0.528592077485597,1
689,0.25134562375126523,0.0053824950050609388,0.528592077485597,0.48864586385465569,1
690,0.040221176024048066,-0.83911529590380773,0.48864586385465569,0.39043849028554634,1
691,0.47599250581718522,0.90397002326874087,0.39043849028554634,0.37663630768930145,1
692,0.059299853377587641,-0.76280058648964943,0.37663630768930145,0.30873669215648586,1
693,0.058479565395910038,-0.76608173841635985,0.30873669215648586,0.28151883085411683,1
694,0.12869185564352492,-0.48523257742590031,0.28151883085411683,0.31440824991050731,1
695,0.26554453277280338,0.062178131091213507,0.31440824991050731,0.37981763500249988,1
696,0.07719184043923627,-0.69123263824305492,0.37981763500249988,0.34613147991302418,1
697,0.19722845663512195,-0.21108617345951219,0.34613147991302418,0.36220982840492666,1
698,0.18619941133201301,-0.25520235467194796,0.36220982840492666,0.34726933855748998,1
699,0.15414516989397858,-0.38341932042408566,0.34726933855748998,0.27591642676860123,1
700,0.39200307564442893,0.56801230257771573,0.27591642676860123,0.50933312992423174,1
701,0.40024915512667808,0.60099662050671232,0.50933312992423174,0.37758568202264764,1
702,0.15066235196012301,-0.39735059215950796,0.37758568202264764,0.29262446746289628,1
703,0.19019018216022721,-0.23923927135909118,0.29262446746289628,0.27551760157270488,1
704,0.27511071042810914,0.10044284171243656,0.27551760157270488,0.34018777209350126,1
705,0.20540397230120749,-0.17838411079517003,0.34018777209350126,0.28548460677935283,1
706,0.47038710885695223,0.88154843542780892,0.28548460677935283,0.37351335726206925,1
707,0.19542440314592091,-0.21830238741631636,0.37351335726206925,0.33087348591485755,1
708,0.2038633333464645,-0.18454666661414199,0.33087348591485755,0.30278477019161232,1
709,0.334537380843559,0.33814952337423598,0.30278477019161232,0.43847064733473751,1
710,0.46407407416942992,0.85629629667771967,0.43847064733473751,0.58746968621642104,1
711,0.31074199495231769,0.24296797980927076,0.58746968621642104,0.45234366452091357,1
712,0.30610025998761592,0.22440103995046368,0.45234366452091357,0.4062437207361822,1
713,0.0065077887520993416,-0.97396884499160263,0.4062437207361822,0.30160053313622404,1
714,0.35237501913084462,0.4095000765233785,0.30160053313622404,0.35663920618859646,1
715,0.037850839354185095,-0.84859664258325962,0.35663920618859646,0.30209170499496862,1
716,0.38398651112712034,0.53594604450848138,0.30209170499496862,0.36137134087639089,1
717,0.056452135176694895,-0.77419145929322042,0.36137134087639089,0.29505547044325958,1
718,0.3461612483631647,0.38464499345265879,0.29505547044325958,0.41834305135635219,1
719,0.062033484972893072,-0.75186606010842771,0.41834305135635219,0.3506725919083431,1
720,0.42705493689022778,0.70821974756091111,0.3506725919083431,0.47144353704461084,1
721,0.44402577192337872,0.77610308769351488,0.47144353704461084,0.53289727584764035,1
722,0.27593140655856457,0.10372562623425829,0.53289727584764035,0.36371619105211239,1
723,0.29155842817520128,0.16623371270080511,0.36371619105211239,0.4314881712665154,1
724,0.41368411576155062,0.65473646304620248,0.4314881712665154,0.33672281844159735,1
725,0.069919440479937145,-0.72032223808025142,0.33672281844159735,0.30634054609410238,1
726,0.26844782143243884,0.073791285729755351,0.30634054609410238,0.27388088557947921,1
727,0.0034654156741125708,-0.98613833730354972,0.27388088557947921,0.23573481801848933,1
728,0.19544808256393903,-0.21820766974424388,0.23573481801848933,0.2327682243182618,1
729,0.34573546687359341,0.38294186749437364,0.2327682243182618,0.43245204816012728,1
730,0.3118872787249784,0.2475491148999136,0.43245204816012728,0.51568316348011145,1
731,0.4402894744238835,0.76115789769553399,0.51568316348011145,0.53135293310734288,1
732,0.019151589360841548,-0.92339364255663381,0.53135293310734288,0.36502289177170288,1
733,0.11917639115667977,-0.52329443537328091,0.36502289177170288,0.35028452700367441,1
734,0.36976357592513975,0.47905430370055901,0.35028452700367441,0.30657103537709451,1
735,0.43509887700186234,0.74039550800744935,0.30657103537709451,0.42159108386666011,1
736,0.27418066065587443,0.096722642623497723,0.42159108386666011,0.30516631721793075,1
737,0.35040720502664646,0.40162882010658585,0.30516631721793075,0.35068382270562148,1
738,0.49260645361192024,0.97042581444768095,0.35068382270562148,0.52750533308328662,1
739,0.16710588799967435,-0.33157644800130259,0.52750533308328662,0.44473400537472563,1
740,0.2853543285899004,0.14141731435960159,0.44473400537472563,0.51346192770735832,1
741,0.13550906842851052,-0.45796372628595794,0.51346192770735832,0.36361146266998856,1
742,0.44036209381484964,0.76144837525939857,0.36361146266998856,0.35959298676431017,1
743,0.39179619740879218,0.56718478963516872,0.35959298676431017,0.49608323876232385,1
744,0.085928146380203796,-0.65628741447918482,0.49608323876232385,0.40633007988354908,1
745,0.091960112484330891,-0.63215955006267643,0.40633007988354908,0.34482051507051348,1
746,0.29319919030576364,0.17279676122305454,0.34482051507051348,0.4284497378382438,1
747,0.26244371257056859,0.049774850282274352,0.4284497378382438,0.51318720381431637,1
748,0.23095314003288636,-0.076187439868454554,0.51318720381431637,0.42469073649158384,1
749,0.26333359526689171,0.053334381067566827,0.42469073649158384,0.43132381936260877,1
750,0.053392453914188565,-0.78643018434324574,0.43132381936260877,0.33258665012783878,1
751,0.22596546803878864,-0.096138127844845434,0.33258665012783878,0.4172274468601247,1
752,0.3342350121165143,0.33694004846605718,0.4172274468601247,0.50826048513076383,1
753,0.25950307604902184,0.038012304196087365,0.50826048513076383,0.39527729764917774,1
754,0.088394601801249639,-0.64642159279500144,0.39527729764917774,0.31382715890414548,1
755,0.43955424330638826,0.75821697322555304,0.31382715890414548,0.45194957569563754,1
756,0.49629417855466479,0.98517671421865916,0.45194957569563754,0.52624740194743447,1
757,0.077608610984995219,-0.68956555606001912,0.52624740194743447,0.39828691644066971,1
758,0.19024218634307399,-0.23903125462770403,0.39828691644066971,0.37826564313312272,1
759,0.25638876781087483,0.025555071243499317,0.37826564313312272,0.31256516556332337,1
760,0.36087734252186837,0.44350937008747349,0.31256516556332337,0.37914038629337987,1
761,0.31302672954757366,0.25210691819029463,0.37914038629337987,0.44804335085998459,1
762,0.46081590973749414,0.84326363894997658,0.44804335085998459,0.50590237675072935,1
763,0.49563640047077762,0.98254560188311046,0.50590237675072935,0.42143851066197546,1
764,0.18738534526173239,-0.25045861895307042,0.42143851066197546,0.43712704489143406,1
765,0.43292255683471453,0.73169022733885813,0.43712704489143406,0.64650899977994758,1
766,0.22907829381589168,-0.083686824736433296,0.64650899977994758,0.46458259762249676,1
767,0.40695142072434587,0.62780568289738348,0.46458259762249676,0.45752288071072411,1
768,0.36178254513140173,0.44713018052560694,0.45752288071072411,0.47821627074350403,1
769,0.35025334182082191,0.40101336728328763,0.47821627074350403,0.54188187420851053,1
770,0.34410149200036938,0.37640596800147752,0.54188187420851053,0.55365364738410916,1
771,0.044359524698401709,-0.82256190120639316,0.55365364738410916,0.43392275780434397,1
772,0.33543903483337967,0.34175613933351867,0.43392275780434397,0.58675586534292723,1
773,0.42416019697798207,0.69664078791192829,0.58675586534292723,0.54257183626368743,1
774,0.076259443718134201,-0.6949622251274632,0.54257183626368743,0.45180859758001113,1
775,0.44487944030375609,0.77951776121502436,0.45180859758001113,0.50491936919755398,1
776,0.12412946587535373,-0.50348213649858509,0.50491936919755398,0.45387743429966276,1
777,0.33287322749259263,0.33149290997037051,0.45387743429966276,0.53039060570724939,1
778,0.33220013878275234,0.32880055513100936,0.53039060570724939,0.56831462346132011,1
779,0.25631304188399495,0.025252167535979808,0.56831462346132011,0.54964618121724551,1
780,0.46629179289050721,0.86516717156202882,0.54964618121724551,0.43816518723186415,1
781,0.12813401739595676,-0.48746393041617297,0.43816518723186415,0.40678523513494036,1
782,0.089909053426600605,-0.64036378629359758,0.40678523513494036,0.38161161609282424,1
783,0.48987343181786802,0.95949372727147209,0.38161161609282424,0.36264247240184766,1
784,0.24934520061389248,-0.0026191975444300741,0.36264247240184766,0.45946660736037892,1
785,0.23724764039358875,-0.051009438425644982,0.45946660736037892,0.38897379218173478,1
786,0.26312141447737114,0.052485657909484562,0.38897379218173478,0.43636584487093488,1
787,0.17745917360353164,-0.29016330558587344,0.43636584487093488,0.41800791597186537,1
788,0.017887563042039811,-0.92844974783184075,0.41800791597186537,0.32444991484485952,1
789,0.27728190562447491,0.10912762249789965,0.32444991484485952,0.45886116889241468,1
790,0.22800181871481556,-0.087992725140737749,0.45886116889241468,0.37498106292568745,1
791,0.19653178819186667,-0.2138728472325333,0.37498106292568745,0.31422323110476291,1
792,0.36660370733196201,0.46641482932784806,0.31422323110476291,0.52523230526074327,1
793,0.3652408449953774,0.4609633799815096,0.52523230526074327,0.50088257770691469,1
794,0.46482099812088196,0.85928399248352783,0.50088257770691469,0.52090281641358593,1
795,0.44667703752567223,0.78670815010268891,0.52090281641358593,0.54359361213116575,1
796,0.30901187683447284,0.23604750733789137,0.54359361213116575,0.46539982339810138,1
797,0.047150586655736015,-0.81139765337705594,0.46539982339810138,0.34435587754770758,1
798,0.44273452453400036,0.77093809813600145,0.34435587754770758,0.462741559882071,1
799,0.22674314064583095,-0.093027437416676184,0.462741559882071,0.42074462613601782,1
800,0.071049572563174734,-0.71580170974730106,0.42074462613601782,0.34126938227845161,1
801,0.035250436753535674,-0.8589982529858573,0.34126938227845161,0.29751586602859753,1
802,0.26647243614262828,0.065889744570513109,0.29751586602859753,0.40103494180695076,1
803,0.44435900968889569,0.77743603875558276,0.40103494180695076,0.61632283363916784,1
804,0.12422111815950626,-0.50311552736197496,0.61632283363916784,0.50414572439621685,1
805,0.043070140208928742,-0.82771943916428503,0.50414572439621685,0.38204706405545352,1
806,0.36781153808190559,0.47124615232762235,0.38204706405545352,0.32153741514291012,1
807,0.49980764979322118,0.9992305991728847,0.32153741514291012,0.59416635573441301,1
808,0.37513280326978538,0.5005312130791415,0.59416635573441301,0.53481751890698959,1
809,0.11833308019701994,-0.52666767921192026,0.53481751890698959,0.39108010410819527,1
810,0.27658476686590067,0.10633906746360267,0.39108010410819527,0.31767216292777234,1
811,0.21695166439660396,-0.13219334241358416,0.31767216292777234,0.3512770384182865,1
812,0.18519871895276302,-0.25920512418894792,0.3512770384182865,0.40635380967274604,1
813,0.45339524169982248,0.81358096679928993,0.40635380967274604,0.39618044696586885,1
814,0.40216431922389223,0.60865727689556892,0.39618044696586885,0.32801962913772598,1
815,0.37949634950330158,0.51798539801320631,0.32801962913772598,0.4737642266411769,1
816,0.20066937371900473,-0.19732250512398108,0.4737642266411769,0.49004727963894623,1
817,0.27750140363117082,0.11000561452468327,0.49004727963894623,0.50811690392222086,1
818,0.42622519335507536,0.70490077342030144,0.50811690392222086,0.43472657502606604,1
819,0.27617693398949278,0.10470773595797112,0.43472657502606604,0.43405638783555789,1
820,0.0020478360715673882,-0.99180865571373045,0.43405638783555789,0.32073766518952623,1
821,0.44749946933165458,0.7899978773266183,0.32073766518952623,0.38698108930436126,1
822,0.3155526822314213,0.2622107289256852,0.38698108930436126,0.51155884301860111,1
823,0.090099497505335802,-0.63960200997865679,0.51155884301860111,0.41740059712018307,1
824,0.046723460698547659,-0.81310615720580937,0.41740059712018307,0.34167127177321421,1
825,0.27480630218823421,0.099225208752936833,0.34167127177321421,0.3590041448575646,1
826,0.34683534315849673,0.38734137263398694,0.3590041448575646,0.42754025520219985,1
827,0.36911555716961153,0.47646222867844612,0.42754025520219985,0.55279077863355408,1
828,0.38239913934800557,0.52959655739202227,0.55279077863355408,0.53996400082453666,1
829,0.27871744070285881,0.11486976281143524,0.53996400082453666,0.37871366271000406,1
830,0.10466975677074219,-0.58132097291703122,0.37871366271000406,0.36409200405143671,1
831,0.10199032933615493,-0.59203868265538029,0.36409200405143671,0.335413114738915,1
832,0.18635494021999222,-0.25458023912003114,0.335413114738915,0.2967184899271984,1
833,0.3717689477815817,0.48707579112632682,0.2967184899271984,0.27461218392282088,1
834,0.30140330545991512,0.20561322183966046,0.27461218392282088,0.35976954316194942,1
835,0.17438794724412854,-0.30244821102348585,0.35976954316194942,0.36860703750832802,1
836,0.12214354801560168,-0.51142580793759329,0.36860703750832802,0.35005532294398867,1
837,0.1058715559238268,-0.5765137763046928,0.35005532294398867,0.33261783582422189,1
838,0.032960366079109515,-0.86815853568356194,0.33261783582422189,0.27344587095822837,1
839,0.082269624095437033,-0.67092150361825187,0.27344587095822837,0.24053451644386306,1
840,0.32977504236218547,0.31910016944874187,0.24053451644386306,0.26104695587729315,1
841,0.055206471547770142,-0.77917411380891943,0.26104695587729315,0.23411465849717003,1
842,0.33943501597956088,0.35774006391824353,0.23411465849717003,0.39453945807504887,1
843,0.25520513007106727,0.020820520284269062,0.39453945807504887,0.39468473529416359,1
844,0.30560995562767834,0.22243982251071337,0.39468473529416359,0.36168283374668198,1
845,0.057547378927221171,-0.76981048429111532,0.36168283374668198,0.27712254439839101,1
846,0.40614064251449555,0.62456257005798221,0.27712254439839101,0.29086384145369193,1
847,0.20207754216730872,-0.19168983133076511,0.29086384145369193,0.24176164517631721,1
848,0.30514673883415655,0.2205869553366262,0.24176164517631721,0.24608410595195973,1
849,0.35109735292241662,0.40438941168966647,0.24608410595195973,0.38370427637897686,1
850,0.028976173961860363,-0.88409530415255855,0.38370427637897686,0.27670878413689681,1
851,0.36117363615520098,0.44469454462080393,0.27670878413689681,0.40981249310613399,1
852,0.16522780453068908,-0.33908878187724367,0.40981249310613399,0.35334127699120532,1
853,0.26174273113774943,0.046970924550997717,0.35334127699120532,0.38315565377566474,1
854,0.2960327920331921,0.18413116813276842,0.38315565377566474,0.30226980352187172,1
855,0.30494107422190603,0.21976429688762411,0.30226980352187172,0.42428592963153244,1
856,0.15610973888550156,-0.37556104445799376,0.42428592963153244,0.34486667875034704,1
857,0.24819452957583837,-0.0072218816966465038,0.34486667875034704,0.37510453133396005,1
858,0.43923254567959968,0.75693018271839874,0.37510453133396005,0.50948222881312044,1
859,0.10860603308291117,-0.56557586766835533,0.50948222881312044,0.35341739514324244,1
860,0.37044896998610449,0.48179587994441797,0.35341739514324244,0.47267536629114781,1
861,0.12263573968211144,-0.50945704127155422,0.47267536629114781,0.36504002478843312,1
862,0.33438592684694618,0.33754370738778472,0.36504002478843312,0.41168081787318478,1
863,0.084451193480276632,-0.66219522607889347,0.41168081787318478,0.34214657446015528,1
864,0.021140990508455304,-0.91543603796617878,0.34214657446015528,0.27904927189090378,1
865,0.38549315352485447,0.54197261409941788,0.27904927189090378,0.32808778410119516,1
866,0.29830778947551184,0.19323115790204737,0.32808778410119516,0.37151790649274186,1
867,0.24821677984759916,-0.0071328806096033759,0.37151790649274186,0.44573346397865699,1
868,0.46396679405716679,0.85586717622866715,0.44573346397865699,0.39575066385828983,1
869,0.13094655784388826,-0.47621376862444698,0.39575066385828983,0.36599075212976884,1
870,0.15981582568188396,-0.36073669727246416,0.36599075212976884,0.30832558591404746,1
871,0.0043919381607507302,-0.98243224735699708,0.30832558591404746,0.25040457341459532,1
872,0.32748403878628529,0.30993615514514117,0.25040457341459532,0.26041036512794424,1
873,0.25123353196603737,0.0049341278641494846,0.26041036512794424,0.22967520150729206,1
874,0.21412150004799796,-0.14351399980800816,0.22967520150729206,0.32986545765319697,1
875,0.32121767729430062,0.28487070917720247,0.32986545765319697,0.3968852054162012,1
876,0.40148965032651246,0.60595860130604984,0.3968852054162012,0.43511900921645041,1
877,0.48469492019548599,0.93877968078194396,0.43511900921645041,0.64222455077330431,1
878,0.43122800827771812,0.72491203311087249,0.64222455077330431,0.49343999268157368,1
879,0.096955594735970263,-0.61217762105611895,0.49343999268157368,0.36286542368513997,1
880,0.27900089900671271,0.11600359602685084,0.36286542368513997,0.27799495940346808,1
881,0.34136543918828888,0.36546175675315551,0.27799495940346808,0.40222165759393036,1
882,0.36059032289527626,0.44236129158110504,0.40222165759393036,0.43359462974974439,1
883,0.16016465405405994,-0.35934138378376024,0.43359462974974439,0.36832360818340393,1
884,0.24523840993339613,-0.019046360266415485,0.36832360818340393,0.40494911368752906,1
885,0.19236217978555792,-0.23055128085776833,0.40494911368752906,0.42272790714714115,1
886,0.4927394613596045,0.97095784543841801,0.42272790714714115,0.67475230924934393,1
887,0.17140282838690302,-0.31438868645238793,0.67475230924934393,0.56454514980990733,1
888,0.2572840025322895,0.029136010129158008,0.56454514980990733,0.43113400669962576,1
889,0.16216874063637543,-0.35132503745449828,0.43113400669962576,0.3908311328262366,1
890,0.41659671349103528,0.6663868539641411,0.3908311328262366,0.51598451936967771,1
891,0.05666763839205502,-0.77332944643177992,0.51598451936967771,0.40435634337370352,1
892,0.051395765703018681,-0.79441693718792528,0.40435634337370352,0.32688295321399463,1
893,0.48873850929200546,0.95495403716802185,0.32688295321399463,0.45147306967784562,1
894,0.27040366622741868,0.081614664909674728,0.45147306967784562,0.41702479566478912,1
895,0.23542054797970202,-0.058317808081191913,0.41702479566478912,0.49501863145188718,1
896,0.46898037113041052,0.87592148452164209,0.49501863145188718,0.48471885690556793,1
897,0.30065762416023489,0.20263049664093957,0.48471885690556793,0.47007200811780481,1
898,0.0040782609386206259,-0.9836869562455175,0.47007200811780481,0.34513561232010626,1
899,0.075022048099639915,-0.69991180760144034,0.34513561232010626,0.32465159768860724,1
900,0.39046653879131732,0.56186615516526928,0.32465159768860724,0.29933584830891802,1
901,0.0026179206015078393,-0.98952831759396864,0.29933584830891802,0.25014917497990696,1
902,0.17089934899469506,-0.31640260402121978,0.25014917497990696,0.34866699800420203,1
903,0.30480990730842811,0.21923962923371243,0.34866699800420203,0.39598297071557254,1
904,0.38340186671631205,0.53360746686524818,0.39598297071557254,0.43003162438508424,1
905,0.35882438887960982,0.43529755551843929,0.43003162438508424,0.56407886919107286,1
906,0.25414400289213052,0.016576011568522064,0.56407886919107286,0.49419621338434838,1
907,0.16399733982759207,-0.34401064068963172,0.49419621338434838,0.34618141298202004,1
908,0.14484018687874906,-0.42063925248500378,0.34618141298202004,0.28590068771185084,1
909,0.041208962400945126,-0.8351641503962195,0.28590068771185084,0.26335792856627566,1
910,0.085853510387256526,-0.65658595845097389,0.26335792856627566,0.22777448075312504,1
911,0.027504351564776264,-0.88998259374089495,0.22777448075312504,0.21645444527044072,1
912,0.24459202525495194,-0.021631898980192243,0.21645444527044072,0.31543297735610959,1
913,0.19427710998368092,-0.22289156006527633,0.31543297735610959,0.36218124483238212,1
914,0.079010706633665495,-0.68395717346533802,0.36218124483238212,0.31466377164465364,1
915,0.25398631935471938,0.015945277418877524,0.31466377164465364,0.34456178387462189,1
916,0.38487637733255337,0.53950550933021346,0.34456178387462189,0.35267177585308263,1
917,0.27262367877875876,0.09049471511503504,0.35267177585308263,0.3184471531004438,1
918,0.27644492804195825,0.105779712167833,0.3184471531004438,0.26041225955686614,1
919,0.064356655704193799,-0.7425733771832248,0.26041225955686614,0.22516034010367045,1
920,0.41316092690733702,0.65264370762934809,0.22516034010367045,0.21766704176372983,1
921,0.2446526125125929,-0.021389549949628384,0.21766704176372983,0.28692290563873013,1
922,0.21416167100503641,-0.14335331597985435,0.28692290563873013,0.29149842053861086,1
923,0.26321527689624097,0.052861107584963873,0.29149842053861086,0.26199329992486908,1
924,0.45768021190192731,0.83072084760770926,0.26199329992486908,0.39061317952196084,1
925,0.4302768273930544,0.72110730957221758,0.39061317952196084,0.52320346523008054,1
926,0.4023077275242381,0.6092309100969524,0.52320346523008054,0.50332341089800625,1
927,0.26783532447834468,0.071341297913378732,0.50332341089800625,0.44458554902306457,1
928,0.13507994817657315,-0.4596802072937074,0.44458554902306457,0.32211473928862688,1
929,0.090323505112479108,-0.63870597955008357,0.32211473928862688,0.30845155282150355,1
930,0.26788733128563624,0.071549325142544973,0.30845155282150355,0.34560038098915996,1
931,0.39837208152559234,0.59348832610236935,0.34560038098915996,0.39521537365736736,1
932,0.032729805691595337,-0.86908077723361865,0.39521537365736736,0.30631320368169757,1
933,0.36752961647510435,0.47011846590041739,0.30631320368169757,0.50243167764485575,1
934,0.26845570087870413,0.073822803514816515,0.50243167764485575,0.52553264163925162,1
935,0.45384412763394116,0.81537651053576465,0.52553264163925162,0.641288792949261,1
936,0.43734185921577667,0.7493674368631067,0.641288792949261,0.60580222945604978,1
937,0.43043799079610284,0.72175196318441137,0.60580222945604978,0.5021517829706057,1
938,0.27910008721321833,0.11640034885287331,0.5021517829706057,0.40031134065340834,1
939,0.34341167440569043,0.3736466976227617,0.40031134065340834,0.44881940410845889,1
940,0.43942368523806347,0.75769474095225386,0.44881940410845889,0.60210414331001161,1
941,0.33962387782878573,0.3584955113151429,0.60210414331001161,0.44572276422125856,1
942,0.46338029943127812,0.85352119772511248,0.44572276422125856,0.60017142549810665,1
943,0.32410972473933014,0.29643889895732056,0.60017142549810665,0.56884037648325547,1
944,0.17168482748051755,-0.31326069007792978,0.56884037648325547,0.53943090609632749,1
945,0.35174311445730372,0.40697245782921487,0.53943090609632749,0.63700025402961924,1
946,0.22010462330306929,-0.11958150678772284,0.63700025402961924,0.60362102676001572,1
947,0.30882677583170959,0.23530710332683835,0.60362102676001572,0.57179017480884675,1
948,0.044175248357483154,-0.82329900657006738,0.57179017480884675,0.44918507471797608,1
949,0.1411224529277153,-0.43551018828913879,0.44918507471797608,0.45055202278097284,1
950,0.33680856906706774,0.34723427626827097,0.45055202278097284,0.52993829866921915,1
951,0.25023302373125689,0.00093209492502754898,0.52993829866921915,0.57589510858729875,1
952,0.058725453273180794,-0.76509818690727682,0.57589510858729875,0.46045081504583241,1
953,0.20823756083703332,-0.16704975665186672,0.46045081504583241,0.41577770277001913,1
954,0.039722568134193559,-0.84110972746322576,0.41577770277001913,0.354493090169265,1
955,0.32893725503716159,0.31574902014864636,0.354493090169265,0.40443536943068514,1
956,0.41293235894854907,0.65172943579419629,0.40443536943068514,0.51000830579459211,1
957,0.13236613028319205,-0.47053547886723179,0.51000830579459211,0.38219982502473127,1
958,0.17529127492917668,-0.29883490028329329,0.38219982502473127,0.33839060945633614,1
959,0.12411222292373864,-0.50355110830504546,0.33839060945633614,0.33904082505101396,1
960,0.032982882096254995,-0.86806847161498002,0.33904082505101396,0.28716633372964384,1
961,0.11149621864004799,-0.55401512543980802,0.28716633372964384,0.25437899227083538,1
962,0.4749507356745023,0.8998029426980092,0.25437899227083538,0.37231710521681349,1
963,0.44819500880225538,0.79278003520902152,0.37231710521681349,0.30650099032724193,1
964,0.047979230534449135,-0.80808307786220346,0.30650099032724193,0.27001108183171296,1
965,0.11767801781653286,-0.52928792873386854,0.27001108183171296,0.30066490382665556,1
966,0.25658007639109909,0.026320305564396351,0.30066490382665556,0.2916651498808735,1
967,0.3249555827062543,0.29982233082501719,0.2916651498808735,0.31876785489262638,1
968,0.38360125286229307,0.5344050114491723,0.31876785489262638,0.31611754150960758,1
969,0.23796383697519347,-0.048144652099226137,0.31611754150960758,0.25492109257075624,1
970,0.35969702342279242,0.43878809369116967,0.25492109257075624,0.27452140289978166,1
971,0.47966902002512424,0.91867608010049695,0.27452140289978166,0.56471248169911581,1
972,0.4720444147321648,0.88817765892865919,0.56471248169911581,0.67910179715345664,1
973,0.18833544641331523,-0.24665821434673907,0.67910179715345664,0.43874164705820651,1
974,0.017961594510199907,-0.92815362195920037,0.43874164705820651,0.31616259464215096,1
975,0.079041726264747147,-0.68383309494101141,0.31616259464215096,0.28463505500682273,1
976,0.056694646255463055,-0.77322141497814778,0.28463505500682273,0.26624283572287905,1
977,0.47235834605662819,0.88943338422651275,0.26624283572287905,0.50110901764439908,1
978,0.28065155545405368,0.12260622181621472,0.50110901764439908,0.44813277478180114,1
979,0.33114768495325708,0.32459073981302833,0.44813277478180114,0.50336931768725435,1
980,0.1514553478761711,-0.39417860849531561,0.50336931768725435,0.46762215877397506,1
981,0.20434460724838416,-0.18262157100646337,0.46762215877397506,0.48948581365020438,1
982,0.1215329991820932,-0.51386800327162718,0.48948581365020438,0.38873399313031221,1
983,0.055938951631373801,-0.7762441934745048,0.38873399313031221,0.29790011414838408,1
984,0.43126661252962201,0.72506645011848803,0.29790011414838408,0.29953689195922911,1
985,0.30269094204384478,0.21076376817537912,0.29953689195922911,0.27471263200205442,1
986,0.15405075830353115,-0.38379696678587538,0.27471263200205442,0.34563959183659709,1
987,0.37239126231897623,0.48956504927590494,0.34563959183659709,0.4298687756234264,1
988,0.00062295193971473317,-0.99750819224114107,0.4298687756234264,0.31406172667147425,1
989,0.34824721857973023,0.39298887431892093,0.31406172667147425,0.33317775220421719,1
990,0.088281451332671623,-0.64687419466931351,0.33317775220421719,0.28766375272671219,1
991,0.036819397305757839,-0.85272241077696864,0.28766375272671219,0.24278834661542623,1
992,0.41102387231230048,0.6440954892492019,0.24278834661542623,0.24634197262973828,1
993,0.49252484851562306,0.97009939406249224,0.24634197262973828,0.53035120416381543,1
994,0.14897825465113751,-0.40408698139544996,0.53035120416381543,0.41436471517897522,1
995,0.17350543134959628,-0.30597827460161486,0.41436471517897522,0.33523741570061538,1
996,0.34879919621080668,0.39519678484322673,0.33523741570061538,0.45372873400316183,1
997,0.45700312404657628,0.82801249618630512,0.45372873400316183,0.31793516297020341,1
998,0.30675484849351559,0.22701939397406234,0.31793516297020341,0.41087191295550551,1
999,0.42734701109982254,0.70938804439929015,0.41087191295550551,0.35324298904815266,1
1000,0.17544730289489302,-0.29821078842042792,0.35324298904815266,0.2791144274036389,1
1001,0.19064213801348312,-0.23743144794606752,0.2791144274036389,0.35128901565318205,1
1002,0.22556537255212467,-0.097738509791501338,0.35128901565318205,0.43688787130376461,1
1003,0.28129994440224071,0.12519977760896284,0.43688787130376461,0.37875001594618041,1
1004,0.10714016742446408,-0.57143933030214367,0.37875001594618041,0.31217291825656918,1
1005,0.23491093779799616,-0.060356248808015378,0.31217291825656918,0.37320436814135127,1
1006,0.29320484804354119,0.17281939217416475,0.37320436814135127,0.48138531247310978,1
1007,0.30058338276354341,0.20233353105417362,0.48138531247310978,0.47165613102674242,1
1008,0.49435264393336914,0.97741057573347656,0.47165613102674242,0.64914722536142844,1
1009,0.21577131690129447,-0.1369147323948221,0.64914722536142844,0.48417728680871297,1
1010,0.44562109430023544,0.78248437720094177,0.48417728680871297,0.47479219781437221,1
1011,0.35426154908212648,0.41704619632850592,0.47479219781437221,0.46707524107881837,1
1012,0.36712491997618607,0.46849967990474428,0.46707524107881837,0.50080589503576622,1
1013,0.26816025591283144,0.072641023651325742,0.50080589503576622,0.40835211588968268,1
1014,0.22879307484587774,-0.084827700616489032,0.40835211588968268,0.39751049725752596,1
1015,0.46941820447809002,0.87767281791236007,0.39751049725752596,0.51928277239065179,1
1016,0.34211844451103268,0.36847377804413073,0.51928277239065179,0.53607223454265018,1
1017,0.10476141277314005,-0.5809543489074398,0.53607223454265018,0.4700807807525581,1
1018,0.020641021967394146,-0.91743591213042341,0.4700807807525581,0.36304612752100573,1
1019,0.48719961317671989,0.94879845270687957,0.36304612752100573,0.61845882557582443,1
1020,0.01061454902504233,-0.95754180389983068,0.61845882557582443,0.43823146391469681,1
1021,0.18203823257228624,-0.27184706971085504,0.43823146391469681,0.43511446885266691,1
1022,0.26100344921868629,0.044013796874745159,0.43511446885266691,0.43748856898252309,1
1023,0.14702739263996806,-0.41189042944012777,0.43748856898252309,0.38284428001650117,1
1024,0.3599833584557533,0.4399334338230132,0.38284428001650117,0.55634578550014491,1
1025,0.42852067926129983,0.71408271704519932,0.55634578550014491,0.61913685803975327,1
1026,0.15355684620996807,-0.38577261516012773,0.61913685803975327,0.460223100610888,1
1027,0.15472811303843992,-0.38108754784624033,0.460223100610888,0.35287319759747671,1
1028,0.34275259696007843,0.3710103878403137,0.35287319759747671,0.53863120068722559,1
1029,0.32491721224912551,0.29966884899650204,0.53863120068722559,0.39709381917420461,1
1030,0.21556486139996278,-0.13774055440014887,0.39709381917420461,0.36967833553555896,1
1031,0.077473025386596617,-0.69010789845361353,0.36967833553555896,0.32532586931704299,1
1032,0.14777474652709044,-0.40890101389163824,0.32532586931704299,0.30240466795550602,1
1033,0.44494784386201619,0.77979137544806476,0.30240466795550602,0.49606803738759464,1
1034,0.44340726031134936,0.77362904124539744,0.49606803738759464,0.64341017611754336,1
1035,0.48530190378320504,0.94120761513282014,0.64341017611754336,0.54972836172611306,1
1036,0.19945613012953328,-0.20217547948186687,0.54972836172611306,0.43312498383982001,1
1037,0.007111205541491139,-0.97155517783403544,0.43312498383982001,0.32906165171499113,1
1038,0.17270560064550489,-0.30917759741798045,0.32906165171499113,0.35503001549943192,1
1039,0.2317670102300099,-0.072931959079960418,0.35503001549943192,0.35602297949953254,1
1040,0.31998144075555884,0.27992576302223537,0.35602297949953254,0.318041989242552,1
1041,0.22897032651815219,-0.084118693927391242,0.318041989242552,0.31149594761114563,1
1042,0.37630305008536846,0.50521220034147385,0.31149594761114563,0.50837090656684725,1
1043,0.38768668316311161,0.55074673265244645,0.50837090656684725,0.61967467677707611,1
1044,0.019507155200765347,-0.92197137919693861,0.61967467677707611,0.43717354384032703,1
1045,0.30068459437167561,0.20273837748670243,0.43717354384032703,0.41330603201724292,1
1046,0.24448678436563304,-0.022052862537467854,0.41330603201724292,0.31094105503867153,1
1047,0.14727796371840302,-0.41088814512638794,0.31094105503867153,0.29298853909104194,1
1048,0.06721487172253765,-0.7311405131098494,0.29298853909104194,0.26873421772497375,1
1049,0.39817195739417349,0.59268782957669397,0.26873421772497375,0.42328501919063255,1
1050,0.021451640213461187,-0.91419343914615525,0.42328501919063255,0.3169786775273889,1
1051,0.48118160651420472,0.92472642605681887,0.3169786775273889,0.52855633705073601,1
1052,0.36826569956915955,0.47306279827663822,0.52855633705073601,0.58160730590860221,1
1053,0.4564173398167759,0.82566935926710361,0.58160730590860221,0.40977840572532109,1
1054,0.44074188866108105,0.7629675546443242,0.40977840572532109,0.50333448860035035,1
1055,0.15877768958383598,-0.36488924166465608,0.50333448860035035,0.41114182091959806,1
1056,0.11905527535398536,-0.52377889858405857,0.41114182091959806,0.33284553153989427,1
1057,0.47520653562905729,0.90082614251622917,0.33284553153989427,0.31548666863686831,1
1058,0.15888797347725614,-0.36444810609097544,0.31548666863686831,0.35408770842937698,1
1059,0.39999036714827751,0.59996146859311006,0.35408770842937698,0.29305000980327339,1
1060,0.17767505936061001,-0.28929976255755996,0.29305000980327339,0.37545267872113375,1
1061,0.35917003358433686,0.43668013433734743,0.37545267872113375,0.4881088720768697,1
1062,0.3743149466219195,0.49725978648767799,0.4881088720768697,0.6019039387439562,1
1063,0.45333225470602551,0.81332901882410202,0.6019039387439562,0.70321955410186499,1
1064,0.30776681173156084,0.23106724692624336,0.70321955410186499,0.53822257769514936,1
1065,0.14412568186244784,-0.42349727255020864,0.53822257769514936,0.40597794576842527,1
1066,0.27148968891683484,0.085958755667339348,0.40597794576842527,0.50479865073565111,1
1067,0.35419910833056478,0.41679643332225913,0.50479865073565111,0.45146324319642706,1
1068,0.28255534004574862,0.13022136018299446,0.45146324319642706,0.51142956440950804,1
1069,0.29711708231998407,0.18846832927993629,0.51142956440950804,0.45724015976690724,1
1070,0.21435708653635305,-0.14257165385458781,0.45724015976690724,0.46783262761775524,1
1071,0.34725662488273712,0.38902649953094848,0.46783262761775524,0.55532848606840779,1
1072,0.11819209458575308,-0.52723162165698767,0.55532848606840779,0.49128265762056378,1
1073,0.35743689367871273,0.42974757471485092,0.49128265762056378,0.53734833681978933,1
1074,0.49703455590571527,0.98813822362286108,0.53734833681978933,0.50087019052418724,1
1075,0.054027698068349894,-0.78388920772660042,0.50087019052418724,0.39456478003059814,1
1076,0.0083811439369301799,-0.96647542425227928,0.39456478003059814,0.3189414357967072,1
1077,0.46638543136814586,0.86554172547258346,0.3189414357967072,0.46808475812781392,1
1078,0.30765676727739888,0.23062706910959552,0.46808475812781392,0.48760887768466021,1
1079,0.16250828822097019,-0.34996684711611925,0.48760887768466021,0.41261345940592298,1
1080,0.17691900553528656,-0.29232397785885378,0.41261345940592298,0.41155083362392808,1
1081,0.48550860504352433,0.94203442017409733,0.41155083362392808,0.40374814260864578,1
1082,0.33226890222207955,0.32907560888831822,0.40374814260864578,0.48863403757026014,1
1083,0.087931634186647623,-0.64827346325340951,0.48863403757026014,0.42023279278290171,1
1084,0.073372447155835907,-0.70651021137665637,0.42023279278290171,0.32251002011014496,1
1085,0.33367064867957169,0.33468259471828676,0.32251002011014496,0.2675217743760897,1
1086,0.37060966896556163,0.48243867586224654,0.2675217743760897,0.49305065627370448,1
1087,0.17606467780811047,-0.29574128876755812,0.49305065627370448,0.43210444663582614,1
1088,0.24525985114089716,-0.018960595436411376,0.43210444663582614,0.37885291097960005,1
1089,0.47939912610377133,0.91759650441508533,0.37885291097960005,0.41723247525882923,1
1090,0.13349203516712072,-0.46603185933151714,0.41723247525882923,0.40657283140207479,1
1091,0.28756796224808728,0.15027184899234913,0.40657283140207479,0.44723046460776272,1
1092,0.49987300066835999,0.99949200267343996,0.44723046460776272,0.39120067197457264,1
1093,0.48090822299745284,0.92363289198981136,0.39120067197457264,0.34806897187454489,1
1094,0.3346345261293136,0.33853810451725441,0.34806897187454489,0.43985634205781476,1
1095,0.16662606900772464,-0.33349572396910143,0.43985634205781476,0.4130350776344448,1
1096,0.022702149301109142,-0.90919140279556343,0.4130350776344448,0.31596618210376548,1
1097,0.38472253138124318,0.53889012552497273,0.31596618210376548,0.3993624958405213,1
1098,0.48474645146557738,0.93898580586230951,0.3993624958405213,0.64741071278829987,1
1099,0.034762131190608836,-0.86095147523756466,0.64741071278829987,0.43797973449438377,1
1100,0.13156797900636297,-0.47372808397454813,0.43797973449438377,0.38114408903549524,1
1101,0.32468361318469396,0.29873445273877586,0.38114408903549524,0.53823939936552745,1
1102,0.44852807054827298,0.79411228219309193,0.53823939936552745,0.70107458644269849,1
1103,0.28841063940481076,0.15364255761924306,0.70107458644269849,0.61711377243155674,1
1104,0.24992247156658004,-0.00031011373367983985,0.61711377243155674,0.49852033110511607,1
1105,0.18251176199078756,-0.26995295203684977,0.49852033110511607,0.37915116608122623,1
1106,0.13410015712195827,-0.4635993715121669,0.37915116608122623,0.38432702282393993,1
1107,0.070928914206965621,-0.71628434317213752,0.38432702282393993,0.36265242298344968,1
1108,0.12863491955129303,-0.4854603217948279,0.36265242298344968,0.3052163592478937,1
1109,0.073176561424438957,-0.70729375430224417,0.3052163592478937,0.27628890544971185,1
1110,0.34544176588832309,0.38176706355329237,0.27628890544971185,0.41251323069634149,1
1111,0.45912544522246068,0.83650178088984273,0.41251323069634149,0.6249517844498198,1
1112,0.44648798900398523,0.78595195601594092,0.6249517844498198,0.62318891684830946,1
1113,0.2956633861194588,0.18265354447783522,0.62318891684830946,0.53751264567170443,1
1114,0.45094824492637309,0.80379297970549235,0.53751264567170443,0.50307779146124398,1
1115,0.072624126807925404,-0.70950349276829838,0.50307779146124398,0.37643218450359117,1
1116,0.12564296007244757,-0.49742815971020971,0.37643218450359117,0.30922827895130017,1
1117,0.37030419646331209,0.48121678585324834,0.30922827895130017,0.33118390992631264,1
1118,0.47830162252008029,0.91320649008032118,0.33118390992631264,0.32305369278763307,1
1119,0.33416605547260764,0.33666422189043055,0.32305369278763307,0.43980658318913157,1
1120,9.9102013290552904e-05,-0.99960359194683779,0.43980658318913157,0.33054776920393869,1
1121,0.45556766556036876,0.82227066224147505,0.33054776920393869,0.57697627711455723,1
1122,0.44236254939868819,0.76945019759475275,0.57697627711455723,0.59479991831519508,1
1123,0.1078693764150559,-0.56852249433977642,0.59479991831519508,0.47995990738389727,1
1124,0.31387836984025741,0.25551347936102964,0.47995990738389727,0.3805337276402514,1
1125,0.25106286316379856,0.0042514526551942211,0.3805337276402514,0.34029501189285383,1
1126,0.48001820028674774,0.92007280114699097,0.34029501189285383,0.53858675240587517,1
1127,0.25799549691235218,0.031981987649408739,0.53858675240587517,0.56343422477502259,1
1128,0.10998635965526721,-0.56005456137893117,0.56343422477502259,0.45284903347214567,1
1129,0.30069621793015044,0.20278487172060178,0.45284903347214567,0.34226887449842425,1
1130,0.45458280880609564,0.81833123522438256,0.34226887449842425,0.59204665097632692,1
1131,0.048263886288939462,-0.80694445484424215,0.59204665097632692,0.45355835043983095,1
1132,0.35366802056500091,0.41467208226000363,0.45355835043983095,0.40074794092008237,1
1133,0.4836263566382818,0.93450542655312718,0.40074794092008237,0.53897971308018611,1
1134,0.033752747688226781,-0.86498900924709288,0.53897971308018611,0.39845927934497194,1
1135,0.18576879965025273,-0.2569248013989891,0.39845927934497194,0.44536490685139096,1
1136,0.3837054549810463,0.5348218199241852,0.44536490685139096,0.48734720414926469,1
1137,0.17680496885288499,-0.29278012458846003,0.48734720414926469,0.38929214147623936,1
1138,0.11290550181128051,-0.54837799275487797,0.38929214147623936,0.35532155284633093,1
1139,0.089443517309313381,-0.64222593076274648,0.35532155284633093,0.3458166023296656,1
1140,0.32290734204668675,0.29162936818674701,0.3458166023296656,0.30332167860568859,1
1141,0.24915404071527031,-0.003383837138918766,0.30332167860568859,0.3856303371235843,1
1142,0.34250635552645842,0.37002542210583367,0.3856303371235843,0.54225232066215889,1
1143,0.10008756598104024,-0.59964973607583905,0.54225232066215889,0.3813933189065335,1
1144,0.020909141385398233,-0.91636343445840707,0.3813933189065335,0.29717522863172241,1
1145,0.25964326449127295,0.038573057965091806,0.29717522863172241,0.39703062403936129,1
1146,0.3674943233987924,0.4699772935951696,0.39703062403936129,0.39368630191719278,1
1147,0.48337437209246253,0.93349748836985014,0.39368630191719278,0.37459099552120922,1
1148,0.36457827229375966,0.45831308917503866,0.37459099552120922,0.33201792415667342,1
1149,0.079116394796803102,-0.68353442081278759,0.33201792415667342,0.30022803228278649,1
1150,0.044496997951694373,-0.82201200819322251,0.30022803228278649,0.26235049088081219,1
1151,0.0016197169699549985,-0.99352113212018001,0.26235049088081219,0.22763080152951501,1
1152,0.24842565243332654,-0.0062973902666938475,0.22763080152951501,0.24551621363286155,1
1153,0.16329809760487257,-0.34680760958050971,0.24551621363286155,0.2182017368665079,1
1154,0.48805236842012284,0.95220947368049136,0.2182017368665079,0.38879840435714852,1
1155,0.46835093246404996,0.87340372985619985,0.38879840435714852,0.5358563359952887,1
1156,0.3646801564958006,0.4587206259832024,0.5358563359952887,0.61302282041330414,1
1157,0.33056962890471653,0.32227851561886611,0.61302282041330414,0.57190884553673071,1
1158,0.13085768945562226,-0.47656924217751095,0.57190884553673071,0.39277749730440814,1
1159,0.041161232858898777,-0.83535506856440489,0.39277749730440814,0.29434990855041188,1
1160,0.034837155825445609,-0.86065137669821756,0.29434990855041188,0.24358629905309864,1
1161,0.34653818383181612,0.38615273532726446,0.24358629905309864,0.34765827813125594,1
1162,0.3071766312873549,0.22870652514941958,0.34765827813125594,0.34649288092762576,1
1163,0.15029508529804231,-0.39881965880783077,0.34649288092762576,0.38245397917819457,1
1164,0.44154346011370421,0.76617384045481685,0.38245397917819457,0.60365847038248199,1
1165,0.47116662769607826,0.88466651078431302,0.60365847038248199,0.66958056162016122,1
1166,0.26918940616580084,0.07675762466320335,0.66958056162016122,0.58385318137986986,1
1167,0.33626825154574413,0.34507300618297654,0.58385318137986986,0.47066885848774997,1
1168,0.05134307383582648,-0.79462770465669408,0.47066885848774997,0.34639002962576732,1
1169,0.0045318641737220333,-0.98187254330511187,0.34639002962576732,0.2784318399697665,1
1170,0.47497874685538449,0.89991498742153797,0.2784318399697665,0.48991078203453031,1
1171,0.44621150910254986,0.78484603641019945,0.48991078203453031,0.56326961979426771,1
1172,0.18186210884283482,-0.2725515646286607,0.56326961979426771,0.44332627848507355,1
1173,0.095070972123358188,-0.61971611150656725,0.44332627848507355,0.40306234472465474,1
1174,0.30310129651485784,0.21240518605943137,0.40306234472465474,0.53292151444019731,1
1175,0.23551725016839203,-0.057930999326431865,0.53292151444019731,0.48238052383379759,1
1176,0.18435058972144658,-0.26259764111421369,0.48238052383379759,0.44850902412435611,1
1177,0.47239434938335895,0.88957739753343579,0.44850902412435611,0.3709261640856083,1
1178,0.25896024436093729,0.035840977443749145,0.3709261640856083,0.29388394184263955,1
1179,0.097485252050995785,-0.61005899179601686,0.29388394184263955,0.32090266979602788,1
1180,0.061690108679970823,-0.75323956528011671,0.32090266979602788,0.30734283122395678,1
1181,0.021268070346903756,-0.91492771861238498,0.30734283122395678,0.26203221169999436,1
1182,0.48660746717223607,0.9464298686889443,0.26203221169999436,0.29864452260965424,1
1183,0.10802810121263329,-0.56788759514946685,0.29864452260965424,0.29426546946647469,1
1184,0.24103857909429277,-0.035845683622828917,0.29426546946647469,0.32657428752275042,1
1185,0.12646704967962868,-0.49413180128148526,0.32657428752275042,0.28855050957975847,1
1186,0.0089494428776095147,-0.96420222848956194,0.28855050957975847,0.23924254944129517,1
1187,0.4790913903321084,0.91636556132843361,0.23924254944129517,0.39378587482875205,1
1188,0.023612793728811476,-0.90554882508475409,0.39378587482875205,0.28115315223122406,1
1189,0.30980182306650672,0.23920729226602688,0.28115315223122406,0.25536211818170729,1
1190,0.11642961930417062,-0.53428152278331753,0.25536211818170729,0.21795000019439942,1
1191,0.43492048264812055,0.73968193059248222,0.21795000019439942,0.51397859949218894,1
1192,0.47913757909140997,0.91655031636563988,0.51397859949218894,0.41174506897660845,1
1193,0.27225978183542565,0.089039127341702606,0.41174506897660845,0.38830582717338036,1
1194,0.17559931846114452,-0.29760272615542194,0.38830582717338036,0.31419672676314153,1
1195,0.48675238879923477,0.94700955519693908,0.31419672676314153,0.25270280970061215,1
1196,0.37127594213685761,0.48510376854743043,0.25270280970061215,0.48392048420290035,1
1197,0.17727814157691274,-0.29088743369234904,0.48392048420290035,0.33645826220965058,1
1198,0.29302272787815986,0.17209091151263944,0.33645826220965058,0.39524211134274823,1
1199,0.00080901420195222951,-0.99676394319219108,0.39524211134274823,0.28926191309304139,1
1200,0.48955970493382273,0.9582388197352909,0.28926191309304139,0.5582794403357676,1
1201,0.14758722817429293,-0.40965108730282829,0.5582794403357676,0.48365096551595188,1
1202,0.34418586256779482,0.37674345027117928,0.48365096551595188,0.48030201885739476,1
1203,0.25723454979141336,0.028938199165653433,0.48030201885739476,0.40748175331518921,1
1204,0.18903608811802591,-0.24385564752789635,0.40748175331518921,0.4417920173720965,1
1205,0.041109722294832118,-0.83556111082067153,0.4417920173720965,0.34664217080609799,1
1206,0.067652719098563074,-0.7293891236057477,0.34664217080609799,0.29517670774990901,1
1207,0.29631006328754989,0.18524025315019954,0.29517670774990901,0.37833276994929188,1
1208,0.37054812164758422,0.48219248659033687,0.37833276994929188,0.29105677954465714,1
1209,0.44357240019356536,0.77428960077426146,0.29105677954465714,0.57085332885432616,1
1210,0.42202841222121384,0.68811364888485538,0.57085332885432616,0.48609317526603424,1
1211,0.32699002794628856,0.30796011178515426,0.48609317526603424,0.51627302487671822,1
1212,0.41487973180349225,0.65951892721396899,0.51627302487671822,0.52374283205983241,1
1213,0.36216198902205193,0.44864795608820773,0.52374283205983241,0.47130568167682374,1
1214,0.38825178087268636,0.55300712349074543,0.47130568167682374,0.36716500836721444,1
1215,0.4701454900424249,0.88058196016969958,0.36716500836721444,0.33582034138135913,1
1216,0.2683668998308622,0.073467599323448818,0.33582034138135913,0.39114954206420272,1
1217,0.23732731164232701,-0.050690753430691959,0.39114954206420272,0.43397557925884256,1
1218,0.01372267626000051,-0.94510929495999796,0.43397557925884256,0.33452516309085734,1
1219,0.15116661337381776,-0.39533354650472896,0.33452516309085734,0.37016489641945205,1
1220,0.46972571352400705,0.8789028540960282,0.37016489641945205,0.5197367646041946,1
1221,0.10466393339684243,-0.58134426641263026,0.5197367646041946,0.43185965605742749,1
1222,0.0030174357153968101,-0.98793025713841276,0.43185965605742749,0.32144379164873604,1
1223,0.070235910011403724,-0.7190563599543851,0.32144379164873604,0.3012584145421181,1
1224,0.13074937111092227,-0.4770025155563109,0.3012584145421181,0.33993039790182666,1
1225,0.087305998404888507,-0.65077600638044597,0.33993039790182666,0.30136872253669444,1
1226,0.24609451911317537,-0.015621923547298522,0.30136872253669444,0.33445555818363293,1
1227,0.46993803119498412,0.87975212477993647,0.33445555818363293,0.2716955063255958,1
1228,0.16894127809430431,-0.32423488762278274,0.2716955063255958,0.26772195293386813,1
1229,0.10213482927897399,-0.59146068288410403,0.26772195293386813,0.29859064000042257,1
1230,0.45707968894754275,0.828318755790171,0.29859064000042257,0.31191900034172992,1
1231,0.13588026341174764,-0.45647894635300945,0.31191900034172992,0.24378963590123251,1
1232,0.24933676864164617,-0.0026529254334153318,0.24378963590123251,0.2358785289101468,1
1233,0.31203684865369719,0.24814739461478874,0.2358785289101468,0.26624181643556466,1
1234,0.38383420131310125,0.53533680525240501,0.26624181643556466,0.26836597748718843,1
1235,0.051858895317335285,-0.79256441873065886,0.26836597748718843,0.23722468179527847,1
1236,0.033776063481765872,-0.86489574607293651,0.23722468179527847,0.22742734194337594,1
1237,0.18266609996443228,-0.26933560014227087,0.22742734194337594,0.24441164535527837,1
1238,0.058075812982573027,-0.76769674806970789,0.24441164535527837,0.21401355360585211,1
1239,0.18974282016910321,-0.24102871932358716,0.21401355360585211,0.32155930874556704,1
1240,0.092774331405704291,-0.62890267437718284,0.32155930874556704,0.25671083335722078,1
1241,0.048686091823242461,-0.80525563270703016,0.25671083335722078,0.22751148721656131,1
1242,0.053906929041739327,-0.78437228383304269,0.22751148721656131,0.22191635544304875,1
1243,0.49901381532673711,0.99605526130694844,0.22191635544304875,0.48146011738549943,1
1244,0.21167945602368227,-0.15328217590527093,0.48146011738549943,0.32591582034347272,1
1245,0.16405699196273232,-0.34377203214907071,0.32591582034347272,0.25103279982159621,1
1246,0.31027237336450003,0.24108949345800013,0.25103279982159621,0.29511684124212556,1
1247,0.32098878318030366,0.28395513272121464,0.29511684124212556,0.25839898783640708,1
1248,0.4684111475005498,0.87364459000219918,0.25839898783640708,0.34770500859825942,1
1249,0.22505213680438413,-0.099791452782463486,0.34770500859825942,0.28756553261125839,1
1250,0.230907643292877,-0.076369426828492015,0.28756553261125839,0.24559649599610658,1
1251,0.028252874889058532,-0.88698850044376587,0.24559649599610658,0.21209342670716708,1
1252,0.45461158917249467,0.81844635668997867,0.21209342670716708,0.53495199018146833,1
1253,0.27948389436479593,0.1179355774591837,0.53495199018146833,0.43588495824919893,1
1254,0.42172078756821479,0.68688315027285918,0.43588495824919893,0.40416138816839753,1
1255,0.013944618215600391,-0.94422152713759844,0.40416138816839753,0.29386941840777064,1
1256,0.4984669780097023,0.9938679120388092,0.29386941840777064,0.47687819997302161,1
1257,0.3364288110387626,0.34571524415505039,0.47687819997302161,0.56282863471211875,1
1258,0.13815586826541348,-0.44737652693834606,0.56282863471211875,0.42246763966296164,1
1259,0.15514378493470077,-0.37942486026119693,0.42246763966296164,0.36235663719876732,1
1260,0.044126133689738445,-0.82349546524104622,0.36235663719876732,0.28216218870878668,1
1261,0.17292218072101101,-0.30831127711595596,0.28216218870878668,0.35882556350611228,1
1262,0.058748513525551382,-0.76500594589779447,0.35882556350611228,0.30645274448581838,1
1263,0.16258537472409434,-0.34965850110362262,0.30645274448581838,0.35463276701585866,1
1264,0.45631287557801675,0.82525150231206701,0.35463276701585866,0.28375154122805413,1
1265,0.076662597653230358,-0.69334960938707857,0.28375154122805413,0.29500010482796901,1
1266,0.23612700653026064,-0.055491973878957435,0.29500010482796901,0.36231394427577679,1
1267,0.29848505166651856,0.19394020666607426,0.36231394427577679,0.33560007188236346,1
1268,0.49606097823015605,0.98424391292062419,0.33560007188236346,0.3725617907781652,1
1269,0.10456057004167102,-0.58175771983331592,0.3725617907781652,0.28041642366180453,1
1270,0.023082324946264776,-0.9076707002149409,0.28041642366180453,0.23542342418673542,1
1271,0.25904855478857591,0.036194219154303653,0.23542342418673542,0.23094602930332733,1
1272,0.37818134054753655,0.51272536219014619,0.23094602930332733,0.29681518317416633,1
1273,0.054851519622847622,-0.78059392150860951,0.29681518317416633,0.27181537583256737,1
1274,0.3136542871481342,0.25461714859253681,0.27181537583256737,0.25790473102350675,1
1275,0.21625960461070232,-0.13496158155719074,0.25790473102350675,0.29186500242118307,1
1276,0.40089281016344513,0.60357124065378054,0.29186500242118307,0.40989111695243774,1
1277,0.06580463082422594,-0.73678147670309624,0.40989111695243774,0.3330721607442656,1
1278,0.33709587191687018,0.34838348766748073,0.3330721607442656,0.30243164964383318,1
1279,0.17554622162912903,-0.29781511348348388,0.30243164964383318,0.2408201094177928,1
1280,0.44137277444236089,0.76549109776944357,0.2408201094177928,0.37832104531414379,1
1281,0.10334572109865575,-0.58661711560537699,0.37832104531414379,0.32913220568514634,1
1282,0.16881789238857225,-0.32472843044571098,0.32913220568514634,0.26384363841348546,1
1283,0.35690475560109836,0.42761902240439342,0.26384363841348546,0.38769015981385158,1
1284,0.47449123994865261,0.89796495979461044,0.38769015981385158,0.43215993662173324,1
1285,0.06223606294137124,-0.75105574823451504,0.43215993662173324,0.33987521311564683,1
1286,0.34974475037399538,0.39897900149598153,0.33987521311564683,0.29455651189419441,1
1287,0.18313674917914485,-0.26745300328342059,0.29455651189419441,0.32959876286023981,1
1288,0.37749461301180415,0.50997845204721659,0.32959876286023981,0.35263916808274864,1
1289,0.28957735946407204,0.15830943785628815,0.35263916808274864,0.45655211817640906,1
1290,0.33573167215900462,0.3429266886360185,0.45655211817640906,0.37037628845179715,1
1291,0.024201172354192613,-0.90319531058322955,0.37037628845179715,0.28310202902252574,1
1292,0.015419097396638382,-0.93832361041344647,0.28310202902252574,0.24287531323550726,1
1293,0.36960113687279222,0.4784045474911689,0.24287531323550726,0.4782961121341589,1
1294,0.4095188181665862,0.63807527266634478,0.4782961121341589,0.36733484833350871,1
1295,0.2566008690183102,0.026403476073240784,0.36733484833350871,0.40938055467393808,1
1296,0.41952318493327151,0.67809273973308604,0.40938055467393808,0.41143489818825041,1
1297,0.060945409045846999,-0.756218363816612,0.41143489818825041,0.33408848201606445,1
1298,0.11993089810617275,-0.52027640757530902,0.33408848201606445,0.31422838272876308,1
1299,0.45357733130315459,0.81430932521261834,0.31422838272876308,0.48031321399268467,1
1300,0.21624302534984757,-0.13502789860060971,0.48031321399268467,0.34059609961315729,1
1301,0.15216036785530984,-0.39135852857876063,0.34059609961315729,0.26805527746416363,1
1302,0.0090730373570767076,-0.96370785057169317,0.26805527746416363,0.2343212520150777,1
1303,0.18283698935438142,-0.26865204258247433,0.2343212520150777,0.32523276854896321,1
1304,0.29262603512184499,0.17050414048737994,0.32523276854896321,0.36687355156887791,1
1305,0.49866064701486718,0.9946425880594687,0.36687355156887791,0.58778061331567999,1
1306,0.22225497681845269,-0.11098009272618925,0.58778061331567999,0.40430211632311597,1
1307,0.4748273745924077,0.89930949836963081,0.40430211632311597,0.38061256233877239,1
1308,0.1890877054842115,-0.243649178063154,0.38061256233877239,0.41329000983798303,1
1309,0.1633321366803151,-0.34667145327873961,0.41329000983798303,0.35551972250607278,1
1310,0.10814050227356931,-0.56743799090572278,0.35551972250607278,0.29669287036284442,1
1311,0.17258239412589654,-0.30967042349641383,0.29669287036284442,0.24524615472910671,1
1312,0.41709353519839443,0.66837414079357771,0.24524615472910671,0.33222939251350736,1
1313,0.38760801017936591,0.55043204071746366,0.33222939251350736,0.43139678145033866,1
1314,0.36740562007827332,0.46962248031309328,0.43139678145033866,0.58650127423001641,1
1315,0.12456640366262156,-0.50173438534951376,0.58650127423001641,0.43576337815882782,1
1316,0.12161742811725518,-0.51353028753097929,0.43576337815882782,0.40192189948965729,1
1317,0.2622572470014522,0.049028988005808793,0.40192189948965729,0.37291725151333399,1
1318,0.26684842016670884,0.067393680666835376,0.37291725151333399,0.34943961986093452,1
1319,0.44746325331246145,0.7898530132498458,0.34943961986093452,0.34394204747073021,1
1320,0.15220781624467633,-0.39116873502129468,0.34394204747073021,0.30786627022281665,1
1321,0.34827972793250639,0.39311891173002556,0.30786627022281665,0.46886350921991982,1
1322,0.19898979910410169,-0.20404080358359322,0.46886350921991982,0.45084983564240733,1
1323,0.1766822460432218,-0.29327101582711279,0.45084983564240733,0.42616523598212752,1
1324,0.43048382755178122,0.72193531020712487,0.42616523598212752,0.39659164879671915,1
1325,0.42626807725442412,0.70507230901769646,0.39659164879671915,0.37515246374724154,1
1326,0.4211918085090729,0.68476723403629158,0.37515246374724154,0.45127338625358759,1
1327,0.016079567720143906,-0.93568172911942438,0.45127338625358759,0.3307881572875046,1
1328,0.0099491536474637376,-0.96020338541014505,0.3307881572875046,0.27043337645950571,1
1329,0.20401960858097162,-0.18392156567611351,0.27043337645950571,0.27938889828369656,1
1330,0.2999440316930399,0.19977612677215961,0.27938889828369656,0.39300172021340241,1
1331,0.00061702915349948206,-0.99753188338600207,0.39300172021340241,0.29359030707823514,1
1332,0.049683704970573062,-0.80126518011770775,0.29359030707823514,0.25507766792793141,1
1333,0.4498753427132543,0.7995013708530172,0.25507766792793141,0.51129402211418706,1
1334,0.0055633035821930354,-0.97774678567122786,0.51129402211418706,0.34786859715632629,1
1335,0.30301895873553847,0.21207583494215387,0.34786859715632629,0.45681810039446957,1
1336,0.1390751605499293,-0.4436993578002828,0.45681810039446957,0.32238804329657517,1
1337,0.41340014130041791,0.65360056520167165,0.32238804329657517,0.25866947648708705,1
1338,0.28813674900721042,0.1525469960288417,0.25866947648708705,0.30960462983794979,1
1339,0.39400170245450378,0.57600680981801511,0.30960462983794979,0.42321068977267562,1
1340,0.39819200496214507,0.5927680198485803,0.42321068977267562,0.30290709204455568,1
1341,0.40538944244791542,0.62155776979166166,0.30290709204455568,0.27381147286330026,1
1342,0.11833446893703603,-0.52666212425185588,0.27381147286330026,0.30938905291353624,1
1343,0.1277030806386078,-0.48918767744556879,0.30938905291353624,0.24827238731281517,1
1344,0.37594774750624677,0.50379099002498706,0.24827238731281517,0.38574141197112966,1
1345,0.38362037614929634,0.53448150459718535,0.38574141197112966,0.35922065195013886,1
1346,0.033726847852002528,-0.86509260859198989,0.35922065195013886,0.2860336581480063,1
1347,0.19989623633635001,-0.20041505465459997,0.2860336581480063,0.31735469314664477,1
1348,0.42346810859469469,0.69387243437877877,0.31735469314664477,0.49650056810645327,1
1349,0.44025483445272251,0.76101933781089004,0.49650056810645327,0.59637481457894126,1
1350,0.49754430712020309,0.99017722848081235,0.59637481457894126,0.68808132064820737,1
1351,0.24579258163912926,-0.016829673443482962,0.68808132064820737,0.48631993586822286,1
1352,0.42205305505259944,0.68821222021039774,0.48631993586822286,0.42821986339894169,1
1353,0.031241280130002325,-0.8750348794799907,0.42821986339894169,0.33798212948753736,1
1354,0.32778768351404058,0.31115073405616234,0.33798212948753736,0.46406268613931678,1
1355,0.39497036038167521,0.57988144152670085,0.46406268613931678,0.3626899306561413,1
1356,0.15589071120857112,-0.37643715516571552,0.3626899306561413,0.33649542303563285,1
1357,0.13113452958430288,-0.47546188166278847,0.33649542303563285,0.36019394966022766,1
1358,0.46786433744895733,0.87145734979582934,0.36019394966022766,0.59909625139169864,1
1359,0.28492587202905961,0.13970348811623845,0.59909625139169864,0.6319486813636388,1
1360,0.43358473048413904,0.73433892193655614,0.6319486813636388,0.59779527194946169,1
1361,0.30218326368810838,0.20873305475243353,0.59779527194946169,0.60828114267050493,1
1362,0.39917282637740231,0.59669130550960925,0.60828114267050493,0.44495045873074035,1
1363,0.082859113722231148,-0.66856354511107541,0.44495045873074035,0.37975646742947322,1
1364,0.2523867429561617,0.0095469718246468105,0.37975646742947322,0.45431673099938952,1
1365,0.19022550786537007,-0.23909796853851972,0.45431673099938952,0.38925663348489825,1
1366,0.28304765498609175,0.13219061994436698,0.38925663348489825,0.36591526070124492,1
1367,0.20737015763732902,-0.17051936945068391,0.36591526070124492,0.44370240790820203,1
1368,0.3510742077022429,0.40429683080897161,0.44370240790820203,0.49219620460050473,1
1369,0.21610004814453704,-0.13559980742185185,0.49219620460050473,0.50653228562663322,1
1370,0.49992028334681238,0.99968113338724951,0.50653228562663322,0.59715800912959982,1
1371,0.47258478483718402,0.8903391393487361,0.59715800912959982,0.7019085577922658,1
1372,0.36284761644572239,0.45139046578288955,0.7019085577922658,0.52327540509015424,1
1373,0.089795193423893693,-0.64081922630442523,0.52327540509015424,0.41797670691807698,1
1374,0.45499758408266805,0.8199903363306722,0.41797670691807698,0.45746331250166972,1
1375,0.15099429632961314,-0.39602281468154743,0.45746331250166972,0.41331981294636055,1
1376,0.17758706142120578,-0.28965175431517687,0.41331981294636055,0.38090059486356931,1
1377,0.23355809616147361,-0.06576761535410558,0.38090059486356931,0.4312409427168471,1
1378,0.19135398090810141,-0.23458407636759437,0.4312409427168471,0.39752747819226442,1
1379,0.49956295928091698,0.99825183712366794,0.39752747819226442,0.68982000919308106,1
1380,0.38799388233722826,0.55197552934891303,0.68982000919308106,0.75480630145968686,1
1381,0.058780077995501612,-0.76487968801799355,0.75480630145968686,0.55348518005514791,1
1382,0.43638497818222138,0.74553991272888553,0.55348518005514791,0.46374314534510364,1
1383,0.20049845038486247,-0.19800619846055012,0.46374314534510364,0.49097728264780172,1
1384,0.33621963642478903,0.3448785456991561,0.49097728264780172,0.44700546244231809,1
1385,0.12005538716302339,-0.51977845134790646,0.44700546244231809,0.37834360148913715,1
1386,0.20757516428656636,-0.16969934285373456,0.37834360148913715,0.38058042732271036,1
1387,0.34035121429727189,0.36140485718908755,0.38058042732271036,0.40677327955659826,1
1388,0.47308140236372925,0.89232560945491701,0.40677327955659826,0.67747495561537441,1
1389,0.36401186867432628,0.45604747469730511,0.67747495561537441,0.69269444023145244,1
1390,0.13462148080074976,-0.46151407679700096,0.69269444023145244,0.50136766046436432,1
1391,0.050002130700931624,-0.7999914771962735,0.50136766046436432,0.40829310060315438,1
1392,0.061124648376799984,-0.75550140649280006,0.40829310060315438,0.33982603120150601,1
1393,0.0069445487845176124,-0.97222180486192955,0.33982603120150601,0.28570578031187244,1
1394,0.38287513014522034,0.53150052058088137,0.28570578031187244,0.31920292766176228,1
1395,0.10389648469440793,-0.58441406122236828,0.31920292766176228,0.29817960056067405,1
1396,0.02485921677813091,-0.90056313288747636,0.29817960056067405,0.26640434512886102,1
1397,0.43410209780170811,0.73640839120683244,0.26640434512886102,0.54386034158156737,1
1398,0.14784589582789248,-0.40861641668843007,0.54386034158156737,0.46171218642560952,1
1399,0.18386786137156858,-0.2645285545137257,0.46171218642560952,0.37069164377893471,1
1400,0.39314777861934741,0.57259111447738964,0.37069164377893471,0.31103808781031422,1
1401,0.05302002093261371,-0.78791991626954516,0.31103808781031422,0.25423595011261568,1
1402,0.17550955994958595,-0.29796176020165621,0.25423595011261568,0.22196563115034437,1
1403,0.37153362833267162,0.48613451333068647,0.22196563115034437,0.41695670232332893,1
1404,0.41202562751018335,0.64810251004073338,0.41695670232332893,0.36152109109197872,1
1405,0.29293940595147383,0.17175762380589532,0.36152109109197872,0.28276456434341274,1
1406,0.22882162108505494,-0.084713515659780247,0.28276456434341274,0.38318597103413266,1
1407,0.057317015059354826,-0.7707319397625807,0.38318597103413266,0.29679236905936041,1
1408,0.12100719255758141,-0.51597122976967436,0.29679236905936041,0.27228565363466861,1
1409,0.34839989014448164,0.39359956057792655,0.27228565363466861,0.43032150928250079,1
1410,0.036389036549735132,-0.85444385380105947,0.43032150928250079,0.30151036680590582,1
1411,0.47005914998619264,0.88023659994477055,0.30151036680590582,0.36276930436043375,1
1412,0.36521819654610316,0.46087278618441263,0.36276930436043375,0.472769470094067,1
1413,0.24844746823302749,-0.0062101270678900367,0.472769470094067,0.48002739316734711,1
1414,0.44931649819849151,0.79726599279396604,0.48002739316734711,0.52890171564231714,1
1415,0.39026341690469807,0.56105366761879227,0.52890171564231714,0.49341248055027243,1
1416,0.26584170571831822,0.063366822873272888,0.49341248055027243,0.37010428724767963,1
1417,0.17875189857656382,-0.28499240569374473,0.37010428724767963,0.31766213729200143,1
1418,0.18924495267248503,-0.24302018931005986,0.31766213729200143,0.35820319957300983,1
1419,0.24856404220139983,-0.0057438311944006948,0.35820319957300983,0.2947409895025766,1
1420,0.1036659363314022,-0.58533625467439121,0.2947409895025766,0.32017093014849252,1
1421,0.20061415326713933,-0.19754338693144269,0.32017093014849252,0.36996755390090352,1
1422,0.15782193457862093,-0.3687122616855163,0.36996755390090352,0.34390972030449996,1
1423,0.27496813980347334,0.099872559213893375,0.34390972030449996,0.45516312446417551,1
1424,0.36058023778638876,0.44232095114555503,0.45516312446417551,0.53530064269102895,1
1425,0.17974989820878701,-0.28100040716485197,0.53530064269102895,0.43554421364937446,1
1426,0.16859628383453262,-0.32561486466186951,0.43554421364937446,0.35863872216920423,1
1427,0.29451431573689757,0.17805726294759028,0.35863872216920423,0.359144145883592,1
1428,0.44329048058222997,0.77316192232891989,0.359144145883592,0.44181252313027242,1
1429,0.047978625313848833,-0.80808549874460467,0.44181252313027242,0.32647576341656082,1
1430,0.011472767341304313,-0.95410893063478275,0.32647576341656082,0.26581087507300272,1
1431,0.3560268386562857,0.42410735462514282,0.26581087507300272,0.31575023255596757,1
1432,0.47515401391991435,0.90061605567965741,0.31575023255596757,0.45128875742680985,1
1433,0.093103860338639099,-0.6275845586454436,0.45128875742680985,0.37475885071537751,1
1434,0.17003774871144489,-0.31984900515422043,0.37475885071537751,0.33068729950558573,1
1435,0.13427878547032218,-0.46288485811871127,0.33068729950558573,0.29367885678623595,1
1436,0.30975966721273895,0.23903866885095582,0.29367885678623595,0.37660542844552591,1
1437,0.40675609625585074,0.62702438502340296,0.37660542844552591,0.55003236613103457,1
1438,0.18744106350136747,-0.25023574599453013,0.55003236613103457,0.38099526415140794,1
1439,0.48454589486290156,0.93818357945160624,0.38099526415140794,0.2924752289961296,1
1440,0.3259609254103375,0.30384370164134999,0.2924752289961296,0.41493354309240416,1
1441,0.30671894574618003,0.22687578298472011,0.41493354309240416,0.52153562681726351,1
1442,0.01380974427864895,-0.9447610228854042,0.52153562681726351,0.36235719710492875,1
1443,0.11804544918337823,-0.5278182032664871,0.36235719710492875,0.30943993142753945,1
1444,0.22932875713272716,-0.082684971469091373,0.30943993142753945,0.29832311152635138,1
1445,0.44489152178999258,0.77956608715997033,0.29832311152635138,0.45289811599625684,1
1446,0.22163069852848954,-0.11347720588604182,0.45289811599625684,0.46075856562105277,1
1447,0.36562892407556319,0.46251569630225275,0.46075856562105277,0.43418797956628752,1
1448,0.25996922574760983,0.039876902990439334,0.43418797956628752,0.50447937289504574,1
1449,0.19665280633774618,-0.21338877464901529,0.50447937289504574,0.44968760883264891,1
1450,0.20951498488179759,-0.16194006047280962,0.44968760883264891,0.42592739277125624,1
1451,0.11086450914552659,-0.55654196341789364,0.42592739277125624,0.31993678638257739,1
1452,0.29408696136293083,0.17634784545172333,0.31993678638257739,0.31232971448505542,1
1453,0.33036796453729528,0.32147185814918111,0.31232971448505542,0.36930895107733575,1
1454,0.29726537582432278,0.1890615032972911,0.36930895107733575,0.48354477740480473,1
1455,0.099169853401404273,-0.60332058639438291,0.48354477740480473,0.37989219927008833,1
1456,0.2511700464999031,0.0046801859996123962,0.37989219927008833,0.43035890915285546,1
1457,0.23416054138415893,-0.063357834463364293,0.43035890915285546,0.40885077870304742,1
1458,0.42713258297945655,0.70853033191782622,0.40885077870304742,0.43214426418295027,1
1459,0.37186268366811714,0.48745073467246858,0.43214426418295027,0.43319722319280929,1
1460,0.32135543264608257,0.28542173058433029,0.43319722319280929,0.36994131566162014,1
1461,0.34530890795394492,0.38123563181577969,0.36994131566162014,0.43617794755508332,1
1462,0.21161357181186813,-0.15354571275252749,0.43617794755508332,0.42417025181235746,1
1463,0.30558852654031471,0.22235410616125884,0.42417025181235746,0.45190072108873702,1
1464,0.48704316060167668,0.94817264240670673,0.45190072108873702,0.40405314849735696,1
1465,0.45512059976830316,0.82048239907321263,0.40405314849735696,0.47694389368038093,1
1466,0.20655193947348804,-0.17379224210604782,0.47694389368038093,0.41740622882244172,1
1467,0.22725533391328312,-0.090978664346867522,0.41740622882244172,0.45962280950396406,1
1468,0.18104896214764388,-0.27580415140942449,0.45962280950396406,0.43782150097827155,1
1469,0.30651442501731813,0.2260577000692725,0.43782150097827155,0.47347413362054569,1
1470,0.43193385411885671,0.72773541647542683,0.47347413362054569,0.5687845688495301,1
1471,0.04754716119877217,-0.80981135520491132,0.5687845688495301,0.4151363987236294,1
1472,0.10217084882199357,-0.59131660471202574,0.4151363987236294,0.36538842632072233,1
1473,0.25093169778296737,0.0037267911318694669,0.36538842632072233,0.47461240818184192,1
1474,0.32756089745909422,0.3102435898363769,0.47461240818184192,0.57263074693467375,1
1475,0.20668078028007625,-0.17327687887969501,0.57263074693467375,0.46929980348406874,1
1476,0.22661595194875678,-0.09353619220497289,0.46929980348406874,0.42724968496098392,1
1477,0.40001445267947616,0.60005781071790465,0.42724968496098392,0.4364432718106771,1
1478,0.28482295194406027,0.13929180777624106,0.4364432718106771,0.46315968683817477,1
1479,0.43196896619730168,0.72787586478920674,0.46315968683817477,0.62688023991816977,1
1480,0.23037466099485576,-0.078501356020576951,0.62688023991816977,0.45555970114229505,1
1481,0.39430628163695125,0.577225126547805,0.45555970114229505,0.40429922772160709,1
1482,0.074090459036921019,-0.70363816385231592,0.40429922772160709,0.34409705545109426,1
1483,0.12656717492007957,-0.49373130031968171,0.34409705545109426,0.3458362731426049,1
1484,0.13456861477820925,-0.461725540887163,0.3458362731426049,0.32406917420064152,1
1485,0.27333837428516561,0.093353497140662434,0.32406917420064152,0.35975955253258418,1
1486,0.021994617455772525,-0.9120215301769099,0.35975955253258418,0.29644714074227885,1
1487,0.178307861883237,-0.28676855246705202,0.29644714074227885,0.32524105164360567,1
1488,0.33731673802286577,0.34926695209146308,0.32524105164360567,0.48029733397371677,1
1489,0.34041658832526894,0.36166635330107577,0.48029733397371677,0.45688282549861603,1
1490,0.45862686145985032,0.83450744583940129,0.45688282549861603,0.59496018842754583,1
1491,0.20569217295648534,-0.17723130817405863,0.59496018842754583,0.41831369330860146,1
1492,0.48263246907827867,0.93052987631311468,0.41831369330860146,0.39965354002353681,1
1493,0.31476378687924583,0.25905514751698333,0.39965354002353681,0.36339195035069094,1
1494,0.079367576049169108,-0.68252969580332357,0.36339195035069094,0.31458280274316075,1
1495,0.1578116311424046,-0.36875347543038162,0.31458280274316075,0.26264781100910584,1
1496,0.36971901114941891,0.47887604459767563,0.26264781100910584,0.3290594584739015,1
1497,1.7360297601243246e-05,-0.99993055880959503,0.3290594584739015,0.26363410397791409,1
1498,0.26815062253727362,0.072602490149094479,0.26363410397791409,0.36720475779397566,1
1499,0.18688592779149638,-0.2524562888340145,0.36720475779397566,0.40795196360847463,1
1500,0.069253456684370274,-0.72298617326251891,0.40795196360847463,0.31966055743798227,1
1501,0.3220816632437456,0.28832665297498239,0.31966055743798227,0.48414789235379463,1
1502,0.36034995623511784,0.44139982494047136,0.48414789235379463,0.50039683543521463,1
1503,0.0042975743706685221,-0.98280970251732591,0.50039683543521463,0.34101931798616991,1
1504,0.26288182864976789,0.051527314599071561,0.34101931798616991,0.32575268732380425,1
1505,0.035331090946464694,-0.85867563621414122,0.32575268732380425,0.27597918446471159,1
1506,0.38370082041126091,0.53480328164504365,0.27597918446471159,0.23268431814539128,1
1507,0.32285842963031586,0.29143371852126343,0.23268431814539128,0.34060152189369308,1
1508,0.17823674115719496,-0.28705303537122018,0.34060152189369308,0.31337528385603447,1
1509,0.401105812949205,0.60442325179681999,0.31337528385603447,0.29117154956849972,1
1510,0.4586048061161353,0.8344192244645412,0.29117154956849972,0.45877382112394161,1
1511,0.079140725777673837,-0.68343709688930465,0.45877382112394161,0.36216093832955598,1
1512,0.010301766690106295,-0.95879293323957482,0.36216093832955598,0.27104105700993097,1
1513,0.43129026422316774,0.72516105689267096,0.27104105700993097,0.39491665567441325,1
1514,0.48059425441117165,0.9223770176446866,0.39491665567441325,0.30844378972934161,1
1515,0.40761700994514227,0.63046803978056909,0.30844378972934161,0.47724658658619146,1
1516,0.41859928523000228,0.67439714092000913,0.47724658658619146,0.52823138929339908,1
1517,0.19577287144641065,-0.21690851421435742,0.52823138929339908,0.40974704594720324,1
1518,0.39252212536788755,0.57008850147155021,0.40974704594720324,0.53724993712644076,1
1519,0.11568486485803436,-0.53726054056786254,0.53724993712644076,0.44925259563842868,1
1520,0.10733031938041554,-0.57067872247833784,0.44925259563842868,0.34179416843231536,1
1521,0.014292503154954672,-0.94282998738018131,0.34179416843231536,0.27248655627350837,1
1522,0.00085719549234070103,-0.9965712180306372,0.27248655627350837,0.23666716796455628,1
1523,0.17049248001041367,-0.31803007995834531,0.23666716796455628,0.34071990041350886,1
1524,0.055646399293301396,-0.77741440282679442,0.34071990041350886,0.30271131058158252,1
1525,0.19760335472945045,-0.20958658108219819,0.30271131058158252,0.37385810538200492,1
1526,0.18031816454522498,-0.27872734181910008,0.37385810538200492,0.33600646048109439,1
1527,0.43500747936497719,0.74002991745990876,0.33600646048109439,0.51741647828760162,1
1528,0.17236963436468561,-0.31052146254125756,0.51741647828760162,0.38106900402712951,1
1529,0.27879769105796509,0.11519076423186037,0.38106900402712951,0.32688337638556986,1
1530,0.1007022280385364,-0.5971910878458544,0.32688337638556986,0.25627810942968376,1
1531,0.28171484759852883,0.12685939039411531,0.25627810942968376,0.22009659591932457,1
1532,0.15970713044053308,-0.36117147823786766,0.22009659591932457,0.24309694576043822,1
1533,0.026133148031681597,-0.89546740787327361,0.24309694576043822,0.21519875001290678,1
1534,0.25898207786352062,0.035928311454082484,0.21519875001290678,0.27546035668466312,1
1535,0.35361748209469668,0.41446992837878671,0.27546035668466312,0.32160474696797436,1
1536,0.45397075882593957,0.81588303530375827,0.32160474696797436,0.54244039353792906,1
1537,0.084256334460266313,-0.66297466215893475,0.54244039353792906,0.37400728623162893,1
1538,0.4599024660864271,0.83960986434570839,0.37400728623162893,0.46355268923606807,1
1539,0.2403712300924839,-0.038515079630064397,0.46355268923606807,0.35043821755214732,1
1540,0.061524150822894363,-0.75390339670842255,0.35043821755214732,0.28828938912026758,1
1541,0.34087831128630086,0.36351324514520345,0.28828938912026758,0.31563179653656726,1
1542,0.05093723354401114,-0.79625106582395544,0.31563179653656726,0.25018144404695908,1
1543,0.24469999112396451,-0.021200035504141956,0.25018144404695908,0.31260468132281161,1
1544,0.2583854836641043,0.033541934656417194,0.31260468132281161,0.38545117643734284,1
1545,0.031360809422679325,-0.8745567623092827,0.38545117643734284,0.30645288020862149,1
1546,0.20380277450468115,-0.1847889019812754,0.30645288020862149,0.27268711094580689,1
1547,0.45931343916684175,0.83725375666736701,0.27268711094580689,0.543921679340998,1
1548,0.48120109563727298,0.92480438254909192,0.543921679340998,0.53156972981820783,1
1549,0.13755379352580221,-0.44978482589679114,0.53156972981820783,0.36671097859676949,1
1550,0.091954910868546846,-0.63218035652581261,0.36671097859676949,0.32255354566228678,1
1551,0.4678369173677816,0.87134766947112641,0.32255354566228678,0.29069641118229828,1
1552,0.15338459074277666,-0.38646163702889336,0.29069641118229828,0.29558452122049894,1
1553,0.022740383461788582,-0.90903846615284567,0.29558452122049894,0.25111150532845616,1
1554,0.29168688779696617,0.16674755118786466,0.25111150532845616,0.2338372236818719,1
1555,0.042302130011077022,-0.83079147995569191,0.2338372236818719,0.22301227857772687,1
1556,0.22025801195816663,-0.11896795216733347,0.22301227857772687,0.35580521403136278,1
1557,0.28112651384522824,0.12450605538091297,0.35580521403136278,0.47040938109201091,1
1558,0.084286915240911697,-0.66285233903635321,0.47040938109201091,0.33710251834116622,1
1559,0.061123480993363288,-0.75550607602654685,0.33710251834116622,0.26260176951357489,1
1560,0.13126742986862516,-0.47493028052549935,0.26260176951357489,0.3108492643312134,1
1561,0.040315669843524859,-0.83873732062590056,0.3108492643312134,0.24963984586945637,1
1562,0.12470838481124419,-0.50116646075502325,0.24963984586945637,0.21646640531738676,1
1563,0.044351556000065351,-0.8225937759997386,0.21646640531738676,0.21584997644441534,1
1564,0.33738643036243876,0.34954572144975504,0.21584997644441534,0.217197867577964,1
1565,0.24090242887167201,-0.036390284513311943,0.217197867577964,0.2757981194384983,1
1566,0.32262727094843718,0.29050908379374873,0.2757981194384983,0.35894040576917741,1
1567,0.21715226065669668,-0.13139095737321327,0.35894040576917741,0.287449734773357,1
1568,0.43256914565811533,0.73027658263246131,0.287449734773357,0.2651592560616165,1
1569,0.36239208504701836,0.44956834018807346,0.2651592560616165,0.28616874645841439,1
1570,0.24881631364833123,-0.0047347454066750672,0.28616874645841439,0.2392943907834266,1
1571,0.37346010107804684,0.49384040431218734,0.2392943907834266,0.27290015189228822,1
1572,0.27856258006224027,0.11425032024896109,0.27290015189228822,0.2363597372538126,1
1573,0.21847911918044249,-0.12608352327823003,0.2363597372538126,0.31285391057966228,1
1574,0.48831469842514064,0.95325879370056255,0.31285391057966228,0.41336108004991023,1
1575,0.24937490165829768,-0.0025003933668092948,0.41336108004991023,0.40562636457461398,1
1576,0.33658181308444868,0.34632725233779471,0.40562636457461398,0.39375036686305021,1
1577,0.10456875387328196,-0.58172498450687216,0.39375036686305021,0.34726067806527383,1
1578,0.29941097131850247,0.19764388527400989,0.34726067806527383,0.42202275255241284,1
1579,0.0075515848722941259,-0.9697936605108235,0.42202275255241284,0.29968357145220559,1
1580,0.35765662587983726,0.43062650351934906,0.29968357145220559,0.44035459315548786,1
1581,0.065379854559915462,-0.73848058176033815,0.44035459315548786,0.33745959692179761,1
1582,0.36311565933273804,0.45246263733095216,0.33745959692179761,0.38112773649215248,1
1583,0.17177601963460448,-0.31289592146158207,0.38112773649215248,0.41168761413074084,1
1584,0.47451561659319497,0.89806246637277987,0.41168761413074084,0.48030262903101495,1
1585,0.32023389558735443,0.28093558234941773,0.48030262903101495,0.49989007250230999,1
1586,0.38095839924584679,0.52383359698338716,0.49989007250230999,0.41003796974158502,1
1587,0.017889029405068146,-0.92844388237972741,0.41003796974158502,0.31366475689047013,1
1588,0.10367765115983069,-0.58528939536067726,0.31366475689047013,0.25794766878809205,1
1589,0.36509789263595438,0.46039157054381752,0.25794766878809205,0.42267860925898282,1
1590,0.14889673364565059,-0.40441306541739763,0.42267860925898282,0.32499374438569173,1
1591,0.062982262104862075,-0.7480709515805517,0.32499374438569173,0.29419828471885234,1
1592,0.48741645517298482,0.94966582069193928,0.29419828471885234,0.36969579052512902,1
1593,0.40677794614324841,0.62711178457299366,0.36969579052512902,0.57040919302238791,1
1594,0.4597645353626027,0.8390581414504108,0.57040919302238791,0.60445056286753551,1
1595,0.052545982533667712,-0.78981606986532915,0.60445056286753551,0.43430615559707542,1
1596,0.04700475578568597,-0.81198097685725612,0.43430615559707542,0.31846612382734391,1
1597,0.2285085126005062,-0.085965949597975211,0.31846612382734391,0.29334971518899111,1
1598,0.45332502735928321,0.81330010943713282,0.29334971518899111,0.49333072525909227,1
1599,0.17505953524301959,-0.29976185902792163,0.49333072525909227,0.38886904868268002,1
1600,0.47433728825995364,0.89734915303981455,0.38886904868268002,0.34103692337644675,1
1601,0.25387954644152028,0.015518185766081105,0.34103692337644675,0.45797958265163663,1
1602,0.17345479253335339,-0.30618082986658646,0.45797958265163663,0.44105225864226794,1
1603,0.47256754814192309,0.89027019256769235,0.44105225864226794,0.65400039388420661,1
1604,0.34424394248700291,0.37697576994801163,0.65400039388420661,0.46809087635453084,1
1605,0.069545704422765753,-0.72181718230893699,0.46809087635453084,0.34574750055320058,1
1606,0.11441522014622957,-0.54233911941508173,0.34574750055320058,0.31558174913182113,1
1607,0.1511802130916976,-0.39527914763320959,0.31558174913182113,0.36373218613773206,1
1608,0.35325068494910183,0.41300273979640734,0.36373218613773206,0.3795258030819223,1
1609,0.35322372999764462,0.41289491999057848,0.3795258030819223,0.54403670138359028,1
1610,0.068888469574299671,-0.72444612170280132,0.54403670138359028,0.40670630524311813,1
1611,0.4740140586644514,0.89605623465780559,0.40670630524311813,0.43433846562425582,1
1612,0.25919606216147895,0.036784248645915785,0.43433846562425582,0.50856270053721397,1
1613,0.33597771396160175,0.34391085584640702,0.50856270053721397,0.53845681144248425,1
1614,0.095673466539694052,-0.61730613384122379,0.53845681144248425,0.38741444276412984,1
1615,0.22827034692022641,-0.086918612319094368,0.38741444276412984,0.33722465484723574,1
1616,0.37061196640717836,0.48244786562871345,0.33722465484723574,0.35629106303011249,1
1617,0.48896544963695487,0.9558617985478195,0.35629106303011249,0.54180227791753766,1
1618,0.034210200689218095,-0.86315919724312762,0.54180227791753766,0.40079376189647575,1
1619,0.041702390068721951,-0.8331904397251122,0.40079376189647575,0.31383672836100818,1
1620,0.45008791987058078,0.80035167948232311,0.31383672836100818,0.58047773359064769,1
1621,0.32054094583614101,0.28216378334456405,0.58047773359064769,0.52644958926899499,1
1622,0.11169908336991086,-0.55320366652035657,0.52644958926899499,0.43244988982186416,1
1623,0.35173980353298995,0.40695921413195979,0.43244988982186416,0.37568078822459461,1
1624,0.29542916631394156,0.18171666525576624,0.37568078822459461,0.39373845623168091,1
1625,0.039394079614085642,-0.84242368154365743,0.39373845623168091,0.3238629958061785,1
1626,0.10945266687260863,-0.56218933250956549,0.3238629958061785,0.34618288488634685,1
1627,0.24489199857937566,-0.020432005682497367,0.34618288488634685,0.28973055981799301,1
1628,0.30093302524580995,0.20373210098323979,0.28973055981799301,0.26344639492278338,1
1629,0.07102656215436387,-0.71589375138254452,0.26344639492278338,0.27764506010559131,1
1630,0.21954237884856759,-0.12183048460572965,0.27764506010559131,0.34173872509158398,1
1631,0.21621692226929673,-0.13513231092281308,0.34173872509158398,0.29976463929311492,1
1632,0.1175296428251722,-0.52988142869931121,0.29976463929311492,0.30206342277674464,1
1633,0.36516495607537414,0.46065982430149655,0.30206342277674464,0.40097898052071612,1
1634,0.45869383174718459,0.83477532698873835,0.40097898052071612,0.31234002187620641,1
1635,0.26671193641718932,0.066847745668757286,0.31234002187620641,0.28680514840843785,1
1636,0.2239103536559115,-0.10435858537635401,0.28680514840843785,0.31304390718009811,1
1637,0.39289611130094104,0.57158444520376417,0.31304390718009811,0.41959333838033974,1
1638,0.25857666979975491,0.034306679199019641,0.41959333838033974,0.32092711173350386,1
1639,0.46458176048745725,0.85832704194982901,0.32092711173350386,0.40182142643379615,1
1640,0.18304571151310772,-0.26781715394756911,0.40182142643379615,0.34820389134053609,1
1641,0.017521067655079992,-0.92991572937968003,0.34820389134053609,0.26684118151254266,1
1642,0.26408436523783385,0.056337460951335405,0.26684118151254266,0.36970156223694539,1
1643,0.46309539629380225,0.85238158517520901,0.36970156223694539,0.59313238277109037,1
1644,0.068808194623198482,-0.72476722150720607,0.59313238277109037,0.41319266416625311,1
1645,0.41419973050089809,0.65679892200359236,0.41319266416625311,0.44020104773976021,1
1646,0.2848028634160783,0.1392114536643132,0.44020104773976021,0.4854527780996083,1
1647,0.096902392315469765,-0.61239043073812094,0.4854527780996083,0.38174515719360125,1
1648,0.46447523775222449,0.85790095100889796,0.38174515719360125,0.61495768048702149,1
1649,0.36066288109898864,0.44265152439595457,0.61495768048702149,0.51619879420178805,1
1650,0.47050655870584757,0.88202623482339026,0.51619879420178805,0.38155371354650369,1
1651,0.42388429001684202,0.6955371600673681,0.38155371354650369,0.46752120622435589,1
1652,0.029163627421907867,-0.88334549031236853,0.46752120622435589,0.3695326012559349,1
1653,0.010866073046895131,-0.95653570781241948,0.3695326012559349,0.29814683573316253,1
1654,0.47779220732203204,0.91116882928812815,0.29814683573316253,0.5514189155273399,1
1655,0.24137571074410574,-0.03449715702357703,0.5514189155273399,0.49279718847059606,1
1656,0.38294016676679682,0.53176066706718728,0.49279718847059606,0.41584200783249481,1
1657,0.30751741342775257,0.23006965371101029,0.41584200783249481,0.53235452422867879,1
1658,0.43746420283635112,0.74985681134540449,0.53235452422867879,0.61988686651816616,1
1659,0.37437632304249796,0.49750529216999184,0.61988686651816616,0.69416238865833646,1
1660,0.32191941260690488,0.2876776504276195,0.69416238865833646,0.68033835466699111,1
1661,0.038365865715681735,-0.84653653713727306,0.68033835466699111,0.48001452099547814,1
1662,0.43990492574536599,0.75961970298146397,0.48001452099547814,0.37440600367554877,1
1663,0.22221475272936903,-0.1111409890825239,0.37440600367554877,0.46779102125663663,1
1664,0.25329238110013125,0.01316952440052499,0.46779102125663663,0.45622065154634794,1
1665,0.089278643404784863,-0.64288542638086055,0.45622065154634794,0.40708123359094484,1
1666,0.30998785312401983,0.23995141249607932,0.40708123359094484,0.46949197855632463,1
1667,0.079472991412675886,-0.68210803434929645,0.46949197855632463,0.4146369221533478,1
1668,0.059701636966004556,-0.76119345213598177,0.4146369221533478,0.3629040850706774,1
1669,0.43862354658293828,0.75449418633175314,0.3629040850706774,0.50789822980617461,1
1670,0.012072854030515279,-0.95170858387793889,0.50789822980617461,0.37040862252106777,1
1671,0.28199549681295183,0.12798198725180732,0.37040862252106777,0.47703825995159632,1
1672,0.21832873291796118,-0.12668506832815529,0.47703825995159632,0.41863638368626011,1
1673,0.239664841936713,-0.041340632253147991,0.41863638368626011,0.40774635774532919,1
1674,0.392246215394572,0.56898486157828798,0.40774635774532919,0.36235636946931082,1
1675,0.45223028794988751,0.80892115179955004,0.36235636946931082,0.49504795225738296,1
1676,0.23041385400834896,-0.078344583966604153,0.49504795225738296,0.38207476734354773,1
1677,0.2900509390555665,0.16020375622226601,0.38207476734354773,0.32080898630739263,1
1678,0.43758883220308409,0.75035532881233635,0.32080898630739263,0.54999260561198193,1
1679,0.087063950096443465,-0.65174419961422614,0.54999260561198193,0.38460309509027335,1
1680,0.16644006018485313,-0.33423975926058747,0.38460309509027335,0.36594895352809975,1
1681,0.27819194007999043,0.11276776031996172,0.36594895352809975,0.37708584149099578,1
1682,0.12912516845235439,-0.48349932619058245,0.37708584149099578,0.33617542110350368,1
1683,0.36363371516500731,0.45453486066002924,0.33617542110350368,0.48173339199659537,1
1684,0.052067250895103001,-0.791730996419588,0.48173339199659537,0.37753097355370102,1
1685,0.48455749624932065,0.93822998499728261,0.37753097355370102,0.45757889956405906,1
1686,0.39963489227156856,0.59853956908627426,0.45757889956405906,0.50342836164446214,1
1687,0.070291474545194188,-0.71883410181922325,0.50342836164446214,0.40175104081152024,1
1688,0.31338480542550506,0.25353922170202026,0.40175104081152024,0.34653951795827864,1
1689,0.16224387323767259,-0.35102450704930965,0.34653951795827864,0.31433654847031495,1
1690,0.22540290000484781,-0.098388399980608776,0.31433654847031495,0.35063065222132883,1
1691,0.24817266481586703,-0.0073093407365318885,0.35063065222132883,0.32245049035957446,1
1692,0.29792029363359906,0.19168117453439626,0.32245049035957446,0.42198731111810595,1
1693,0.20584613992490464,-0.17661544030038145,0.42198731111810595,0.32660554111795492,1
1694,0.4005787411907864,0.60231496476314561,0.32660554111795492,0.55156483566899817,1
1695,0.43409170097721084,0.73636680390884335,0.55156483566899817,0.63591347139272314,1
1696,0.45142758401603028,0.80571033606412112,0.63591347139272314,0.47112485057870579,1
1697,0.098340512732557173,-0.60663794906977131,0.47112485057870579,0.3851563463614105,1
1698,0.12784305637427379,-0.48862777450290484,0.3851563463614105,0.32612324866282094,1
1699,0.33017501334457666,0.32070005337830665,0.32612324866282094,0.37642194589129374,1
1700,0.34854585309465602,0.39418341237862409,0.37642194589129374,0.42112184603656311,1
1701,0.18630843874440056,-0.25476624502239775,0.42112184603656311,0.39883976413984568,1
1702,0.28746302537761931,0.14985210151047723,0.39883976413984568,0.39445853096249539,1
1703,0.36131153887455197,0.4452461554982079,0.39445853096249539,0.51999684360717435,1
1704,0.097942072475303454,-0.60823171009878618,0.51999684360717435,0.43627087095917294,1
1705,0.090915862671797354,-0.63633654931281058,0.43627087095917294,0.38766960128472272,1
1706,0.051429228132680804,-0.79428308746927678,0.38766960128472272,0.30369259642931667,1
1707,0.39525105433700453,0.5810042173480181,0.30369259642931667,0.32687844900790897,1
1708,0.048683428560414077,-0.80526628575834369,0.32687844900790897,0.28577655653548067,1
1709,0.16553236422300505,-0.33787054310797981,0.28577655653548067,0.32730448632636655,1
1710,0.23885790330870277,-0.044568386765188928,0.32730448632636655,0.32716394953015682,1
1711,0.38604565666450441,0.54418262665801764,0.32716394953015682,0.42526700458092614,1
1712,0.26221466053701586,0.048858642148063458,0.42526700458092614,0.44909940768996781,1
1713,0.29774086390372645,0.1909634556149058,0.44909940768996781,0.36355643034171925,1
1714,0.077332026433249046,-0.69067189426700382,0.36355643034171925,0.28564718784744614,1
1715,0.13510585656741309,-0.45957657373034766,0.28564718784744614,0.2458487117305376,1
1716,0.081786136609287796,-0.67285545356284882,0.2458487117305376,0.26330331948388874,1
1717,0.48966020284747541,0.95864081138990165,0.26330331948388874,0.25819151583864464,1
1718,0.21144213258933647,-0.15423146964265411,0.25819151583864464,0.27167111536133559,1
1719,0.17661276058098618,-0.29354895767605527,0.27167111536133559,0.28847838572625617,1
1720,0.37769696460498098,0.51078785841992391,0.28847838572625617,0.4510984149268944,1
1721,0.055067510905081052,-0.77972995637967579,0.4510984149268944,0.33146877827410637,1
1722,0.3974510004473083,0.5898040017892332,0.33146877827410637,0.43012035245336466,1
1723,0.13674453049651031,-0.45302187801395877,0.43012035245336466,0.31348915627483886,1
1724,0.09623105119056824,-0.61507579523772704,0.31348915627483886,0.26275590568902862,1
1725,0.2041314149437361,-0.1834743402250556,0.26275590568902862,0.24481241367453468,1
1726,0.012819236583096916,-0.94872305366761234,0.24481241367453468,0.22099362849056409,1
1727,0.018990370272985446,-0.92403851890805822,0.22099362849056409,0.20627768644027705,1
1728,0.20728299064582911,-0.17086803741668355,0.20627768644027705,0.24795649269489489,1
1729,0.40734499848885175,0.629379993955407,0.24795649269489489,0.44232827653322659,1
1730,0.12687701581518518,-0.49249193673925928,0.44232827653322659,0.31287416447856403,1
1731,0.19382241339352529,-0.22471034642589882,0.31287416447856403,0.35655031268806625,1
1732,0.26805232847557442,0.072209313902297678,0.35655031268806625,0.31610994470238463,1
1733,0.40913845763298912,0.63655383053195647,0.31610994470238463,0.30010833204078835,1
1734,0.18667550573126834,-0.25329797707492663,0.30010833204078835,0.29086927612143465,1
1735,0.35821811635271344,0.43287246541085378,0.29086927612143465,0.23689040959661531,1
1736,0.2391031413111166,-0.043587434755533616,0.23689040959661531,0.2125939069199102,1
1737,0.4923305260958486,0.96932210438339439,0.2125939069199102,0.34792169752736124,1
1738,0.42835938004134233,0.71343752016536932,0.34792169752736124,0.51941671800027656,1
1739,0.095873002669449647,-0.61650798932220141,0.51941671800027656,0.36070109350744073,1
1740,0.42365257377214982,0.69461029508859928,0.36070109350744073,0.39006708905663467,1
1741,0.14367952532827311,-0.42528189868690758,0.39006708905663467,0.3397607093577063,1
1742,0.0035657376526532225,-0.98573704938938711,0.3397607093577063,0.26042234370475359,1
1743,0.36356814318907082,0.4542725727562833,0.26042234370475359,0.32236318975432143,1
1744,0.2363719911779455,-0.054512035288218019,0.32236318975432143,0.3766018360598764,1
1745,0.31286270536760991,0.25145082147043962,0.3766018360598764,0.38858623862073738,1
1746,0.44934187316080826,0.79736749264323303,0.38858623862073738,0.61677372047700352,1
1747,0.4871799538222904,0.94871981528916161,0.61677372047700352,0.71903255177913239,1
1748,0.25494197614454783,0.019767904578191331,0.71903255177913239,0.50673926447004991,1
1749,0.057764902606864288,-0.76894038957254285,0.50673926447004991,0.39719891050179479,1
1750,0.3484439883475256,0.39377595339010241,0.39719891050179479,0.38000229888262049,1
1751,0.11485854796402517,-0.54056580814389932,0.38000229888262049,0.29645765816681247,1
1752,0.074786374696131863,-0.70085450121547255,0.29645765816681247,0.29292962390459532,1
1753,0.44099975240651895,0.76399900962607581,0.29292962390459532,0.40717019188947778,1
1754,0.4162655239192079,0.66506209567683161,0.40717019188947778,0.5067026474346108,1
1755,0.049171967006708228,-0.80331213197316709,0.5067026474346108,0.39945513842418712,1
1756,0.24172050502640902,-0.033117979894363936,0.39945513842418712,0.48680465257210659,1
1757,0.31584217781920187,0.2633687112768075,0.48680465257210659,0.47373783914721346,1
1758,0.35980841556629839,0.43923366226519356,0.47373783914721346,0.37153203515829314,1
1759,0.00013527423534676064,-0.99945890305861296,0.37153203515829314,0.28605947277916455,1
1760,0.024773238240148487,-0.90090704703940605,0.28605947277916455,0.24587974610139393,1
1761,0.12393448409118563,-0.5042620636352575,0.24587974610139393,0.23397495855415296,1
1762,0.021026781843553999,-0.915892872625784,0.23397495855415296,0.22743673974224474,1
1763,0.41093980716375028,0.64375922865500113,0.22743673974224474,0.4662004438641274,1
1764,0.060171855953074727,-0.75931257618770109,0.4662004438641274,0.3304937054341533,1
1765,0.19664517374497109,-0.21341930502011563,0.3304937054341533,0.32864078179662037,1
1766,0.15544815745218332,-0.37820737019126671,0.32864078179662037,0.32894089079460187,1
1767,0.3290316884859541,0.3161267539438164,0.32894089079460187,0.43042324026108814,1
1768,0.47104663011729053,0.88418652046916213,0.43042324026108814,0.29915733379583664,1
1769,0.16702639802590413,-0.33189440789638347,0.29915733379583664,0.24347812070031669,1
1770,0.47625066459349413,0.90500265837397653,0.24347812070031669,0.29973989873649087,1
1771,0.00076611510307728059,-0.99693553958769088,0.29973989873649087,0.23773195826550847,1
1772,0.3649797076432113,0.45991883057284522,0.23773195826550847,0.43424153382632846,1
1773,0.19249342644085843,-0.23002629423656629,0.43424153382632846,0.32144687908402558,1
1774,0.3772745486641329,0.50909819465653161,0.32144687908402558,0.3600220304866335,1
1775,0.2662734928688284,0.065093971475313595,0.3600220304866335,0.32920662014323826,1
1776,0.1565582263114304,-0.37376709475427838,0.32920662014323826,0.33009303433382198,1
1777,0.39154004675537513,0.56616018702150051,0.33009303433382198,0.52990504379350378,1
1778,0.037401174312559793,-0.85039530274976083,0.52990504379350378,0.35802901184343816,1
1779,0.35571661763344492,0.42286647053377968,0.35802901184343816,0.52317481751993422,1
1780,0.27925412778453995,0.11701651113815981,0.52317481751993422,0.35467780406207017,1
1781,0.023922268553639658,-0.90431092578544137,0.35467780406207017,0.28650806877957719,1
1782,0.17726726545686983,-0.29093093817252069,0.28650806877957719,0.29196428159169685,1
1783,0.014960007300866662,-0.94015997079653335,0.29196428159169685,0.24985015115308656,1
1784,0.42353297639535692,0.69413190558142768,0.24985015115308656,0.38925926517473119,1
1785,0.40619149085968159,0.62476596343872637,0.38925926517473119,0.38306382394293592,1
1786,0.072939395055340417,-0.70824241977863833,0.38306382394293592,0.32855744428632372,1
1787,0.23963910059792581,-0.041443597608296745,0.32855744428632372,0.27271222777061799,1
1788,0.2850772154060276,0.14030886162411038,0.27271222777061799,0.38080018508232527,1
1789,0.11659787329532101,-0.53360850681871597,0.38080018508232527,0.3289699597027998,1
1790,0.02633390356255938,-0.89466438574976248,0.3289699597027998,0.25336270668432626,1
1791,0.14768057484319808,-0.4092777006272077,0.25336270668432626,0.25537246735021801,1
1792,0.33891989246576132,0.35567956986304528,0.25537246735021801,0.22423285484550531,1
1793,0.23644917325933729,-0.054203306962650855,0.22423285484550531,0.35186281654804807,1
1794,0.26927724411995735,0.077108976479829394,0.35186281654804807,0.42536451166658473,1
1795,0.44809278601653013,0.79237114406612053,0.42536451166658473,0.34478453253437813,1
1796,0.2917211196216169,0.16688447848646759,0.34478453253437813,0.36287677108214356,1
1797,0.40155848376818642,0.6062339350727457,0.36287677108214356,0.43864222762559768,1
1798,0.24254091216742935,-0.029836351330282618,0.43864222762559768,0.347841687480207,1
1799,0.19112004599632759,-0.23551981601468963,0.347841687480207,0.26987512961280902,1
1800,0.41018085703769874,0.64072342815079497,0.26987512961280902,0.31600762541350558,1
1801,0.34119469319520662,0.36477877278082649,0.31600762541350558,0.42098246082427915,1
1802,0.22177005245701392,-0.11291979017194431,0.42098246082427915,0.3786746915617899,1
1803,0.39903630743947122,0.59614522975788486,0.3786746915617899,0.44401851301115447,1
1804,0.14835096212748022,-0.40659615149007911,0.44401851301115447,0.41615083107031048,1
1805,0.21792943896864247,-0.1282822441254301,0.41615083107031048,0.39802435651588175,1
1806,0.0071405045023576474,-0.97143798199056941,0.39802435651588175,0.29919549797932921,1
1807,0.24514260656555137,-0.019429573737794525,0.29919549797932921,0.33473549580591755,1
1808,0.36998776809222161,0.47995107236888646,0.33473549580591755,0.36716804988997132,1
1809,0.35085980501650432,0.40343922006601729,0.36716804988997132,0.49293768309433861,1
1810,0.22772653322847447,-0.089093867086102119,0.49293768309433861,0.45976149692857082,1
1811,0.22270862522834517,-0.10916549908661932,0.45976149692857082,0.40423369356021188,1
1812,0.042470366136881488,-0.83011853545247405,0.40423369356021188,0.32743460056039186,1
1813,0.31137248173609361,0.24548992694437444,0.32743460056039186,0.33208353145462255,1
1814,0.2231853864678594,-0.10725845412856239,0.33208353145462255,0.33620570093580304,1
1815,0.15656003918689926,-0.37375984325240297,0.33620570093580304,0.26560707980472065,1
1816,0.29457570428311086,0.17830281713244345,0.26560707980472065,0.33606812751137027,1
1817,0.2050434959934832,-0.17982601602606718,0.33606812751137027,0.37605302665160745,1
1818,0.44431228680428492,0.77724914721713967,0.37605302665160745,0.51617669112943831,1
1819,0.071789378792158798,-0.71284248483136481,0.51617669112943831,0.37865079963331671,1
1820,0.33841682988301308,0.35366731953205233,0.37865079963331671,0.39730920118835722,1
1821,0.030745496710783804,-0.87701801315686478,0.39730920118835722,0.29405413046395801,1
1822,0.12563096202717627,-0.4974761518912949,0.29405413046395801,0.29922966051238958,1
1823,0.48645489724055924,0.94581958896223695,0.29922966051238958,0.40545888344770709,1
1824,0.12768628553746036,-0.48925485785015854,0.40545888344770709,0.32470369864406834,1
1825,0.13113348894843008,-0.47546604420627969,0.32470369864406834,0.3136922928443775,1
1826,0.17849537480744393,-0.28601850077022428,0.3136922928443775,0.30612056240774838,1
1827,0.13435005442855324,-0.46259978228578702,0.30612056240774838,0.33665317773241699,1
1828,0.33941595529725521,0.35766382118902085,0.33665317773241699,0.29767272818709001,1
1829,0.42054756396786608,0.68219025587146431,0.29767272818709001,0.45269532504828436,1
1830,0.209230307229478,-0.16307877108208801,0.45269532504828436,0.32304062287264068,1
1831,0.080396039592224189,-0.67841584163110324,0.32304062287264068,0.2662254811111685,1
1832,0.19596830226864975,-0.21612679092540099,0.2662254811111685,0.36712879598989634,1
1833,0.22114169262192401,-0.11543322951230395,0.36712879598989634,0.31478436879885352,1
1834,0.48935251888768833,0.9574100755507533,0.31478436879885352,0.34267325048333319,1
1835,0.016049341971204778,-0.93580263211518089,0.34267325048333319,0.26399459875758763,1
1836,0.47530444227348168,0.9012177690939267,0.26399459875758763,0.31816031642177256,1
1837,0.1483394396510645,-0.40664224139574201,0.31816031642177256,0.32319772580298922,1
1838,0.15654586721128932,-0.3738165311548427,0.32319772580298922,0.34854772374536613,1
1839,0.054795968486564484,-0.78081612605374207,0.34854772374536613,0.27962851635930308,1
1840,0.32628374854471082,0.30513499417884327,0.27962851635930308,0.26724131622697844,1
1841,0.18658038289474449,-0.25367846842102204,0.26724131622697844,0.2763280795740406,1
1842,0.16744469659688782,-0.33022121361244872,0.2763280795740406,0.2812960580326529,1
1843,0.095187782333536641,-0.61924887066585343,0.2812960580326529,0.29667675230453672,1
1844,0.28798035768046565,0.15192143072186259,0.29667675230453672,0.24040392127100099,1
1845,0.48442677206500762,0.93770708826003046,0.24040392127100099,0.55230064875858642,1
1846,0.38116323692434512,0.52465294769738047,0.55230064875858642,0.4384227233046567,1
1847,0.46201752494753423,0.84807009979013692,0.4384227233046567,0.41244560485643,1
1848,0.36901860674615228,0.47607442698460911,0.41244560485643,0.3240421844267054,1
1849,0.12236690334828526,-0.51053238660685896,0.3240421844267054,0.31168358876919722,1
1850,0.23750364532082235,-0.049985418716710583,0.31168358876919722,0.3129746727320396,1
1851,0.11124755471563746,-0.55500978113745014,0.3129746727320396,0.27576864353647884,1
1852,0.18099674742632149,-0.27601301029471403,0.27576864353647884,0.2560887528790341,1
1853,0.35278433462037262,0.41113733848149048,0.2560887528790341,0.3730205803997857,1
1854,0.36484978852959415,0.45939915411837662,0.3730205803997857,0.54224615291295597,1
1855,0.19938355925805468,-0.20246576296778129,0.54224615291295597,0.47966985206960189,1
1856,0.12766990715147469,-0.48932037139410123,0.47966985206960189,0.42175075098318615,1
1857,0.19500362898557455,-0.2199854840577018,0.42175075098318615,0.41269342020721222,1
1858,0.37107816731128085,0.4843126692451234,0.41269342020721222,0.36847291787049508,1
1859,0.44769289813750246,0.79077159255000984,0.36847291787049508,0.43920408943190847,1
1860,0.49616018114190513,0.98464072456762053,0.43920408943190847,0.39980323164791542,1
1861,0.36993831559577228,0.47975326238308913,0.39980323164791542,0.39971273923106287,1
1862,0.06782129910121093,-0.72871480359515628,0.39971273923106287,0.33759772626808709,1
1863,0.065208176621158132,-0.73916729351536747,0.33759772626808709,0.307425641771083,1
1864,0.27161056599070693,0.086442263962827726,0.307425641771083,0.33661380330842916,1
1865,0.30620152348201807,0.22480609392807227,0.33661380330842916,0.32531246520656132,1
1866,0.17671444884244575,-0.29314220463021701,0.32531246520656132,0.31025677820817765,1
1867,0.27410087006670564,0.09640348026682255,0.31025677820817765,0.4020679411592406,1
1868,0.46763154811289748,0.87052619245158991,0.4020679411592406,0.60755767963575791,1
1869,0.41111476602060071,0.64445906408240283,0.60755767963575791,0.70566276215290913,1
1870,0.047716680041422765,-0.80913327983430894,0.70566276215290913,0.48396747761680403,1
1871,0.29629479882552945,0.18517919530211779,0.48396747761680403,0.37735746989429431,1
1872,0.0081368001320469285,-0.96745279947181229,0.37735746989429431,0.29313158023097374,1
1873,0.11863546218405224,-0.52545815126379103,0.29313158023097374,0.29708877048815907,1
1874,0.10980365371305184,-0.56078538514779264,0.29708877048815907,0.30104246975879645,1
1875,0.31288199862090027,0.25152799448360108,0.30104246975879645,0.3350144626379612,1
1876,0.046801645019410254,-0.81279341992235898,0.3350144626379612,0.28864508938239541,1
1877,0.027592614243249214,-0.88962954302700314,0.28864508938239541,0.26499837662186598,1
1878,0.23965950058145269,-0.041361997674189244,0.26499837662186598,0.3796872076001675,1
1879,0.080276040540354365,-0.67889583783858254,0.3796872076001675,0.29039895661345239,1
1880,0.32272538979035126,0.29090155916140503,0.29039895661345239,0.37863283451928131,1
1881,0.37774408799698073,0.51097635198792291,0.37863283451928131,0.27889508327425544,1
1882,0.18992823763402278,-0.24028704946390889,0.27889508327425544,0.26080067063779377,1
1883,0.29611167199484362,0.18444668797937447,0.26080067063779377,0.26711217868371373,1
1884,0.31504883248592658,0.26019532994370631,0.26711217868371373,0.36866418149374514,1
1885,0.23100963469122898,-0.075961461235084071,0.36866418149374514,0.28419649802570474,1
1886,0.33790040583478098,0.35160162333912393,0.28419649802570474,0.24275520817833227,1
1887,0.19020456958033344,-0.23918172167866625,0.24275520817833227,0.27781225987664149,1
1888,0.10272590209013921,-0.58909639163944316,0.27781225987664149,0.23778736376083606,1
1889,0.28077088284774288,0.1230835313909715,0.23778736376083606,0.34157931071036574,1
1890,0.27810186422979094,0.11240745691916376,0.34157931071036574,0.41023282018623186,1
1891,0.011942455724147871,-0.95223017710340851,0.41023282018623186,0.28738836157648084,1
1892,0.20516653391833722,-0.1793338643266511,0.28738836157648084,0.32014166903371,1
1893,0.01375938635613394,-0.94496245457546424,0.32014166903371,0.25116905343298912,1
1894,0.44673119047570092,0.78692476190280369,0.25116905343298912,0.36809774178393428,1
1895,0.25539658903427265,0.02158635613709059,0.36809774178393428,0.39548135311302768,1
1896,0.036823210481589597,-0.85270715807364161,0.39548135311302768,0.29109150244288751,1
1897,0.11351837017491667,-0.54592651930033331,0.29109150244288751,0.25111428855907503,1
1898,0.080583464025203166,-0.67766614389918733,0.25111428855907503,0.24887429333709371,1
1899,0.34170639789164292,0.36682559156657168,0.24887429333709371,0.3565925446675966,1
1900,0.32535766104773794,0.30143064419095178,0.3565925446675966,0.26950760621595066,1
1901,0.48923900992722713,0.95695603970890852,0.26950760621595066,0.37237334782109399,1
1902,0.12778001516674181,-0.48887993933303275,0.37237334782109399,0.27252223869659653,1
1903,0.19214258331001455,-0.23142966675994181,0.27252223869659653,0.35243594690366264,1
1904,0.080680001015039859,-0.67727999593984056,0.35243594690366264,0.2926425528067792,1
1905,0.39734238229956603,0.58936952919826413,0.2926425528067792,0.25513806031872965,1
1906,0.12182530677997155,-0.51269877288011378,0.25513806031872965,0.23507521012228186,1
1907,0.4934967924620603,0.97398716984824119,0.23507521012228186,0.26433375768959166,1
1908,0.27703332687621668,0.10813330750486672,0.26433375768959166,0.35988227921896054,1
1909,0.47216986452307702,0.88867945809230808,0.35988227921896054,0.49293203401146413,1
1910,0.375607824110191,0.50243129644076401,0.49293203401146413,0.60157452908875364,1
1911,0.38755092127285218,0.55020368509140871,0.60157452908875364,0.45999700809944422,1
1912,0.26100233182877736,0.044009327315109426,0.45999700809944422,0.3957133325235096,1
1913,0.2324959297517854,-0.070016280992858393,0.3957133325235096,0.3202500339320441,1
1914,0.065913840949098579,-0.73634463620360568,0.3202500339320441,0.29424715030273552,1
1915,0.26196077200930801,0.047843088037232029,0.29424715030273552,0.2902731951935672,1
1916,0.41230000572355902,0.64920002289423606,0.2902731951935672,0.54619282893281329,1
1917,0.17364889050335042,-0.30540443798659833,0.54619282893281329,0.44594976895628835,1
1918,0.13979928189051716,-0.44080287243793137,0.44594976895628835,0.42660424771609262,1
1919,0.49602200926536394,0.98408803706145576,0.42660424771609262,0.59860555237806268,1
1920,0.046610196398013781,-0.81355921440794488,0.59860555237806268,0.43775428923030513,1
1921,0.38750686939142825,0.55002747756571302,0.43775428923030513,0.47530615499311268,1
1922,0.48326607004111027,0.9330642801644411,0.47530615499311268,0.51167649657201786,1
1923,0.27417902840615371,0.096716113624614852,0.51167649657201786,0.39182053586162813,1
1924,0.24929210936040508,-0.0028315625583796855,0.39182053586162813,0.40206487572036642,1
1925,0.17545629621099146,-0.29817481515603417,0.40206487572036642,0.42012267649959101,1
1926,0.14916421656668238,-0.40334313373327046,0.42012267649959101,0.36269670966505607,1
1927,0.26095447359873802,0.043817894394952095,0.36269670966505607,0.34464077381772085,1
1928,0.26603217524989919,0.064128700999596777,0.34464077381772085,0.47665523154773115,1
1929,0.45523360509555177,0.8209344203822071,0.47665523154773115,0.38019718170718952,1
1930,0.24660376798077899,-0.013584928076884051,0.38019718170718952,0.43729733635857115,1
1931,0.30443140263610091,0.21772561054440365,0.43729733635857115,0.54375787341045223,1
1932,0.43255080708781113,0.73020322835124452,0.54375787341045223,0.55713948437613103,1
1933,0.36604476945909475,0.46417907783637902,0.55713948437613103,0.52426159393719829,1
1934,0.076196557927283637,-0.69521376829086545,0.52426159393719829,0.39394986024518952,1
1935,0.44425589819424716,0.77702359277698863,0.39394986024518952,0.405056608574899,1
1936,0.47763221705559417,0.91052886822237666,0.405056608574899,0.49810937096647967,1
1937,0.47449429110914371,0.89797716443657483,0.49810937096647967,0.55237440264920901,1
1938,0.27279806876538643,0.091192275061545702,0.55237440264920901,0.5837007166515602,1
1939,0.11246691556539534,-0.55013233773841863,0.5837007166515602,0.45901405709371956,1
1940,0.26703237228041116,0.068129489121644626,0.45901405709371956,0.47335673593173277,1
1941,0.36183577960962304,0.44734311843849217,0.47335673593173277,0.59489512165035441,1
1942,0.18978789163340137,-0.24084843346639451,0.59489512165035441,0.53264366904093741,1
1943,0.33629326537939697,0.34517306151758786,0.53264366904093741,0.43185299349738371,1
1944,0.24639358158970304,-0.014425673641187853,0.43185299349738371,0.50009139727122742,1
1945,0.25053806241076443,0.0021522496430577132,0.50009139727122742,0.55532536274170463,1
1946,0.29627996054904648,0.18511984219618594,0.55532536274170463,0.62133947094835995,1
1947,0.13717141004310013,-0.45131435982759949,0.62133947094835995,0.50732966413357883,1
1948,0.36135043308003073,0.44540173232012292,0.50732966413357883,0.44657511838663977,1
1949,0.16130409942608565,-0.35478360229565742,0.44657511838663977,0.41296000608051742,1
1950,0.021796225556151128,-0.91281509777539549,0.41296000608051742,0.34053486302285152,1
1951,0.013558717310824864,-0.94576513075670054,0.34053486302285152,0.29019289584195107,1
1952,0.2243439210055681,-0.10262431597772759,0.29019289584195107,0.36753389299090078,1
1953,0.040256515246958668,-0.83897393901216533,0.36753389299090078,0.3073510626152226,1
1954,0.36082692453672943,0.44330769814691773,0.3073510626152226,0.3946437170790178,1
1955,0.038736456498176475,-0.8450541740072941,0.3946437170790178,0.31934754396713011,1
1956,0.43586070249913311,0.74344280999653245,0.31934754396713011,0.34947988973439342,1
1957,0.03231815185485748,-0.87072739258057008,0.34947988973439342,0.28764318035404762,1
1958,0.26709328049779035,0.068373121991161412,0.28764318035404762,0.30148925739431315,1
1959,0.25758850915379622,0.030354036615184876,0.30148925739431315,0.24968713518607397,1
1960,0.36208183159751584,0.44832732639006334,0.24968713518607397,0.22231879932455656,1
1961,0.090937379052004053,-0.63625048379198379,0.22231879932455656,0.23164229144032761,1
1962,0.13283191218215723,-0.46867235127137108,0.23164229144032761,0.21262068563375136,1
1963,0.09573381427998845,-0.6170647428800462,0.21262068563375136,0.24617844365852118,1
1964,0.11323875083900681,-0.54704499664397277,0.24617844365852118,0.21508347802409464,1
1965,0.36260622686951188,0.45042490747804753,0.21508347802409464,0.42993627592162409,1
1966,0.29082930919965955,0.16331723679863819,0.42993627592162409,0.30211143976370325,1
1967,0.4037149846707101,0.61485993868284039,0.30211143976370325,0.39314334447675203,1
1968,0.070517812294670024,-0.71792875082131991,0.39314334447675203,0.30031271807237447,1
1969,0.2422316124782935,-0.031073550086825996,0.30031271807237447,0.36374466144870465,1
1970,0.14349697215677176,-0.42601211137291295,0.36374466144870465,0.28175109086265393,1
1971,0.012873223458452432,-0.94850710616619027,0.28175109086265393,0.22902223983746384,1
1972,0.22813409156904091,-0.087463633723836365,0.22902223983746384,0.23552140416320641,1
1973,0.1823514208511462,-0.27059431659541522,0.23552140416320641,0.23692087912868118,1
1974,0.24007783175867614,-0.039688672965295435,0.23692087912868118,0.33704745821459037,1
1975,0.29176963789092847,0.16707855156371387,0.33704745821459037,0.38079962838282988,1
1976,0.43172084979894187,0.7268833991957675,0.38079962838282988,0.53394763345560758,1
1977,0.2674677132636521,0.069870853054608384,0.53394763345560758,0.37636956219881701,1
1978,0.33374277743255598,0.33497110973022393,0.37636956219881701,0.3958141900298201,1
1979,0.075949768955796138,-0.69620092417681545,0.3958141900298201,0.30180536933418411,1
1980,0.20305382742732286,-0.18778469029070854,0.30180536933418411,0.24439623688342133,1
1981,0.30778447015424509,0.23113788061698037,0.24439623688342133,0.3186219482644721,1
1982,0.0033582137290770198,-0.98656714508369192,0.3186219482644721,0.25005345758000996,1
1983,0.12285834396965334,-0.50856662412138665,0.25005345758000996,0.2614656121097047,1
1984,0.35555999755138723,0.42223999020554892,0.2614656121097047,0.37850545307670014,1
1985,0.14112253190829804,-0.43550987236680783,0.37850545307670014,0.37007655274226869,1
1986,0.34548829868949532,0.38195319475798128,0.37007655274226869,0.41312108276475545,1
1987,0.48069233199655392,0.92276932798621569,0.41312108276475545,0.5329539948247225,1
1988,0.41324035163427747,0.65296140653710988,0.5329539948247225,0.39934707809442715,1
1989,0.11263295196092266,-0.54946819215630938,0.39934707809442715,0.32340359385516115,1
1990,0.26870576833799531,0.07482307335198124,0.32340359385516115,0.37754165025159059,1
1991,0.0076432262536758611,-0.96942709498529656,0.37754165025159059,0.28173212749766247,1
1992,0.10875628817117322,-0.56497484731530712,0.28173212749766247,0.25510763392651359,1
1993,0.14014839578117583,-0.43940641687529669,0.25510763392651359,0.2971123713092545,1
1994,0.28026160542703321,0.12104642170813285,0.2971123713092545,0.30237012948984265,1
1995,0.078508018380601174,-0.6859679264775953,0.30237012948984265,0.28510896042279754,1
1996,0.33845605860220501,0.35382423440882005,0.28510896042279754,0.47900755926855088,1
1997,0.4549769743015521,0.81990789720620838,0.47900755926855088,0.61035762877273214,1
1998,0.072293735703016615,-0.71082505718793354,0.61035762877273214,0.40552405173727868,1
1999,0.071846926047209547,-0.71261229581116181,0.40552405173727868,0.32396015299668729,1
2000,0.05401896267362899,-0.78392414930548404,0.32396015299668729,0.25640887736467222,1
2001,0.13471353176399042,-0.4611458729440383,0.25640887736467222,0.24372819009792829,1
2002,0.20945545750106392,-0.1621781699957443,0.24372819009792829,0.25929968509056506,1
2003,0.39993744341294457,0.59974977365177828,0.25929968509056506,0.39081672411339541,1
2004,0.25750683429839771,0.030027337193590853,0.39081672411339541,0.31706812967414755,1
2005,0.22720905030179817,-0.091163798792807338,0.31706812967414755,0.36708781123377532,1
2006,0.081995190500571136,-0.67201923799771546,0.36708781123377532,0.33313856792006591,1
2007,0.31340125384409884,0.25360501537639535,0.33313856792006591,0.2923493325695935,1
2008,0.087823131998492343,-0.64870747200603063,0.2923493325695935,0.24379021085076411,1
2009,0.2287499636582056,-0.085000145367177593,0.24379021085076411,0.22857786021565188,1
2010,0.0050931034001346909,-0.97962758639946124,0.22857786021565188,0.2031150703962965,1
2011,0.13408581786643337,-0.46365672853426654,0.2031150703962965,0.23230015638630661,1
2012,0.038591892222861024,-0.8456324311085559,0.23230015638630661,0.22614810172149089,1
2013,0.34409274251432259,0.37637097005729037,0.22614810172149089,0.33280339788321389,1
2014,0.48991457983374637,0.95965831933498547,0.33280339788321389,0.41300997122551353,1
2015,0.20211915870014308,-0.1915233651994277,0.41300997122551353,0.30807703969788225,1
2016,0.18941497475331848,-0.24234010098672609,0.30807703969788225,0.32480325412922162,1
2017,0.21974855123368331,-0.12100579506526676,0.32480325412922162,0.27194272583446677,1
2018,0.10686372934140226,-0.57254508263439097,0.27194272583446677,0.25611257678679178,1
2019,0.058414108742308568,-0.76634356503076573,0.25611257678679178,0.21309597389988688,1
2020,0.46066911608984129,0.84267646435936516,0.21309597389988688,0.28621793014875418,1
2021,0.40921477237116682,0.6368590894846673,0.28621793014875418,0.25054765992476424,1
2022,0.37512862258232249,0.50051449032928996,0.25054765992476424,0.40489627424679175,1
2023,0.2954261723323211,0.18170468932928441,0.40489627424679175,0.50054890083069048,1
2024,0.20115397706411947,-0.19538409174352211,0.50054890083069048,0.39197021380109132,1
2025,0.45876401361446517,0.83505605445786069,0.39197021380109132,0.41081241316852979,1
2026,0.37142261721214048,0.48569046884856193,0.41081241316852979,0.41368202229368911,1
2027,0.36331850939356086,0.45327403757424345,0.41368202229368911,0.35266532201465162,1
2028,0.18224713126189723,-0.27101147495241107,0.35266532201465162,0.28314175397608005,1
2029,0.14028088157928764,-0.43887647368284943,0.28314175397608005,0.33153422670457633,1
2030,0.02249837207205696,-0.91000651171177216,0.33153422670457633,0.27337769973689602,1
2031,0.19385933508930125,-0.22456265964279498,0.27337769973689602,0.34048468177507418,1
2032,0.1665774195206231,-0.33369032191750758,0.34048468177507418,0.3390050699282301,1
2033,0.13872235000561051,-0.44511059997755797,0.3390050699282301,0.30521018967492519,1
2034,0.3455014731067278,0.38200589242691119,0.30521018967492519,0.48184341788475904,1
2035,0.21613230944785988,-0.13547076220856047,0.48184341788475904,0.45005535573827316,1
2036,0.41476421436007821,0.65905685744031284,0.45005535573827316,0.54141125879833363,1
2037,0.15557970415557326,-0.37768118337770695,0.54141125879833363,0.40508098533566839,1
2038,0.19117548247585159,-0.23529807009659365,0.40508098533566839,0.337727561764121,1
2039,0.032612290143561817,-0.86955083942575273,0.337727561764121,0.26668385692148916,1
2040,0.49685196582751051,0.98740786331004204,0.26668385692148916,0.37436586104434011,1
2041,0.47907906835715297,0.91631627342861188,0.37436586104434011,0.40392860630630412,1
2042,0.25605453916024012,0.024218156640960498,0.40392860630630412,0.35333267796234857,1
2043,0.42125207526574976,0.68500830106299904,0.35333267796234857,0.49356146307344306,1
2044,0.11568566506674788,-0.53725733973300849,0.49356146307344306,0.38695085738228685,1
2045,0.034383846844015631,-0.86246461262393748,0.38695085738228685,0.31512063601257601,1
2046,0.296583688588275,0.18633475435309999,0.31512063601257601,0.32485426619876978,1
2047,0.31029277709884223,0.24117110839536893,0.32485426619876978,0.34591126596694266,1
2048,0.027570008999993512,-0.88971996400002595,0.34591126596694266,0.26742823956135398,1
2049,0.45934087750272673,0.83736351001090692,0.26742823956135398,0.569794767583506,1
2050,0.050303610681227295,-0.79878555727509082,0.569794767583506,0.41635277108909174,1
2051,0.15030369970590346,-0.39878520117638616,0.41635277108909174,0.36334963646418261,1
2052,0.27736742698855971,0.10946970795423883,0.36334963646418261,0.45396968598689647,1
2053,0.28627807683704232,0.14511230734816927,0.45396968598689647,0.37523890708452257,1
2054,0.24810278913833411,-0.0075888434466635513,0.37523890708452257,0.29701909041702756,1
2055,0.12334094926423517,-0.50663620294305933,0.29701909041702756,0.29935689020651113,1
2056,0.45504475221350538,0.82017900885402151,0.29935689020651113,0.45718244748055037,1
2057,0.0038473525015901844,-0.98461058999363926,0.45718244748055037,0.32522096718119475,1
2058,0.16277282461492526,-0.34890870154029896,0.32522096718119475,0.37191571010897473,1
2059,0.33353478746270876,0.33413914985083504,0.37191571010897473,0.30981201498888161,1
2060,0.27958761814939542,0.11835047259758169,0.30981201498888161,0.31281967569169544,1
2061,0.029176334702522011,-0.88329466118991196,0.31281967569169544,0.26175869989886846,1
2062,0.18984534639139511,-0.24061861443441956,0.26175869989886846,0.30539090680253589,1
2063,0.26355851107603362,0.054234044304134477,0.30539090680253589,0.34033113984829799,1
2064,0.10046781888635148,-0.59812872445459409,0.34033113984829799,0.27651508471262931,1
2065,0.075398323425941716,-0.69840670629623314,0.27651508471262931,0.27949509794981375,1
2066,0.12738940066489907,-0.49044239734040374,0.27949509794981375,0.2298680764201991,1
2067,0.11058833003201718,-0.55764667987193128,0.2298680764201991,0.23059267486815768,1
2068,0.33782420694573079,0.35129682778292315,0.23059267486815768,0.37184121554329763,1
2069,0.35357298411626836,0.41429193646507345,0.37184121554329763,0.41409383465950345,1
2070,0.25562453363004889,0.022498134520195556,0.41409383465950345,0.29799963516859829,1
2071,0.31941513393374987,0.27766053573499949,0.29799963516859829,0.32517655764996078,1
2072,0.014794845575538285,-0.94082061769784686,0.32517655764996078,0.25333773524889686,1
2073,0.46754798605976128,0.87019194423904511,0.25333773524889686,0.28470612133481976,1
2074,0.097052406825690052,-0.61179037269723979,0.28470612133481976,0.23857634319413962,1
2075,0.34343478670105043,0.37373914680420173,0.23857634319413962,0.27209781919942055,1
2076,0.37203396344665568,0.48813585378662272,0.27209781919942055,0.28304628527930542,1
2077,0.23086109322835197,-0.076555627086592137,0.28304628527930542,0.34395273629072809,1
2078,0.13133938433951897,-0.47464246264192411,0.34395273629072809,0.32589466442261794,1
2079,0.29354670336854027,0.1741868134741611,0.32589466442261794,0.35984277516842555,1
2080,0.23962295042836729,-0.041508198286530851,0.35984277516842555,0.37646151696802455,1
2081,0.26684612266525876,0.067384490661035024,0.37646151696802455,0.27651719934515451,1
2082,0.39708832343578354,0.58835329374313416,0.27651719934515451,0.50311905992370987,1
2083,0.20055881632944444,-0.19776473468222222,0.50311905992370987,0.36224721879235955,1
2084,0.30385873020754817,0.21543492083019267,0.36224721879235955,0.42573473686761754,1
2085,0.091809366601695364,-0.63276253359321855,0.42573473686761754,0.35407378878966078,1
2086,0.42050278731323271,0.68201114925293083,0.35407378878966078,0.41576481125272191,1
2087,0.3604678026812293,0.4418712107249172,0.41576481125272191,0.37356790652628891,1
2088,0.24277690689254239,-0.028892372429830449,0.37356790652628891,0.38944767647971301,1
2089,0.30860494556945156,0.23441978227780624,0.38944767647971301,0.40246873266193517,1
2090,0.35619171295191682,0.42476685180766727,0.40246873266193517,0.44138009944204526,1
2091,0.28875001062233313,0.15500004248933252,0.44138009944204526,0.49145016108597461,1
2092,0.34140085061095715,0.36560340244382861,0.49145016108597461,0.45234478119281352,1
2093,0.054338598052505072,-0.78264560778997971,0.45234478119281352,0.35339279283219671,1
2094,0.3948671986155865,0.579468794462346,0.35339279283219671,0.33283550396784667,1
2095,0.48782003827780229,0.95128015311120917,0.33283550396784667,0.5742242174993617,1
2096,0.051389350907815212,-0.79444259636873915,0.5742242174993617,0.42141232264064243,1
2097,0.26184075146108127,0.047363005844325068,0.42141232264064243,0.41095892096764419,1
2098,0.43316142647599321,0.73264570590397282,0.41095892096764419,0.5115393012918843,1
2099,0.10511012554966814,-0.57955949780132743,0.5115393012918843,0.4219550292357509,1
2100,0.32561855949896362,0.30247423799585449,0.4219550292357509,0.46069263817737494,1
2101,0.41026053075474228,0.64104212301896912,0.46069263817737494,0.55036471035351453,1
2102,0.48675175739377663,0.94700702957510652,0.55036471035351453,0.42833270362238129,1
2103,0.084846017416774111,-0.66061593033290356,0.42833270362238129,0.37439461697563026,1
2104,0.15037992418598789,-0.39848030325604844,0.37439461697563026,0.40634589858795112,1
2105,0.26084995492611168,0.043399819704446729,0.40634589858795112,0.33466247636236457,1
2106,0.32892504232081526,0.31570016928326106,0.33466247636236457,0.40188582892659819,1
2107,0.18332342841385973,-0.26670628634456106,0.40188582892659819,0.42610690777420224,1
2108,0.44652952935247431,0.78611811740989723,0.42610690777420224,0.3901940732358995,1
2109,0.47039385466785055,0.88157541867140221,0.3901940732358995,0.52865361245470188,1
2110,0.32429403177162308,0.29717612708649233,0.52865361245470188,0.57186734970452935,1
2111,0.40336358034764985,0.61345432139059941,0.57186734970452935,0.69224414819095836,1
2112,0.34755223297240934,0.39020893188963734,0.69224414819095836,0.50955367112029903,1
2113,0.31385882011203742,0.25543528044814967,0.50955367112029903,0.44177541157719269,1
2114,0.2953177882870599,0.18127115314823961,0.44177541157719269,0.45197295115368263,1
2115,0.41834278681350806,0.67337114725403224,0.45197295115368263,0.5493161023257408,1
2116,0.19892605846941602,-0.20429576612233591,0.5493161023257408,0.45582498910879887,1
2117,0.44814213728999325,0.79256854915997299,0.45582498910879887,0.65126584740485682,1
2118,0.07050949784069932,-0.71796200863720272,0.65126584740485682,0.51584914191442754,1
2119,0.084772856073892788,-0.66090857570442885,0.51584914191442754,0.43445398595144702,1
2120,0.45418674719933377,0.81674698879733509,0.43445398595144702,0.61970798551799999,1
2121,0.22703470919476137,-0.0918611632209545,0.61970798551799999,0.56917521260049431,1
2122,0.00067787863824780858,-0.99728848544700877,0.56917521260049431,0.41902581791006865,1
2123,0.36030237452606767,0.44120949810427068,0.41902581791006865,0.4923401882634928,1
2124,0.43319863934796893,0.73279455739187571,0.4923401882634928,0.64653782859664288,1
2125,0.3033764242275383,0.2135056969101532,0.64653782859664288,0.55754748254368292,1
2126,0.48370906446789524,0.93483625787158098,0.55754748254368292,0.74189077652897839,1
2127,0.064543396114779605,-0.74182641554088158,0.74189077652897839,0.53889594036180966,1
2128,0.33817340579740879,0.35269362318963515,0.53889594036180966,0.45382155608935293,1
2129,0.18534096201788774,-0.25863615192844902,0.45382155608935293,0.48661285188117054,1
2130,0.19135739958023085,-0.23457040167907661,0.48661285188117054,0.44559133233086634,1
2131,0.25069905481122079,0.002796219244883158,0.44559133233086634,0.35316005640769577,1
2132,0.061127490512958405,-0.75549003794816638,0.35316005640769577,0.32966591538341306,1
2133,0.25714872591320193,0.028594903652807702,0.32966591538341306,0.44917025608026606,1
2134,0.34048442130262907,0.36193768521051628,0.44917025608026606,0.50205105505490732,1
2135,0.37968162491918223,0.5187264996767289,0.50205105505490732,0.64805690549562966,1
2136,0.32139910157399626,0.28559640629598504,0.64805690549562966,0.48589233628004991,1
2137,0.17101496366024477,-0.31594014535902093,0.48589233628004991,0.44652941947777547,1
2138,0.011728767255785977,-0.95308493097685609,0.44652941947777547,0.33993364100048251,1
2139,0.27785379154625511,0.11141516618502045,0.33993364100048251,0.35799255837456601,1
2140,0.24707448856216024,-0.011702045751359025,0.35799255837456601,0.37831713531011335,1
2141,0.23579441057194206,-0.056822357712231764,0.37831713531011335,0.31627899857874198,1
2142,0.35218138826966144,0.40872555307864578,0.31627899857874198,0.39799896783020949,1
2143,0.23041376181759154,-0.078344952729633821,0.39799896783020949,0.42309011515699479,1
2144,0.023775761348776014,-0.90489695460489594,0.42309011515699479,0.3313506064262538,1
2145,0.28634358119832859,0.14537432479331436,0.3313506064262538,0.40579940015561211,1
2146,0.0091291713020632548,-0.96348331479174698,0.40579940015561211,0.30287132762271485,1
2147,0.11452825702857589,-0.54188697188569646,0.30287132762271485,0.24890996263451765,1
2148,0.3763797771672846,0.50551910866913841,0.24890996263451765,0.37513169980330652,1
2149,0.16453641881681424,-0.34185432473274302,0.37513169980330652,0.33987457269569732,1
2150,0.35758095973304721,0.43032383893218884,0.33987457269569732,0.38824727378244295,1
2151,0.30838082354649127,0.23352329418596507,0.38824727378244295,0.447900126997269,1
2152,0.42591985704754787,0.70367942819019147,0.447900126997269,0.46356874900912737,1
2153,0.23136265130361305,-0.074549394785547785,0.46356874900912737,0.33370195833318456,1
2154,0.33260172493944901,0.33040689975779602,0.33370195833318456,0.40365777668394887,1
2155,0.22359815467337324,-0.10560738130650704,0.40365777668394887,0.2990309446582835,1
2156,0.090212782706626027,-0.63914886917349589,0.2990309446582835,0.25907599822560268,1
2157,0.038077689393411884,-0.84768924242635246,0.25907599822560268,0.24532416496532569,1
2158,0.37463181593816275,0.498527263752651,0.24532416496532569,0.30967078168341,1
2159,0.380032321731893,0.52012928692757199,0.30967078168341,0.45077807992783214,1
2160,0.0172701667582284,-0.9309193329670864,0.45077807992783214,0.32438370464443655,1
2161,0.16455763413760777,-0.34176946344956893,0.32438370464443655,0.3598164123612505,1
2162,0.48084553732994767,0.92338214931979068,0.3598164123612505,0.43686996578651494,1
2163,0.29113978943345314,0.16455915773381258,0.43686996578651494,0.45106660196583659,1
2164,0.30034251282467483,0.20137005129869934,0.45106660196583659,0.41588547392671882,1
2165,0.48511496136122151,0.94045984544488603,0.41588547392671882,0.36427022306878498,1
2166,0.25704545088621639,0.028181803544865547,0.36427022306878498,0.28984345753075719,1
2167,0.21080014854244961,-0.15679940583020158,0.28984345753075719,0.35827782685387655,1
2168,0.33886609389360617,0.35546437557442467,0.35827782685387655,0.46802513336098206,1
2169,0.29937276066105806,0.19749104264423223,0.46802513336098206,0.33987746639074756,1
2170,0.44136607150516111,0.76546428602064442,0.33987746639074756,0.37562651887374021,1
2171,0.027734105030609801,-0.88906357987756079,0.37562651887374021,0.30517932369847089,1
2172,0.43175504247945473,0.72702016991781893,0.30517932369847089,0.438164581344897,1
2173,0.044911889733529886,-0.82035244106588046,0.438164581344897,0.33507026443691068,1
2174,0.061520631000473225,-0.7539174759981071,0.33507026443691068,0.30711210120349619,1
2175,0.20589920813453499,-0.17640316746186002,0.30711210120349619,0.32651709663980966,1
2176,0.41744092215552481,0.66976368862209923,0.32651709663980966,0.38780387165256236,1
2177,0.44449174526888036,0.77796698107552142,0.38780387165256236,0.51288831332417439,1
2178,0.27348707643632558,0.09394830574530233,0.51288831332417439,0.47403135481421321,1
2179,0.43852057219254337,0.75408228877017347,0.47403135481421321,0.6226513409027451,1
2180,0.39698864663296779,0.58795458653187116,0.6226513409027451,0.43048851959096279,1
2181,0.13748669295498461,-0.45005322818006155,0.43048851959096279,0.40729653209461147,1
2182,0.23498366762528955,-0.060065329498841802,0.40729653209461147,0.32440738320717366,1
2183,0.28894897842837608,0.15579591371350432,0.32440738320717366,0.29094871131137751,1
2184,0.027418725626327245,-0.89032509749469102,0.29094871131137751,0.25516669373253886,1
2185,0.12939997261665903,-0.48240010953336387,0.25516669373253886,0.3090194287558472,1
2186,0.34069556767138925,0.36278227068555702,0.3090194287558472,0.48189142808760566,1
2187,0.49777856611745186,0.99111426446980744,0.48189142808760566,0.54777096251896662,1
2188,0.4408852359554023,0.7635409438216092,0.54777096251896662,0.66782632738281966,1
2189,0.43980465439895061,0.75921861759580245,0.66782632738281966,0.70707782379011663,1
2190,0.16768772816987093,-0.32924908732051628,0.70707782379011663,0.50303674655682706,1
2191,0.15191647068948994,-0.39233411724204026,0.50303674655682706,0.41750133315505689,1
2192,0.43551402103161041,0.74205608412644164,0.41750133315505689,0.50804720017228244,1
2193,0.17525321702428476,-0.29898713190286097,0.50804720017228244,0.37871553530642854,1
2194,0.43577602720212849,0.74310410880851396,0.37871553530642854,0.38863705207861898,1
2195,0.27163630328761851,0.086545213150474032,0.38863705207861898,0.45081018601838874,1
2196,0.070141594024659193,-0.71943362390136323,0.45081018601838874,0.40147473256567789,1
2197,0.36878489369983958,0.47513957479935831,0.40147473256567789,0.56411463732472555,1
2198,0.34611074696470401,0.38444298785881603,0.56411463732472555,0.6382348659745678,1
2199,0.073506887818797328,-0.70597244872481069,0.6382348659745678,0.46816702209626682,1
2200,0.16038206928027937,-0.35847172287888251,0.46816702209626682,0.387455030089084,1
2201,0.23853134784424807,-0.04587460862300774,0.387455030089084,0.46123795690886782,1
2202,0.098732847443172678,-0.60506861022730929,0.46123795690886782,0.37149246054966978,1
2203,0.20225755515663241,-0.19096977937347037,0.37149246054966978,0.42743408449833209,1
2204,0.35331351725786925,0.41325406903147699,0.42743408449833209,0.46962423166458478,1
2205,0.4953290590546402,0.98131623621856079,0.46962423166458478,0.40195590743013754,1
2206,0.40556540586992468,0.62226162347969871,0.40195590743013754,0.53720918067175871,1
2207,0.14831838936670039,-0.40672644253319845,0.53720918067175871,0.46513202244931584,1
2208,0.11648541889160741,-0.53405832443357037,0.46513202244931584,0.36001354650445272,1
2209,0.25612745260493053,0.024509810419722111,0.36001354650445272,0.3479193723713031,1
2210,0.22061392049756401,-0.11754431800974396,0.3479193723713031,0.35688660880408629,1
2211,0.17057181208206385,-0.31771275167174462,0.35688660880408629,0.30725419863431691,1
2212,0.42711642623347007,0.70846570493388028,0.30725419863431691,0.38389850324205099,1
2213,0.1157188184503965,-0.537124726198414,0.38389850324205099,0.35437718583230493,1
2214,0.19176153115233197,-0.23295387539067214,0.35437718583230493,0.41938747686622202,1
2215,0.24300858733515107,-0.027965650659395713,0.41938747686622202,0.45614428730568857,1
2216,0.21348880472139964,-0.14604478111440145,0.45614428730568857,0.37530000250609896,1
2217,0.10252434629776597,-0.58990261480893613,0.37530000250609896,0.30230465565165066,1
2218,0.41227388716439806,0.64909554865759223,0.30230465565165066,0.40445782867072455,1
2219,0.068008333426683332,-0.72796666629326667,0.40445782867072455,0.31882779445442871,1
2220,0.29205928578807722,0.16823714315230887,0.31882779445442871,0.3290197596792005,1
2221,0.39197815000756275,0.56791260003025101,0.3290197596792005,0.50989847924174925,1
2222,0.062716400059768529,-0.74913439976092588,0.50989847924174925,0.36210339156328941,1
2223,0.20299161917530939,-0.18803352329876244,0.36210339156328941,0.3363957595207282,1
2224,0.47762130222042737,0.91048520888170947,0.3363957595207282,0.43916581543594035,1
2225,0.15123990606667365,-0.39504037573330542,0.43916581543594035,0.36436147857937751,1
2226,0.22606639780905208,-0.09573440876379169,0.36436147857937751,0.31224343408460309,1
2227,0.18994022524568427,-0.24023909901726292,0.31224343408460309,0.36856784270568987,1
2228,0.39704982424895052,0.58819929699580209,0.36856784270568987,0.32008949293521449,1
2229,0.073102008118924644,-0.70759196752430142,0.32008949293521449,0.28663918049279102,1
2230,0.25126740843257162,0.0050696337302864602,0.28663918049279102,0.38573204811917006,1
2231,0.49335339518591448,0.97341358074365791,0.38573204811917006,0.3332065656261014,1
2232,0.29626753462281247,0.18507013849124987,0.3332065656261014,0.34862455475866427,1
2233,0.49354475552284383,0.9741790220913753,0.34862455475866427,0.61910119684159504,1
2234,0.074512556070756297,-0.70194977571697481,0.61910119684159504,0.41957417506571071,1
2235,0.44240580775788985,0.76962323103155938,0.41957417506571071,0.45473280738227384,1
2236,0.1920731784675026,-0.23170728612998959,0.45473280738227384,0.37864569372670565,1
2237,0.088727084775636567,-0.64509166089745373,0.37864569372670565,0.34055557623834165,1
2238,0.19438074858871435,-0.22247700564514261,0.34055557623834165,0.28966640291382456,1
2239,0.13204772316672797,-0.47180910733308812,0.28966640291382456,0.29252346308079014,1
2240,0.47815107032169707,0.91260428128678828,0.29252346308079014,0.59809480232775936,1
2241,0.0095810727191228406,-0.96167570912350864,0.59809480232775936,0.40553988117556616,1
2242,0.26928218832492534,0.077128753299701369,0.40553988117556616,0.50510606370884537,1
2243,0.30644140870063358,0.22576563480253431,0.50510606370884537,0.39446962713312494,1
2244,0.11797400412502845,-0.52810398349988619,0.39446962713312494,0.37707974063630578,1
2245,0.062976343235557453,-0.74809462705777019,0.37707974063630578,0.30737052012183153,1
2246,0.32378109868559801,0.29512439474239205,0.30737052012183153,0.29507237880690784,1
2247,0.027115364666832564,-0.89153854133266974,0.29507237880690784,0.25257234999299683,1
2248,0.1674145532757973,-0.33034178689681082,0.25257234999299683,0.25587859619061903,1
2249,0.33348554539708392,0.33394218158833566,0.25587859619061903,0.46307737877077737,1
2250,0.36766321363004223,0.47065285452016892,0.46307737877077737,0.33344818750508831,1
2251,0.076380238086481589,-0.69447904765407364,0.33344818750508831,0.29073373891525656,1
2252,0.036657118309869507,-0.85337152676052197,0.29073373891525656,0.25458221468506176,1
2253,0.15450174455471266,-0.38199302178114936,0.25458221468506176,0.24475772598168902,1
2254,0.44348699283330195,0.77394797133320781,0.24475772598168902,0.25294737414772445,1
2255,0.10118623781565256,-0.59525504873738977,0.25294737414772445,0.26234280753357747,1
2256,0.47065656784185733,0.88262627136742933,0.26234280753357747,0.23595658589200594,1
2257,0.30564292124236137,0.22257168496944546,0.23595658589200594,0.28112071110142645,1
2258,0.35487810826949173,0.41951243307796693,0.28112071110142645,0.40226522060244929,1
2259,0.13148747661587523,-0.47405009353649907,0.40226522060244929,0.35396105523282739,1
2260,0.2281592135431057,-0.087363145827577204,0.35396105523282739,0.28386737506694404,1
2261,0.16226692087658873,-0.35093231649364509,0.28386737506694404,0.23471158121029576,1
2262,0.0098818079354212052,-0.96047276825831518,0.23471158121029576,0.20563966031662795,1
2263,0.099655494548098411,-0.60137802180760636,0.20563966031662795,0.25633906039286425,1
2264,0.4629865097301139,0.85194603892045562,0.25633906039286425,0.28266559653811618,1
2265,0.33832726210809161,0.35330904843236643,0.28266559653811618,0.46321080896554701,1
2266,0.49119318939618734,0.96477275758474934,0.46321080896554701,0.53363336994200761,1
2267,0.24810888079550747,-0.0075644768179701227,0.53363336994200761,0.48014314534375668,1
2268,0.4012457772222619,0.6049831088890476,0.48014314534375668,0.40712064562730754,1
2269,0.259197377710562,0.036789510842248019,0.40712064562730754,0.38211601752204438,1
2270,0.34213554344701819,0.36854217378807275,0.38211601752204438,0.36534364356293947,1
2271,0.10293691984863401,-0.58825232060546395,0.36534364356293947,0.27709029531929408,1
2272,0.10161477817879361,-0.59354088728482557,0.27709029531929408,0.24893152493251811,1
2273,0.22970434743433277,-0.081182610262668931,0.24893152493251811,0.38021441903231035,1
2274,0.022162266475731107,-0.91135093409707557,0.38021441903231035,0.29794135305519209,1
2275,0.28725184410054971,0.14900737640219885,0.29794135305519209,0.45816798620237875,1
2276,0.21344639446505326,-0.14621442213978697,0.45816798620237875,0.40464257515135049,1
2277,0.21776649935365322,-0.12893400258538712,0.40464257515135049,0.42735311080549443,1
2278,0.38587237384852957,0.54348949539411828,0.42735311080549443,0.45620049361749215,1
2279,0.24496176213838344,-0.020152951446466227,0.45620049361749215,0.44692684014656459,1
2280,0.13494275996412952,-0.46022896014348191,0.44692684014656459,0.33899902940903581,1
2281,0.25807308765762127,0.032292350630485078,0.33899902940903581,0.30436871311702735,1
2282,0.069543421589521204,-0.72182631364191518,0.30436871311702735,0.2725505803649062,1
2283,0.28193750177674415,0.12775000710697659,0.2725505803649062,0.24275016299051724,1
2284,0.10134955884373398,-0.59460176462506409,0.24275016299051724,0.26079502166156387,1
2285,0.48052613360504642,0.9221045344201857,0.26079502166156387,0.3791977820746818,1
2286,0.45644960625662229,0.82579842502648915,0.3791977820746818,0.42985864257276762,1
2287,0.049936319274730301,-0.8002547229010788,0.42985864257276762,0.33435451540502992,1
2288,0.36001426751496579,0.44005707005986316,0.33435451540502992,0.3905346159696198,1
2289,0.44019758491722161,0.76079033966888643,0.3905346159696198,0.37266004416448539,1
2290,0.18341240029896733,-0.26635039880413069,0.37266004416448539,0.34477337296815364,1
2291,0.034934653873584576,-0.8602613845056617,0.34477337296815364,0.26451277017920199,1
2292,0.045580501401318529,-0.81767799439472588,0.26451277017920199,0.24216874685745093,1
2293,0.015224951547468446,-0.93910019381012622,0.24216874685745093,0.21445813519236473,1
2294,0.020055257117100822,-0.91977897153159671,0.21445813519236473,0.21346357406098088,1
2295,0.23251793046585822,-0.069928278136567101,0.21346357406098088,0.35724270629081967,1
2296,0.050456955840511464,-0.79817217663795414,0.35724270629081967,0.26746854449367852,1
2297,0.20961793265503315,-0.16152826937986742,0.26746854449367852,0.33358090738884305,1
2298,0.30513807446479246,0.22055229785916985,0.33358090738884305,0.45160737447426824,1
2299,0.33233599130946884,0.32934396523787535,0.45160737447426824,0.39605367301413341,1
2300,0.26338233728216121,0.053529349128644821,0.39605367301413341,0.29371566817321726,1
2301,0.28196169085484901,0.12784676341939605,0.29371566817321726,0.25195329618503426,1
2302,0.0041005827375736326,-0.98359766904970547,0.25195329618503426,0.21374615842963363,1
2303,0.11356562654375552,-0.54573749382497794,0.21374615842963363,0.19953044162012479,1
2304,0.26422205729866455,0.056888229194658191,0.19953044162012479,0.28172737909727052,1
2305,0.027975996778361822,-0.88809601288655271,0.28172737909727052,0.22955148918494306,1
2306,0.34198939121106975,0.36795756484427899,0.22955148918494306,0.30989840354333897,1
2307,0.42058074451445543,0.68232297805782172,0.30989840354333897,0.43135842992390094,1
2308,0.043694125181271415,-0.82522349927491434,0.43135842992390094,0.31716856585334957,1
2309,0.20044352334491694,-0.19822590662033224,0.31716856585334957,0.3207216960752397,1
2310,0.19706092024691008,-0.2117563190123597,0.3207216960752397,0.32525471769573167,1
2311,0.32239021757814917,0.2895608703125967,0.32525471769573167,0.24641088478150094,1
2312,0.39876681086054766,0.59506724344219064,0.24641088478150094,0.27727867021015751,1
2313,0.13234998211016452,-0.47060007155934191,0.27727867021015751,0.27638300149150918,1
2314,0.16885193469190957,-0.32459226123236173,0.27638300149150918,0.23167574880072622,1
2315,0.42557878533086546,0.70231514132346184,0.23167574880072622,0.42217192623424538,1
2316,0.33674426164816279,0.34697704659265116,0.42217192623424538,0.50576155134475387,1
2317,0.18235151679215361,-0.27059393283138555,0.50576155134475387,0.34850089572656517,1
2318,0.27091123730029765,0.083644949201190588,0.34850089572656517,0.34300690405040279,1
2319,0.21155226431260621,-0.15379094274957517,0.34300690405040279,0.32198263207221756,1
2320,0.12809257067541452,-0.48762971729834192,0.32198263207221756,0.31164028648668018,1
2321,0.052582698100528902,-0.78966920759788439,0.31164028648668018,0.27612843363442086,1
2322,0.28029910937438518,0.12119643749754072,0.27612843363442086,0.28424670280486808,1
2323,0.46998419017964294,0.87993676071857174,0.28424670280486808,0.35151686443937136,1
2324,0.031389201307612191,-0.87444319476955124,0.35151686443937136,0.28519159713780551,1
2325,0.11348120772832682,-0.54607516908669274,0.28519159713780551,0.29207635538810506,1
2326,0.065134704015172851,-0.7394611839393086,0.29207635538810506,0.25392446237673855,1
2327,0.3702831625130274,0.48113265005210959,0.25392446237673855,0.36560288719417255,1
2328,0.1018838775956844,-0.59246448961726239,0.36560288719417255,0.29841155611289605,1
2329,0.043699944982857453,-0.82520022006857019,0.29841155611289605,0.24328925013941616,1
2330,0.0010044443125014069,-0.99598222274999437,0.24328925013941616,0.20909748299414105,1
2331,0.3020891890551855,0.20835675622074201,0.20909748299414105,0.31963780286352139,1
2332,0.45448362386695029,0.81793449546780117,0.31963780286352139,0.56268686428868764,1
2333,0.24821871693908665,-0.0071251322436534092,0.56268686428868764,0.37000072786118898,1
2334,0.012135458712640823,-0.95145816514943671,0.37000072786118898,0.27226455582736864,1
2335,0.29424351338719607,0.17697405354878426,0.27226455582736864,0.25381281029467073,1
2336,0.38861226752881761,0.55444907011527045,0.25381281029467073,0.43194809240862819,1
2337,0.39616604754778428,0.58466419019113713,0.43194809240862819,0.36197803702989628,1
2338,0.35530229325901702,0.42120917303606809,0.36197803702989628,0.29202839977812656,1
2339,0.48661806600327878,0.94647226401311513,0.29202839977812656,0.236770863539183,1
2340,0.040695422990591645,-0.83721830803763342,0.236770863539183,0.22865997918372832,1
2341,0.14804230488756043,-0.40783078044975829,0.22865997918372832,0.30759166283124784,1
2342,0.093360813515603214,-0.62655674593758715,0.30759166283124784,0.27806383968847642,1
2343,0.4690440282121961,0.87617611284878438,0.27806383968847642,0.23412728389456652,1
2344,0.4095770053208968,0.63830802128358721,0.23412728389456652,0.38492746201177186,1
2345,0.44490859383307513,0.77963437533230051,0.38492746201177186,0.53275346549742031,1
2346,0.021268873746827288,-0.91492450501269085,0.53275346549742031,0.36007233552091422,1
2347,0.38040542187848791,0.52162168751395166,0.36007233552091422,0.46867723379229209,1
2348,0.089802647487741694,-0.64078941004903323,0.46867723379229209,0.38403903837108611,1
2349,0.011903803811844027,-0.95238478475262389,0.38403903837108611,0.28152614089879913,1
2350,0.066547702578171219,-0.73380918968731512,0.28152614089879913,0.24794584919695248,1
2351,0.41994420579777764,0.67977682319111055,0.24794584919695248,0.276332413757583,1
2352,0.13849626901453727,-0.44601492394185094,0.276332413757583,0.32798712971944288,1
2353,0.18335799031860706,-0.26656803872557178,0.32798712971944288,0.36841628150202022,1
2354,0.26162151726092953,0.046486069043718103,0.36841628150202022,0.45203825055628233,1
2355,0.16333334553211643,-0.3466666178715343,0.45203825055628233,0.32444463750892988,1
2356,0.24967441669805596,-0.001302333207776174,0.32444463750892988,0.39643923094562894,1
2357,0.31974481262224264,0.27897925048897054,0.39643923094562894,0.33193149716960335,1
2358,0.018451800037349919,-0.92619279985060032,0.33193149716960335,0.25618957185909164,1
2359,0.41363689239591062,0.65454756958364246,0.25618957185909164,0.25994729276134121,1
2360,0.43727692916792205,0.74910771667168818,0.25994729276134121,0.49556525196337664,1
2361,0.29486401717118355,0.17945606868473418,0.49556525196337664,0.39638450745562115,1
2362,0.13075163377844123,-0.47699346488623506,0.39638450745562115,0.32641128271315301,1
2363,0.15881580746501928,-0.36473677013992289,0.32641128271315301,0.31912863942381586,1
2364,0.35215687150795899,0.40862748603183596,0.31912863942381586,0.33879767842190156,1
2365,0.41185375819007236,0.64741503276028944,0.33879767842190156,0.41424528252681292,1
2366,0.16995804721879876,-0.32016781112480497,0.41424528252681292,0.37900707775000886,1
2367,0.28436039206398672,0.13744156825594689,0.37900707775000886,0.28823248295664256,1
2368,0.31783471199067559,0.27133884796270236,0.28823248295664256,0.43373666054138849,1
2369,0.056015144484296564,-0.77593942206281374,0.43373666054138849,0.34605071368488771,1
2370,0.38468534108004876,0.53874136432019504,0.34605071368488771,0.43862926959266502,1
2371,0.34405656277416197,0.37622625109664787,0.43862926959266502,0.37978917937766032,1
2372,0.10700776326324951,-0.57196894694700195,0.37978917937766032,0.30900645474162991,1
2373,0.28774391188203863,0.15097564752815451,0.30900645474162991,0.4010399391616748,1
2374,0.20793811172747989,-0.16824755309008044,0.4010399391616748,0.4235366881669973,1
2375,0.13173360984074672,-0.4730655606370131,0.4235366881669973,0.34139785379822374,1
2376,0.45225388617920348,0.80901554471681392,0.34139785379822374,0.45917267061206068,1
2377,0.38704689515406032,0.54818758061624129,0.45917267061206068,0.50999277844802804,1
2378,0.1366540900829929,-0.45338363966802842,0.50999277844802804,0.36755840313932686,1
2379,0.18553377976349983,-0.25786488094600069,0.36755840313932686,0.39039951636368653,1
2380,0.15999748293926841,-0.36001006824292636,0.39039951636368653,0.37817263788087541,1
2381,0.26754399041743926,0.070175961669757037,0.37817263788087541,0.33127514991901713,1
2382,0.34089342868208172,0.36357371472832689,0.33127514991901713,0.41130755832000165,1
2383,0.0408705724122298,-0.8365177103510808,0.41130755832000165,0.31868649984610609,1
2384,0.46578138805460184,0.86312555221840737,0.31868649984610609,0.35029034024858108,1
2385,0.06158720193358258,-0.75365119226566968,0.35029034024858108,0.31444212415738859,1
2386,0.25348304332577021,0.01393217330308083,0.31444212415738859,0.40173344360955965,1
2387,0.48043220044700413,0.92172880178801653,0.40173344360955965,0.39480382846034667,1
2388,0.40706809559304041,0.62827238237216165,0.39480382846034667,0.40395130845481131,1
2389,0.49327220122637833,0.9730888049055133,0.40395130845481131,0.41420012314839327,1
2390,0.34129662767869784,0.36518651071479136,0.41420012314839327,0.43824550539175267,1
2391,0.3320963063096608,0.32838522523864322,0.43824550539175267,0.48409290764613444,1
2392,0.41515425382085147,0.66061701528340588,0.48409290764613444,0.36584596285282656,1
2393,0.16876049353863076,-0.32495802584547695,0.36584596285282656,0.39875124698450803,1
2394,0.46157030916639274,0.84628123666557098,0.39875124698450803,0.34134509567004256,1
2395,0.43258236540647987,0.7303294616259195,0.34134509567004256,0.4344241215546234,1
2396,0.10164884557127235,-0.5934046177149106,0.4344241215546234,0.39214620971674707,1
2397,0.30251135162417353,0.21004540649669412,0.39214620971674707,0.48211668393048668,1
2398,0.16807294035693188,-0.32770823857227249,0.48211668393048668,0.46915618273056192,1
2399,0.42078221321077364,0.68312885284309455,0.46915618273056192,0.55516373616904213,1
2400,0.039465896602780492,-0.84213641358887803,0.55516373616904213,0.40727027596874965,1
2401,0.2450082817771197,-0.019966872891521215,0.40727027596874965,0.46293580517415001,1
2402,0.20102984790797407,-0.19588060836810373,0.46293580517415001,0.38951270047729736,1
2403,0.11910724147600321,-0.52357103409598715,0.38951270047729736,0.38370282058352767,1
2404,0.077133788264583003,-0.69146484694166799,0.38370282058352767,0.34799801710694606,1
2405,0.089550828154231654,-0.64179668738307338,0.34799801710694606,0.2932981058704297,1
2406,0.4963267184118208,0.9853068736472832,0.2932981058704297,0.47455383761217229,1
2407,0.45417660837479801,0.81670643349919203,0.47455383761217229,0.45808375730649553,1
2408,0.29392532488645629,0.17570129954582514,0.45808375730649553,0.52009507681631473,1
2409,0.34741307916225839,0.38965231664903355,0.52009507681631473,0.38822334990038665,1
2410,0.32763721350784314,0.31054885403137256,0.38822334990038665,0.41696189519107441,1
2411,0.17289596814677594,-0.30841612741289626,0.41696189519107441,0.36343893284454809,1
2412,0.16186480650080565,-0.35254077399677741,0.36343893284454809,0.31129017266763154,1
2413,0.19985841624080852,-0.20056633503676591,0.31129017266763154,0.27810962174622056,1
2414,0.28949811291556565,0.15799245166226261,0.27810962174622056,0.27588472706458822,1
2415,0.43262290686701571,0.73049162746806284,0.27588472706458822,0.55699025817892378,1
2416,0.42863834196272682,0.71455336785090728,0.55699025817892378,0.67172651127172245,1
2417,0.49611603311961444,0.98446413247845777,0.67172651127172245,0.66268258667721935,1
2418,0.37255062405191319,0.49020249620765277,0.66268258667721935,0.64024277750043146,1
2419,0.36246463779551263,0.44985855118205054,0.64024277750043146,0.61636123644214136,1
2420,0.4486671873614031,0.79466874944561239,0.61636123644214136,0.54899968785054587,1
2421,0.42478862702618075,0.69915450810472302,0.54899968785054587,0.50304851561412223,1
2422,0.017680233101279974,-0.9292790675948801,0.50304851561412223,0.38362035994798183,1
2423,0.094676806673423042,-0.62129277330630783,0.38362035994798183,0.35474491271294595,1
2424,0.41477756115545161,0.65911024462180645,0.35474491271294595,0.56807423295257387,1
2425,0.25283961567100793,0.011358462684031734,0.56807423295257387,0.58939218515371983,1
2426,0.38650338950485991,0.54601355801943963,0.58939218515371983,0.72767246073935687,1
2427,0.36887925103658292,0.47551700414633169,0.72767246073935687,0.72800154249479621,1
2428,0.15847463037570536,-0.36610147849717856,0.72800154249479621,0.61059282151028038,1
2429,0.38543969856191024,0.54175879424764095,0.61059282151028038,0.71447645158163509,1
2430,0.4690709826232316,0.87628393049292641,0.71447645158163509,0.81787528127143583,1
2431,0.089392474783654363,-0.64243010086538255,0.81787528127143583,0.59299360349465824,1
2432,0.43852807906435015,0.75411231625740061,0.59299360349465824,0.52066650158133698,1
2433,0.092413115590560979,-0.63034753763775608,0.52066650158133698,0.47574045198154091,1
2434,0.34535974083572452,0.38143896334289806,0.47574045198154091,0.52464327957608781,1
2435,0.32261591573443266,0.29046366293773063,0.52464327957608781,0.60974773041198349,1
2436,0.17468152928432051,-0.30127388286271795,0.60974773041198349,0.57233266787382686,1
2437,0.37887455495700534,0.51549821982802135,0.57233266787382686,0.53824359874309446,1
2438,0.28930990836125386,0.15723963344501546,0.53824359874309446,0.58960287195466821,1
2439,0.19380171989943212,-0.22479312040227151,0.58960287195466821,0.58883424716785393,1
2440,0.30681931292917153,0.22727725171668611,0.58883424716785393,0.48945649099645183,1
2441,0.25647721687165387,0.025908867486615472,0.48945649099645183,0.55020151809759943,1
2442,0.41578128201245196,0.66312512804980783,0.55020151809759943,0.4728863373913148,1
2443,0.4511089580114796,0.8044358320459184,0.4728863373913148,0.60351390456580967,1
2444,0.16743131987874349,-0.33027472048502604,0.60351390456580967,0.52923532080539426,1
2445,0.10190706643500957,-0.5923717342599617,0.52923532080539426,0.43217799762476583,1
2446,0.13065554402554125,-0.47737782389783501,0.43217799762476583,0.41987032704198068,1
2447,0.49205353831432264,0.96821415325729054,0.41987032704198068,0.5489557132458035,1
2448,0.15078183359098773,-0.39687266563604906,0.5489557132458035,0.45192678097396766,1
2449,0.21098535185379536,-0.15605859258481858,0.45192678097396766,0.44762850707588719,1
2450,0.39945085354882265,0.59780341419529059,0.44762850707588719,0.49865885435896207,1
2451,0.47077096644011185,0.8830838657604474,0.49865885435896207,0.66674839924006002,1
2452,0.41726597497394791,0.66906389989579163,0.66674839924006002,0.7514472790470782,1
2453,0.29950206420624065,0.19800825682496259,0.7514472790470782,0.60167149718454593,1
2454,0.17558390320800943,-0.29766438716796229,0.60167149718454593,0.46823791533467163,1
2455,0.33542172959676375,0.34168691838705501,0.46823791533467163,0.42999469874674823,1
2456,0.26569360050728952,0.062774402029158072,0.42999469874674823,0.53873073248974579,1
2457,0.15291905248840182,-0.38832379004639273,0.53873073248974579,0.44177039652731132,1
2458,0.079777147874205534,-0.68089140850317786,0.44177039652731132,0.37477763787041651,1
2459,0.47551348385327552,0.90205393541310208,0.37477763787041651,0.59516039501857643,1
2460,0.42846436937598154,0.71385747750392614,0.59516039501857643,0.74082817470267603,1
2461,0.46767764658711486,0.87071058634845944,0.74082817470267603,0.82274626664142692,1
2462,0.10010275823435871,-0.59958896706256515,0.82274626664142692,0.62896698029228582,1
2463,0.33311517350735326,0.33246069402941303,0.62896698029228582,0.55388399499259722,1
2464,0.4292880070342972,0.71715202813718881,0.55388399499259722,0.63710572649058006,1
2465,0.10073862280138707,-0.59704550879445173,0.63710572649058006,0.51489288461027694,1
2466,0.20275516302739865,-0.18897934789040538,0.51489288461027694,0.4515524584791295,1
2467,0.36184590144343703,0.44738360577374814,0.4515524584791295,0.40885143795606671,1
2468,0.35915251939025228,0.43661007756100911,0.40885143795606671,0.59593893994449509,1
2469,0.25825097491752802,0.03300389967011208,0.59593893994449509,0.62204836082408821,1
2470,0.44652945384620535,0.78611781538482139,0.62204836082408821,0.78575568008808172,1
2471,0.43473149707209108,0.73892598828836431,0.78575568008808172,0.63758436466769153,1
2472,0.20825576879438007,-0.16697692482247972,0.63758436466769153,0.58140067819768626,1
2473,0.31325740109984285,0.25302960439937139,0.58140067819768626,0.64442352015256887,1
2474,0.42128893373178788,0.68515573492715154,0.64442352015256887,0.54643330246104627,1
2475,0.25093836215132709,0.0037534486053083516,0.54643330246104627,0.49841044879034235,1
2476,0.4485936038524676,0.79437441540987042,0.49841044879034235,0.6368569736718882,1
2477,0.27716651468798165,0.10866605875192659,0.6368569736718882,0.63008492779862812,1
2478,0.12668708886452906,-0.49325164454188375,0.63008492779862812,0.53276383452216935,1
2479,0.066404960733364216,-0.73438015706654314,0.53276383452216935,0.4672196497660368,1
2480,0.093052253319734046,-0.62779098672106382,0.4672196497660368,0.44009827332406726,1
2481,0.072515557973037326,-0.7099377681078507,0.44009827332406726,0.37824581991558226,1
2482,0.056591998206196592,-0.77363200717521363,0.37824581991558226,0.34135858660122331,1
2483,0.14299589085706094,-0.42801643657175625,0.34135858660122331,0.38008919563313059,1
2484,0.16490018998659761,-0.34039924005360955,0.38008919563313059,0.36829773022046564,1
2485,0.36018153881222059,0.44072615524888237,0.36829773022046564,0.53891261997130557,1
2486,0.25745235338259692,0.029809413530387685,0.53891261997130557,0.49572929719069381,1
2487,0.075504616109439315,-0.69798153556224274,0.49572929719069381,0.37641052407047093,1
2488,0.38074728152540654,0.52298912610162618,0.37641052407047093,0.33213663487622819,1
2489,0.13820877610961191,-0.44716489556155237,0.33213663487622819,0.28732715636074924,1
2490,0.12759171399660996,-0.48963314401356017,0.28732715636074924,0.25666014418329952,1
2491,0.19474279096028935,-0.22102883615884261,0.25666014418329952,0.24171946305154909,1
2492,0.32629837229655567,0.30519348918622269,0.24171946305154909,0.28623963079409875,1
2493,0.041215116904723847,-0.83513953238110461,0.28623963079409875,0.24706752690300759,1
2494,0.32458420832264018,0.29833683329056071,0.24706752690300759,0.39186238405321983,1
2495,0.00091542649396292308,-0.99633829402414831,0.39186238405321983,0.28558814802642041,1
2496,0.17646829046965196,-0.29412683812139218,0.28558814802642041,0.25136738363199057,1
2497,0.044286633772825323,-0.82285346490869871,0.25136738363199057,0.23786010087680806,1
2498,0.0041317899343750186,-0.98347284026249993,0.23786010087680806,0.2057270541364814,1
2499,0.34617281068971456,0.38469124275885824,0.2057270541364814,0.25565617465706958,1
2500,0.23527776801568839,-0.058888927937246427,0.25565617465706958,0.27942387628197562,1
2501,0.0056659549689282995,-0.9773361801242868,0.27942387628197562,0.22407824217223557,1
2502,0.41748637570090386,0.66994550280361542,0.22407824217223557,0.22289057242672361,1
2503,0.45505384735645793,0.82021538942583172,0.22289057242672361,0.41741484131584139,1
2504,0.019765709762392947,-0.92093716095042821,0.41741484131584139,0.28310255177340393,1
2505,0.37733664429833558,0.50934657719334231,0.28310255177340393,0.32250934126158037,1
2506,0.13392578506306674,-0.46429685974773305,0.32250934126158037,0.24918873274046582,1
2507,0.072351951950348381,-0.71059219219860648,0.24918873274046582,0.20881874408872284,1
2508,0.45335192220419984,0.81340768881679937,0.20881874408872284,0.42591766592495073,1
2509,0.46989565557581492,0.87958262230325968,0.42591766592495073,0.45513312400180195,1
2510,0.17481983335914764,-0.30072066656340946,0.45513312400180195,0.30830914417398519,1
2511,0.14059964834136124,-0.43760140663455505,0.30830914417398519,0.32859597498049009,1
2512,0.47932295997704416,0.91729183990817664,0.32859597498049009,0.5786902794641372,1
2513,0.44519640461319276,0.78078561845277106,0.5786902794641372,0.39032496173803133,1
2514,0.26730382069281916,0.069215282771276643,0.39032496173803133,0.43768698403013873,1
2515,0.30916700497844468,0.23666801991377873,0.43768698403013873,0.37449958850613718,1
2516,0.074982211121876863,-0.70007115551249255,0.37449958850613718,0.29084038161707637,1
2517,0.086606003651390706,-0.65357598539443718,0.29084038161707637,0.3013890789257222,1
2518,0.49694407740943708,0.98777630963774832,0.3013890789257222,0.5993255981828044,1
2519,0.26709837268218911,0.068393490728756445,0.5993255981828044,0.47164560716702564,1
2520,0.23808036348171657,-0.04767854607313371,0.47164560716702564,0.38795124524710722,1
2521,0.28873049115831761,0.15492196463327046,0.38795124524710722,0.50469038493411544,1
2522,0.27843775015810518,0.11375100063242072,0.50469038493411544,0.54678956646156718,1
2523,0.41577327984306012,0.66309311937224047,0.54678956646156718,0.5484439238793456,1
2524,0.092999150595081237,-0.62800339761967505,0.5484439238793456,0.43005403651863927,1
2525,0.4515827779914619,0.80633111196584761,0.43005403651863927,0.37561529443416808,1
2526,0.21655108224995251,-0.13379567100018996,0.37561529443416808,0.32451760553423148,1
2527,0.13993695178411181,-0.44025219286355277,0.32451760553423148,0.3745275960615928,1
2528,0.33285264041429563,0.33141056165718252,0.3745275960615928,0.43117385060417235,1
2529,0.25235534360455003,0.0094213744182001236,0.43117385060417235,0.41423270664425837,1
2530,0.16015874824582038,-0.35936500701671847,0.41423270664425837,0.38348087864040592,1
2531,0.2712775397593486,0.085110159037394384,0.38348087864040592,0.41143634025853892,1
2532,0.37836288162228338,0.5134515264891335,0.41143634025853892,0.5466307620068761,1
2533,0.17562576387386147,-0.29749694450455411,0.5466307620068761,0.404377608757572,1
2534,0.26851157762869782,0.074046310514791269,0.404377608757572,0.48601356692990838,1
2535,0.016752977727482965,-0.93298808909006814,0.48601356692990838,0.35214245066441052,1
2536,0.40053582631321571,0.60214330525286286,0.35214245066441052,0.36240897198067268,1
2537,0.10381535272052428,-0.58473858911790288,0.36240897198067268,0.33605299820493961,1
2538,0.2594975731451607,0.037990292580642793,0.33605299820493961,0.36840479927505509,1
2539,0.33288109454503179,0.33152437818012714,0.36840479927505509,0.36537377995971099,1
2540,0.018367336323505179,-0.92653065470597928,0.36537377995971099,0.29045904309864345,1
2541,0.0078187492373278378,-0.96872500305068865,0.29045904309864345,0.24855310252106205,1
2542,0.37125197143625649,0.48500788574502596,0.24855310252106205,0.31910121400867231,1
2543,0.1905562853701081,-0.23777485851956759,0.31910121400867231,0.32884765249541248,1
2544,0.11156319812859739,-0.55374720748561046,0.32884765249541248,0.25830501559565222,1
2545,0.30940987975172407,0.23763951900689628,0.25830501559565222,0.40509784458721265,1
2546,0.2371066945421676,-0.051573221831329619,0.40509784458721265,0.32494112485930665,1
2547,0.26879468269662887,0.075178730786515491,0.32494112485930665,0.3548336056526622,1
2548,0.035380771675414036,-0.85847691329834386,0.3548336056526622,0.28202384181052226,1
2549,0.14863225787411005,-0.40547096850355979,0.28202384181052226,0.23350916922403289,1
2550,0.27184591434521643,0.087383657380865731,0.23350916922403289,0.20880060573439968,1
2551,0.093378126971939257,-0.62648749211224297,0.20880060573439968,0.24558478964413777,1
2552,0.41386779888712388,0.65547119554849553,0.24558478964413777,0.32833248147644178,1
2553,0.35479379669724881,0.41917518678899524,0.32833248147644178,0.3066345470359147,1
2554,0.33601707161347999,0.34406828645391996,0.3066345470359147,0.39313976521917449,1
2555,0.36106870863270424,0.44427483453081695,0.39313976521917449,0.40696012695321981,1
2556,0.20623318021407777,-0.17506727914368891,0.40696012695321981,0.36800832867496103,1
2557,0.41229175965399911,0.64916703861599645,0.36800832867496103,0.28983662366350588,1
2558,0.27722847712644993,0.10891390850579974,0.28983662366350588,0.29314464820481834,1
2559,0.28180498493541728,0.12721993974166912,0.29314464820481834,0.34791031063938982,1
2560,0.49086402097006299,0.96345608388025195,0.34791031063938982,0.32859006819641245,1
2561,0.39421145939507601,0.57684583758030405,0.32859006819641245,0.49765528912403212,1
2562,0.015358864724819399,-0.9385645411007224,0.49765528912403212,0.34605835294788645,1
2563,0.26728322179992314,0.069132887199692572,0.34605835294788645,0.40044386171637147,1
2564,0.27911090056892846,0.11644360227571382,0.40044386171637147,0.4448169120769131,1
2565,0.24546920806794881,-0.01812316772820477,0.4448169120769131,0.39219302667556788,1
2566,0.23396501239861694,-0.06413995040553222,0.39219302667556788,0.4350761569518915,1
2567,0.18026978425451523,-0.27892086298193908,0.4350761569518915,0.38762312530484877,1
2568,0.39220030422442576,0.56880121689770302,0.38762312530484877,0.45714607538452801,1
2569,0.35102231097762554,0.40408924391050216,0.45714607538452801,0.58788682234544587,1
2570,0.08122351399995198,-0.67510594400019208,0.58788682234544587,0.45012889778506371,1
2571,0.191344052580183,-0.234623789679268,0.45012889778506371,0.33845340342340313,1
2572,0.047576782536661699,-0.8096928698533532,0.33845340342340313,0.29235992232641073,1
2573,0.45279908042823108,0.81119632171292433,0.29235992232641073,0.43847252119893476,1
2574,0.11803455916464123,-0.52786176334143509,0.43847252119893476,0.36761136649721105,1
2575,0.30114551724020489,0.20458206896081954,0.36761136649721105,0.39219300399991042,1
2576,0.47074014004275244,0.88296056017100977,0.39219300399991042,0.42626850072378042,1
2577,0.02776580873850043,-0.88893676504599828,0.42626850072378042,0.33241320240713568,1
2578,0.063883874534719998,-0.74446450186112001,0.33241320240713568,0.30122201222132139,1
2579,0.11065784168532011,-0.55736863325871955,0.30122201222132139,0.2629937192797801,1
2580,0.1930848495622145,-0.227660601751142,0.2629937192797801,0.28168327363092305,1
2581,0.34376270502246503,0.37505082008986013,0.28168327363092305,0.25739805062712851,1
2582,0.34768617972024601,0.39074471888098405,0.25739805062712851,0.45651522451902871,1
2583,0.3693955096400855,0.47758203856034198,0.45651522451902871,0.38262969384388734,1
2584,0.32257314985116153,0.29029259940464613,0.38262969384388734,0.42671378720907871,1
2585,0.16481480105368446,-0.34074079578526217,0.42671378720907871,0.4194938265708561,1
2586,0.47895535587783761,0.91582142351135043,0.4194938265708561,0.32020020104913027,1
2587,0.44219528673141678,0.76878114692566712,0.32020020104913027,0.29352843772562309,1
2588,0.24231803640844213,-0.030727854366231488,0.29352843772562309,0.27821485595466666,1
2589,0.11258271396710867,-0.54966914413156531,0.27821485595466666,0.26308104314944325,1
2590,0.39139624001462686,0.56558496005850745,0.26308104314944325,0.4251990302317713,1
2591,0.071657312545952201,-0.7133707498161912,0.4251990302317713,0.33982935456601582,1
2592,0.058699030583434675,-0.7652038776662613,0.33982935456601582,0.29573467427943012,1
2593,0.25180373043042859,0.0072149217217143402,0.29573467427943012,0.36149283719619074,1
2594,0.00099322657475009457,-0.99602709370099962,0.36149283719619074,0.27057171919704831,1
2595,0.42739224135950182,0.70956896543800729,0.27057171919704831,0.53242679129869308,1
2596,0.19136713058456972,-0.23453147766172111,0.53242679129869308,0.47664805576900005,1
2597,0.32013930011048086,0.28055720044192345,0.47664805576900005,0.44364640423585799,1
2598,0.2751888884508672,0.10075555380346879,0.44364640423585799,0.36134896031172425,1
2599,0.49562603402142519,0.98250413608570075,0.36134896031172425,0.56749783460537073,1
2600,0.37251811753753178,0.49007247015012712,0.56749783460537073,0.42590035691449712,1
2601,0.44013348442591782,0.76053393770367128,0.42590035691449712,0.35330248345949533,1
2602,0.23510913468480538,-0.059563461260778494,0.35330248345949533,0.36701787960714571,1
2603,0.47809152667457605,0.9123661066983042,0.36701787960714571,0.28715467099310599,1
2604,0.3245985080532629,0.29839403221305161,0.28715467099310599,0.45290146517473706,1
2605,0.45318677516922795,0.8127471006769118,0.45290146517473706,0.46260367919802248,1
2606,0.46454826745644806,0.85819306982579224,0.46260367919802248,0.55896235585256682,1
2607,0.20233748435396304,-0.19065006258414785,0.55896235585256682,0.47083758511794838,1
2608,0.34755958667591647,0.39023834670366586,0.47083758511794838,0.60104793174174043,1
2609,0.006260642431744956,-0.97495743027302018,0.60104793174174043,0.42046773003816307,1
2610,0.45223044009914648,0.80892176039658592,0.42046773003816307,0.61720998215333012,1
2611,0.31403895759329403,0.25615583037317613,0.61720998215333012,0.53760929552389958,1
2612,0.029804045189149142,-0.88078381924340343,0.53760929552389958,0.41103244256627391,1
2613,0.37643523156887571,0.50574092627550282,0.41103244256627391,0.50565047066015645,1
2614,0.2640195918707956,0.056078367483182401,0.50565047066015645,0.55855194057773594,1
2615,0.22509670189165903,-0.099613192433363862,0.55855194057773594,0.56807682310179275,1
2616,0.19666785484409333,-0.2133285806236267,0.56807682310179275,0.47921741160084008,1
2617,0.085411090671175027,-0.65835563731529989,0.47921741160084008,0.41216393982556054,1
2618,0.35735574209830068,0.42942296839320271,0.41216393982556054,0.33233416791911796,1
2619,0.24552329786051519,-0.017906808557939247,0.33233416791911796,0.44671323703373012,1
2620,0.057867579890094056,-0.76852968043962377,0.44671323703373012,0.37001548621961833,1
2621,0.047454362368849978,-0.81018255052460009,0.37001548621961833,0.29862497865844495,1
2622,0.27136090270536695,0.085443610821467786,0.29862497865844495,0.40824662007984358,1
2623,0.16551085705534357,-0.3379565717786257,0.40824662007984358,0.37741889376702897,1
2624,0.1064429221569772,-0.57422831137209118,0.37741889376702897,0.32939283964160171,1
2625,0.069377974305664503,-0.72248810277734199,0.32939283964160171,0.28552874437396364,1
2626,0.47184411102925972,0.88737644411703887,0.28552874437396364,0.29949867219628024,1
2627,0.24741160699974712,-0.010353572001011502,0.29949867219628024,0.37578036820489269,1
2628,0.066507864456154586,-0.73396854217538166,0.37578036820489269,0.30343207691144986,1
2629,0.0016463642261048683,-0.99341454309558053,0.30343207691144986,0.24419200420772064,1
2630,0.47264400572480197,0.8905760228992079,0.24419200420772064,0.24709673063618007,1
2631,0.41003531418242894,0.64014125672971578,0.24709673063618007,0.38018544400075649,1
2632,0.037907749162829241,-0.84836900334868304,0.38018544400075649,0.28526166657798468,1
2633,0.029669189487352088,-0.88132324205059165,0.28526166657798468,0.23492750571318036,1
2634,0.14917300168424602,-0.40330799326301592,0.23492750571318036,0.22106864050191549,1
2635,0.20035404756106795,-0.1985838097557282,0.22106864050191549,0.33992482116325806,1
2636,0.36918070682104964,0.47672282728419857,0.33992482116325806,0.38880907024120404,1
2637,0.04448051072539555,-0.8220779570984178,0.38880907024120404,0.27980353335321279,1
2638,0.064337333997656843,-0.74265066400937263,0.27980353335321279,0.2250170346251428,1
2639,0.20428297460318495,-0.18286810158726019,0.2250170346251428,0.3443579423594022,1
2640,0.073424298622509432,-0.70630280550996227,0.3443579423594022,0.29919892983904317,1
2641,0.19571146120993194,-0.21715415516027226,0.29919892983904317,0.24574636661675742,1
2642,0.16889625308895495,-0.3244149876441802,0.24574636661675742,0.21643273140976521,1
2643,0.25914979607843219,0.036599184313728772,0.21643273140976521,0.25316662430716935,1
2644,0.16661761228426064,-0.33352955086295744,0.25316662430716935,0.26163829693916951,1
2645,0.49398675882952714,0.97594703531810856,0.26163829693916951,0.48938409260411087,1
2646,0.017954534076110473,-0.92818186369555811,0.48938409260411087,0.32150776072048171,1
2647,0.27493402612995554,0.099736104519822177,0.32150776072048171,0.27018652299071705,1
2648,0.013014634383015145,-0.94794146246793942,0.27018652299071705,0.22458084356527003,1
2649,0.1925189108671953,-0.22992435653121879,0.22458084356527003,0.22143602654498054,1
2650,0.3783905862570508,0.51356234502820319,0.22143602654498054,0.30855120902616939,1
2651,0.10468222426770241,-0.58127110292919038,0.30855120902616939,0.26247804254960583,1
2652,0.2002008844142929,-0.1991964623428284,0.26247804254960583,0.29369871226933575,1
2653,0.29946345616693182,0.19785382466772727,0.29369871226933575,0.30563708969380909,1
2654,0.10577461747267047,-0.57690153010931811,0.30563708969380909,0.31528853174951232,1
2655,0.250720061701594,0.0028802468063759967,0.31528853174951232,0.24883316014599055,1
2656,0.41044837161577269,0.64179348646309076,0.24883316014599055,0.3784100212251057,1
2657,0.33214167796968785,0.32856671187875142,0.3784100212251057,0.27353505269588263,1
2658,0.26134627730647009,0.045385109225880349,0.27353505269588263,0.29627036688468988,1
2659,0.23607168772176412,-0.055713249112943508,0.29627036688468988,0.36589257122828578,1
2660,0.37140871368517742,0.48563485474070966,0.36589257122828578,0.32386051548210071,1
2661,0.33587209867578993,0.34348839470315973,0.32386051548210071,0.34763486892860862,1
2662,0.16935144694370635,-0.32259421222517459,0.34763486892860862,0.33509848358397232,1
2663,0.10173760808457921,-0.59304956766168315,0.33509848358397232,0.27012735642391272,1
2664,0.2459084664031449,-0.016366134387420406,0.27012735642391272,0.31613141342757667,1
2665,0.1217363992567661,-0.51305440297293559,0.31613141342757667,0.31967146217271158,1
2666,0.26045911281088885,0.041836451243555395,0.31967146217271158,0.37723853906673865,1
2667,0.39123510127358491,0.56494040509433963,0.37723853906673865,0.42738172041616229,1
2668,0.19463974301182807,-0.22144102795268772,0.42738172041616229,0.36935062340412206,1
2669,0.23864984792527044,-0.045400608298918232,0.36935062340412206,0.40751721134747321,1
2670,0.14913640836791248,-0.40345436652835009,0.40751721134747321,0.36858480639630264,1
2671,0.1165448055965595,-0.53382077761376201,0.36858480639630264,0.30539721422486754,1
2672,0.47057170732101,0.88228682928404001,0.30539721422486754,0.31682247428834281,1
2673,0.028225780159044256,-0.88709687936382298,0.31682247428834281,0.26055713777085182,1
2674,0.41049287942470719,0.64197151769882876,0.26055713777085182,0.29831413862545231,1
2675,0.49282835115285217,0.97131340461140869,0.29831413862545231,0.43350834266787286,1
2676,0.12912083356591947,-0.48351666573632213,0.43350834266787286,0.38309316345212807,1
2677,0.40235615330673286,0.60942461322693142,0.38309316345212807,0.40079191742836273,1
2678,0.12490603527907401,-0.50037585888370395,0.40079191742836273,0.33596985058201179,1
2679,0.050007014031800689,-0.79997194387279724,0.33596985058201179,0.27094980792603107,1
2680,0.035722369743240834,-0.85711052102703666,0.27094980792603107,0.23323890892172419,1
2681,0.23675072214894011,-0.052997111404239572,0.23323890892172419,0.37485283744409359,1
2682,0.28235333301738735,0.12941333206954941,0.37485283744409359,0.28641282283676062,1
2683,0.45668702213660162,0.82674808854640647,0.28641282283676062,0.51406260982767837,1
2684,0.107309950408851,-0.57076019836459602,0.51406260982767837,0.4243096122779807,1
2685,0.46077107780990484,0.84308431123961936,0.4243096122779807,0.39412464301793271,1
2686,0.078255862551080191,-0.68697654979567924,0.39412464301793271,0.33676081298617844,1
2687,0.04211229838422631,-0.83155080646309476,0.33676081298617844,0.26905498565115338,1
2688,0.43233866256728143,0.72935465026912571,0.26905498565115338,0.25942036204251495,1
2689,0.21205906151243464,-0.15176375395026143,0.25942036204251495,0.23281295160115512,1
2690,0.42104068015118473,0.68416272060473893,0.23281295160115512,0.35807215469908993,1
2691,0.37623200592239014,0.50492802368956058,0.35807215469908993,0.4285325538497633,1
2692,0.46405910147251489,0.85623640589005956,0.4285325538497633,0.62152397077506905,1
2693,0.084838528798188984,-0.66064588480724407,0.62152397077506905,0.4194046344678376,1
2694,0.36311464156453876,0.45245856625815506,0.4194046344678376,0.55530337486827175,1
2695,0.16644753930112044,-0.33420984279551824,0.55530337486827175,0.39371957495576326,1
2696,0.35723849080932041,0.42895396323728163,0.39371957495576326,0.3169574724516383,1
2697,0.34576357864526119,0.38305431458104477,0.3169574724516383,0.48040810196593797,1
2698,0.35618452385218041,0.42473809540872165,0.48040810196593797,0.45509135830561087,1
2699,0.17594256005595754,-0.29622975977616983,0.45509135830561087,0.44462188274835712,1
2700,0.36072198824446716,0.44288795297786865,0.44462188274835712,0.53641310323044566,1
2701,0.14200996478466693,-0.43196014086133228,0.53641310323044566,0.48454450081273703,1
2702,0.49888306203386906,0.99553224813547625,0.48454450081273703,0.42291159193055694,1
2703,0.37879381939453249,0.51517527757812998,0.42291159193055694,0.52854521110392971,1
2704,0.13510119682569155,-0.4595952126972338,0.52854521110392971,0.41434918624928452,1
2705,0.14374680282679836,-0.42501278869280656,0.41434918624928452,0.39409630044301647,1
2706,0.1243131002661389,-0.50274759893544441,0.39409630044301647,0.37094025770979877,1
2707,0.35412288673626457,0.4164915469450583,0.37094025770979877,0.48453532136342792,1
2708,0.33093143432927274,0.32372573731709098,0.48453532136342792,0.44259177311276809,1
2709,0.24668525311292927,-0.013258987548282919,0.44259177311276809,0.46635900587585677,1
2710,0.082004397032898635,-0.67198241186840546,0.46635900587585677,0.36336262295627608,1
2711,0.074934600254950523,-0.70026159898019791,0.36336262295627608,0.34451954403491558,1
2712,0.29184021817771277,0.16736087271085109,0.34451954403491558,0.44208073656355817,1
2713,0.21024677684737203,-0.15901289261051188,0.44208073656355817,0.36920376693374224,1
2714,0.32188961600899568,0.28755846403598273,0.36920376693374224,0.35570683654005819,1
2715,0.16263680713265488,-0.34945277146938047,0.35570683654005819,0.30877420905782171,1
2716,0.0071144784327582533,-0.97154208626896699,0.30877420905782171,0.25736453465503384,1
2717,0.28752739535266147,0.1501095814106459,0.25736453465503384,0.36928033461426746,1
2718,0.47850706126152981,0.91402824504611924,0.36928033461426746,0.45651722537456474,1
2719,0.18535119504826086,-0.25859521980695654,0.45651722537456474,0.34496738059685222,1
2720,0.17967099187892532,-0.28131603248429871,0.34496738059685222,0.28598284095942039,1
2721,0.48371545538791721,0.93486182155166886,0.28598284095942039,0.44808513895233204,1
2722,0.094787360833785916,-0.62085055666485633,0.44808513895233204,0.3458245052505457,1
2723,0.46329496476462023,0.85317985905848093,0.3458245052505457,0.48868255866027233,1
2724,0.15696740480032123,-0.37213038079871508,0.48868255866027233,0.37435566038245016,1
2725,0.2626363913532811,0.050545565413124383,0.37435566038245016,0.28398782115796062,1
2726,0.38947183306932237,0.55788733227728948,0.28398782115796062,0.40507153483182168,1
2727,0.35504194454871191,0.42016777819484763,0.40507153483182168,0.55337596695319813,1
2728,0.1346931066093785,-0.461227573562486,0.55337596695319813,0.41377244870819752,1
2729,0.096789631510732332,-0.61284147395707067,0.41377244870819752,0.33181528516759873,1
2730,0.14792717980904641,-0.40829128076381438,0.33181528516759873,0.37209410742839222,1
2731,0.47038086328900502,0.8815234531560201,0.37209410742839222,0.35324378444967819,1
2732,0.056436811454306846,-0.77425275418277262,0.35324378444967819,0.31446852788138668,1
2733,0.48051802552185452,0.92207210208741808,0.31446852788138668,0.36865683132448435,1
2734,0.23749748649919461,-0.05001005400322156,0.36865683132448435,0.3736676061844495,1
2735,0.050879189661174495,-0.79648324135530202,0.3736676061844495,0.31226351815015807,1
2736,0.1028784122905696,-0.58848635083772161,0.31226351815015807,0.30777383246270829,1
2737,0.37433011706485653,0.49732046825942611,0.30777383246270829,0.32491725688587791,1
2738,0.08293483512751032,-0.66826065948995872,0.32491725688587791,0.26593259775106437,1
2739,0.04153247858911796,-0.83387008564352816,0.26593259775106437,0.23320453142954367,1
2740,0.39433417841480051,0.57733671365920203,0.23320453142954367,0.48581072274498427,1
2741,0.29559485519139667,0.18237942076558666,0.48581072274498427,0.3518957775462962,1
2742,0.34728352504019139,0.38913410016076555,0.3518957775462962,0.51462453123996388,1
2743,0.22189393156410359,-0.11242427374358566,0.51462453123996388,0.42449254199184483,1
2744,0.002506622637880318,-0.98997350944847873,0.42449254199184483,0.30383274696933249,1
2745,0.033218640430220769,-0.86712543827911692,0.30383274696933249,0.2498227397989343,1
2746,0.39948487676505756,0.59793950706023025,0.2498227397989343,0.44250380748837304,1
2747,0.18788099241360973,-0.24847603034556109,0.44250380748837304,0.3357090949658591,1
2748,0.083508630520943927,-0.66596547791622429,0.3357090949658591,0.26647426106553629,1
2749,0.45988670418608407,0.83954681674433629,0.26647426106553629,0.50004274334098808,1
2750,0.23357954330251762,-0.065681826789929509,0.50004274334098808,0.45046869606728379,1
2751,0.093952462139939685,-0.62419015144024126,0.45046869606728379,0.37056981486479912,1
2752,0.39793604848339537,0.59174419393358146,0.37056981486479912,0.41511327671248432,1
2753,0.26773823464139807,0.070952938565592261,0.41511327671248432,0.30356181837792956,1
2754,0.35818990047518556,0.43275960190074225,0.30356181837792956,0.26413581516646856,1
2755,0.071599291575593527,-0.71360283369762589,0.26413581516646856,0.26966833898164821,1
2756,0.49184033560032508,0.96736134240130034,0.26966833898164821,0.36829801915657101,1
2757,0.19053750949779957,-0.23784996200880171,0.36829801915657101,0.29961987565516934,1
2758,0.47000910888374009,0.88003643553496036,0.29961987565516934,0.56666498971003898,1
2759,0.1601225753463299,-0.35950969861468041,0.56666498971003898,0.4339986106354542,1
2760,0.40254483853988277,0.61017935415953106,0.4339986106354542,0.36813299512806863,1
2761,0.36655018561898772,0.46620074247595089,0.36813299512806863,0.49659918312941487,1
2762,0.0013041652319087937,-0.99478333907236483,0.49659918312941487,0.34350460092846857,1
2763,0.17943861743267403,-0.28224553026930388,0.34350460092846857,0.36325299993274318,1
2764,0.1010490524548241,-0.59580379018070362,0.36325299993274318,0.28837203937242362,1
2765,0.40411178640769024,0.61644714563076097,0.28837203937242362,0.53941278693358885,1
2766,0.1395709454739783,-0.44171621810408679,0.53941278693358885,0.41142676640635945,1
2767,0.13718639679942907,-0.45125441280228373,0.41142676640635945,0.40471477422236146,1
2768,0.140546084942414,-0.43781566023034402,0.40471477422236146,0.34048682201380903,1
2769,0.49841523557397049,0.99366094229588198,0.34048682201380903,0.571023212833073,1
2770,0.24293391511653556,-0.028264339533857763,0.571023212833073,0.52270670371572303,1
2771,0.054552489191451059,-0.78179004323419576,0.52270670371572303,0.36881716401396758,1
2772,0.28644837516911098,0.14579350067644392,0.36881716401396758,0.36434312206670849,1
2773,0.4762251490764195,0.90490059630567798,0.36434312206670849,0.35753463217033499,1
2774,0.37696716177657791,0.50786864710631163,0.35753463217033499,0.51029089786488357,1
2775,0.27203317026450274,0.088132681058010975,0.51029089786488357,0.42206732310786954,1
2776,0.17211785870230084,-0.31152856519079664,0.42206732310786954,0.35222190611811677,1
2777,0.49190414899906981,0.96761659599627925,0.35222190611811677,0.38358616863250405,1
2778,0.30192904542282356,0.20771618169129424,0.38358616863250405,0.52122524037086659,1
2779,0.49286835803089374,0.97147343212357495,0.52122524037086659,0.54995640635437915,1
2780,0.3464424877876538,0.38576995115061519,0.54995640635437915,0.41302699742237969,1
2781,0.11034740199459919,-0.55861039202160323,0.41302699742237969,0.35894647040261918,1
2782,0.47983553046288296,0.91934212185153186,0.35894647040261918,0.62642315659168057,1
2783,0.08292601733045829,-0.66829593067816684,0.62642315659168057,0.47561487434429262,1
2784,0.39985884172606062,0.59943536690424248,0.47561487434429262,0.51555588340963399,1
2785,0.15493195877080057,-0.38027216491679772,0.51555588340963399,0.41372455032879774,1
2786,0.37121044065611558,0.48484176262446232,0.41372455032879774,0.59338663417341486,1
2787,0.2503339943936983,0.0013359775747932012,0.59338663417341486,0.53532981817357761,1
2788,0.34193254941267148,0.36773019765068593,0.53532981817357761,0.64730838722603978,1
2789,0.37941180702657185,0.51764722810628738,0.64730838722603978,0.65737014908971636,1
2790,0.32077118488188244,0.28308473952752977,0.65737014908971636,0.52242752816160898,1
2791,0.41544912921759197,0.66179651687036789,0.52242752816160898,0.69539630103781336,1
2792,0.2544292381985927,0.017716952794370799,0.69539630103781336,0.53784786577496191,1
2793,0.27949512000650617,0.11798048002602468,0.53784786577496191,0.57942727808695937,1
2794,0.39892992260552818,0.5957196904221127,0.57942727808695937,0.53161097036424643,1
2795,0.40697812447033543,0.62791249788134174,0.53161097036424643,0.63797180627450356,1
2796,0.099217601797331856,-0.60312959281067258,0.63797180627450356,0.51806412686898307,1
2797,0.4256001538722966,0.70240061548918642,0.51806412686898307,0.62557318911469995,1
2798,0.06359189078242572,-0.74563243687029712,0.62557318911469995,0.51006501275915528,1
2799,0.24538194308020567,-0.018472227679177333,0.51006501275915528,0.51940732648695842,1
2800,0.0023751719613514521,-0.99049931215459419,0.51940732648695842,0.40475666532997912,1
2801,0.1556097748182198,-0.37756090072712079,0.40475666532997912,0.39333930676649553,1
2802,0.42568187515063699,0.70272750060254796,0.39333930676649553,0.49987595574150301,1
2803,0.11079084953333213,-0.5568366018666715,0.49987595574150301,0.44672937909206256,1
2804,0.20682658055744907,-0.17269367777020372,0.44672937909206256,0.47391406680296078,1
2805,0.41659337508650113,0.66637350034600451,0.47391406680296078,0.42335651754066128,1
2806,0.34820024002203614,0.39280096008814458,0.42335651754066128,0.55122287661992242,1
2807,0.031693825804418041,-0.87322469678232784,0.55122287661992242,0.40201311658182315,1
2808,0.03320000175175819,-0.86719999299296724,0.40201311658182315,0.32578306188134654,1
2809,0.10984576114187528,-0.5606169554324989,0.32578306188134654,0.27045659968729358,1
2810,0.31639936881078679,0.26559747524314714,0.27045659968729358,0.31166946425963438,1
2811,0.099990920767685343,-0.60003631692925863,0.31166946425963438,0.32121401190657506,1
2812,0.45519153705698318,0.8207661482279327,0.32121401190657506,0.33667494487465799,1
2813,0.43102434169353415,0.72409736677413661,0.33667494487465799,0.39975275816726574,1
2814,0.28621821569245698,0.14487286276982791,0.39975275816726574,0.47505472009496152,1
2815,0.20783432935027329,-0.16866268259890682,0.47505472009496152,0.44173725914824868,1
2816,0.14770320974209006,-0.40918716103163977,0.44173725914824868,0.32425900105493644,1
2817,0.10909010203873359,-0.56363959184506562,0.32425900105493644,0.26121668142848398,1
2818,0.043359175240560099,-0.8265632990377596,0.26121668142848398,0.23080183888973183,1
2819,0.055781097839599447,-0.77687560864160221,0.23080183888973183,0.23463706020831063,1
2820,0.25591465784403955,0.023658631376158201,0.23463706020831063,0.2479242330953661,1
2821,0.41095036469679486,0.64380145878717943,0.2479242330953661,0.49554514099297142,1
2822,0.077455670417930444,-0.69017731832827822,0.49554514099297142,0.38416362286928407,1
2823,0.43180693385231456,0.72722773540925822,0.38416362286928407,0.46776996837493456,1
2824,0.32612069412211708,0.30448277648846833,0.46776996837493456,0.42533538565600382,1
2825,0.012099412326710579,-0.95160235069315768,0.42533538565600382,0.30499975735949902,1
2826,0.16831911706762426,-0.32672353172950297,0.30499975735949902,0.27053676424760487,1
2827,0.265753529035546,0.063014116142183996,0.27053676424760487,0.24339405265903097,1
2828,0.037188362695015298,-0.85124654921993881,0.24339405265903097,0.2163520067369013,1
2829,0.081855673975393894,-0.67257730409842442,0.2163520067369013,0.23192472522294327,1
2830,0.42518203408467647,0.7007281363387059,0.23192472522294327,0.46979828017618985,1
2831,0.22092915195581814,-0.11628339217672745,0.46979828017618985,0.34905317046258427,1
2832,0.44189480113096657,0.7675792045238663,0.34905317046258427,0.54963482032000688,1
2833,0.16421686537294394,-0.34313253850822423,0.54963482032000688,0.44219976160418484,1
2834,0.34644571773273602,0.3857828709309441,0.44219976160418484,0.31640395820248723,1
2835,0.046189447743615497,-0.81524220902553801,0.31640395820248723,0.26028149305802062,1
2836,0.17979443807961215,-0.2808222476815514,0.26028149305802062,0.29334762913555512,1
2837,0.066675444699949071,-0.73329822120020371,0.29334762913555512,0.24118774371995502,1
2838,0.46937422334036555,0.87749689336146219,0.24118774371995502,0.27063008699658153,1
2839,0.33145448353539875,0.32581793414159499,0.27063008699658153,0.43891988134159765,1
2840,0.47652514170260607,0.90610056681042428,0.43891988134159765,0.46928933750213697,1
2841,0.46380793661038061,0.85523174644152244,0.46928933750213697,0.63341653142823251,1
2842,0.076241579368828305,-0.69503368252468678,0.63341653142823251,0.43280633255094669,1
2843,0.13566529551049594,-0.45733881795801623,0.43280633255094669,0.38254326031127783,1
2844,0.33686940398073828,0.34747761592295312,0.38254326031127783,0.30961583494261868,1
2845,0.46077806937897875,0.843112277515915,0.30961583494261868,0.37492765667604899,1
2846,0.092806415859887581,-0.62877433656044968,0.37492765667604899,0.29387157700295408,1
2847,0.017329840417060316,-0.93068063833175874,0.29387157700295408,0.25689200134414714,1
2848,0.43572064883587386,0.74288259534349543,0.25689200134414714,0.44331751050000545,1
2849,0.40076950645265819,0.60307802581063275,0.44331751050000545,0.60891297750387374,1
2850,0.26608192597598912,0.064327703903956479,0.60891297750387374,0.59583226522716815,1
2851,0.10067010046837704,-0.59731959812649182,0.59583226522716815,0.41932386949371125,1
2852,0.23294354360913339,-0.068225825563466458,0.41932386949371125,0.359540385131635,1
2853,0.39124915433174046,0.56499661732696183,0.359540385131635,0.47827495977725276,1
2854,0.18461487248362862,-0.26154051006548551,0.47827495977725276,0.47009730438641562,1
2855,0.47437445226648528,0.89749780906594112,0.47009730438641562,0.40816088252907823,1
2856,0.15359022086583896,-0.38563911653664418,0.40816088252907823,0.3148938349794328,1
2857,0.017983921268025171,-0.92806431492789931,0.3148938349794328,0.27479410487634115,1
2858,0.16252297159792561,-0.34990811360829754,0.27479410487634115,0.34022537393936619,1
2859,0.49215864995314429,0.96863459981257716,0.34022537393936619,0.47113846362970213,1
2860,0.34453806354916466,0.37815225419665865,0.47113846362970213,0.39071239783780243,1
2861,0.029797566762654437,-0.88080973294938225,0.39071239783780243,0.30434498135439164,1
2862,0.16160039076893751,-0.35359843692424997,0.30434498135439164,0.34415345221001781,1
2863,0.39376959963593949,0.57507839854375797,0.34415345221001781,0.37762364063000708,1
2864,0.038778530977962078,-0.84488587608815169,0.37762364063000708,0.31066798469542417,1
2865,0.40171828520028485,0.60687314080113941,0.31066798469542417,0.34068760352032917,1
2866,0.22228364731169226,-0.11086541075323098,0.34068760352032917,0.26729896286019389,1
2867,0.34853422610056628,0.39413690440226512,0.26729896286019389,0.3108870503105392,1
2868,0.43365722044642441,0.73462888178569763,0.3108870503105392,0.56715667141258053,1
2869,0.25075272129685205,0.0030108851874082188,0.56715667141258053,0.50422707985375059,1
2870,0.41663566675450042,0.66654266701800169,0.50422707985375059,0.36361997659978196,1
2871,0.20635139333448094,-0.17459442666207625,0.36361997659978196,0.32620571142173393,1
2872,0.37170253817311816,0.48681015269247263,0.32620571142173393,0.47796184693496968,1
2873,0.09099140639238773,-0.63603437443044908,0.47796184693496968,0.34060142923629921,1
2874,0.43558157931888147,0.74232631727552589,0.34060142923629921,0.5295249514705046,1
2875,0.27462109779422444,0.098484391176897779,0.5295249514705046,0.45707401448451923,1
2876,0.019037161039805073,-0.92385135584077971,0.45707401448451923,0.34179333881692686,1
2877,0.1209894255033544,-0.51604229798658241,0.34179333881692686,0.35334210328751381,1
2878,0.4400674913730791,0.7602699654923164,0.35334210328751381,0.44681330702031086,1
2879,0.4458148999403046,0.78325959976121839,0.44681330702031086,0.60517392794106728,1
2880,0.3627581393849752,0.45103255753990079,0.60517392794106728,0.52219638658698719,1
2881,0.42437280047520387,0.69749120190081548,0.52219638658698719,0.60817072952262452,1
2882,0.20607070234157232,-0.17571719063371072,0.60817072952262452,0.45296980861078018,1
2883,0.0032971440802422314,-0.98681142367903107,0.45296980861078018,0.34353417329205482,1
2884,0.0076572720436851593,-0.96937091182525936,0.34353417329205482,0.28626816838682634,1
2885,0.20234619067881376,-0.19061523728474494,0.28626816838682634,0.25488572973423851,1
2886,0.10226563718063802,-0.5909374512774479,0.25488572973423851,0.24874435948815082,1
2887,0.36555780513320651,0.46223122053282606,0.24874435948815082,0.46719590719936255,1
2888,0.13886881007293927,-0.4445247597082429,0.46719590719936255,0.43197443266379643,1
2889,0.46432429625662808,0.85729718502651231,0.43197443266379643,0.57341911460551853,1
2890,0.33511710466280747,0.3404684186512299,0.57341911460551853,0.60546053165334357,1
2891,0.13713171474669916,-0.45147314101320335,0.60546053165334357,0.45337163095191046,1
2892,0.3271051288773435,0.30842051550937399,0.45337163095191046,0.33097448428616899,1
2893,0.16563809476654945,-0.33744762093380221,0.33097448428616899,0.26732071360254678,1
2894,0.24125284734002522,-0.034988610639899109,0.26732071360254678,0.30581082096763168,1
2895,0.27049371131925498,0.081974845277019925,0.30581082096763168,0.29346841679491453,1
2896,0.42554247405457635,0.70216989621830539,0.29346841679491453,0.47974814330766258,1
2897,0.24882971393298903,-0.0046811442680438908,0.47974814330766258,0.39671333310447809,1
2898,0.30208780854581285,0.20835123418325141,0.39671333310447809,0.51149924166232352,1
2899,0.031667397038010026,-0.8733304118479599,0.51149924166232352,0.37723793015595819,1
2900,0.40171473533644597,0.60685894134578389,0.37723793015595819,0.37165822674479609,1
2901,0.25558351524482298,0.022334060979291914,0.37165822674479609,0.40728989228934964,1
2902,0.026774733919034788,-0.89290106432386085,0.40728989228934964,0.30503760284376846,1
2903,0.059818757396262412,-0.76072497041495035,0.30503760284376846,0.26983114627775195,1
2904,0.35286356578148026,0.41145426312592104,0.26983114627775195,0.37428599391521744,1
2905,0.16660733208059025,-0.33357067167763899,0.37428599391521744,0.3895002899029486,1
2906,0.37888439508027683,0.5155375803211073,0.3895002899029486,0.43388425177389534,1
2907,0.38291886109445955,0.5316754443778382,0.43388425177389534,0.4869173016108137,1
2908,0.20972739915732352,-0.1610904033707059,0.4869173016108137,0.35164713800542857,1
2909,0.48394097046322898,0.93576388185291592,0.35164713800542857,0.5633413030485469,1
2910,0.16304091416612654,-0.34783634333549385,0.5633413030485469,0.44286372819968733,1
2911,0.065107414135550712,-0.73957034345779715,0.44286372819968733,0.32459140707945888,1
2912,0.28061527048296059,0.12246108193184235,0.32459140707945888,0.28653185332208542,1
2913,0.2034219558561714,-0.1863121765753144,0.28653185332208542,0.34983872467456922,1
2914,0.41714638328993386,0.66858553315973546,0.34983872467456922,0.37922833876674622,1
2915,0.45064858692322801,0.80259434769291205,0.37922833876674622,0.54588796569991049,1
2916,0.017678550888217792,-0.92928579644712883,0.54588796569991049,0.38759441985859133,1
2917,0.4602786921987812,0.84111476879512481,0.38759441985859133,0.44089216584021884,1
2918,0.022370268034821339,-0.91051892786071464,0.44089216584021884,0.33828132213311324,1
2919,0.17779931232663077,-0.28880275069347694,0.33828132213311324,0.31362230108092781,1
2920,0.13301072520974339,-0.46795709916102646,0.31362230108092781,0.26681124380559806,1
2921,0.43960271889454816,0.75841087557819264,0.26681124380559806,0.41355222129945712,1
2922,0.46980095393142823,0.87920381572571293,0.41355222129945712,0.4443844522747632,1
2923,0.12640779741506492,-0.49436881033974034,0.4443844522747632,0.39862382253206785,1
2924,0.23738064438844564,-0.050477422446217446,0.39862382253206785,0.45835724807399436,1
2925,0.34704784734130645,0.38819138936522579,0.45835724807399436,0.33856508563248155,1
2926,0.45356173462711236,0.81424693850844942,0.33856508563248155,0.57905567873697172,1
2927,0.35299515539162118,0.41198062156648474,0.57905567873697172,0.40114532528763291,1
2928,0.14879523686664825,-0.404819052533407,0.40114532528763291,0.33930144690092734,1
2929,0.14453495925846527,-0.42186016296613893,0.33930144690092734,0.29769752008096528,1
2930,0.0050158131319826271,-0.97993674747206949,0.29769752008096528,0.25122581428063895,1
2931,0.2153156853754834,-0.1387372584980664,0.25122581428063895,0.37636525013103006,1
2932,0.20206392357628511,-0.19174430569485956,0.37636525013103006,0.32432696997418009,1
2933,0.1169252985845779,-0.53229880566168841,0.32432696997418009,0.29998090110283848,1
2934,0.011545858801380315,-0.95381656479447874,0.29998090110283848,0.25099153624983211,1
2935,0.018169554496944795,-0.92732178201222082,0.25099153624983211,0.23106364607882598,1
2936,0.30026775462625926,0.20107101850503706,0.23106364607882598,0.36702518199551226,1
2937,0.45689796555592455,0.82759186222369818,0.36702518199551226,0.36969078649635101,1
2938,0.30069759459876932,0.2027903783950773,0.36969078649635101,0.33354303864966062,1
2939,0.073570648723884524,-0.7057174051044619,0.33354303864966062,0.25234747164221055,1
2940,0.35852696016434354,0.43410784065737418,0.25234747164221055,0.33006472564639899,1
2941,0.37708233834964583,0.50832935339858332,0.33006472564639899,0.36505576181074073,1
2942,0.064719247041822803,-0.74112301183270879,0.36505576181074073,0.2778910575743937,1
2943,0.38753456947820236,0.55013827791280945,0.2778910575743937,0.23284157413764064,1
2944,0.082381924229751935,-0.67047230308099226,0.23284157413764064,0.20714638655434536,1
2945,0.3975650597446958,0.59026023897878321,0.20714638655434536,0.37193461238121628,1
2946,0.028352873450219418,-0.88658850619912233,0.37193461238121628,0.28880203437809993,1
2947,0.044305523329515373,-0.82277790668193851,0.28880203437809993,0.25036810885869526,1
2948,0.44712252808109326,0.78849011232437305,0.25036810885869526,0.26088156872071977,1
2949,0.097849582574670857,-0.60860166970131657,0.26088156872071977,0.26789743884359585,1
2950,0.31382760546435085,0.25531042185740338,0.26789743884359585,0.39609150866681109,1
2951,0.15962241557104212,-0.36151033771583152,0.39609150866681109,0.29213119072668509,1
2952,0.46440211642882628,0.85760846571530513,0.29213119072668509,0.49916722496598676,1
2953,0.0044624325804489273,-0.98215026967820429,0.49916722496598676,0.32685542742355356,1
2954,0.17342407073554278,-0.30630371705782888,0.32685542742355356,0.35314165755442439,1
2955,0.30715743804481199,0.22862975217924797,0.35314165755442439,0.27740244535104158,1
2956,0.13454244517552827,-0.46183021929788692,0.27740244535104158,0.23672327104243979,1
2957,0.14921500447595604,-0.40313998209617585,0.23672327104243979,0.30850315318047183,1
2958,0.089516692077643178,-0.64193323168942729,0.30850315318047183,0.25534012097998271,1
2959,0.40521947962968441,0.62087791851873764,0.25534012097998271,0.408379250852833,1
2960,0.34915144750031391,0.39660579000125562,0.408379250852833,0.37459216589392219,1
2961,0.051034236334239702,-0.79586305466304119,0.37459216589392219,0.31033973411592564,1
2962,0.10885495012832774,-0.56458019948668903,0.31033973411592564,0.24581935905904245,1
2963,0.27449677744847806,0.09798710979391223,0.24581935905904245,0.28321864542007591,1
2964,0.1896100910795438,-0.24155963568182481,0.28321864542007591,0.31556565580006724,1
2965,0.22383442269682113,-0.10466230921271547,0.31556565580006724,0.28742801004109164,1
2966,0.18341569362668619,-0.26633722549325523,0.28742801004109164,0.27076751871777666,1
2967,0.16553829650763902,-0.33784681396944394,0.27076751871777666,0.24488471906217293,1
2968,0.28252243726874426,0.13008974907497706,0.24488471906217293,0.38187864317709896,1
2969,0.052556124409129823,-0.78977550236348071,0.38187864317709896,0.30171660193114458,1
2970,0.31967703758364269,0.27870815033457075,0.30171660193114458,0.26048873829356278,1
2971,0.31508257652142169,0.26033030608568675,0.26048873829356278,0.26739238640785284,1
2972,0.20688745658735186,-0.17245017365059256,0.26739238640785284,0.30362851060560903,1
2973,0.2324467227024799,-0.070213109190080392,0.30362851060560903,0.30148367374321849,1
2974,0.32224330515576022,0.28897322062304087,0.30148367374321849,0.34288508177060206,1
2975,0.10957864373033049,-0.56168542507867802,0.34288508177060206,0.28380396548485964,1
2976,0.32590623724989298,0.30362494899957193,0.28380396548485964,0.30805393574653583,1
2977,0.36879969424207543,0.47519877696830171,0.30805393574653583,0.39485727394967607,1
2978,0.44788131923219293,0.79152527692877173,0.39485727394967607,0.31588031855033782,1
2979,0.46496297157072963,0.85985188628291853,0.31588031855033782,0.46636965117513363,1
2980,0.31111878831924472,0.24447515327697888,0.46636965117513363,0.46261788688806915,1
2981,0.07583211557006464,-0.69667153771974144,0.46261788688806915,0.34204999731240848,1
2982,0.42455284095924933,0.69821136383699733,0.34204999731240848,0.41087255558710478,1
2983,0.30978437188809427,0.23913748755237707,0.41087255558710478,0.44755092020364784,1
2984,0.28441997000472263,0.13767988001889053,0.44755092020364784,0.36548873694692507,1
2985,0.25195782533985989,0.0078313013594395464,0.36548873694692507,0.40221656198437794,1
2986,0.40666152152019386,0.62664608608077543,0.40221656198437794,0.52438309072103972,1
2987,0.46133499966315117,0.84533999865260467,0.52438309072103972,0.67559499086712627,1
2988,0.16760914637798657,-0.32956341448805371,0.67559499086712627,0.56864743684407137,1
2989,0.42946402457226734,0.71785609828906938,0.56864743684407137,0.60367524968774378,1
2990,0.015464842536121848,-0.93814062985551261,0.60367524968774378,0.42783722442325367,1
2991,0.26902981890000294,0.076119275600011749,0.42783722442325367,0.50168039868848857,1
2992,0.13150957426155052,-0.47396170295379791,0.50168039868848857,0.43522626084294924,1
2993,0.41735873344713093,0.6694349337885237,0.43522626084294924,0.51639418546254001,1
2994,0.34002658839004052,0.36010635356016207,0.51639418546254001,0.51307127711357481,1
2995,0.25754405796854174,0.030176231874166959,0.51307127711357481,0.54361753069364116,1
2996,0.27845820195980292,0.11383280783921168,0.54361753069364116,0.60011295488059224,1
2997,0.37901909962592323,0.51607639850369291,0.60011295488059224,0.53693063131777186,1
2998,0.12112052794180905,-0.51551788823276379,0.53693063131777186,0.4799734900102135,1
2999,0.45338004168171359,0.81352016672685434,0.4799734900102135,0.37830684669383519,1
3000,0.23467919272050147,-0.061283229117994109,0.37830684669383519,0.40150784125700179,1
3001,0.35027778913586366,0.40111115654345464,0.40150784125700179,0.38805604048877629,1
3002,0.43617496141489942,0.74469984565959768,0.38805604048877629,0.58248040992810346,1
3003,0.053247458263692871,-0.78701016694522852,0.58248040992810346,0.44578825257799592,1
3004,0.11777544751610114,-0.52889820993559544,0.44578825257799592,0.3877810165694503,1
3005,0.16781265404700157,-0.3287493838119937,0.3877810165694503,0.37841993817190356,1
3006,0.14252005828485143,-0.4299197668605943,0.37841993817190356,0.3811987253292487,1
3007,0.34059687650147319,0.36238750600589276,0.3811987253292487,0.3593492971841713,1
3008,0.21574090852904415,-0.1370363658838234,0.3593492971841713,0.42967914575559918,1
3009,0.2562195352327552,0.024878140931020809,0.42967914575559918,0.40788173821684692,1
3010,0.18783518993186676,-0.24865924027253294,0.40788173821684692,0.40593935799457115,1
3011,0.28628758960126016,0.14515035840504065,0.40593935799457115,0.49365784207129038,1
3012,0.21140948079661798,-0.15436207681352809,0.49365784207129038,0.37043253131729026,1
3013,0.32501739358671122,0.30006957434684489,0.37043253131729026,0.34374853462372174,1
3014,0.24806403419339845,-0.0077438632264061891,0.34374853462372174,0.33359633599693062,1
3015,0.46541822328325649,0.86167289313302597,0.33359633599693062,0.36469244355742625,1
3016,0.43413541731504535,0.73654166926018139,0.36469244355742625,0.50214137243249946,1
3017,0.3651502693916121,0.46060107756644841,0.50214137243249946,0.46951661795035127,1
3018,0.17412846060494858,-0.3034861575802057,0.46951661795035127,0.40452826659187846,1
3019,0.48975429390842984,0.95901717563371935,0.40452826659187846,0.44219823659001867,1
3020,0.10304169569470895,-0.58783321722116422,0.44219823659001867,0.36823272835640453,1
3021,0.25520025971598187,0.020801038863927479,0.36823272835640453,0.36675158133987218,1
3022,0.48013529621868101,0.92054118487472403,0.36675158133987218,0.51682783800943999,1
3023,0.14131849080805359,-0.43472603676778565,0.51682783800943999,0.41389825303595862,1
3024,0.039722697205130386,-0.84110921117947846,0.41389825303595862,0.33845504145348804,1
3025,0.18420645335304914,-0.26317418658780345,0.33845504145348804,0.39235199533725462,1
3026,0.41748192930310302,0.66992771721241207,0.39235199533725462,0.52905731616875451,1
3027,0.39556440134244836,0.58225760536979343,0.52905731616875451,0.47424396429124527,1
3028,0.1835432467905333,-0.26582701283786681,0.47424396429124527,0.47780475114929855,1
3029,0.20806909457474015,-0.16772362170103938,0.47780475114929855,0.37870268059057999,1
3030,0.41424630959264691,0.65698523837058764,0.37870268059057999,0.45277855898738995,1
3031,0.38047346413446675,0.52189385653786702,0.45277855898738995,0.60812436480542298,1
3032,0.1567890356860589,-0.37284385725576441,0.60812436480542298,0.45500182860855198,1
3033,0.32829146560248906,0.31316586240995625,0.45500182860855198,0.35890142227435518,1
3034,0.49605209273623135,0.98420837094492541,0.35890142227435518,0.4248667356772019,1
3035,0.097127372985733929,-0.61149050805706429,0.4248667356772019,0.38497953982543476,1
3036,0.20645265396672308,-0.17418938413310769,0.38497953982543476,0.42546807100783679,1
3037,0.45498102218490355,0.8199240887396142,0.42546807100783679,0.44737592277275662,1
3038,0.21570708693038293,-0.13717165227846828,0.44737592277275662,0.40027169708893073,1
3039,0.11369863347727355,-0.54520546609090581,0.40027169708893073,0.37751869486990342,1
3040,0.23483582074895798,-0.060656717004168081,0.37751869486990342,0.42911139720491387,1
3041,0.46214935756085185,0.84859743024340739,0.42911139720491387,0.42993160446304046,1
3042,0.0056988992630185864,-0.97720440294792565,0.42993160446304046,0.32064037457486338,1
3043,0.071572695889438598,-0.71370921644224561,0.32064037457486338,0.31356088308888386,1
3044,0.28027476923541078,0.12109907694164312,0.31356088308888386,0.29688846688097437,1
3045,0.34230243576844138,0.36920974307376553,0.29688846688097437,0.35186141245585778,1
3046,0.27069633949603006,0.082785357984120234,0.35186141245585778,0.45702495108110852,1
3047,0.24366613152394784,-0.02533547390420865,0.45702495108110852,0.40333565981667829,1
3048,0.49943825151367155,0.9977530060546862,0.40333565981667829,0.3824122347430714,1
3049,0.11582193605235902,-0.53671225579056392,0.3824122347430714,0.32745958325914543,1
3050,0.20274123525614357,-0.18903505897542572,0.32745958325914543,0.39956318065380014,1
3051,0.46759366364027788,0.87037465456111152,0.39956318065380014,0.29743924173667835,1
3052,0.0046043218228949967,-0.98158271270842001,0.29743924173667835,0.24252431952848794,1
3053,0.34613777409827423,0.38455109639309693,0.24252431952848794,0.36038089289289965,1
3054,0.0055916197763198894,-0.97763352089472044,0.36038089289289965,0.27439234045524463,1
3055,0.21429611909545859,-0.14281552361816563,0.27439234045524463,0.31730064877241348,1
3056,0.13106208766972344,-0.47575164932110625,0.31730064877241348,0.2980153761515999,1
3057,0.015822956428298673,-0.93670817428680531,0.2980153761515999,0.25047310644204429,1
3058,0.27828744740796324,0.11314978963185296,0.25047310644204429,0.26293864323762628,1
3059,0.33855268186216242,0.35421072744864968,0.26293864323762628,0.32168108773741033,1
3060,0.12279615308952851,-0.50881538764188594,0.32168108773741033,0.33128196242585894,1
3061,0.077710166226458655,-0.68915933509416538,0.33128196242585894,0.24889184982499882,1
3062,0.018408703029261342,-0.92636518788295463,0.24889184982499882,0.22041286062758639,1
3063,0.47536280868851549,0.90145123475406197,0.22041286062758639,0.20191395778074794,1
3064,0.48591737726835299,0.94366950907341196,0.20191395778074794,0.34430351492148703,1
3065,0.27172365981895164,0.08689463927580654,0.34430351492148703,0.30486457319471905,1
3066,0.46281305769668302,0.85125223078673207,0.30486457319471905,0.24489296977406799,1
3067,0.050538514789431943,-0.79784594084227223,0.24489296977406799,0.22801239181006741,1
3068,0.4577898942405475,0.83115957696219001,0.22801239181006741,0.43176920021979115,1
3069,0.039132217585073514,-0.84347112965970594,0.43176920021979115,0.29887080272396083,1
3070,0.069679393902376818,-0.72128242439049273,0.29887080272396083,0.24045044299253768,1
3071,0.48816881498944287,0.95267525995777147,0.24045044299253768,0.21884981561686093,1
3072,0.33925744538414765,0.3570297815365906,0.21884981561686093,0.43748099888201686,1
3073,0.39541919104951639,0.58167676419806558,0.43748099888201686,0.58401514462658954,1
3074,0.06963698895307896,-0.72145204418768416,0.58401514462658954,0.40092858163078304,1
3075,0.39576271866668999,0.58305087466675998,0.40092858163078304,0.56298490469208484,1
3076,0.1920630169496419,-0.23174793220143242,0.56298490469208484,0.38615097263579479,1
3077,0.45515523819155945,0.82062095276623781,0.38615097263579479,0.60155970580061524,1
3078,0.096623654576829865,-0.61350538169268054,0.60155970580061524,0.41135603313291691,1
3079,0.033277357421736431,-0.86689057031305428,0.41135603313291691,0.31209007919645937,1
3080,0.13408074075252829,-0.46367703698988683,0.31209007919645937,0.35665831630021716,1
3081,0.37470851018060325,0.498834040722413,0.35665831630021716,0.47386501863186048,1
3082,0.18680960172578015,-0.2527615930968794,0.47386501863186048,0.46022313154919436,1
3083,0.14066799089600018,-0.43732803641599927,0.46022313154919436,0.35745737643728237,1
3084,0.1500936156378585,-0.39962553744856599,0.35745737643728237,0.37360871022806175,1
3085,0.33287221564141906,0.33148886256567622,0.37360871022806175,0.38823157236161687,1
3086,0.12623876449973381,-0.49504494200106475,0.38823157236161687,0.38265583968297179,1
3087,0.082666136492126896,-0.66933545403149242,0.38265583968297179,0.30556121643552614,1
3088,0.011175727863067253,-0.95529708854773099,0.30556121643552614,0.25061448944656639,1
3089,0.12789581314338133,-0.48841674742647467,0.25061448944656639,0.24678144800134824,1
3090,0.36289944917127742,0.45159779668510969,0.24678144800134824,0.4223737758349807,1
3091,0.39892273635727865,0.5956909454291146,0.4223737758349807,0.41581941703618241,1
3092,0.43563547032518962,0.74254188130075849,0.41581941703618241,0.39158244082000249,1
3093,0.37389904882534747,0.49559619530138987,0.39158244082000249,0.37086057660444416,1
3094,0.47161037098002312,0.88644148392009248,0.37086057660444416,0.5125294822822033,1
3095,0.076226577040399479,-0.69509369183840208,0.5125294822822033,0.36267804099415535,1
3096,0.2860617070913965,0.144246828365586,0.36267804099415535,0.3106713341327999,1
3097,0.2094590889394557,-0.16216364424217722,0.3106713341327999,0.25246999310016172,1
3098,0.48130120602485421,0.92520482409941684,0.25246999310016172,0.31271711590862872,1
3099,0.33132993650220416,0.32531974600881663,0.31271711590862872,0.43043968298675861,1
3100,0.10609878007996065,-0.57560487968015739,0.43043968298675861,0.37401892556154581,1
3101,0.20553462923608029,-0.17786148305567884,0.37401892556154581,0.4163382902585987,1
3102,0.02743110538177429,-0.89027557847290284,0.4163382902585987,0.31802290971753133,1
3103,0.43424165367477396,0.73696661469909586,0.31802290971753133,0.56080623431490562,1
3104,0.26031770938609011,0.04127083754436045,0.56080623431490562,0.40598116644962423,1
3105,0.35040264605420596,0.40161058421682383,0.40598116644962423,0.44815210978487852,1
3106,0.23819684793094098,-0.047212608276236079,0.44815210978487852,0.39509693905958554,1
3107,0.35888351474544056,0.43553405898176223,0.39509693905958554,0.55494701210722241,1
3108,0.045293181159270168,-0.81882727536291933,0.55494701210722241,0.40599185337752919,1
3109,0.0081284630788084344,-0.96748614768476626,0.40599185337752919,0.31057827153389772,1
3110,0.40520659428239197,0.6208263771295679,0.31057827153389772,0.38316458064823433,1
3111,0.4545947960247525,0.81837918409901,0.38316458064823433,0.31410135507120052,1
3112,0.37016315455581472,0.48065261822325889,0.31410135507120052,0.49968198503827643,1
3113,0.14066442143804997,-0.43734231424780012,0.49968198503827643,0.41172526179277069,1
3114,0.18936868644354266,-0.24252525422582938,0.41172526179277069,0.40805984929072114,1
3115,0.21255892692061668,-0.1497642923175333,0.40805984929072114,0.38265920178138535,1
3116,0.49741211315415929,0.98964845261663714,0.38265920178138535,0.56036200814840753,1
3117,0.37050871099507032,0.48203484398028129,0.56036200814840753,0.41183306603877567,1
3118,0.15029869037300791,-0.39880523850796834,0.41183306603877567,0.30956438634320715,1
3119,0.35137998008019944,0.40551992032079776,0.30956438634320715,0.46822641530771314,1
3120,0.46362987112654241,0.85451948450616966,0.46822641530771314,0.65375593653339692,1
3121,0.00010796935042850508,-0.99956812259828598,0.65375593653339692,0.44066579423635388,1
3122,0.27106323066254528,0.084252922650181139,0.44066579423635388,0.38956826574501235,1
3123,0.44424079821105483,0.77696319284421933,0.38956826574501235,0.42947285023986337,1
3124,0.1642325540367528,-0.34306978385298881,0.42947285023986337,0.37685270470930476,1
3125,0.37816183844430151,0.51264735377720605,0.37685270470930476,0.57854946396969686,1
3126,0.46646417865815343,0.86585671463261371,0.57854946396969686,0.66642008689597987,1
3127,0.3320367476828015,0.32814699073120601,0.66642008689597987,0.53222177088624378,1
3128,0.36671404079255077,0.46685616317020306,0.53222177088624378,0.5818891352385267,1
3129,0.28395643392260578,0.13582573569042311,0.5818891352385267,0.62093721220120413,1
3130,0.32522562592581578,0.3009025037032631,0.62093721220120413,0.44996113612998567,1
3131,0.4285371800984481,0.7141487203937924,0.44996113612998567,0.52321661877489367,1
3132,0.19961973680335604,-0.20152105278657584,0.52321661877489367,0.52468828567825176,1
3133,0.4996288059289688,0.9985152237158752,0.52468828567825176,0.51911759301920424,1
3134,0.043629953790856602,-0.82548018483657359,0.51911759301920424,0.41996716109153231,1
3135,0.13573550660572298,-0.45705797357710809,0.41996716109153231,0.43471121910785815,1
3136,0.38851109854013827,0.55404439416055307,0.43471121910785815,0.53852775143058085,1
3137,0.011506294127808459,-0.95397482348876617,0.53852775143058085,0.40643027425081268,1
3138,0.46321112553710703,0.85284450214842811,0.40643027425081268,0.52122949989764911,1
3139,0.39152569367534168,0.56610277470136672,0.52122949989764911,0.57660343008800607,1
3140,0.29790611057476685,0.19162444229906739,0.57660343008800607,0.60616131782620652,1
3141,0.12150610783130594,-0.51397556867477623,0.60616131782620652,0.4719126110632792,1
3142,0.098398867195545414,-0.60640453121781834,0.4719126110632792,0.43375285410775999,1
3143,0.036037105352119847,-0.85585157859152061,0.43375285410775999,0.33936997778188299,1
3144,0.063296951281551161,-0.74681219487379535,0.33936997778188299,0.29527619434337293,1
3145,0.18455086340118892,-0.2617965463952443,0.29527619434337293,0.36440043527252775,1
3146,0.14864618009039671,-0.40541527963841317,0.36440043527252775,0.29485354407490183,1
3147,0.16531201231793774,-0.33875195072824904,0.29485354407490183,0.36685840152463756,1
3148,0.067226423482918518,-0.73109430606832593,0.36685840152463756,0.32787076953354022,1
3149,0.43854885179636988,0.7541954071854795,0.32787076953354022,0.4611682373324173,1
3150,0.17381111906319563,-0.30475552374721748,0.4611682373324173,0.36137790582099338,1
3151,0.15393283541821751,-0.38426865832712997,0.36137790582099338,0.29829280628343668,1
3152,0.27951437495227099,0.11805749980908398,0.29829280628343668,0.25744304400040197,1
3153,0.016073742123361157,-0.93570503150655537,0.25744304400040197,0.222098436411374,1
3154,0.026521394238205542,-0.89391442304717783,0.222098436411374,0.21005834587322531,1
3155,0.48460285589907448,0.93841142359629792,0.21005834587322531,0.30430471061977415,1
3156,0.14881167333784384,-0.40475330664862463,0.30430471061977415,0.27542500327020725,1
3157,0.16461628473306295,-0.34153486106774822,0.27542500327020725,0.24171024449945114,1
3158,0.16823800357854896,-0.32704798568580418,0.24171024449945114,0.3189540371058206,1
3159,0.038264227034109644,-0.84694309186356143,0.3189540371058206,0.2527213345732689,1
3160,0.126355843991038,-0.49457662403584801,0.2527213345732689,0.23964484120736265,1
3161,0.33653757986664412,0.34615031946657648,0.23964484120736265,0.34439538554061644,1
3162,0.034933030441862911,-0.86026787823254836,0.34439538554061644,0.25008178486183774,1
3163,0.46467544087444856,0.85870176349779426,0.25008178486183774,0.2267635977575029,1
3164,0.086112684583836252,-0.65554926166465499,0.2267635977575029,0.260830342053744,1
3165,0.145207339220913,-0.419170643116348,0.260830342053744,0.24606744190017982,1
3166,0.36237904995971193,0.44951619983884772,0.24606744190017982,0.29598553651873338,1
3167,0.37977916219448371,0.51911664877793484,0.29598553651873338,0.32425554426046366,1
3168,0.38448035430038952,0.53792141720155806,0.32425554426046366,0.26408682740323458,1
3169,0.22637761306105886,-0.094489547755764569,0.26408682740323458,0.25784778323539481,1
3170,0.23589939925898662,-0.056402402964053522,0.25784778323539481,0.33137570148146978,1
3171,0.036831745734618393,-0.85267301706152643,0.33137570148146978,0.24776327573001861,1
3172,0.23525608109618756,-0.058975675615249745,0.24776327573001861,0.37181626703610171,1
3173,0.40037913197969277,0.60151652791877108,0.37181626703610171,0.31581383132667606,1
3174,0.081921324057513623,-0.67231470376994551,0.31581383132667606,0.25863068601375194,1
3175,0.48057166968114334,0.92228667872457337,0.25863068601375194,0.47649073648446538,1
3176,0.46772077615916435,0.87088310463665741,0.47649073648446538,0.58429904842066849,1
3177,0.10844519977575257,-0.56621920089698974,0.58429904842066849,0.43810909744123272,1
3178,0.072617978907423497,-0.70952808437030601,0.43810909744123272,0.33377320885179451,1
3179,0.28888245280370661,0.15552981121482645,0.33377320885179451,0.36269761325808048,1
3180,0.48437608004711874,0.93750432018847496,0.36269761325808048,0.30304561914865386,1
3181,0.17951826702562701,-0.28192693189749196,0.30304561914865386,0.31021171068332354,1
3182,0.35398165149500982,0.41592660598003928,0.31021171068332354,0.46389432143106046,1
3183,0.17548171990235895,-0.29807312039056422,0.46389432143106046,0.34996111985532863,1
3184,0.35236221783514199,0.40944887134056795,0.34996111985532863,0.52690322040871185,1
3185,0.044074837227870978,-0.82370065108851609,0.52690322040871185,0.39830927603514921,1
3186,0.10335859532418379,-0.58656561870326485,0.39830927603514921,0.31738581867059235,1
3187,0.20538241446030753,-0.17847034215876989,0.31738581867059235,0.2779588301296243,1
3188,0.47922195351201613,0.91688781404806452,0.2779588301296243,0.44169192391546341,1
3189,0.32115237888251508,0.28460951553006031,0.44169192391546341,0.54870809067989423,1
3190,0.081635961964377279,-0.67345615214249088,0.54870809067989423,0.39463768847117875,1
3191,0.4351598874154432,0.74063954966177281,0.39463768847117875,0.52896205481444403,1
3192,0.29332317848751283,0.1732927139500513,0.52896205481444403,0.44826034638660273,1
3193,0.27097734031713905,0.083909361268556193,0.44826034638660273,0.47257070374331189,1
3194,0.27070670324537333,0.082826812981493303,0.47257070374331189,0.36257967945328595,1
3195,0.42996285097537623,0.71985140390150493,0.36257967945328595,0.35141417787256235,1
3196,0.31741888445029171,0.26967553780116682,0.35141417787256235,0.3760286313119231,1
3197,0.033575442589665994,-0.86569822964133603,0.3760286313119231,0.31596260776003204,1
3198,0.42234689053219321,0.68938756212877284,0.31596260776003204,0.46524230784943976,1
3199,0.27788809227429756,0.11155236909719024,0.46524230784943976,0.37279936562691363,1
3200,0.48720922409807321,0.94883689639229285,0.37279936562691363,0.60606939564684625,1
3201,0.16904031654293333,-0.32383873382826667,0.60606939564684625,0.48649754768038167,1
3202,0.30263171842310571,0.21052687369242284,0.48649754768038167,0.4725201068746826,1
3203,0.37623095334018408,0.50492381336073633,0.4725201068746826,0.49568749505872278,1
3204,0.37451924389720592,0.49807697558882369,0.49568749505872278,0.59694210032562722,1
3205,0.37695223222507629,0.50780892890030516,0.59694210032562722,0.59404116237828564,1
3206,0.12184445715966769,-0.51262217136132926,0.59404116237828564,0.42637784697099368,1
3207,0.24082814239311651,-0.036687430427533974,0.42637784697099368,0.48349875084224059,1
3208,0.12387759673571452,-0.50448961305714191,0.48349875084224059,0.41755264574805107,1
3209,0.48564445633487063,0.94257782533948253,0.41755264574805107,0.68356723337160674,1
3210,0.3807213875928398,0.5228855503713592,0.68356723337160674,0.58147838514361527,1
3211,0.19662327462020485,-0.21350690151918061,0.58147838514361527,0.51599411085918756,1
3212,0.056296997398026571,-0.77481201040789371,0.51599411085918756,0.42247331546948741,1
3213,0.46324817396606904,0.85299269586427617,0.42247331546948741,0.59720014253921494,1
3214,0.11702742564464702,-0.53189029742141192,0.59720014253921494,0.50415979787575882,1
3215,0.34486889370495949,0.37947557481983796,0.50415979787575882,0.44602409546662725,1
3216,0.24610431552268436,-0.015582737909262567,0.44602409546662725,0.43596329161709313,1
3217,0.43668798872513359,0.74675195490053436,0.43596329161709313,0.42283991344712779,1
3218,0.034539002030569033,-0.86184399187772387,0.42283991344712779,0.35829864605177786,1
3219,0.15389119803227547,-0.38443520787089813,0.35829864605177786,0.38437546403856626,1
3220,0.27948433504671094,0.11793734018684376,0.38437546403856626,0.38747107293426053,1
3221,0.11593359612660842,-0.53626561549356633,0.38747107293426053,0.31272416687757654,1
3222,0.38280116929749536,0.53120467718998143,0.31272416687757654,0.52660569562927362,1
3223,0.28134163611211699,0.12536654444846795,0.52660569562927362,0.42258117390052052,1
3224,0.42419372958773965,0.69677491835095862,0.42258117390052052,0.53497527637237119,1
3225,0.24637290416968471,-0.014508383321261142,0.53497527637237119,0.46463972678464915,1
3226,0.17981790188474284,-0.28072839246102865,0.46463972678464915,0.45592535874012385,1
3227,0.25226061275581796,0.0090424510232718358,0.45592535874012385,0.34719686688923468,1
3228,0.38555445182862497,0.54221780731449987,0.34719686688923468,0.36598017193809196,1
3229,0.40608684298917047,0.62434737195668188,0.36598017193809196,0.45693754418691501,1
3230,0.033585879238697658,-0.86565648304520937,0.45693754418691501,0.34059310753882066,1
3231,0.049955720775165635,-0.80017711689933746,0.34059310753882066,0.30286668691252061,1
3232,0.47459704429552818,0.89838817718211272,0.30286668691252061,0.45502502111202603,1
3233,0.13241983938261526,-0.47032064246953897,0.45502502111202603,0.41510809367777879,1
3234,0.43707502959072758,0.74830011836291033,0.41510809367777879,0.47196935897366599,1
3235,0.38477853176308213,0.53911412705232853,0.47196935897366599,0.44156897479555768,1
3236,0.23649792052528434,-0.054008317898862623,0.44156897479555768,0.41144709019581771,1
3237,0.058142523092101828,-0.76742990763159269,0.41144709019581771,0.33952804178018214,1
3238,0.29494288942886016,0.17977155771544062,0.33952804178018214,0.44944004651797831,1
3239,0.38496901588600718,0.53987606354402873,0.44944004651797831,0.34601283144978595,1
3240,0.29663236491243999,0.18652945964975998,0.34601283144978595,0.29477669922900795,1
3241,0.43030569872882096,0.72122279491528385,0.29477669922900795,0.55265608246726339,1
3242,0.12586447535943973,-0.49654209856224107,0.55265608246726339,0.40623418526924548,1
3243,0.21506784828872533,-0.13972860684509869,0.40623418526924548,0.44673322984229047,1
3244,0.35827896766057027,0.43311587064228108,0.44673322984229047,0.53373575075846025,1
3245,0.2477662222953913,-0.0089351108184347883,0.53373575075846025,0.46069018427274333,1
3246,0.24243209843433405,-0.030271606262663786,0.46069018427274333,0.35704568371032264,1
3247,0.045888029765893679,-0.81644788093642529,0.35704568371032264,0.30216011212055471,1
3248,0.05254657919161454,-0.78981368323354184,0.30216011212055471,0.28368168066122496,1
3249,0.4202353313066951,0.68094132522678041,0.28368168066122496,0.42859311500284925,1
3250,0.28580444854439707,0.14321779417758829,0.42859311500284925,0.50019241215244459,1
3251,0.3691771983219051,0.47670879328762039,0.50019241215244459,0.42659132268978028,1
3252,0.013081558225893242,-0.94767376709642703,0.42659132268978028,0.32062261025822431,1
3253,0.018591248755370049,-0.9256350049785198,0.32062261025822431,0.2712651921359438,1
3254,0.060068761895749945,-0.75972495241700022,0.2712651921359438,0.2563916137017711,1
3255,0.41107631484615359,0.64430525938461436,0.2563916137017711,0.37264785092113495,1
3256,0.4186070778331788,0.67442831133271519,0.37264785092113495,0.30617889556023381,1
3257,0.25329193623168411,0.013167744926736447,0.30617889556023381,0.26491449876184214,1
3258,0.47858047206611515,0.91432188826446059,0.26491449876184214,0.52659611569797649,1
3259,0.23567447635287087,-0.057302094588516539,0.52659611569797649,0.45574959398518999,1
3260,0.39588201249304661,0.58352804997218644,0.45574959398518999,0.54029067945418796,1
3261,0.27157869240257948,0.086314769610317921,0.54029067945418796,0.36848429382986514,1
3262,0.3906422631202765,0.562569052481106,0.36848429382986514,0.28929806624761983,1
3263,0.16566307179367823,-0.33734771282528708,0.28929806624761983,0.25453936022683221,1
3264,0.025520847238463373,-0.89791661104614651,0.25453936022683221,0.23836201829283216,1
3265,0.26927616502793594,0.077104660111743772,0.23836201829283216,0.38369847080415376,1
3266,0.077969971909568114,-0.68812011236172754,0.38369847080415376,0.31433834014894663,1
3267,0.35898144632700885,0.43592578530803539,0.31433834014894663,0.50915474351286316,1
3268,0.26772894292896732,0.070915771715869269,0.50915474351286316,0.44618078721026933,1
3269,0.33864210713060056,0.35456842852240222,0.44618078721026933,0.51972421362042454,1
3270,0.30376519748822833,0.21506078995291333,0.51972421362042454,0.48007405918286372,1
3271,0.033969844342322253,-0.86412062263071099,0.48007405918286372,0.35523389305354769,1
3272,0.17761720594784169,-0.28953117620863322,0.35523389305354769,0.31803463577714997,1
3273,0.33751303641383895,0.35005214565535581,0.31803463577714997,0.26906494728656011,1
3274,0.33309572173878671,0.33238288695514684,0.26906494728656011,0.36683954111612305,1
3275,0.26431359568393703,0.057254382735748122,0.36683954111612305,0.31364186376112485,1
3276,0.42896876895031344,0.71587507580125376,0.31364186376112485,0.48611951062422254,1
3277,0.14955288374691544,-0.40178846501233823,0.48611951062422254,0.40467644851194873,1
3278,0.24660871300919607,-0.013565147963215729,0.40467644851194873,0.42678871478659175,1
3279,0.44342199661680637,0.77368798646722547,0.42678871478659175,0.51416246834025947,1
3280,0.18454415431984744,-0.26182338272061023,0.51416246834025947,0.364804254805284,1
3281,0.38550530968364366,0.54202123873457464,0.364804254805284,0.38181589386254133,1
3282,0.038591717788923341,-0.84563312884430664,0.38181589386254133,0.30750478892813771,1
3283,0.11455546666653305,-0.54177813333386782,0.30750478892813771,0.30845881722057278,1
3284,0.097343370562536724,-0.6106265177498531,0.30845881722057278,0.29089241058090487,1
3285,0.2287033070383529,-0.085186771846588405,0.29089241058090487,0.38968063964626654,1
3286,0.39877644126563233,0.59510576506252932,0.38968063964626654,0.3818601944740081,1
3287,0.394259892503661,0.57703957001464401,0.3818601944740081,0.43239289997170027,1
3288,0.33446186507074144,0.33784746028296575,0.43239289997170027,0.53429871017688846,1
3289,0.3603440320955113,0.44137612838204521,0.53429871017688846,0.46438378400877767,1
3290,0.2437438711325991,-0.025024515469603603,0.46438378400877767,0.46979730885244242,1
3291,0.24054994658617973,-0.037800213655281079,0.46979730885244242,0.34790941030864841,1
3292,0.35069135069278512,0.40276540277114048,0.34790941030864841,0.33294836597440464,1
3293,0.17885838213503419,-0.28456647145986325,0.33294836597440464,0.29180148726845123,1
3294,0.37095820237264815,0.4838328094905926,0.29180148726845123,0.37222552278814014,1
3295,0.31360654528054333,0.2544261811221733,0.37222552278814014,0.47402305839579062,1
3296,0.18062472077472208,-0.27750111690111168,0.47402305839579062,0.4462401564663333,1
3297,0.24252662475977738,-0.029893500960890496,0.4462401564663333,0.44849819435406846,1
3298,0.11896891348023614,-0.52412434607905545,0.44849819435406846,0.39263786321898553,1
3299,0.44171342786350809,0.76685371145403236,0.39263786321898553,0.45861075040120547,1
3300,0.31904348969512736,0.27617395878050943,0.45861075040120547,0.44521972572195179,1
3301,0.3938662877537103,0.57546515101484119,0.44521972572195179,0.53002327305068286,1
3302,0.14674329169590761,-0.41302683321636957,0.53002327305068286,0.40947531436271301,1
3303,0.022397234779027164,-0.91041106088389134,0.40947531436271301,0.32270274809905597,1
3304,0.15478817999230637,-0.3808472800307745,0.32270274809905597,0.33900025414197388,1
3305,0.19519210670358156,-0.21923157318567377,0.33900025414197388,0.32690092129540882,1
3306,0.065624088197586306,-0.73750364720965478,0.32690092129540882,0.28927395795608501,1
3307,0.23790725516482208,-0.048370979340711662,0.28927395795608501,0.28654767102797762,1
3308,0.31969603183991219,0.27878412735964875,0.28654767102797762,0.45223502715238606,1
3309,0.26465197425570736,0.058607897022829425,0.45223502715238606,0.44960486833282221,1
3310,0.42544253633723567,0.70177014534894266,0.44960486833282221,0.57280372150333481,1
3311,0.19667318688475166,-0.21330725246099336,0.57280372150333481,0.42907874356960718,1
3312,0.25685254429608601,0.02741017718434402,0.42907874356960718,0.32054308830151035,1
3313,0.25224521941497086,0.0089808776598834239,0.32054308830151035,0.315451729838085,1
3314,0.30528551824210609,0.22114207296842436,0.315451729838085,0.34366259332677496,1
3315,0.46162340422835807,0.84649361691343228,0.34366259332677496,0.31359628762193598,1
3316,0.17906390932849886,-0.28374436268600456,0.31359628762193598,0.31713655849287703,1
3317,0.38628461063808389,0.54513844255233557,0.31713655849287703,0.4406478695259477,1
3318,0.46879508768418959,0.87518035073675837,0.4406478695259477,0.50542851824203683,1
3319,0.25126755015361457,0.0050702006144582867,0.50542851824203683,0.51326512326072615,1
3320,0.27992803478678996,0.11971213914715984,0.51326512326072615,0.44105192410414074,1
3321,0.05222753789530693,-0.79108984841877228,0.44105192410414074,0.33932193662876337,1
3322,0.19561055157378493,-0.21755779370486028,0.33932193662876337,0.34113058565974341,1
3323,0.24269254025814041,-0.02922983896743836,0.34113058565974341,0.37949554324825574,1
3324,0.45819528913996127,0.83278115655984508,0.37949554324825574,0.60577992336707931,1
3325,0.36859766703851787,0.47439066815407149,0.60577992336707931,0.50785628876180489,1
3326,0.20612940272044916,-0.17548238911820335,0.50785628876180489,0.48329656060228743,1
3327,0.41690441235890796,0.66761764943563184,0.48329656060228743,0.64827882810506032,1
3328,0.033206753702132774,-0.8671729851914689,0.64827882810506032,0.46144867689943214,1
3329,0.37783487142485822,0.51133948569943288,0.46144867689943214,0.50600770138017537,1
3330,0.049159705234738227,-0.80336117906104709,0.50600770138017537,0.37491116066315466,1
3331,0.050668116591190582,-0.79732753363523767,0.37491116066315466,0.31446066648728377,1
3332,0.37362444714642934,0.49449778858571736,0.31446066648728377,0.40303432976309883,1
3333,0.48550450682173668,0.94201802728694672,0.40303432976309883,0.64899623579764931,1
3334,0.18879174744261168,-0.24483301022955328,0.64899623579764931,0.55983981839412245,1
3335,0.20377184166736656,-0.18491263333053376,0.55983981839412245,0.46834533540196099,1
3336,0.26949239772423372,0.077969590896934893,0.46834533540196099,0.52304221244935634,1
3337,0.44936551587358531,0.79746206349434123,0.52304221244935634,0.40765972229562686,1
3338,0.43655432495468355,0.74621729981873419,0.40765972229562686,0.56485868658968208,1
3339,0.26944564073632887,0.077782562945315492,0.56485868658968208,0.42407785028015199,1
3340,0.17323806373503442,-0.30704774505986232,0.42407785028015199,0.33981966916323247,1
3341,0.089958576766380971,-0.64016569293447612,0.33981966916323247,0.33144030876849395,1
3342,0.023626082389275938,-0.90549567044289625,0.33144030876849395,0.29404772297006199,1
3343,0.48044786452221017,0.92179145808884067,0.29404772297006199,0.39134536581522261,1
3344,0.4525901392530855,0.810360557012342,0.39134536581522261,0.43996814932489825,1
3345,0.00033823155198675625,-0.99864707379205297,0.43996814932489825,0.32418181742790603,1
3346,0.031699128621802686,-0.87320348551278926,0.32418181742790603,0.28411317167366501,1
3347,0.42930547320350615,0.7172218928140246,0.28411317167366501,0.52035968125225007,1
3348,0.28832015244170478,0.15328060976681912,0.52035968125225007,0.47447773313965513,1
3349,0.10779110908939399,-0.56883556364242405,0.47447773313965513,0.36106974886695187,1
3350,0.22360946400284287,-0.10556214398862851,0.36106974886695187,0.3063902858179689,1
3351,0.20790308290253784,-0.16838766838984864,0.3063902858179689,0.25638685421574114,1
3352,0.10214150989426385,-0.5914339604229446,0.25638685421574114,0.29734716668341493,1
3353,0.0058046874804958959,-0.97678125007801642,0.29734716668341493,0.24749457591511476,1
3354,0.43579903800833858,0.74319615203335432,0.24749457591511476,0.21792691299580241,1
3355,0.37267381632479785,0.49069526529919139,0.21792691299580241,0.21894445749719763,1
3356,0.47401552684312498,0.89606210737249992,0.21894445749719763,0.50579107448977423,1
3357,0.40873735385264742,0.63494941541058969,0.50579107448977423,0.51464913343974361,1
3358,0.098864678909104498,-0.60454128436358201,0.51464913343974361,0.3578824914498665,1
3359,0.088367954183419306,-0.64652818326632278,0.3578824914498665,0.29576681987973208,1
3360,0.23664944404670868,-0.053402223813165284,0.29576681987973208,0.31012772463101079,1
3361,0.12530398836541956,-0.49878404653832176,0.31012772463101079,0.26220292047782873,1
3362,0.0083419218240449178,-0.96663231270382033,0.26220292047782873,0.22105480816918871,1
3363,0.25869169736113995,0.034766789444559798,0.22105480816918871,0.37025931121271238,1
3364,0.10075953923664688,-0.59696184305341249,0.37025931121271238,0.32802611809314852,1
3365,0.018071556218467899,-0.9277137751261284,0.32802611809314852,0.26677071258562202,1
3366,0.20245145045471791,-0.19019419818112837,0.26677071258562202,0.34994035755784647,1
3367,0.46416011442884059,0.85664045771536235,0.34994035755784647,0.33114780377562381,1
3368,0.38023043705566201,0.52092174822264803,0.33114780377562381,0.30095959264387606,1
3369,0.15119253775809949,-0.39522984896760205,0.30095959264387606,0.28964684378949557,1
3370,0.3193937532930598,0.2775750131722392,0.28964684378949557,0.29080948908359716,1
3371,0.1252709919304259,-0.4989160322782964,0.29080948908359716,0.23258906955293526,1
3372,0.020785640276979378,-0.91685743889208249,0.23258906955293526,0.21251210417535851,1
3373,0.19798712652541789,-0.20805149389832844,0.21251210417535851,0.22526359519983166,1
3374,0.37674726413606158,0.50698905654424631,0.22526359519983166,0.20964019953366167,1
3375,0.3578352727608583,0.43134109104343321,0.20964019953366167,0.29995716240827242,1
3376,0.38083781903249631,0.52335127612998522,0.29995716240827242,0.49627285644731145,1
3377,0.086599856355642935,-0.65360057457742826,0.49627285644731145,0.36995532832045663,1
3378,0.0051515785440987005,-0.9793936858236052,0.36995532832045663,0.26630909525342272,1
3379,0.43690742685429917,0.7476297074171967,0.26630909525342272,0.42773200426944202,1
3380,0.062108122359211537,-0.75156751056315385,0.42773200426944202,0.30481378047289825,1
3381,0.41576189826069176,0.66304759304276706,0.30481378047289825,0.25081553691864628,1
3382,0.060666986593676919,-0.75733205362529232,0.25081553691864628,0.23167739094569331,1
3383,0.22631127541310886,-0.094754898347564565,0.23167739094569331,0.3331029955801168,1
3384,0.48902295514211525,0.95609182056846098,0.3331029955801168,0.51554992293160173,1
3385,0.2404595613374631,-0.038161754650147595,0.51554992293160173,0.48215204227599284,1
3386,0.34601922264984386,0.38407689059937544,0.48215204227599284,0.3782703795973712,1
3387,0.42330155970807348,0.69320623883229393,0.3782703795973712,0.28409140662026455,1
3388,0.19375100448095095,-0.2249959820761962,0.28409140662026455,0.36155828757410691,1
3389,0.29557005582271029,0.18228022329084115,0.36155828757410691,0.30053732143520318,1
3390,0.11222384601073376,-0.55110461595706495,0.30053732143520318,0.31187981957466893,1
3391,0.10882325642746027,-0.56470697429015893,0.31187981957466893,0.2572604931137269,1
3392,0.043496880272178684,-0.82601247891128526,0.2572604931137269,0.23639954262973789,1
3393,0.28788639151167705,0.15154556604670821,0.23639954262973789,0.42300104666683458,1
3394,0.48434448630468446,0.93737794521873785,0.42300104666683458,0.47669570443979814,1
3395,0.35429293267726641,0.41717173070906566,0.47669570443979814,0.51060105525463295,1
3396,0.2147859956526279,-0.14085601738948839,0.51060105525463295,0.47994310661966022,1
3397,0.13096616783939213,-0.47613532864243147,0.47994310661966022,0.36944203846512402,1
3398,0.03448755460797065,-0.8620497815681174,0.36944203846512402,0.29497424987713505,1
3399,0.37832642581057496,0.51330570324229985,0.29497424987713505,0.30616926364970454,1
3400,0.043247942814514495,-0.82700822874194202,0.30616926364970454,0.25503678587888645,1
3401,0.30665157995707476,0.22660631982829904,0.25503678587888645,0.24254667723007914,1
3402,0.49975587770259827,0.99902351081039309,0.24254667723007914,0.43216883219166757,1
3403,0.48417916692819429,0.93671666771277717,0.43216883219166757,0.66332341429329711,1
3404,0.20171065750361977,-0.19315736998552091,0.66332341429329711,0.5398835698286808,1
3405,0.011796277226147234,-0.95281489109541107,0.5398835698286808,0.37628215271677812,1
3406,0.22674685156415375,-0.093012593743384997,0.37628215271677812,0.33192843584410558,1
3407,0.40333664145462628,0.61334656581850511,0.33192843584410558,0.28370517314321181,1
3408,0.40245073785789698,0.60980295143158791,0.28370517314321181,0.466352712730014,1
3409,0.047553160662603733,-0.80978735734958507,0.466352712730014,0.33386876196348214,1
3410,0.26213968501209611,0.048558740048384452,0.33386876196348214,0.38626230717286181,1
3411,0.24859373503397902,-0.0056250598640839033,0.38626230717286181,0.48057317795136079,1
3412,0.46962991003696386,0.87851964014785544,0.48057317795136079,0.68843691749771652,1
3413,0.32221007702831472,0.28884030811325889,0.68843691749771652,0.56066150902429535,1
3414,0.019968186823512923,-0.92012725270594831,0.56066150902429535,0.39324162831820575,1
3415,0.13443201524979426,-0.46227193900082297,0.39324162831820575,0.34826830481055981,1
3416,0.16190729777932805,-0.35237080888268779,0.34826830481055981,0.37684793870123467,1
3417,0.47708928885911339,0.90835715543645357,0.37684793870123467,0.58242737183364279,1
3418,0.34181876621350077,0.36727506485400307,0.58242737183364279,0.43356168546319962,1
3419,0.062702632231002808,-0.74918947107598877,0.43356168546319962,0.35409935944155246,1
3420,0.18963894958200178,-0.24144420167199288,0.35409935944155246,0.35846479398529951,1
3421,0.40344758201482889,0.61379032805931555,0.35846479398529951,0.57377320416806421,1
3422,0.26648290800807961,0.065931632032318443,0.57377320416806421,0.53489698823176401,1
3423,0.20636949983147573,-0.17452200067409707,0.53489698823176401,0.3874365667241525,1
3424,0.23937732907583675,-0.042490683696652987,0.3874365667241525,0.34863313123647943,1
3425,0.27051044063974222,0.082041762558968889,0.34863313123647943,0.34521475652568923,1
3426,0.098121858748963342,-0.60751256500414663,0.34521475652568923,0.34792476894655955,1
3427,0.26226776829024812,0.049071073160992462,0.34792476894655955,0.41306937743681416,1
3428,0.21992268563643097,-0.12030925745427612,0.41306937743681416,0.32922421352703357,1
3429,0.3063424033724908,0.22536961348996321,0.32922421352703357,0.35163422900982333,1
3430,0.19084027071722814,-0.23663891713108742,0.35163422900982333,0.39113714879759154,1
3431,0.043571951479731752,-0.82571219408107299,0.39113714879759154,0.31343406496440018,1
3432,0.18445210490892722,-0.26219158036429113,0.31343406496440018,0.31009458528480699,1
3433,0.44399638278877313,0.7759855311550925,0.31009458528480699,0.40730505319490529,1
3434,0.12138567731309396,-0.51445729074762414,0.40730505319490529,0.34389853103832058,1
3435,0.40286827868394703,0.61147311473578814,0.34389853103832058,0.32355732190873998,1
3436,0.4538917376533671,0.8155669506134684,0.32355732190873998,0.43275751975790366,1
3437,0.33973952039237804,0.35895808156951214,0.43275751975790366,0.42014688152597868,1
3438,0.12849595192414792,-0.48601619230340831,0.42014688152597868,0.36120329207160584,1
3439,0.19539670160575606,-0.21841319357697575,0.36120329207160584,0.33030827383649497,1
3440,0.01611273901932414,-0.93554904392270344,0.33030827383649497,0.2601599924004559,1
3441,0.4660722327269976,0.86428893090799042,0.2601599924004559,0.35256527757018974,1
3442,0.27929696040482449,0.11718784161929796,0.35256527757018974,0.4542190964749101,1
3443,0.13776110945368142,-0.44895556218527433,0.4542190964749101,0.34506440026161173,1
3444,0.055209227357331747,-0.77916309057067301,0.34506440026161173,0.29940599873385115,1
3445,0.16792626928065552,-0.32829492287737794,0.29940599873385115,0.35773683162862568,1
3446,0.47579656562375383,0.90318626249501532,0.35773683162862568,0.51442670556836601,1
3447,0.0012332252122980725,-0.99506709915080771,0.51442670556836601,0.34961213172363348,1
3448,0.23641961077217011,-0.054321556911319568,0.34961213172363348,0.33753904738564933,1
3449,0.068004827188574146,-0.72798069124570342,0.33753904738564933,0.26367987294548584,1
3450,0.38756464442438382,0.55025857769753528,0.26367987294548584,0.49665127109215834,1
3451,0.076031181269322734,-0.69587527492270906,0.49665127109215834,0.37448942770104399,1
3452,0.33155686147989272,0.32622744591957087,0.37448942770104399,0.35187892906443874,1
3453,0.099258003162032926,-0.6029679873518683,0.35187892906443874,0.27871380393693107,1
3454,0.14327890470199806,-0.42688438119200778,0.27871380393693107,0.27020938801242578,1
3455,0.46634584784013733,0.86538339136054931,0.27020938801242578,0.56246073745881731,1
3456,0.078384912520036154,-0.68646034991985538,0.56246073745881731,0.3757412358765293,1
3457,0.29523751244553109,0.18095004978212437,0.3757412358765293,0.38620125685895723,1
3458,0.36479434582064724,0.45917738328258895,0.38620125685895723,0.32447225367104227,1
3459,0.47410774178809734,0.89643096715238935,0.32447225367104227,0.53273864499944157,1
3460,0.22194887044099437,-0.11220451823602251,0.53273864499944157,0.39044477428954016,1
3461,0.4458874015150362,0.78354960606014479,0.39044477428954016,0.51399786735612818,1
3462,0.47185633953552392,0.88742535814209567,0.51399786735612818,0.42691448565396606,1
3463,0.048218531944437204,-0.80712587222225118,0.42691448565396606,0.32514147231605539,1
3464,0.17104127579761774,-0.31583489680952903,0.32514147231605539,0.38397831994632059,1
3465,0.16066554819863071,-0.35733780720547714,0.38397831994632059,0.31514369976646217,1
3466,0.22551273997654459,-0.09794904009382166,0.31514369976646217,0.35704408986703662,1
3467,0.30057395119392388,0.20229580477569553,0.35704408986703662,0.44220943698537085,1
3468,0.27019870632452325,0.080794825298093009,0.44220943698537085,0.51352687227104621,1
3469,0.39123301566633922,0.56493206266535689,0.51352687227104621,0.49217855610816641,1
3470,0.45873911092185726,0.83495644368742905,0.49217855610816641,0.65685995442485312,1
3471,0.1601936242917697,-0.35922550283292121,0.65685995442485312,0.55583633073073546,1
3472,0.37375402377229067,0.49501609508916267,0.55583633073073546,0.4179806976501429,1
3473,0.37464615771632753,0.49858463086531013,0.4179806976501429,0.41472173823918423,1
3474,0.48194371193053503,0.92777484772214014,0.41472173823918423,0.43490255386928711,1
3475,0.092546465282842161,-0.62981413886863136,0.43490255386928711,0.36181274749986092,1
3476,0.32251175946159832,0.2900470378463933,0.36181274749986092,0.43802028711549101,1
3477,0.007986331413140646,-0.96805467434743742,0.43802028711549101,0.33819200361297608,1
3478,0.35941275186361188,0.43765100745444752,0.33819200361297608,0.49056933122646251,1
3479,0.46535449347580515,0.86141797390322061,0.49056933122646251,0.68024255394138244,1
3480,0.39680813314907459,0.58723253259629837,0.68024255394138244,0.5623107456386609,1
3481,0.027691347854710668,-0.88923460858115733,0.5623107456386609,0.41620874447648226,1
3482,0.056096865400634521,-0.77561253839746191,0.41620874447648226,0.35117807430605197,1
3483,0.23234779003187889,-0.070608839872484452,0.35117807430605197,0.45212840474775384,1
3484,0.36675195505858771,0.46700782023435083,0.45212840474775384,0.3888577513325896,1
3485,0.4124830896242454,0.64993235849698161,0.3888577513325896,0.50329811210578312,1
3486,0.04446767576246069,-0.82212929695015724,0.50329811210578312,0.36780931403091954,1
3487,0.33270531967452066,0.33082127869808264,0.36780931403091954,0.47340183597873908,1
3488,0.13283839633083599,-0.46864641467665602,0.47340183597873908,0.44566413314236564,1
3489,0.01275313921818505,-0.9489874431272598,0.44566413314236564,0.34470864704637183,1
3490,0.42752305370862431,0.71009221483449725,0.34470864704637183,0.29537891595143906,1
3491,0.28966847326197825,0.15867389304791302,0.29537891595143906,0.27263428047297034,1
3492,0.49267964047749974,0.97071856190999894,0.27263428047297034,0.40659615941794225,1
3493,0.21483744534723659,-0.14065021861105365,0.40659615941794225,0.42047937754749154,1
3494,0.11120703286676131,-0.55517186853295475,0.42047937754749154,0.37733967300946269,1
3495,0.1470782126168263,-0.41168714953269481,0.37733967300946269,0.29673140366140127,1
3496,0.3443028233261527,0.37721129330461078,0.29673140366140127,0.41575283667968321,1
3497,0.1106109431223038,-0.55755622751078482,0.41575283667968321,0.32469228962436436,1
3498,0.29920509046770394,0.19682036187081575,0.32469228962436436,0.26157564351681795,1
3499,0.39115041845727244,0.56460167382908977,0.26157564351681795,0.47398709622822655,1
3500,0.23554708246707939,-0.057811670131682424,0.47398709622822655,0.42856016112986894,1
3501,0.43131474700232475,0.725258988009299,0.42856016112986894,0.6261377303875425,1
3502,0.22209440099509858,-0.11162239601960566,0.6261377303875425,0.48563735436795807,1
3503,0.073916185701752346,-0.70433525719299062,0.48563735436795807,0.35784137962720375,1
3504,0.30148885692945215,0.20595542771780861,0.35784137962720375,0.34629774507076383,1
3505,0.41973898116075231,0.67895592464300925,0.34629774507076383,0.49022289918682727,1
3506,0.36925866885746644,0.47703467542986577,0.49022289918682727,0.41154214814877332,1
3507,0.086014599180987028,-0.65594160327605189,0.41154214814877332,0.34862414138951447,1
3508,0.43010178159813484,0.72040712639253934,0.34862414138951447,0.53068041700480495,1
3509,0.38299049533257157,0.53196198133028627,0.53068041700480495,0.51391321707887427,1
3510,0.45815290804458741,0.83261163217834966,0.51391321707887427,0.66723047605850749,1
3511,0.45558474885390793,0.82233899541563171,0.66723047605850749,0.61134899026862477,1
3512,0.22400902425712704,-0.10396390297149183,0.61134899026862477,0.45384465334675461,1
3513,0.12627353449951462,-0.49490586200194153,0.45384465334675461,0.40062783560176707,1
3514,0.031306104800287227,-0.87477558079885109,0.40062783560176707,0.33553546473974638,1
3515,0.38929599633501299,0.55718398534005198,0.33553546473974638,0.49620435928155815,1
3516,0.28563328929599091,0.14253315718396364,0.49620435928155815,0.4040478744621373,1
3517,0.17246544981559131,-0.31013820073763476,0.4040478744621373,0.42868586730075231,1
3518,0.03035039201051315,-0.8785984319579474,0.42868586730075231,0.34982903017450639,1
3519,0.095429753528185612,-0.61828098588725755,0.34982903017450639,0.3520631768303617,1
3520,0.46392357870218903,0.85569431480875613,0.3520631768303617,0.60185767864623851,1
3521,0.46426079904881373,0.85704319619525493,0.60185767864623851,0.56998841593629002,1
3522,0.28547282766859988,0.14189131067439953,0.56998841593629002,0.45025697910916562,1
3523,0.49746728549125296,0.98986914196501186,0.45025697910916562,0.35724880884883203,1
3524,0.35954477418869291,0.43817909675477162,0.35724880884883203,0.4947537770948931,1
3525,0.36879481946764803,0.47517927787059211,0.4947537770948931,0.51787795344739906,1
3526,0.42754067360695547,0.71016269442782187,0.51787795344739906,0.48317894271367667,1
3527,0.16451356756595831,-0.34194572973616677,0.48317894271367667,0.36371310411742352,1
3528,0.067886102770197243,-0.72845558891921103,0.36371310411742352,0.30140830111593475,1
3529,0.31143769142155864,0.24575076568623455,0.30140830111593475,0.47484895879761069,1
3530,0.07737849628383392,-0.69048601486466432,0.47484895879761069,0.40591494449480825,1
3531,0.11956590867345762,-0.52173636530616951,0.40591494449480825,0.36266447735764318,1
3532,0.15298917878220947,-0.38804328487116213,0.36266447735764318,0.39933472398496916,1
3533,0.2297875933442346,-0.08084962662306161,0.39933472398496916,0.4268092807635413,1
3534,0.091635044351482731,-0.63345982259406908,0.4268092807635413,0.3690155070617821,1
3535,0.10505252855940189,-0.57978988576239243,0.3690155070617821,0.35381211427490489,1
3536,0.081464871036716235,-0.67414051585313506,0.35381211427490489,0.29596012534149829,1
3537,0.20623711579395992,-0.1750515368241603,0.29596012534149829,0.26533303197164132,1
3538,0.0065221777178540719,-0.97391128912858371,0.26533303197164132,0.23113774524452887,1
3539,0.32185245875750979,0.28740983503003914,0.23113774524452887,0.24812749917206792,1
3540,0.19318192151732189,-0.22727231393071246,0.24812749917206792,0.25074717271447799,1
3541,0.080973444782332094,-0.67610622087067163,0.25074717271447799,0.23396267154994402,1
3542,0.01791064883543092,-0.92835740465827632,0.23396267154994402,0.2123251374745265,1
3543,0.25300088406485322,0.012003536259412861,0.2123251374745265,0.22912474045593051,1
3544,0.022532916847193607,-0.90986833261122557,0.22912474045593051,0.20310020551407121,1
3545,0.057915620425036951,-0.7683375182998522,0.20310020551407121,0.1936346875656168,1
3546,0.49190799355583548,0.96763197422334191,0.1936346875656168,0.33314725933629119,1
3547,0.17708436181476567,-0.29166255274093733,0.33314725933629119,0.24166497566700085,1
3548,0.12632920163985156,-0.49468319344059375,0.24166497566700085,0.26221008411236324,1
3549,0.33723914885970657,0.34895659543882629,0.26221008411236324,0.30795646208861915,1
3550,0.33696060073735179,0.34784240294940716,0.30795646208861915,0.27131410752613927,1
3551,0.28884268903600924,0.15537075614403695,0.27131410752613927,0.22291172059665673,1
3552,0.19990132343309353,-0.2003947062676259,0.22291172059665673,0.27034828997839999,1
3553,0.36362038486012654,0.45448153944050618,0.27034828997839999,0.22766685096968628,1
3554,0.026370292478848978,-0.89451883008460409,0.22766685096968628,0.19943580677308981,1
3555,0.029169444784207021,-0.88332222086317191,0.19943580677308981,0.20658529043256468,1
3556,0.19555319115032344,-0.21778723539870626,0.20658529043256468,0.24018951266915253,1
3557,0.17855788736424699,-0.28576845054301203,0.24018951266915253,0.23531908203087634,1
3558,0.28351533036534765,0.1340613214613906,0.23531908203087634,0.34276968066760166,1
3559,0.21079266774252786,-0.15682932902988855,0.34276968066760166,0.3526401882937007,1
3560,0.47950757655691284,0.91803030622765136,0.3526401882937007,0.45884525851875835,1
3561,0.31497205317005822,0.25988821268023288,0.45884525851875835,0.39534377716023905,1
3562,0.2132039626676131,-0.1471841493295476,0.39534377716023905,0.3927920310377323,1
3563,0.14874926323482607,-0.40500294706069573,0.3927920310377323,0.28365341385710829,1
3564,0.3072333450344738,0.22893338013789521,0.28365341385710829,0.24261246258132899,1
3565,0.3288948651659398,0.31557946066375919,0.24261246258132899,0.30747896871060276,1
3566,0.10423230398317485,-0.58307078406730062,0.30747896871060276,0.27015155356473164,1
3567,0.29760696344350412,0.1904278537740165,0.27015155356473164,0.35193622448821793,1
3568,0.23933347670005667,-0.042666093199773325,0.35193622448821793,0.34105337886097153,1
3569,0.20906235717685562,-0.16375057129257753,0.34105337886097153,0.41060600383455059,1
3570,0.039544004470586758,-0.84182398211765297,0.41060600383455059,0.31278605475337495,1
3571,0.22359069823611782,-0.1056372070555287,0.31278605475337495,0.3170827368217799,1
3572,0.47293031250169282,0.89172125000677127,0.3170827368217799,0.35185815932643283,1
3573,0.07895915606747167,-0.68416337573011332,0.35185815932643283,0.29805341184890732,1
3574,0.45945073928729341,0.83780295714917363,0.29805341184890732,0.46382498496406366,1
3575,0.36447275762498332,0.45789103049993329,0.46382498496406366,0.37555836880897464,1
3576,0.48156180353061151,0.92624721412244604,0.37555836880897464,0.49323132530454628,1
3577,0.43578203207475724,0.74312812829902897,0.49323132530454628,0.49605739045273478,1
3578,0.20483867203538697,-0.18064531185845212,0.49605739045273478,0.40879515025050928,1
3579,0.32816121512840746,0.31264486051362983,0.40879515025050928,0.32238813276234113,1
3580,0.37600604274423172,0.50402417097692687,0.32238813276234113,0.38471626972303186,1
3581,0.11898407556944174,-0.52406369772223305,0.38471626972303186,0.37506379765291153,1
3582,0.058440138102007322,-0.76623944759197071,0.37506379765291153,0.29388238374545361,1
3583,0.35384413606054244,0.41537654424216974,0.29388238374545361,0.48950273363213093,1
3584,0.30972483000545098,0.23889932002180392,0.48950273363213093,0.51660220289293857,1
3585,0.26915809522238171,0.076632380889526841,0.51660220289293857,0.55674976127946585,1
3586,0.45984574575810178,0.8393829830324071,0.55674976127946585,0.68834458230750728,1
3587,0.36678466201071974,0.46713864804287897,0.68834458230750728,0.57518330616295821,1
3588,0.14806701543397632,-0.40773193826409471,0.57518330616295821,0.47805484694702571,1
3589,0.37657514577561496,0.50630058310245984,0.47805484694702571,0.56768474875523367,1
3590,0.0002337169912129955,-0.99906513203514802,0.56768474875523367,0.4101617781199367,1
3591,0.48053205975342689,0.92212823901370755,0.4101617781199367,0.36671234127347174,1
3592,0.45142197807177059,0.80568791228708236,0.36671234127347174,0.54024396288884535,1
3593,0.40688831717421486,0.62755326869685946,0.54024396288884535,0.59128109740593116,1
3594,0.22718874210723627,-0.091245031571054902,0.59128109740593116,0.52553282788304634,1
3595,0.37578470955061211,0.50313883820244842,0.52553282788304634,0.65612921430550508,1
3596,0.051480275792369079,-0.79407889683052368,0.65612921430550508,0.50229489271060523,1
3597,0.30189411135767291,0.20757644543069165,0.50229489271060523,0.44866947909389066,1
3598,0.075996681567586932,-0.69601327372965227,0.44866947909389066,0.39164235027751415,1
3599,0.32067918499827824,0.28271673999311298,0.39164235027751415,0.3155226213841979,1
3600,0.17113012255351723,-0.31547950978593109,0.3155226213841979,0.39291512853044253,1
3601,0.33817830035013663,0.35271320140054652,0.39291512853044253,0.53980918632307384,1
3602,0.2355508649626572,-0.057796540149371189,0.53980918632307384,0.53806941111651585,1
3603,0.36010118958959431,0.44040475835837722,0.53806941111651585,0.51601444099947924,1
3604,0.49666930435931567,0.98667721743726267,0.51601444099947924,0.65929518122568631,1
3605,0.18549319972221384,-0.25802720111114463,0.65929518122568631,0.47562955107364102,1
3606,0.25485262530493513,0.019410501219740528,0.47562955107364102,0.47176881222279321,1
3607,0.18752585237699976,-0.24989659049200097,0.47176881222279321,0.37493709140552256,1
3608,0.40874223625036726,0.63496894500146905,0.37493709140552256,0.49674668220425822,1
3609,0.080619983537535578,-0.67752006584985769,0.49674668220425822,0.38845881068002541,1
3610,0.15654462860132595,-0.37382148559469619,0.38845881068002541,0.39021968237817461,1
3611,0.15043142673688475,-0.39827429305246098,0.39021968237817461,0.36486406970836538,1
3612,0.39182764940559778,0.56731059762239111,0.36486406970836538,0.50641091251004322,1
3613,0.030655810627860325,-0.8773767574885587,0.50641091251004322,0.39235932937008944,1
3614,0.48587055256516276,0.94348221026065104,0.39235932937008944,0.44158307122336493,1
3615,0.29984347659531047,0.19937390638124186,0.44158307122336493,0.44210487946773813,1
3616,0.24986428896117518,-0.00054284415529926022,0.44210487946773813,0.39729279222891045,1
3617,0.060777400805744231,-0.75689039677702308,0.39729279222891045,0.33978298641026849,1
3618,0.056981648527069217,-0.77207340589172313,0.33978298641026849,0.27949754303901297,1
3619,0.25604998452922773,0.024199938116910902,0.27949754303901297,0.29907112589772245,1
3620,0.42309177460415826,0.69236709841663302,0.29907112589772245,0.34280962634178835,1
3621,0.08005008102599187,-0.67979967589603252,0.34280962634178835,0.31512447871486049,1
3622,0.13305957035825466,-0.46776171856698134,0.31512447871486049,0.25983687316945925,1
3623,0.45750959075648073,0.83003836302592293,0.25983687316945925,0.55698110924772337,1
3624,0.14167481937673737,-0.43330072249305052,0.55698110924772337,0.4331345209731069,1
3625,0.0010775527011011032,-0.99568978919559559,0.4331345209731069,0.30972989245017646,1
3626,0.43887509245037615,0.75550036980150459,0.30972989245017646,0.28764732550977279,1
3627,0.34924646693280947,0.3969858677312379,0.28764732550977279,0.26538484864007889,1
3628,0.18165352385298311,-0.27338590458806755,0.26538484864007889,0.29382560444516981,1
3629,0.48042961426997721,0.92171845707990885,0.29382560444516981,0.54246119653523728,1
3630,0.30739162227415767,0.22956648909663069,0.54246119653523728,0.39747957207276752,1
3631,0.40344170865979201,0.61376683463916804,0.39747957207276752,0.37253721005713014,1
3632,0.30631259348057521,0.22525037392230085,0.37253721005713014,0.49124621929281664,1
3633,0.4547442668176423,0.81897706727056918,0.49124621929281664,0.44104421226304724,1
3634,0.082528049203982212,-0.66988780318407115,0.44104421226304724,0.31700565051715324,1
3635,0.21639698253200546,-0.13441206987197818,0.31700565051715324,0.39649564770932388,1
3636,0.12461027560697552,-0.50155889757209793,0.39649564770932388,0.35966406644126026,1
3637,0.42360682032521774,0.69442728130087095,0.35966406644126026,0.39304720035334717,1
3638,0.27565345971853045,0.10261383887412179,0.39304720035334717,0.49526618879827855,1
3639,0.12202761841628806,-0.51188952633484774,0.49526618879827855,0.40900585812422741,1
3640,0.18727905119885285,-0.25088379520458859,0.40900585812422741,0.41932581383518663,1
3641,0.10397088843510577,-0.58411644625957693,0.41932581383518663,0.35941850487359062,1
3642,0.36608802146243147,0.46435208584972587,0.35941850487359062,0.53088887416693387,1
3643,0.34246600110514019,0.36986400442056078,0.53088887416693387,0.41105519191034312,1
3644,0.44927536292579262,0.79710145170317048,0.41105519191034312,0.4532342019332285,1
3645,0.21396610964927049,-0.14413556140291806,0.4532342019332285,0.37176397276714646,1
3646,0.016790042648957115,-0.93283982940417154,0.37176397276714646,0.30031781911416566,1
3647,0.42291009811942271,0.69164039247769082,0.30031781911416566,0.42717598903940335,1
3648,0.085270007835262285,-0.65891996865895086,0.42717598903940335,0.33298610902232295,1
3649,0.18579629710232742,-0.25681481159069031,0.33298610902232295,0.31893929470380533,1
3650,0.25950705371886235,0.038028214875449384,0.31893929470380533,0.29874708012449924,1
3651,0.34992063190405376,0.39968252761621503,0.29874708012449924,0.43860631892902169,1
3652,0.48304024759517483,0.93216099038069933,0.43860631892902169,0.56489028237278482,1
3653,0.40992346140673136,0.63969384562692544,0.56489028237278482,0.65637384477083527,1
3654,0.47054023992991589,0.88216095971966357,0.65637384477083527,0.58455701186884812,1
3655,0.021523520320788803,-0.91390591871684479,0.58455701186884812,0.40142402071111327,1
3656,0.4755102471296932,0.90204098851877279,0.40142402071111327,0.60886256407511608,1
3657,0.28257520399401143,0.1303008159760457,0.60886256407511608,0.45983124858532975,1
3658,0.10048113888408589,-0.59807544446365646,0.45983124858532975,0.37321355559933,1
3659,0.37669791210356324,0.50679164841425295,0.37321355559933,0.44640451174204887,1
3660,0.19755766203840158,-0.20976935184639367,0.44640451174204887,0.44548725766537001,1
3661,0.21174376634157799,-0.15302493463368805,0.44548725766537001,0.49798586413996582,1
3662,0.3807940300643648,0.52317612025745919,0.49798586413996582,0.60900865904335666,1
3663,0.14439602221778874,-0.42241591112884502,0.60900865904335666,0.53940287987034174,1
3664,0.011980037593110449,-0.95207984962755821,0.53940287987034174,0.39614616708426964,1
3665,0.052741372182786961,-0.78903451126885216,0.39614616708426964,0.35109714334239805,1
3666,0.28291323640196681,0.13165294560786722,0.35109714334239805,0.40823507258910241,1
3667,0.19118668122713078,-0.23525327509147687,0.40823507258910241,0.34368668359267007,1
3668,0.30394885466974192,0.21579541867896768,0.34368668359267007,0.45064574282727943,1
3669,0.48418281403110563,0.93673125612442254,0.45064574282727943,0.47980191746817213,1
3670,0.11751923896060656,-0.52992304415757374,0.47980191746817213,0.38973768047356427,1
3671,0.027476762169635571,-0.89009295132145771,0.38973768047356427,0.31963929430247884,1
3672,0.042545071058427142,-0.82981971576629143,0.31963929430247884,0.27362789217620476,1
3673,0.21389052244503248,-0.14443791021987007,0.27362789217620476,0.24000114400556291,1
3674,0.18793881520194156,-0.24824473919223378,0.24000114400556291,0.2307002034870535,1
3675,0.11840880346633648,-0.52636478613465409,0.2307002034870535,0.25968376118770109,1
3676,0.2959011995138528,0.18360479805541119,0.25968376118770109,0.30685485936715784,1
3677,0.48093308270539953,0.92373233082159811,0.30685485936715784,0.46186986028377508,1
3678,0.25136583168551918,0.005463326742076724,0.46186986028377508,0.49992946660932436,1
3679,0.091466515400945247,-0.63413393839621901,0.49992946660932436,0.35263639610016995,1
3680,0.44714414234632088,0.78857656938528353,0.35263639610016995,0.2830165154180419,1
3681,0.46881194859504033,0.87524779438016131,0.2830165154180419,0.26050170208944112,1
3682,0.38139950811813739,0.52559803247254955,0.26050170208944112,0.3417912943396747,1
3683,0.31576962147702664,0.26307848590810656,0.3417912943396747,0.34687410922031092,1
3684,0.35779304169190779,0.43117216676763115,0.34687410922031092,0.32560589287005648,1
3685,0.26076883806469509,0.043075352258780342,0.32560589287005648,0.36940857463907717,1
3686,0.11425112956302946,-0.54299548174788215,0.36940857463907717,0.35878540140939386,1
3687,0.45430327813075211,0.81721311252300843,0.35878540140939386,0.44351899506855252,1
3688,0.15975453020105007,-0.36098187919579972,0.44351899506855252,0.33440975150943242,1
3689,0.42234645215486233,0.68938580861944931,0.33440975150943242,0.54072389759898121,1
3690,0.35388675397727826,0.41554701590911303,0.54072389759898121,0.60853232234532251,1
3691,0.17764690444480091,-0.28941238222079635,0.60853232234532251,0.50377258405861314,1
3692,0.46190901498678216,0.84763605994712865,0.50377258405861314,0.57503982744347926,1
3693,0.42683783859565211,0.70735135438260843,0.57503982744347926,0.62829193791596172,1
3694,0.3437095073202095,0.37483802928083798,0.62829193791596172,0.57020510661220025,1
3695,0.43202410318697138,0.7280964127478855,0.57020510661220025,0.48573260037546218,1
3696,0.37055941204863641,0.48223764819454562,0.48573260037546218,0.62086281027655921,1
3697,0.3737517377253865,0.49500695090154601,0.62086281027655921,0.54069455096491792,1
3698,0.44769169200051168,0.7907667680020467,0.54069455096491792,0.69204084325586235,1
3699,0.4470362728467962,0.7881450913871848,0.69204084325586235,0.74442436937511991,1
3700,0.24226341400375656,-0.030946343984973756,0.74442436937511991,0.6100790014935501,1
3701,0.01406245712123394,-0.94375017151506424,0.6100790014935501,0.47491053125610283,1
3702,0.41082960801791946,0.64331843207167783,0.47491053125610283,0.64661219733011366,1
3703,0.47755004256475142,0.91020017025900568,0.64661219733011366,0.73462295978965086,1
3704,0.42063887403565015,0.68255549614260058,0.73462295978965086,0.81777750630101254,1
3705,0.41777466193227453,0.67109864772909811,0.81777750630101254,0.8379191886874966,1
3706,0.42619603126447997,0.70478412505791987,0.8379191886874966,0.87185151704763308,1
3707,0.39909069758452753,0.59636279033811013,0.87185151704763308,0.93344075059192988,1
3708,0.31954515982925152,0.2781806393170061,0.93344075059192988,0.93798253741120508,1
3709,0.071464920995666481,-0.71414031601733408,0.93798253741120508,0.76424932488291519,1
3710,0.18151672454844192,-0.27393310180623232,0.76424932488291519,0.62464358339402215,1
3711,0.33058859388907363,0.32235437555629454,0.62464358339402215,0.72985554159706301,1
3712,0.34113510839320504,0.36454043357282018,0.72985554159706301,0.85157509866410253,1
3713,0.19742304069600669,-0.21030783721597324,0.85157509866410253,0.82509297679687221,1
3714,0.11785857703733471,-0.52856569185066116,0.82509297679687221,0.75944198424968301,1
3715,0.31641445767241849,0.26565783068967397,0.75944198424968301,0.83905746727109431,1
3716,0.31971120494140692,0.27884481976562769,0.83905746727109431,0.88448642629822127,1
3717,0.42278051125382549,0.69112204501530194,0.88448642629822127,0.92841263697765997,1
3718,0.076705445914471815,-0.69317821634211274,0.92841263697765997,0.7648330638724109,1
3719,0.16013083624773861,-0.35947665500904558,0.7648330638724109,0.67789855867896731,1
3720,0.082649580189299465,-0.66940167924280214,0.67789855867896731,0.61162566535663354,1
3721,0.14321168663515155,-0.42715325345939381,0.61162566535663354,0.5975139078714593,1
3722,0.060044874126310599,-0.7598205034947576,0.5975139078714593,0.5282715584646257,1
3723,0.44446743502914327,0.77786974011657306,0.5282715584646257,0.5329577632678788,1
3724,0.34625721140824411,0.38502884563297646,0.5329577632678788,0.61408136405788771,1
3725,0.48177125487879563,0.92708501951518252,0.61408136405788771,0.72955385362559177,1
3726,0.094101753543661848,-0.62359298582535261,0.72955385362559177,0.62913116430854521,1
3727,0.22022660965129248,-0.11909356139483007,0.62913116430854521,0.52214068902831023,1
3728,0.20253626163434002,-0.18985495346263992,0.52214068902831023,0.46736332611595155,1
3729,0.37077514354999774,0.48310057419999097,0.46736332611595155,0.42429404422697869,1
3730,0.23617168572583236,-0.055313257096670565,0.42429404422697869,0.3980321876000521,1
3731,0.33203769123443544,0.32815076493774176,0.3980321876000521,0.35764662193086394,1
3732,0.17564216229528706,-0.29743135081885175,0.35764662193086394,0.41744503801228905,1
3733,0.073314779059594326,-0.7067408837616227,0.41744503801228905,0.36960715907361952,1
3734,0.37589439253765455,0.50357757015061821,0.36960715907361952,0.57361996185236075,1
3735,0.11904908897326566,-0.52380364410693736,0.57361996185236075,0.42910672054293408,1
3736,0.32373518988953282,0.29494075955813126,0.42910672054293408,0.43412005413853105,1
3737,0.40471821266594676,0.61887285066378706,0.43412005413853105,0.44855381401668404,1
3738,0.19313386401091653,-0.22746454395633386,0.44855381401668404,0.43886288839361376,1
3739,0.13980407538459033,-0.44078369846163867,0.43886288839361376,0.37534987582839408,1
3740,0.25778875168942256,0.031155006757690229,0.37534987582839408,0.42061650636700187,1
3741,0.03237179593726397,-0.87051281625094412,0.42061650636700187,0.32440869949016027,1
3742,0.45808234961058342,0.83232939844233367,0.32440869949016027,0.31633878334518262,1
3743,0.05800023274411048,-0.76799906902355808,0.31633878334518262,0.29293778156240335,1
3744,0.16451002203479104,-0.34195991186083585,0.29293778156240335,0.27663573143402398,1
3745,0.097151289405089269,-0.61139484237964292,0.27663573143402398,0.28213272186820537,1
3746,0.029337650574100593,-0.88264939770359763,0.28213272186820537,0.25337438650348337,1
3747,0.14985759226934797,-0.40056963092260811,0.25337438650348337,0.26286989377834247,1
3748,0.49612596264829162,0.98450385059316647,0.26286989377834247,0.32553289878482239,1
3749,0.31727581505995678,0.26910326023982711,0.32553289878482239,0.37129418379321577,1
3750,0.18679967774315076,-0.25280128902739696,0.37129418379321577,0.27849472615853815,1
3751,0.45170338899797347,0.80681355599189386,0.27849472615853815,0.5354761314326284,1
3752,0.36657647353116229,0.46630589412464918,0.5354761314326284,0.37807976831216594,1
3753,0.099533211848239933,-0.60186715260704027,0.37807976831216594,0.29955228981625764,1
3754,0.48398340644208299,0.93593362576833194,0.29955228981625764,0.30927369207562005,1
3755,0.3191782215694286,0.2767128862777144,0.30927369207562005,0.25779756858337821,1
3756,0.37711883695304954,0.50847534781219816,0.25779756858337821,0.30428285418477402,1
3757,0.29115554603828242,0.16462218415312968,0.30428285418477402,0.4585109268280807,1
3758,0.48245927453284698,0.92983709813138793,0.4585109268280807,0.54782110337094325,1
3759,0.12430479533732525,-0.50278081865069901,0.54782110337094325,0.40163499659185964,1
3760,0.10675372187339638,-0.57298511250641448,0.40163499659185964,0.36854877946127995,1
3761,0.10083348941962073,-0.5966660423215171,0.36854877946127995,0.33715734979678108,1
3762,0.25850201340529716,0.034008053621188639,0.33715734979678108,0.3014861340632945,1
3763,0.086256942996517372,-0.65497222801393051,0.3014861340632945,0.3071236880107856,1
3764,0.38489505372524718,0.53958021490098873,0.3071236880107856,0.43159683837979279,1
3765,0.12719833190619001,-0.49120667237523996,0.43159683837979279,0.38162221654090178,1
3766,0.0034447152544822002,-0.9862211389820712,0.38162221654090178,0.28925844787378796,1
3767,0.29279805836716744,0.17119223346866974,0.28925844787378796,0.4539894566087711,1
3768,0.14849064823075425,-0.40603740707698299,0.4539894566087711,0.35060139806850255,1
3769,0.12153905097011036,-0.51384379611955855,0.35060139806850255,0.28815432017162668,1
3770,0.036679743671275578,-0.85328102531489769,0.28815432017162668,0.2425585517570012,1
3771,0.46091992116033315,0.84367968464133258,0.2425585517570012,0.39252608698553926,1
3772,0.0070079899297283976,-0.97196804028108641,0.39252608698553926,0.28615779216885556,1
3773,0.42796624626684271,0.71186498506737084,0.28615779216885556,0.48191480524082142,1
3774,0.24951259260617437,-0.0019496295753025361,0.48191480524082142,0.37888644769285218,1
3775,0.14408073562205187,-0.42367705751179252,0.37888644769285218,0.28158071648483962,1
3776,0.28573362931199675,0.142934517247987,0.28158071648483962,0.35847871312815638,1
3777,0.4413974735697529,0.76558989427901158,0.35847871312815638,0.36885862396678082,1
3778,0.12096659241048063,-0.51613363035807747,0.36885862396678082,0.29596487751559275,1
3779,0.39625330659120139,0.58501322636480557,0.29596487751559275,0.26053643860495157,1
3780,0.079553572678159157,-0.68178570928736337,0.26053643860495157,0.27676947636836402,1
3781,0.08264660488955089,-0.66941358044179644,0.27676947636836402,0.2306968295818459,1
3782,0.36394490487384235,0.45577961949536938,0.2306968295818459,0.43998364949593471,1
3783,0.25922547275157864,0.03690189100631458,0.43998364949593471,0.40323311916952975,1
3784,0.3840018652071987,0.5360074608287948,0.40323311916952975,0.37039327500748276,1
3785,0.054844236071597219,-0.78062305571361112,0.37039327500748276,0.29548904207053173,1
3786,0.47660489624132629,0.90641958496530517,0.29548904207053173,0.55296666974279884,1
3787,0.19211727665624079,-0.23153089337503685,0.55296666974279884,0.39737759893293856,1
3788,0.21434291749604273,-0.14262833001582909,0.39737759893293856,0.41662064407777677,1
3789,0.13254068537620994,-0.46983725849516023,0.41662064407777677,0.31671199247130677,1
3790,0.086047969156801796,-0.65580812337279282,0.31671199247130677,0.26427651202825103,1
3791,0.44955256679086397,0.79821026716345589,0.26427651202825103,0.47343077938563072,1
3792,0.41856564175488303,0.67426256701953213,0.47343077938563072,0.49782413654492486,1
3793,0.086529418919126078,-0.65388232432349569,0.49782413654492486,0.39846262019277034,1
3794,0.41391415925101044,0.65565663700404175,0.39846262019277034,0.33295484854397706,1
3795,0.36536210295408633,0.46144841181634533,0.33295484854397706,0.52678040882751731,1
3796,0.055441805334453753,-0.77823277866218499,0.52678040882751731,0.38403990320571546,1
3797,0.13094862279374442,-0.47620550882502233,0.38403990320571546,0.33428463862710556,1
3798,0.098269386970084249,-0.606922452119663,0.33428463862710556,0.2857665341897262,1
3799,0.14321014711373942,-0.42715941154504233,0.2857665341897262,0.25871765854346029,1
3800,0.0004428015090777726,-0.99822879396368891,0.25871765854346029,0.22650802769357958,1
3801,0.25530088859064409,0.021203554362576371,0.22650802769357958,0.37035923659441916,1
3802,0.12088193170855432,-0.5164722731657827,0.37035923659441916,0.29375289373302016,1
3803,0.21003565665972762,-0.15985737336108952,0.29375289373302016,0.3686397282819226,1
3804,0.28998468224899654,0.15993872899598616,0.3686397282819226,0.43184940161989105,1
3805,0.081973811603458624,-0.6721047535861655,0.43184940161989105,0.31152886138329366,1
3806,0.24854763376777478,-0.0058094649289008871,0.31152886138329366,0.29314316140780472,1
3807,0.36239614903291956,0.44958459613167823,0.29314316140780472,0.28789150276577957,1
3808,0.080490153978944767,-0.67803938408422093,0.28789150276577957,0.24868645208882884,1
3809,0.37159844618745047,0.48639378474980188,0.24868645208882884,0.21328819982531594,1
3810,0.35234351537569514,0.40937406150278055,0.21328819982531594,0.33139691205426369,1
3811,0.11089108081732796,-0.55643567673068817,0.33139691205426369,0.27173006658511945,1
3812,0.24178139979939645,-0.032874400802414216,0.27173006658511945,0.29915783964618625,1
3813,0.40156941234709614,0.60627764938838458,0.29915783964618625,0.41015176408624221,1
3814,0.147841089712757,-0.408635641148972,0.41015176408624221,0.30477358549976841,1
3815,0.092523171558319739,-0.62990731376672104,0.30477358549976841,0.27121221860984934,1
3816,0.021742702221375365,-0.91302919111449854,0.27121221860984934,0.23293487770270019,1
3817,0.39749015847993691,0.58996063391974762,0.23293487770270019,0.2513119331990693,1
3818,0.24205468385786938,-0.031781264568522483,0.2513119331990693,0.34593328786557731,1
3819,0.079952424887677842,-0.68019030044928863,0.34593328786557731,0.29674799324878365,1
3820,0.078277940587679451,-0.6868882376492822,0.29674799324878365,0.24678484630031416,1
3821,0.077926977625520755,-0.68829208949791698,0.24678484630031416,0.23846048592551417,1
3822,0.079223107155687478,-0.68310757137725009,0.23846048592551417,0.25380510193752415,1
3823,0.2554039020542378,0.021615608216951188,0.25380510193752415,0.26897439817966973,1
3824,0.086394171651832163,-0.65442331339267135,0.26897439817966973,0.22914116925156533,1
3825,0.19820278786607975,-0.20718884853568098,0.22914116925156533,0.20539940555541009,1
3826,0.38292830313773457,0.53171321255093829,0.20539940555541009,0.4163237913829908,1
3827,0.097569413117248482,-0.60972234753100607,0.4163237913829908,0.31762735975172618,1
3828,0.11546482343837178,-0.53814070624651289,0.31762735975172618,0.25390846517751092,1
3829,0.35914753353523582,0.43659013414094328,0.25390846517751092,0.25296514923900826,1
3830,0.48024368271158419,0.92097473084633674,0.25296514923900826,0.26596566262309018,1
3831,0.063125616451062516,-0.74749753419574994,0.26596566262309018,0.22323076419556964,1
3832,0.37057700453865672,0.48230801815462687,0.22323076419556964,0.33893431095240401,1
3833,0.16814543606924909,-0.32741825572300365,0.33893431095240401,0.27045474031126232,1
3834,0.44295385162443796,0.77181540649775182,0.27045474031126232,0.35033986193722833,1
3835,0.38421035804539877,0.53684143218159508,0.35033986193722833,0.47650380326334685,1
3836,0.10519206846671053,-0.57923172613315788,0.47650380326334685,0.33378303503917883,1
3837,0.25266370663111332,0.010654826524453265,0.33378303503917883,0.29536012268634548,1
3838,0.1268670553817976,-0.4925317784728096,0.29536012268634548,0.30216547390565596,1
3839,0.066640616367036054,-0.73343753453185578,0.30216547390565596,0.28563748759423579,1
3840,0.44071142579230199,0.76284570316920797,0.28563748759423579,0.27230052567657703,1
3841,0.46731453746680218,0.86925814986720873,0.27230052567657703,0.48432396103037822,1
3842,0.22983434260137253,-0.080662629594509871,0.48432396103037822,0.38583805452159248,1
3843,0.28813754476470821,0.15255017905883284,0.38583805452159248,0.47388532570234665,1
3844,0.24264452870027065,-0.029421885198917419,0.47388532570234665,0.46872968573667007,1
3845,0.3139618744468094,0.25584749778723759,0.46872968573667007,0.37871375400898932,1
3846,0.33066366577558243,0.32265466310232971,0.37871375400898932,0.40863148177156816,1
3847,0.32330819551995271,0.29323278207981085,0.40863148177156816,0.36084771365384605,1
3848,0.4315700228215742,0.72628009128629678,0.36084771365384605,0.3203357337379078,1
3849,0.16870669117055398,-0.32517323531778408,0.3203357337379078,0.36911951748833316,1
3850,0.38448156822418156,0.53792627289672623,0.36911951748833316,0.55264432644066952,1
3851,0.15815230375507533,-0.36739078497969868,0.55264432644066952,0.4364566712140926,1
3852,0.34417496441226203,0.37669985764904812,0.4364566712140926,0.47036988261143131,1
3853,0.32366608957980592,0.29466435831922366,0.47036988261143131,0.45862683479344724,1
3854,0.45033140700863633,0.80132562803454532,0.45862683479344724,0.54654128312600225,1
3855,0.42662826571816431,0.70651306287265725,0.54654128312600225,0.59313696263827298,1
3856,0.020893644563639902,-0.91642542174544039,0.59313696263827298,0.4220251131843773,1
3857,0.039668247258561218,-0.84132701096575513,0.4220251131843773,0.34787785700476054,1
3858,0.25089741786531217,0.0035896714612486669,0.34787785700476054,0.34642601484438507,1
3859,0.40895637080604669,0.63582548322418675,0.34642601484438507,0.51847664189650344,1
3860,0.49421684071952837,0.97686736287811349,0.51847664189650344,0.49443498761267513,1
3861,0.28814037533531883,0.15256150134127533,0.49443498761267513,0.51165634069846766,1
3862,0.10574096146366901,-0.57703615414532394,0.51165634069846766,0.42531816416907675,1
3863,0.43114953048997889,0.72459812195991558,0.42531816416907675,0.61803096970471827,1
3864,0.28214587735271612,0.12858350941086449,0.61803096970471827,0.6150331321365744,1
3865,0.25861033503255543,0.034441340130221709,0.6150331321365744,0.44306481073662429,1
3866,0.26483525016385984,0.059341000655439347,0.44306481073662429,0.35373605654945139,1
3867,0.27451875917863511,0.098075036714540431,0.35373605654945139,0.39210397746893877,1
3868,0.12605457924069036,-0.49578168303723857,0.39210397746893877,0.38746026733964112,1
3869,0.012573560631982783,-0.94970575747206887,0.38746026733964112,0.3177614581806375,1
3870,0.14011199972106769,-0.43955200111572923,0.3177614581806375,0.32831369551534584,1
3871,0.45234984817667256,0.80939939270669026,0.32831369551534584,0.34234751900599203,1
3872,0.098551422343028328,-0.60579431062788669,0.34234751900599203,0.33872944437198138,1
3873,0.071121783693423701,-0.71551286522630519,0.33872944437198138,0.30177800519282594,1
3874,0.46374168429506052,0.85496673718024208,0.30177800519282594,0.42807054375517539,1
3875,0.40333181292574272,0.61332725170297087,0.42807054375517539,0.4664127287043921,1
3876,0.1577486816730877,-0.36900527330764921,0.4664127287043921,0.39015816779783186,1
3877,0.027549120425672813,-0.88980351829730875,0.39015816779783186,0.29430184451578933,1
3878,0.1501332595514796,-0.39946696179408159,0.29430184451578933,0.24402778441849093,1
3879,0.32168875313994855,0.28675501255979419,0.24402778441849093,0.28293500705002783,1
3880,0.31052518821666092,0.24210075286664368,0.28293500705002783,0.44392003801952384,1
3881,0.2867656574452121,0.14706262978084839,0.44392003801952384,0.35397915256647838,1
3882,0.31424060805385934,0.25696243221543735,0.35397915256647838,0.30244841518944909,1
3883,0.45594560649678534,0.82378242598714135,0.30244841518944909,0.56094593102401435,1
3884,0.28366315067030445,0.13465260268121781,0.56094593102401435,0.54555910325186174,1
3885,0.35016941009045705,0.40067764036182818,0.54555910325186174,0.45249222497272057,1
3886,0.10735301551304671,-0.57058793794781315,0.45249222497272057,0.32775850296098741,1
3887,0.15137143172594097,-0.3945142730962361,0.32775850296098741,0.29482763034555665,1
3888,0.24491366589699409,-0.020345336412023629,0.29482763034555665,0.36277560333189285,1
3889,0.05729706194909745,-0.7708117522036102,0.36277560333189285,0.30676358013218202,1
3890,0.011404364499619568,-0.95438254200152173,0.30676358013218202,0.25754300115251683,1
3891,0.22939750572361495,-0.082409977105540211,0.25754300115251683,0.33387558728086808,1
3892,0.14551144526191517,-0.41795421895233931,0.33387558728086808,0.36219866219069796,1
3893,0.48354450848291775,0.93417803393167098,0.36219866219069796,0.48330882056528524,1
3894,0.0078505466456902928,-0.96859781341723883,0.48330882056528524,0.3391832589955408,1
3895,0.26368019312758756,0.054720772510350235,0.3391832589955408,0.30392385421631574,1
3896,0.35695805724289892,0.42783222897159567,0.30392385421631574,0.32347100498656978,1
3897,0.078441336684468399,-0.6862346532621264,0.32347100498656978,0.2803287653873211,1
3898,0.31360083377190767,0.25440333508763069,0.2803287653873211,0.25805357278591445,1
3899,0.20214518105985757,-0.19141927576056972,0.25805357278591445,0.2227903661768256,1
3900,0.19719480845214182,-0.21122076619143271,0.2227903661768256,0.26994408185325847,1
3901,0.25381290829494102,0.015251633179764079,0.26994408185325847,0.27926391906346959,1
3902,0.04414446684688067,-0.82342213261247732,0.27926391906346959,0.25939750639556236,1
3903,0.1142207337148855,-0.54311706514045799,0.25939750639556236,0.2183289752240743,1
3904,0.23943120709087873,-0.042275171636485087,0.2183289752240743,0.29026997394316334,1
3905,0.16642866178480187,-0.33428535286079253,0.29026997394316334,0.31546328854085492,1
3906,0.076948022923867931,-0.69220790830452827,0.31546328854085492,0.24655344559137929,1
3907,0.032527842272396856,-0.86988863091041257,0.24655344559137929,0.22181708198961492,1
3908,0.18632388882469769,-0.25470444470120923,0.22181708198961492,0.2516771178707547,1
3909,0.20169016131028439,-0.19323935475886245,0.2516771178707547,0.26757130774526844,1
3910,0.4900985851565548,0.9603943406262192,0.26757130774526844,0.40191709012379007,1
3911,0.25904925087427905,0.036197003497116187,0.40191709012379007,0.29303752426235968,1
3912,0.096322431868688996,-0.61471027252524402,0.29303752426235968,0.2449418632247696,1
3913,0.12839413550939921,-0.48642345796240316,0.2449418632247696,0.25329373128673804,1
3914,0.35384652399961197,0.41538609599844789,0.25329373128673804,0.29961411099122681,1
3915,0.13520666809899584,-0.45917332760401663,0.29961411099122681,0.24737441532158597,1
3916,0.29493305892819588,0.17973223571278352,0.24737441532158597,0.22234199654334241,1
3917,0.12308682758530254,-0.50765268965878985,0.22234199654334241,0.23115966164550006,1
3918,0.28492513665724867,0.13970054662899467,0.23115966164550006,0.28690377904787856,1
3919,0.16652714364655202,-0.33389142541379191,0.28690377904787856,0.34791601958528751,1
3920,0.27815470347162158,0.11261881388648631,0.34791601958528751,0.36166248362821551,1
3921,0.15269617957888265,-0.38921528168446939,0.36166248362821551,0.28098103729114293,1
3922,0.35802894986358047,0.43211579945432188,0.28098103729114293,0.29225036207651905,1
3923,0.390885376875033,0.56354150750013199,0.29225036207651905,0.43640366621559024,1
3924,0.069929539314810163,-0.72028184274075935,0.43640366621559024,0.31070823738272335,1
3925,0.30878035792176478,0.23512143168705912,0.31070823738272335,0.37669801262969782,1
3926,0.3143004887423651,0.25720195496946041,0.37669801262969782,0.33031268687301885,1
3927,0.22124616318780466,-0.11501534724878137,0.33031268687301885,0.34741001882407652,1
3928,0.17805410629658797,-0.28778357481364814,0.34741001882407652,0.30725950534030577,1
3929,0.13893889811129728,-0.44424440755481087,0.30725950534030577,0.30225271170941614,1
3930,0.34200135004975146,0.36800540019900585,0.30225271170941614,0.31957521545440981,1
3931,0.026575888204549591,-0.89369644718180163,0.31957521545440981,0.26293642266349859,1
3932,0.20863745573534787,-0.16545017705860854,0.26293642266349859,0.34440883736480987,1
3933,0.202149072586503,-0.19140370965398801,0.34440883736480987,0.28200817614359763,1
3934,0.10592764753637851,-0.57628940985448596,0.28200817614359763,0.27855465421325776,1
3935,0.35461952016306836,0.41847808065227343,0.27855465421325776,0.39464411208893002,1
3936,0.18151903285641335,-0.27392386857434659,0.39464411208893002,0.34117232731543801,1
3937,0.21491131354839255,-0.14035474580642981,0.34117232731543801,0.31400064772884129,1
3938,0.29394447884278857,0.17577791537115428,0.31400064772884129,0.30486573720454491,1
3939,0.076988371644687303,-0.69204651342125079,0.30486573720454491,0.27888619013786925,1
3940,0.15835270977917082,-0.36658916088331672,0.27888619013786925,0.23349932245101199,1
3941,0.1532075033293685,-0.387169986682526,0.23349932245101199,0.25343027924821493,1
3942,0.16523813715352298,-0.33904745138590808,0.25343027924821493,0.26447047699197707,1
3943,0.25147186771958652,0.0058874708783460683,0.26447047699197707,0.25824818979173603,1
3944,0.0067702766816001292,-0.97291889327359948,0.25824818979173603,0.21880288102776702,1
3945,0.095167144766217793,-0.61933142093512883,0.21880288102776702,0.22286374929682387,1
3946,0.029725231568741017,-0.88109907372503593,0.22286374929682387,0.20641940406208392,1
3947,0.0054171380584572826,-0.97833144776617087,0.20641940406208392,0.19068943187539567,1
3948,0.43132842041802821,0.72531368167211285,0.19068943187539567,0.2302072484219381,1
3949,0.14258497298297551,-0.42966010806809796,0.2302072484219381,0.23006612687374586,1
3950,0.096183517698093135,-0.61526592920762746,0.23006612687374586,0.21768154308564885,1
3951,0.33994394802142536,0.35977579208570143,0.21768154308564885,0.27451789552773598,1
3952,0.3503478501449509,0.4013914005798036,0.27451789552773598,0.34627057782949899,1
3953,0.29082722473816608,0.16330889895266432,0.34627057782949899,0.24831382651507555,1
3954,0.095376354854503298,-0.61849458058198681,0.24831382651507555,0.21773095317493327,1
3955,0.10393255321711853,-0.58426978713152589,0.21773095317493327,0.1959152264024632,1
3956,0.13911241179414574,-0.44355035282341704,0.1959152264024632,0.18300152051090257,1
3957,0.05289764758398835,-0.7884094096640466,0.18300152051090257,0.21048473009570928,1
3958,0.46184646980475186,0.84738587921900743,0.21048473009570928,0.2867000172950781,1
3959,0.25904414406794346,0.036176576271773841,0.2867000172950781,0.25794080524864027,1
3960,0.11680831668582065,-0.53276673325671742,0.25794080524864027,0.26839483112376183,1
3961,0.32974871954084439,0.31899487816337757,0.26839483112376183,0.38721394701895295,1
3962,0.46711289209457107,0.8684515683782843,0.38721394701895295,0.47031378784613176,1
3963,0.38092487888500626,0.52369951554002503,0.47031378784613176,0.35969497208370638,1
3964,0.298297676150171,0.19319070460068399,0.35969497208370638,0.30544251034101622,1
3965,0.37906246088736756,0.51624984354947023,0.30544251034101622,0.31540372304266584,1
3966,0.2456536300722314,-0.017385479711074403,0.31540372304266584,0.26212663001625852,1
3967,0.1644919807018721,-0.34203207719251161,0.26212663001625852,0.33353350671137305,1
3968,0.26651863875538956,0.066074555021558234,0.33353350671137305,0.3577654323005458,1
3969,0.064694996257063042,-0.74122001497174783,0.3577654323005458,0.27801524692573665,1
3970,0.40529837890732257,0.62119351562929026,0.27801524692573665,0.43027392469689441,1
3971,0.4511388527005043,0.8045554108020172,0.43027392469689441,0.6204746217411482,1
3972,0.12654053990806446,-0.49383784036774214,0.6204746217411482,0.47425901050759278,1
3973,0.44528332073697902,0.78113328294791606,0.47425901050759278,0.53013322184436051,1
3974,0.44552803294869942,0.78211213179479766,0.53013322184436051,0.61593726058155096,1
3975,0.1788211970608255,-0.28471521175669801,0.61593726058155096,0.48057207637550248,1
3976,0.44069854972242239,0.76279419888968958,0.48057207637550248,0.45822824441658472,1
3977,0.010756064536506127,-0.95697574185397549,0.45822824441658472,0.34668427890520281,1
3978,0.037912526724515117,-0.84834989310193953,0.34668427890520281,0.28728907142278182,1
3979,0.46787845996610644,0.87151383986442577,0.28728907142278182,0.53558644141640055,1
3980,0.19355554025659738,-0.22577783897361048,0.53558644141640055,0.51964668256021129,1
3981,0.10022637655569766,-0.59909449377720936,0.51964668256021129,0.40142112633542582,1
3982,0.37259052415630012,0.49036209662520047,0.40142112633542582,0.56261439963085824,1
3983,0.47794411316309865,0.9117764526523946,0.56261439963085824,0.72147709530061521,1
3984,0.45707541558707238,0.8283016623482895,0.72147709530061521,0.61686979226834626,1
3985,0.45010696787633636,0.80042787150534545,0.61686979226834626,0.73467357797163524,1
3986,0.16125314798482598,-0.35498740806069606,0.73467357797163524,0.51344916429334764,1
3987,0.31502589784310742,0.26010359137242967,0.51344916429334764,0.40646616882511388,1
3988,0.33930692983642147,0.35722771934568587,0.40646616882511388,0.5677746977189716,1
3989,0.14542398712512961,-0.41830405149948158,0.5677746977189716,0.47096238556112735,1
3990,0.26037089499921917,0.041483579996876685,0.47096238556112735,0.41030900224896238,1
3991,0.20749040243908928,-0.17003839024364287,0.41030900224896238,0.44996301786301018,1
3992,0.28251010577751362,0.13004042311005448,0.44996301786301018,0.56024246653195253,1
3993,0.066947965301243195,-0.73220813879502722,0.56024246653195253,0.46670048852221468,1
3994,0.059029086997981484,-0.76388365200807407,0.46670048852221468,0.40114595868366232,1
3995,0.11199523750505813,-0.55201904997976747,0.40114595868366232,0.34735234344973104,1
3996,0.38159578296527175,0.52638313186108698,0.34735234344973104,0.46431771876614081,1
3997,0.070859176820626979,-0.71656329271749208,0.46431771876614081,0.38088147010487894,1
3998,0.22112287383806178,-0.11550850464775286,0.38088147010487894,0.34857183420629156,1
3999,0.37313483470176578,0.49253933880706313,0.34857183420629156,,0
