row,symbol_n,split,u_narma,drive_u_centered,target_y_next,pred_y_next,residual
0,50,train,0.471187299846,0.884749199385,0.267085590305,0.315043577212,-0.0479579869073
1,51,train,0.375655280067,0.502621120268,0.408840879444,0.404571584299,0.00426929514493
2,52,train,0.0334245080599,-0.86630196776,0.29102194824,0.272810170899,0.0182117773402
3,53,train,0.147980980704,-0.408076077185,0.272619827775,0.250539886072,0.0220799417032
4,54,train,0.0238127861188,-0.904748855525,0.229976981097,0.222883871871,0.00709310922613
5,55,train,0.470093201457,0.880372805828,0.49235145831,0.422734674886,0.0696167834241
6,56,train,0.37491005472,0.49964021888,0.429998733514,0.424046651107,0.00595208240694
7,57,train,0.229252162622,-0.0829913495136,0.409461261314,0.375566636639,0.0338946246744
8,58,train,0.186327953248,-0.254688187006,0.317748019193,0.295885331291,0.0218626879021
9,59,train,0.198072847874,-0.207708608504,0.389920759447,0.354061550071,0.0358592093761
10,60,train,0.499207783134,0.996831132534,0.566683380799,0.512006084018,0.054677296781
11,61,train,0.432463921177,0.729855684707,0.399601529919,0.417760713322,-0.0181591834036
12,62,train,0.161803772784,-0.352784908864,0.331708261394,0.336705212352,-0.00499695095758
13,63,train,0.305053308209,0.220213232836,0.274097882888,0.332058384148,-0.0579605012599
14,64,train,0.481226405665,0.924905622661,0.574209269726,0.527125697961,0.0470835717649
15,65,train,0.255107350286,0.0204294011446,0.53590194673,0.535966365182,-6.44184521126e-05
16,66,train,0.209055714471,-0.163777142115,0.445985633012,0.406146478162,0.0398391548499
17,67,train,0.0146520590276,-0.94139176389,0.332558362697,0.337573205685,-0.00501484298835
18,68,train,0.441976036873,0.76790414749,0.400394751416,0.349541946714,0.050852804702
19,69,train,0.158894646658,-0.36442141337,0.424205733083,0.428442403984,-0.00423667090112
20,70,train,0.247165848652,-0.0113366053921,0.478490621073,0.48267554651,-0.00418492543674
21,71,train,0.392596698458,0.570386793833,0.439247567829,0.454976744205,-0.0157291763766
22,72,train,0.350052518144,0.400210072577,0.485001493833,0.500077925811,-0.0150764319778
23,73,train,0.292008800582,0.16803520233,0.562744055954,0.527191394945,0.0355526610088
24,74,train,0.0438260143697,-0.824695942521,0.417240364716,0.401971684337,0.0152686803789
25,75,train,0.490440113421,0.961760453682,0.473299331151,0.424770472145,0.048528859007
26,76,train,0.160271971312,-0.35891211475,0.351038330499,0.33304189857,0.0179964319295
27,77,train,0.258271837598,0.0330873503939,0.453136879859,0.405719301913,0.0474175779463
28,78,train,0.163317164671,-0.346731341316,0.376477792933,0.379125816663,-0.00264802372986
29,79,train,0.0587685810385,-0.764925675846,0.318702870902,0.295075634373,0.0236272365286
30,80,train,0.158615682325,-0.3655372707,0.358422445555,0.375484757371,-0.0170623118158
31,81,train,0.307323633594,0.229294534377,0.444797380107,0.460239704847,-0.0154423247395
32,82,train,0.384162021496,0.536648085982,0.49602344262,0.471965738045,0.0240577045746
33,83,train,0.404298509721,0.617194038886,0.380836900773,0.43532261748,-0.0544857167069
34,84,train,0.249828839364,-0.000684642544689,0.475540044037,0.466941079785,0.00859896425253
35,85,train,0.243549840834,-0.0258006366625,0.39937134658,0.420349011763,-0.0209776651831
36,86,train,0.0884677247382,-0.646129101047,0.335043996437,0.335796665933,-0.000752669495884
37,87,train,0.217711004145,-0.129155983419,0.321498412882,0.287386020325,0.0341123925574
38,88,train,0.466665711517,0.866662846068,0.300387574094,0.320498267097,-0.0201106930025
39,89,train,0.346188012635,0.384752050541,0.330016142733,0.33458918431,-0.00457304157749
40,90,train,0.166980324564,-0.332078701745,0.33937541573,0.34060983288,-0.00123441714963
41,91,train,0.176002085139,-0.295991659446,0.368102355224,0.385397688486,-0.0172953332623
42,92,train,0.0606512985079,-0.757394805968,0.316161722713,0.338322763817,-0.0221610411038
43,93,train,0.439778125067,0.759112500268,0.416029318315,0.452978412331,-0.0369490940156
44,94,train,0.438638966751,0.754555867006,0.459971498471,0.443546657373,0.0164248410979
45,95,train,0.455641874396,0.822567497583,0.380927768175,0.412641816911,-0.0317140487353
46,96,train,0.282369985007,0.129479940026,0.374439171115,0.407845462966,-0.0334062918514
47,97,train,0.0302991527357,-0.878803389057,0.301069522756,0.336957195336,-0.0358876725803
48,98,train,0.36460308923,0.458412356918,0.433641683583,0.488075888304,-0.0544342047211
49,99,train,0.0735853614722,-0.705658554111,0.329175065083,0.353691506857,-0.0245164417735
50,100,train,0.338595985553,0.354383942211,0.349351269583,0.360717074511,-0.0113658049279
51,101,train,0.327389226593,0.309556906374,0.299724515954,0.358490096329,-0.0587655803742
52,102,train,0.455840910875,0.823363643501,0.545477599142,0.540338852177,0.00513874696496
53,103,train,0.247650527396,-0.00939789041453,0.532677177337,0.552138077211,-0.0194608998741
54,104,train,0.217550530692,-0.129797877231,0.515198214821,0.516581109011,-0.00138289418922
55,105,train,0.23721853206,-0.0511258717598,0.459663119916,0.463927205744,-0.00426408582771
56,106,train,0.292089704911,0.168358819643,0.346333899444,0.41653375492,-0.0701998554764
57,107,train,0.458433983365,0.83373593346,0.525831493353,0.466653368052,0.0591781253006
58,108,train,0.0808086116352,-0.676765553459,0.380697450266,0.347143108007,0.0335543422596
59,109,train,0.366937790363,0.467751161452,0.482122593893,0.427740871372,0.0543817225218
60,110,train,0.393314682975,0.573258731898,0.54474802464,0.553397382781,-0.0086493581412
61,111,train,0.0923472045397,-0.630611181841,0.452744413596,0.467211360885,-0.0144669472888
62,112,train,0.29886546497,0.195461859878,0.455174892541,0.463477900855,-0.00830300831375
63,113,train,0.155717628726,-0.377129485097,0.394223806226,0.400900161975,-0.00667635574899
64,114,train,0.373508570863,0.494034283453,0.440990602323,0.452176466654,-0.0111858643308
65,115,train,0.479776812772,0.919107251087,0.541341668958,0.599117562735,-0.0577758937774
66,116,train,0.474514674676,0.898058698705,0.71224280109,0.669120954834,0.0431218462565
67,117,train,0.251474267255,0.00589706902147,0.519726813613,0.501238032629,0.0184887809838
68,118,train,0.302254645237,0.209018580949,0.550238102638,0.518385478098,0.0318526245407
69,119,train,0.401872457066,0.607489828266,0.642298304578,0.592652722313,0.0496455822655
70,120,train,0.0824780930961,-0.670087627616,0.47283749866,0.434112110743,0.0387253879165
71,121,train,0.472120486606,0.888481946423,0.576009927184,0.495165869713,0.0808440574704
72,122,train,0.368055630669,0.472222522676,0.511561167686,0.472161824344,0.039399343342
73,123,train,0.255238516755,0.020954067022,0.53360502115,0.479050770282,0.054554250868
74,124,train,0.233115919299,-0.0675363228025,0.574611035429,0.531909322883,0.0427017125455
75,125,train,0.297136257047,0.188545028186,0.645758081447,0.590055327948,0.0557027534986
76,126,train,0.413112595569,0.652450382275,0.634854894885,0.616012282896,0.0188426119893
77,127,train,0.45118330212,0.804733208481,0.674726418109,0.603669176882,0.0710572412271
78,128,train,0.119734362081,-0.521062551677,0.570822164647,0.514934523019,0.0558876416278
79,129,train,0.141254184746,-0.434983261018,0.455319073962,0.415040189168,0.0402788847949
80,130,train,0.263467756933,0.0538710277321,0.551808545867,0.506604174471,0.045204371396
81,131,train,0.456072187244,0.824288748975,0.675400132471,0.695956363184,-0.0205562307135
82,132,train,0.21354872715,-0.145805091399,0.581206183815,0.511730451791,0.0694757320231
83,133,train,0.15332868967,-0.386685241319,0.499377838152,0.434756648664,0.0646211894875
84,134,train,0.421497172407,0.685988689628,0.584091184655,0.510784676503,0.0733065081522
85,135,train,0.0543684219616,-0.782526312153,0.480446797229,0.397406408666,0.0830403885631
86,136,train,0.147767544642,-0.408929821433,0.481260207004,0.445528924332,0.0357312826727
87,137,train,0.220360382864,-0.118558468542,0.417612120387,0.355294712257,0.0623174081294
88,138,train,0.116556399756,-0.533774400978,0.360591513148,0.296635442786,0.0639560703613
89,139,train,0.388042326985,0.55216930794,0.453250915642,0.412910269945,0.0403406456973
90,140,train,0.195622053026,-0.217511787894,0.485042016139,0.443615382091,0.0414266340483
91,141,train,0.138135286408,-0.447458854367,0.411464332692,0.3469192339,0.0645450987921
92,142,train,0.239178262414,-0.0432869503453,0.376260764902,0.360159819355,0.0161009455464
93,143,train,0.354461730393,0.417846921574,0.522573147835,0.454086881256,0.0684862665782
94,144,train,0.433337196893,0.733348787572,0.411587449588,0.377485508001,0.0341019415874
95,145,train,0.147858325518,-0.408566697928,0.346800303369,0.341795900898,0.00500440247128
96,146,train,0.131080072974,-0.475679708102,0.32134755597,0.297675263901,0.0236722920694
97,147,train,0.0606270123084,-0.757491950766,0.272985137089,0.244561262906,0.0284238741822
98,148,train,0.059947870999,-0.760208516004,0.270866041708,0.256218669783,0.0146473719249
99,149,train,0.0118479760449,-0.95260809582,0.237178472454,0.231628800083,0.00554967237143
100,150,train,0.361985385754,0.447941543015,0.289515446722,0.296745987998,-0.00723054127562
101,151,train,0.0389648989464,-0.844140404215,0.250928517977,0.239056602274,0.0118719157028
102,152,train,0.382632414423,0.530529657693,0.4201251199,0.408105913948,0.0120192059517
103,153,train,0.0429233787836,-0.828306484866,0.324180951446,0.308415103365,0.0157658480809
104,154,train,0.241942605478,-0.0322295780876,0.301899930423,0.325394874411,-0.0234949439881
105,155,train,0.494218868324,0.976875473296,0.33356915232,0.365220462734,-0.0316513104145
106,156,train,0.131363518197,-0.474545927211,0.262429256862,0.315509491708,-0.0530802348464
107,157,train,0.343215801132,0.372863204526,0.248479153024,0.279267475688,-0.0307883226639
108,158,train,0.389836667465,0.559346669859,0.217988058143,0.309105734764,-0.0911176766205
109,159,train,0.221616318155,-0.113534727382,0.317188101928,0.349234890106,-0.0320467881774
110,160,train,0.260540685198,0.042162740793,0.257428154623,0.320291915017,-0.062863760395
111,161,train,0.336487346577,0.345949386308,0.408122390765,0.364304337469,0.0438180532954
112,162,train,0.457522224227,0.830088896907,0.314978004328,0.341910942148,-0.0269329378197
113,163,train,0.496826625402,0.987306501609,0.421829054059,0.428493936078,-0.00666488201822
114,164,train,0.41345517478,0.653820699119,0.598098907497,0.52357984074,0.0745190667579
115,165,train,0.278244321137,0.112977284549,0.435338413559,0.453384074702,-0.0180456611429
116,166,train,0.364949935498,0.459799741993,0.494276195568,0.503316050599,-0.00903985503081
117,167,train,0.387833111533,0.551332446133,0.566850538916,0.558780862664,0.00806967625166
118,168,train,0.125432315405,-0.49827073838,0.426031774645,0.425282191924,0.000749582721032
119,169,train,0.231037761741,-0.0758489530356,0.408423388684,0.407558458054,0.00086493063
120,170,train,0.100056613061,-0.599773547755,0.361480472938,0.359638102987,0.00184236995115
121,171,train,0.469887203261,0.879548813045,0.611085950617,0.604333763743,0.00675218687395
122,172,train,0.246423280326,-0.014306878698,0.608693086008,0.577696776837,0.0309963091704
123,173,train,0.336183099156,0.344732396625,0.641209884164,0.608900723875,0.0323091602891
124,174,train,0.0535443324738,-0.785822670105,0.479869845737,0.448943662151,0.0309261835856
125,175,train,0.418544630798,0.674178523192,0.593848181951,0.584324283048,0.00952389890347
126,176,train,0.04196597332,-0.83213610672,0.456724284169,0.42489592982,0.0318283543485
127,177,train,0.189215202628,-0.243139189486,0.390320649516,0.367969900307,0.0223507492092
128,178,train,0.134168037156,-0.463327851376,0.360737730621,0.336070391317,0.0246673393047
129,179,train,0.08595266723,-0.65618933108,0.30972580203,0.27063527469,0.0390905273398
130,180,train,0.286900453646,0.147601814584,0.469680309255,0.426158857013,0.0435214522419
131,181,train,0.206939314692,-0.172242741232,0.432981965198,0.415011663728,0.0179703014706
132,182,train,0.219346281333,-0.122614874668,0.443204172004,0.409076938778,0.0341272332263
133,183,train,0.014028765044,-0.943884939824,0.33554413852,0.271145588809,0.0643985497107
134,184,train,0.441033816922,0.76413526769,0.54923466206,0.41656711577,0.13266754629
135,185,train,0.403390517401,0.613562069602,0.409402309336,0.409563647999,-0.000161338663074
136,186,train,0.303422679566,0.213690718263,0.39404462034,0.379509775948,0.0145348443913
137,187,train,0.288660155158,0.154640620632,0.356985035745,0.354989644886,0.0019953908583
138,188,train,0.239184101442,-0.0432635942325,0.310428741344,0.322201021744,-0.0117722804001
139,189,train,0.485855437789,0.943421751155,0.464476921925,0.437462282224,0.027014639701
140,190,train,0.343011161747,0.372044646989,0.442566963839,0.427099527445,0.0154674363934
141,191,train,0.36717969904,0.46871879616,0.445165687587,0.39634853774,0.0488171498472
142,192,train,0.357440474073,0.429761896291,0.333466702691,0.337266162055,-0.00379945936407
143,193,train,0.0526661261757,-0.789335495297,0.302263537223,0.321101087743,-0.0188375505205
144,194,train,0.453507299458,0.814029197831,0.525664021999,0.51553687079,0.0101271512095
145,195,train,0.453697335027,0.814789340107,0.568916781092,0.55950282167,0.00941395942242
146,196,train,0.0280748025763,-0.887700789695,0.400710109701,0.384185703801,0.0165244059002
147,197,train,0.349292798059,0.397171192234,0.428691219685,0.451148167968,-0.0224569482832
148,198,train,0.321523424181,0.286093696725,0.553432455227,0.525493248362,0.0279392068655
149,199,train,0.0563507203964,-0.774597118414,0.41858672815,0.413549633219,0.00503709493138
150,200,train,0.197146530116,-0.211413879538,0.42665477697,0.445271036722,-0.0186162597514
151,201,train,0.221257926429,-0.114968294283,0.440566065519,0.445735250813,-0.00516918529388
152,202,train,0.0265239909799,-0.893904036081,0.331166650965,0.304748209141,0.0264184418241
153,203,train,0.0439730756971,-0.824107697211,0.302064393155,0.326231816092,-0.024167422937
154,204,train,0.0570235689911,-0.771905724036,0.295827078306,0.311747002869,-0.0159199245638
155,205,train,0.373993135217,0.49597254087,0.266127694358,0.33600430639,-0.0698766120318
156,206,train,0.493705426372,0.974821705487,0.489923503833,0.560567285347,-0.0706437815141
157,207,train,0.180175284538,-0.27929886185,0.430707287055,0.435512622215,-0.00480533516037
158,208,train,0.124200047963,-0.503199808147,0.324883915019,0.304345451489,0.0205384635305
159,209,train,0.420426899081,0.681707596326,0.382327857923,0.385687708078,-0.00335985015475
160,210,train,0.0760549403971,-0.695780238412,0.310484249021,0.287941916275,0.0225423327464
161,211,train,0.156879146798,-0.372483412807,0.254871623299,0.243005464859,0.0118661584392
162,212,train,0.22948024857,-0.0820790057185,0.234778065247,0.217901227124,0.0168768381232
163,213,train,0.0907943595107,-0.636822561957,0.216843965887,0.239944545005,-0.0231005791183
164,214,train,0.468355357709,0.873421430837,0.462564215741,0.430891927923,0.0316722878184
165,215,train,0.400196981865,0.600787927461,0.613161702426,0.527172421073,0.0859892813531
166,216,train,0.218877011373,-0.124491954508,0.457167680215,0.438955239279,0.0182124409363
167,217,train,0.24749163462,-0.010033461521,0.367554946213,0.393640425424,-0.0260854792109
168,218,train,0.134308062392,-0.462767750433,0.361579252472,0.344060170691,0.0175190817808
169,219,train,0.388422636862,0.553690547447,0.31897907904,0.332426015687,-0.0134469366474
170,220,train,0.461606320528,0.846425282112,0.361702425863,0.421449211916,-0.0597467860531
171,221,train,0.012032800893,-0.951868796428,0.278648941059,0.293893865731,-0.0152449246721
172,222,train,0.0675567785776,-0.72977288569,0.243968947176,0.257447105227,-0.0134781580505
173,223,train,0.0507785845516,-0.796885661794,0.253781088364,0.274117331252,-0.0203362428882
174,224,train,0.114401359096,-0.542394563614,0.292000911791,0.294249763322,-0.00224885153154
175,225,train,0.148303817537,-0.406784729853,0.28809963648,0.300392743959,-0.0122931074791
176,226,train,0.231264086707,-0.0749436531718,0.318717993925,0.286166417273,0.0325515766518
177,227,train,0.0092152465973,-0.963139013611,0.246634701041,0.243654506325,0.00298019471617
178,228,train,0.120669271539,-0.517322913845,0.280849081171,0.280875979025,-2.68978545385e-05
179,229,train,0.0710792171628,-0.715683131349,0.273960418787,0.301325841237,-0.0273654224503
180,230,train,0.235424557682,-0.0583017692707,0.225317322379,0.230349278372,-0.00503195599311
181,231,train,0.393202407012,0.572809628049,0.237880562779,0.286185331647,-0.0483047688684
182,232,train,0.232792818854,-0.0688287245849,0.220748018106,0.26443006586,-0.0436820477535
183,233,train,0.185950476649,-0.256198093404,0.227250436599,0.206865460291,0.0203849763082
184,234,train,0.281728442245,0.126913768981,0.26051999706,0.274349974249,-0.0138299771893
185,235,train,0.156083401289,-0.375666394844,0.265907522233,0.251142740977,0.0147647812563
186,236,train,0.407950933633,0.631803734531,0.219418036952,0.269241567532,-0.0498235305807
187,237,train,0.0397862401464,-0.840855039415,0.199998685674,0.208988612354,-0.00898992667999
188,238,train,0.272246776403,0.0889871056101,0.213144579634,0.233629424702,-0.0204848450676
189,239,train,0.464539442115,0.858157768461,0.352971459134,0.342131617827,0.0108398413069
190,240,train,0.0617444516695,-0.753022193322,0.285073794668,0.270179763029,0.0148940316384
191,241,train,0.453430308615,0.813721234458,0.379245790805,0.399814449249,-0.0205686584442
192,242,train,0.391665235356,0.566660941422,0.372781568398,0.390736026687,-0.0179544582897
193,243,train,0.13515993583,-0.459360256678,0.320699962467,0.333740657314,-0.013040694847
194,244,train,0.0607876278638,-0.756849488545,0.256458516926,0.264085505327,-0.00762698840093
195,245,train,0.0818920273258,-0.672431890697,0.263796106117,0.280865149176,-0.0170690430597
196,246,train,0.472256167547,0.889024670189,0.245092952575,0.281320219345,-0.0362272667696
197,247,train,0.067459088579,-0.730163645684,0.236483069954,0.262301409021,-0.0258183390663
198,248,train,0.315408604602,0.26163441841,0.425319017908,0.354036929964,0.0712820879441
199,249,train,0.0535251603033,-0.785899358787,0.29928392813,0.268099409163,0.0311845189664
200,250,train,0.351847007484,0.407388029937,0.475245418155,0.364887931785,0.11035748637
201,251,train,0.151799652428,-0.392801390289,0.409562925649,0.346428859666,0.0631340659829
202,252,train,0.194553149191,-0.221787403237,0.329987175,0.335524508397,-0.00553733339682
203,253,train,0.310458331983,0.241833327934,0.281123928818,0.292056498636,-0.0109325698179
204,254,train,0.077058293123,-0.691766827508,0.239096895736,0.273428237113,-0.0343313413768
205,255,train,0.176392947116,-0.294428211537,0.334998229447,0.282692301786,0.0523059276612
206,256,train,0.0489381337656,-0.804247464938,0.260327403469,0.235604567978,0.024722835491
207,257,train,0.163456297974,-0.346174808104,0.298273950474,0.262871327747,0.0354026227269
208,258,train,0.220699363336,-0.117202546658,0.257210530344,0.253676218705,0.00353431163811
209,259,train,0.373631734672,0.494526938689,0.415317167291,0.349118256338,0.0661989109523
210,260,train,0.363522856503,0.45409142601,0.375920196032,0.348025918481,0.0278942775513
211,261,train,0.132581329163,-0.469674683349,0.31164864155,0.293819665728,0.0178289758221
212,262,train,0.402800414038,0.611201656153,0.429440084558,0.400921882924,0.0285182016347
213,263,train,0.293321346824,0.173285387295,0.331518784494,0.356375658717,-0.0248568742231
214,264,train,0.431765315009,0.727061260034,0.367630163385,0.345031906553,0.0225982568316
215,265,train,0.113729684236,-0.545081263056,0.2808091289,0.274540083822,0.00626904507893
216,266,train,0.0736592604903,-0.705362958039,0.249030831359,0.230885464622,0.0181453667364
217,267,train,0.184132558089,-0.263469767645,0.276965423495,0.290678574501,-0.0137131510068
218,268,train,0.396638669974,0.586554679896,0.451021670848,0.413025617014,0.0379960538341
219,269,train,0.409687142205,0.638748568819,0.537390004544,0.515845313312,0.0215446912315
220,270,train,0.034249890949,-0.863000436204,0.365064184941,0.31922564032,0.0458385446216
221,271,train,0.0179522744631,-0.928190902147,0.286087056072,0.27962111872,0.00646593735257
222,272,train,0.124830131231,-0.500679475078,0.29188658109,0.300642268164,-0.00875568707441
223,273,train,0.478755189339,0.915020757357,0.547797404608,0.486279792524,0.061517612084
224,274,train,0.282453232348,0.129812929392,0.41259808492,0.418173896506,-0.00557581158596
225,275,train,0.256708642551,0.0268345702047,0.328445681622,0.335973993422,-0.0075283117994
226,276,train,0.0339434295832,-0.864226281667,0.269431428373,0.265952304997,0.00347912337564
227,277,train,0.0390166833581,-0.843933266568,0.254785916547,0.239724232158,0.0150616843888
228,278,train,0.220720811019,-0.117116755922,0.359777887714,0.352412456837,0.00736543087756
229,279,train,0.00671782935309,-0.973128682588,0.273996678103,0.223520049114,0.0504766289888
230,280,train,0.304652103078,0.218608412313,0.236843469031,0.240510762365,-0.00366729333382
231,281,train,0.443662432838,0.774649731351,0.292751727545,0.330264613687,-0.0375128861425
232,282,train,0.081580331165,-0.67367867534,0.294251269668,0.296251944164,-0.00200067449631
233,283,train,0.275701900883,0.102807603532,0.353204800989,0.388511978999,-0.0353071780092
234,284,train,0.270954453204,0.083817812817,0.364620398963,0.406525691863,-0.0419052929005
235,285,train,0.23465405106,-0.0613837957588,0.276539084875,0.257672817219,0.0188662676556
236,286,train,0.185013741684,-0.259945033263,0.234941477352,0.272616825695,-0.0376753483439
237,287,train,0.170737195717,-0.317051217133,0.261566838181,0.223780981402,0.0377858567787
238,288,train,0.281901850226,0.127607400905,0.219872112082,0.245775718907,-0.0259036068252
239,289,train,0.202542725559,-0.189829097762,0.289395741784,0.308351051237,-0.018955309453
240,290,train,0.146860363726,-0.412558545097,0.325415851404,0.326533617743,-0.00111776633901
241,291,train,0.40501852843,0.620074113722,0.294576722202,0.383937278395,-0.0893605561932
242,292,train,0.033395886732,-0.866416453072,0.245109469521,0.297948283673,-0.0528388141524
243,293,train,0.284390493984,0.137561975937,0.324233050476,0.349172179334,-0.0249391288584
244,294,train,0.0894739579796,-0.642104168081,0.27474369101,0.297894231537,-0.0231505405261
245,295,train,0.480674534082,0.922698136328,0.353547920188,0.355468977322,-0.00192105713403
246,296,train,0.422939699027,0.691758796106,0.364292094011,0.392550764044,-0.0282586700323
247,297,train,0.473559416397,0.894237665589,0.463316779329,0.496485908711,-0.033169129382
248,298,train,0.193515343015,-0.225938627938,0.370864439842,0.402860112291,-0.0319956724494
249,299,train,0.303996183959,0.215984735835,0.339521358841,0.369106310223,-0.0295849513818
250,300,train,0.350508969788,0.402035879154,0.471765604851,0.410830369382,0.0609352354693
251,301,train,0.360513360077,0.442053440309,0.342194652885,0.347412616499,-0.00521796361356
252,302,train,0.18019137373,-0.27923450508,0.340257986376,0.31042078824,0.029837198136
253,303,train,0.0977967700082,-0.608812919967,0.277210345503,0.291491905783,-0.0142815602799
254,304,train,0.215791989186,-0.136832043255,0.388617863588,0.36870791868,0.0199099449078
255,305,train,0.215544243054,-0.137823027784,0.42544817527,0.429951684863,-0.00450350959322
256,306,train,0.494768182308,0.979072729233,0.659571581032,0.607824990705,0.0517465903274
257,307,train,0.056036488765,-0.77585404494,0.448649353719,0.444981852151,0.0036675015686
258,308,train,0.28596788706,0.143871548239,0.456162348191,0.442596279246,0.0135660689446
259,309,train,0.101157900599,-0.595368397603,0.38467381748,0.387566312976,-0.00289249549664
260,310,train,0.109664397592,-0.561342409631,0.355382077238,0.371467027245,-0.0160849500074
261,311,train,0.0906099101142,-0.637560359543,0.303570703772,0.276791476851,0.0267792269208
262,312,train,0.307391295558,0.229565182232,0.29747838946,0.294790305451,0.0026880840089
263,313,train,0.0306911190462,-0.877235523815,0.258625418917,0.243119213336,0.0155062055812
264,314,train,0.0778086137463,-0.688765545015,0.254187343747,0.251172749568,0.00301459417971
265,315,train,0.46976956908,0.879078276321,0.573748376892,0.458478610455,0.115269766437
266,316,train,0.0235859922931,-0.905656030828,0.388628620841,0.299610865907,0.0890177549348
267,317,train,0.479792365726,0.919169462903,0.494702823222,0.415955532157,0.0787472910646
268,318,train,0.355589376818,0.422357507271,0.39554809161,0.388093140713,0.00745495089704
269,319,train,0.206023224758,-0.175907100969,0.325860399909,0.323925115899,0.00193528400987
270,320,train,0.268104650696,0.0724186027844,0.29363010184,0.306802997865,-0.013172896025
271,321,train,0.464563903255,0.858255613021,0.454940968285,0.409694298074,0.0452466702118
272,322,train,0.409375407704,0.637501630816,0.340342268099,0.355278227353,-0.0149359592546
273,323,train,0.491207549504,0.964830198017,0.32376128553,0.36562225845,-0.0418609729205
274,324,train,0.482741321875,0.930965287502,0.599542937289,0.498718003071,0.100824934218
275,325,train,0.2030117772,-0.187952891199,0.412670637941,0.3856472396,0.0270233983413
276,326,train,0.152587714182,-0.389649143273,0.416762282582,0.38805366549,0.0287086170924
277,327,train,0.304699835219,0.218799340876,0.472106824978,0.439298514197,0.0328083107808
278,328,train,0.437752899681,0.751011598726,0.472164409212,0.472013948749,0.000150460463052
279,329,train,0.275346330503,0.101385322011,0.449453629076,0.464727694663,-0.0152740655875
280,330,train,0.306587000753,0.226348003012,0.54366021032,0.513178218844,0.0304819914761
281,331,train,0.359071359345,0.436285437378,0.605517362892,0.589786617982,0.0157307449097
282,332,train,0.0720398702222,-0.711840519111,0.475093376193,0.45088819667,0.0242051795237
283,333,train,0.0343333674619,-0.862666530152,0.380716396997,0.399761387989,-0.0190449909922
284,334,train,0.361945195727,0.44778078291,0.416332625593,0.421937514155,-0.00560488856185
285,335,train,0.471818783932,0.887275135727,0.429572793229,0.389013775618,0.0405590176107
286,336,train,0.403026778906,0.612107115623,0.513195227086,0.491464027605,0.0217311994805
287,337,train,0.362016672942,0.44806669177,0.613753683039,0.612010540245,0.00174314279378
288,338,train,0.205782769761,-0.176868920957,0.51947147292,0.483336568676,0.0361349042442
289,339,train,0.195913047443,-0.21634781023,0.474423243513,0.422465580634,0.0519576628793
290,340,train,0.222044705734,-0.111821177063,0.479857179783,0.480072004585,-0.000214824802062
291,341,train,0.425695797606,0.702783190426,0.40771311202,0.38762456521,0.0200885468095
292,342,train,0.419254875134,0.677019500537,0.339924651018,0.360967424793,-0.0210427737748
293,343,train,0.406302654047,0.62521061619,0.500323426389,0.485240738741,0.0150826876485
294,344,train,0.0841493908009,-0.663402436796,0.427092025485,0.444281522918,-0.0171894974325
295,345,train,0.318622046814,0.274488187257,0.521227811458,0.51853858468,0.0026892267779
296,346,train,0.344319922929,0.377279691715,0.56835868994,0.555986648013,0.012372041927
297,347,train,0.278315238212,0.113260952847,0.49430427504,0.506258004727,-0.0119537296864
298,348,train,0.0882779512699,-0.64688819492,0.39120307668,0.378996425047,0.0122066516325
299,349,train,0.00796130659319,-0.968154773627,0.310075882021,0.323048395278,-0.0129725132566
300,350,train,0.358743963053,0.434975852212,0.490934548964,0.492002765549,-0.00106821658457
301,351,train,0.408615932639,0.634463730557,0.613513047371,0.64839951392,-0.0348864665483
302,352,train,0.484929830854,0.939719323414,0.722451537517,0.69687142109,0.0255801164274
303,353,train,0.397899212483,0.591596849931,0.548999085546,0.572278130589,-0.0232790450429
304,354,train,0.269752198601,0.0790087944026,0.533292980947,0.531245417547,0.00204756339984
305,355,train,0.336934406949,0.347737627797,0.572513549203,0.53128568433,0.0412278648738
306,356,train,0.0262321258891,-0.895071496443,0.432865455047,0.428648381693,0.00421707335469
307,357,train,0.417990722322,0.671962889289,0.395809128111,0.393635913444,0.00217321466735
308,358,train,0.287952630703,0.151810522811,0.321364462135,0.378968407744,-0.0576039456088
309,359,train,0.0718258655198,-0.712696537921,0.314466243231,0.288058688506,0.0264075547251
310,360,train,0.466178511914,0.864714047654,0.557842628547,0.532008958722,0.0258336698257
311,361,train,0.108544841403,-0.565820634389,0.486134285335,0.443763370731,0.0423709146037
312,362,train,0.123823853313,-0.504704586746,0.438500676679,0.402102141392,0.0363985352879
313,363,train,0.105230396372,-0.57907841451,0.37502376762,0.38658934421,-0.0115655765894
314,364,train,0.184806463016,-0.260774147936,0.388935373306,0.384873574915,0.00406179839139
315,365,train,0.111046219158,-0.555815123367,0.304349449135,0.332564412321,-0.0282149631856
316,366,train,0.266443301923,0.065773207691,0.419463664421,0.411279800528,0.00818386389282
317,367,train,0.228083208428,-0.0876671662896,0.408287204613,0.408144055212,0.000143149401669
318,368,train,0.311120354414,0.244481417656,0.337956643938,0.348499945597,-0.0105433016583
319,369,train,0.36115982719,0.44463930876,0.52204890399,0.474055156617,0.0479937473728
320,370,train,0.411246934317,0.644987737269,0.434209096971,0.459419256247,-0.0252101592759
321,371,train,0.247485529143,-0.0100578834288,0.365566194361,0.35748315966,0.00808303470116
322,372,train,0.343733074718,0.374932298873,0.336936411318,0.350174551911,-0.0132381405929
323,373,train,0.43050618215,0.7220247286,0.386002321371,0.384950721484,0.00105159988648
324,374,train,0.198859032307,-0.204563870773,0.324267441623,0.334189876469,-0.00992243484623
325,375,train,0.275350966314,0.101403865254,0.369572914827,0.377062292177,-0.00748937734965
326,376,train,0.444585618375,0.7783424735,0.435122021928,0.469212359558,-0.0340903376301
327,377,train,0.21163044771,-0.153478209161,0.414583661652,0.472763675818,-0.058180014166
328,378,train,0.47124313657,0.884972546279,0.561054511849,0.588975402265,-0.027920890415
329,379,train,0.334355747364,0.337422989457,0.590971472752,0.557903260552,0.0330682121998
330,380,train,0.230886112571,-0.0764555497148,0.487647235371,0.4804375064,0.00720972897132
331,381,train,0.0100993026115,-0.959602789554,0.355656091624,0.354750375531,0.000905716092944
332,382,train,0.274127643969,0.0965105758776,0.459504302651,0.457927230799,0.00157707185152
333,383,train,0.212248136109,-0.151007455566,0.401894598342,0.406904318814,-0.00500972047209
334,384,train,0.373535291397,0.494141165589,0.463270657328,0.466032051478,-0.00276139415066
335,385,train,0.439590634265,0.75836253706,0.637280410975,0.602209361595,0.0350710493803
336,386,train,0.306783544541,0.227134178162,0.5417410993,0.559345106862,-0.0176040075623
337,387,train,0.260108235345,0.040432941381,0.579478723555,0.549864718823,0.029614004732
338,388,train,0.460441055794,0.841764223175,0.651914395968,0.654144903178,-0.00223050721039
339,389,train,0.266959107948,0.0678364317924,0.556529021871,0.541428520447,0.015100501424
340,390,train,0.437705047612,0.750820190449,0.416475984043,0.413576000179,0.00289998386396
341,391,train,0.0749243497403,-0.700302601039,0.361197463457,0.367915803751,-0.00671834029328
342,392,train,0.217882553427,-0.128469786293,0.369277661932,0.393899365961,-0.0246217040294
343,393,train,0.0376596783643,-0.849361286543,0.323816909058,0.338789231688,-0.0149723226309
344,394,train,0.264701855697,0.0588074227869,0.451036805104,0.444126101138,0.00691070396581
345,395,train,0.175995271357,-0.296018914573,0.426549995947,0.433686681052,-0.00713668510516
346,396,train,0.307530547824,0.230122191295,0.44772227018,0.44236256234,0.0053597078397
347,397,train,0.273163634835,0.0926545393397,0.525598236809,0.465289983514,0.0603082532947
348,398,train,0.267379823664,0.069519294654,0.483799811084,0.505654187687,-0.0218543766028
349,399,train,0.469385529701,0.877542118803,0.65883540618,0.607099797674,0.051735608506
350,400,train,0.431468732235,0.72587492894,0.493204185669,0.506584032916,-0.0133798472464
351,401,train,0.31618060821,0.264722432838,0.463279578918,0.459209915016,0.0040696639021
352,402,train,0.299041194294,0.196164777174,0.363429720332,0.382751607452,-0.0193218871192
353,403,train,0.215665975111,-0.137336099554,0.378925831842,0.410645487585,-0.0317196557433
354,404,train,0.444560091955,0.778240367821,0.419941695221,0.471502418272,-0.0515607230509
355,405,train,0.0330243046831,-0.867902781268,0.339089914943,0.370352935715,-0.0312630207712
356,406,train,0.0451796052948,-0.819281578821,0.297786036793,0.336154387142,-0.0383683503495
357,407,train,0.244605524382,-0.0215779024718,0.353308323738,0.35788392512,-0.0045756013811
358,408,train,0.0914053097571,-0.634378760972,0.345455284105,0.358367822964,-0.012912538859
359,409,train,0.48446362816,0.937854512641,0.588230247035,0.596265879358,-0.00803563232256
360,410,train,0.115263407706,-0.538946369177,0.450035630125,0.458330096156,-0.00829446603165
361,411,train,0.250041222473,0.000164889893291,0.437165103745,0.454002625216,-0.0168375214708
362,412,train,0.254671149286,0.0186845971458,0.400386270799,0.413897197934,-0.0135109271346
363,413,train,0.284168008003,0.136672032012,0.489894455219,0.480956208712,0.00893824650649
364,414,train,0.230915097091,-0.0763396116371,0.359356980863,0.362010837629,-0.00265385676568
365,415,train,0.363634024862,0.45453609945,0.305412549628,0.323744410183,-0.0183318605545
366,416,train,0.196226368369,-0.215094526522,0.325116133943,0.31882941544,0.00628671850314
367,417,train,0.196223370509,-0.215106517963,0.290345535486,0.333714928255,-0.0433693927692
368,418,train,0.225528631483,-0.0978854740663,0.408938521494,0.391736559268,0.0172019622255
369,419,train,0.103387372393,-0.586450510429,0.323466588539,0.322467395472,0.000999193066721
370,420,train,0.430292387883,0.721169551531,0.419725051851,0.43344092576,-0.0137158739093
371,421,train,0.230582014477,-0.0776719420925,0.392905658924,0.385934247352,0.00697141157254
372,422,train,0.252288872004,0.00915548801644,0.39840332376,0.404019921037,-0.00561659727644
373,423,train,0.434745006934,0.738980027735,0.444079603317,0.479366448044,-0.0352868447273
374,424,train,0.412698848749,0.650795394995,0.539769543229,0.557521230443,-0.0177516872133
375,425,train,0.429693169831,0.718772679324,0.492262604332,0.529510145785,-0.037247541453
376,426,train,0.0558510036375,-0.77659598545,0.363431979255,0.395616397742,-0.0321844184871
377,427,train,0.464337045171,0.857348180684,0.440130431606,0.42039563349,0.0197347981164
378,428,train,0.475879581756,0.903518327023,0.398775072893,0.443774778879,-0.0449997059859
379,429,train,0.190472647869,-0.238109408523,0.426571886915,0.397326684968,0.0292452019467
380,430,train,0.124741186794,-0.501035252825,0.363171566881,0.394979659032,-0.0318080921509
381,431,train,0.358807523156,0.435230092622,0.422082682791,0.458602066232,-0.0365193834412
382,432,train,0.318191148115,0.272764592459,0.524631674638,0.506676124214,0.017955550424
383,433,train,0.27932788608,0.117311544318,0.546116951746,0.55939903546,-0.0132820837139
384,434,train,0.00481184537087,-0.980752618517,0.39027550635,0.451710804389,-0.0614352980398
385,435,train,0.124572828206,-0.501708687174,0.312744373112,0.358028882505,-0.0452845093935
386,436,train,0.195017946482,-0.219928214072,0.395142007843,0.40891442583,-0.0137724179873
387,437,train,0.285006810258,0.140027241032,0.505353878518,0.543455577296,-0.0381016987783
388,438,train,0.372165674374,0.488662697495,0.466205908259,0.52027468683,-0.0540687785713
389,439,train,0.213943351991,-0.144226592036,0.381346409601,0.404471089519,-0.0231246799186
390,440,train,0.428653413427,0.714613653706,0.527234329546,0.508953232952,0.0182810965933
391,441,train,0.429503349901,0.718013399603,0.581033304422,0.593893511232,-0.0128602068104
392,442,train,0.175191914802,-0.29923234079,0.482225632465,0.458260596055,0.0239650364095
393,443,train,0.332954771863,0.331819087451,0.357685683589,0.360330649749,-0.00264496616018
394,444,train,0.358649915973,0.434599663892,0.353000140756,0.350366575562,0.00263356519403
395,445,train,0.156334499412,-0.374662002352,0.328620922427,0.332377372753,-0.00375645032622
396,446,train,0.22757595604,-0.0896961758414,0.367809948684,0.364681203536,0.00312874514827
397,447,train,0.125358426056,-0.498566295776,0.360332295609,0.381981060006,-0.0216487643972
398,448,train,0.341139525133,0.364558100533,0.393345264663,0.438748045126,-0.0454027804622
399,449,train,0.330009225659,0.320036902638,0.511470550343,0.509469505613,0.00200104473027
400,450,train,0.206139746154,-0.175441015384,0.49526149325,0.492158276051,0.00310321719885
401,451,train,0.0329171069209,-0.868331572316,0.361995915147,0.36400772462,-0.00201180947229
402,452,train,0.10035486386,-0.598580544559,0.331331037407,0.356129460855,-0.0247984234484
403,453,train,0.254856765601,0.0194270624039,0.400466873235,0.382829868155,0.0176370050796
404,454,train,0.393257700364,0.573030801458,0.390523494512,0.409890234328,-0.0193667398157
405,455,train,0.302446221679,0.209784886717,0.397357016159,0.397359954782,-2.93862228906e-06
406,456,train,0.00150584596633,-0.993976616135,0.299158234111,0.271416337417,0.0277418966941
407,457,train,0.304252879771,0.217011519084,0.404389247077,0.371291920296,0.0330973267804
408,458,train,0.26894350689,0.0757740275618,0.435028137451,0.425588112149,0.00944002530172
409,459,train,0.167730328733,-0.32907868507,0.369964796238,0.340802513619,0.0291622826187
410,460,train,0.405750512158,0.623002048631,0.302898109715,0.316558691264,-0.0136605815494
411,461,train,0.129158533445,-0.48336586622,0.266243808704,0.258755660194,0.00748814850957
412,462,train,0.222996763659,-0.108012945366,0.313010244929,0.311106639384,0.0019036055448
413,463,train,0.309818207296,0.239272829184,0.432674475835,0.410110937794,0.0225635380409
414,464,train,0.259959732422,0.0398389296863,0.425862833399,0.421739217051,0.00412361634755
415,465,train,0.0849419585006,-0.660232165998,0.305598005829,0.310935672478,-0.00533766664979
416,466,train,0.182495529138,-0.270017883448,0.329284002939,0.30751500106,0.0217690018799
417,467,train,0.46001897589,0.840075903559,0.44338727041,0.400727739104,0.0426595313063
418,468,train,0.359838305473,0.439353221894,0.40389057932,0.448727240144,-0.0448366608234
419,469,train,0.416698493011,0.666793972044,0.547335803191,0.51623563562,0.0311001675713
420,470,train,0.425234792414,0.700939169655,0.449762659627,0.483008081751,-0.0332454221243
421,471,train,0.221571451428,-0.113714194287,0.397130506962,0.427819539633,-0.0306890326714
422,472,train,0.254725889367,0.0189035574685,0.417895181067,0.408434264226,0.00946091684148
423,473,train,0.326040425101,0.304161700404,0.439276827665,0.436136572321,0.00314025534415
424,474,train,0.399917186746,0.599668746986,0.374094593663,0.384252478408,-0.0101578847454
425,475,train,0.108885179972,-0.564459280114,0.318867550362,0.300475237845,0.0183923125169
426,476,train,0.203375266068,-0.18649893573,0.401696450139,0.36359760476,0.0380988453789
427,477,train,0.0112226402556,-0.955109438978,0.310788876661,0.303705888377,0.00708298828387
428,478,train,0.476218773123,0.904875092493,0.553997756711,0.573625483515,-0.0196277268045
429,479,train,0.331652749812,0.326610999247,0.594384726943,0.609007161645,-0.0146224347021
430,480,train,0.0355376493607,-0.857849402557,0.416668002611,0.410338950118,0.00632905249221
431,481,train,0.00959991252999,-0.96160034988,0.31668537889,0.30698610712,0.00969927177033
432,482,train,0.11393450676,-0.544261972961,0.316349333323,0.338529847239,-0.0221805139159
433,483,train,0.336664625392,0.346658501568,0.460808759249,0.462175911327,-0.00136715207816
434,484,train,0.108816083356,-0.564735666576,0.349659522547,0.334981460387,0.0146780621607
435,485,train,0.246206220489,-0.0151751180457,0.350635826567,0.333333430974,0.017302395593
436,486,train,0.352993977098,0.411975908391,0.28251678463,0.320442056167,-0.0379252715366
437,487,train,0.0756771921539,-0.697291231385,0.294645693274,0.345505524749,-0.0508598314751
438,488,train,0.384558705385,0.538234821539,0.437695091169,0.483546726905,-0.0458516357365
439,489,train,0.0492089065958,-0.803164373617,0.317532518028,0.318252671375,-0.000720153347437
440,490,train,0.446158551738,0.784634206951,0.257938391855,0.297769296823,-0.0398309049689
441,491,train,0.217800192471,-0.128799230118,0.258253156435,0.275971094958,-0.017717938523
442,492,train,0.0269727899384,-0.892108840247,0.234045076114,0.25149052539,-0.0174454492754
443,493,train,0.488426772689,0.953707090756,0.287895516781,0.380624534687,-0.092729017906
444,494,train,0.186596737247,-0.253613051011,0.299484301853,0.349069654384,-0.0495853525307
445,495,train,0.0785206291342,-0.685917483463,0.276653002667,0.304656765841,-0.028003763174
446,496,train,0.289106260382,0.156425041529,0.256574136209,0.32721754341,-0.0706434072004
447,497,train,0.183794953054,-0.264820187784,0.320461185253,0.316198375458,0.00426280979441
448,498,train,0.0973871197532,-0.610451520987,0.250539288981,0.266239733401,-0.0157004444195
449,499,train,0.142745668312,-0.429017326751,0.305259199902,0.307302036184,-0.0020428362823
450,500,train,0.265465257277,0.061861029106,0.320234263264,0.309733763312,0.0105004999513
451,501,train,0.260971594934,0.0438863797364,0.251612269984,0.268847288099,-0.0172350181151
452,502,train,0.132733715054,-0.469065139782,0.307990149264,0.323119497733,-0.0151293484697
453,503,train,0.425049697358,0.700198789433,0.355666188977,0.384440134761,-0.028773945784
454,504,train,0.275175643708,0.100702574833,0.291472795756,0.324920380698,-0.0334475849421
455,505,train,0.429764075813,0.719056303254,0.416608012372,0.38379863013,0.0328093822426
456,506,train,0.438637930587,0.754551722346,0.409994569287,0.406163649623,0.00383091966422
457,507,train,0.255021131489,0.0200845259565,0.3264628314,0.311219283845,0.0152435475557
458,508,train,0.164978743958,-0.340085024169,0.286082918401,0.296399171927,-0.0103162535258
459,509,train,0.00640600124592,-0.974375995016,0.235170074307,0.242301831211,-0.00713175690383
460,510,train,0.3629806123,0.451922449199,0.350284894527,0.370675260621,-0.0203903660941
461,511,train,0.171677125116,-0.313291499535,0.295861044214,0.287490474458,0.00837056975601
462,512,train,0.134052093415,-0.463791626341,0.322682541217,0.294617667256,0.0280648739611
463,513,train,0.161547972129,-0.353808111486,0.316571753496,0.34794193705,-0.0313701835539
464,514,train,0.152208377919,-0.391166488325,0.344553834026,0.360524588524,-0.015970754498
465,515,train,0.311928738409,0.247714953634,0.465526802133,0.442397897831,0.0231289043022
466,516,train,0.202433004057,-0.19026798377,0.395145101539,0.403745702646,-0.00860060110754
467,517,train,0.115659168601,-0.537363325595,0.313121957389,0.338166109005,-0.0250441516163
468,518,train,0.0097766607385,-0.960893357046,0.246087071007,0.23121486109,0.0148722099168
469,519,train,0.170664110666,-0.317343557337,0.307167630226,0.293339304957,0.0138283252692
470,520,train,0.473510653602,0.894042614409,0.365644837774,0.421470028348,-0.0558251905739
471,521,train,0.277610905072,0.110443620288,0.327169284098,0.324765280268,0.00240400382954
472,522,train,0.268710687142,0.0748427485679,0.318944112283,0.29110878792,0.0278353243631
473,523,train,0.415517401065,0.66206960426,0.344770498906,0.371860328954,-0.0270898300482
474,524,train,0.0884092602472,-0.646362959011,0.30389315718,0.30333767481,0.000555482369887
475,525,train,0.11895179276,-0.524192828958,0.278759054808,0.228611902197,0.0501471526106
476,526,train,0.108952286457,-0.564190854172,0.247140955787,0.260122207366,-0.0129812515788
477,527,train,0.208876646434,-0.164493414263,0.214927802884,0.195986806769,0.0189409961154
478,528,train,0.43533194527,0.74132778108,0.307671906809,0.291552571658,0.0161193351515
479,529,train,0.322029258642,0.288117034569,0.467426295541,0.402676665832,0.064749629709
480,530,train,0.435676606277,0.742706425106,0.495886180897,0.437672310694,0.0582138702037
481,531,train,0.224945957757,-0.100216168972,0.421418524316,0.403073703302,0.0183448210146
482,532,train,0.0627166288967,-0.749133484413,0.337174150141,0.28078493753,0.0563892126115
483,533,train,0.291700207834,0.166800831335,0.297476820673,0.314172153519,-0.0166953328459
484,534,train,0.128434129739,-0.486263481044,0.262310494284,0.271392691588,-0.00908219730367
485,535,train,0.388332013577,0.553328054309,0.285834857381,0.260240135089,0.0255947222918
486,536,train,0.385216060756,0.540864243022,0.354139791579,0.369521905719,-0.0153821141397
487,537,train,0.487863066121,0.951452264482,0.585803100642,0.579243321985,0.00655977865689
488,538,train,0.35516600528,0.420664021121,0.559047802486,0.59796432343,-0.0389165209439
489,539,train,0.377792006358,0.511168025434,0.628275947644,0.601380090807,0.0268958568371
490,540,train,0.391804060461,0.567216241843,0.55348256519,0.539723923611,0.0137586415793
491,541,train,0.0984845333345,-0.606061866662,0.393892341278,0.391248167069,0.00264417420837
492,542,train,0.0845054920248,-0.661978031901,0.338991715312,0.315317712438,0.0236740028737
493,543,train,0.37117849912,0.484713996478,0.34539811118,0.380713219096,-0.035315107916
494,544,train,0.267715959323,0.0708638372923,0.433947984981,0.43397880304,-3.08180588718e-05
495,545,train,0.317182758474,0.268731033897,0.510638854876,0.509684744068,0.000954110807853
496,546,train,0.160896993308,-0.35641202677,0.491027718148,0.509978988817,-0.0189512706687
497,547,train,0.286560594345,0.146242377379,0.518814322064,0.513544982762,0.00526933930169
498,548,train,0.245206152214,-0.0191753911422,0.518428141675,0.512065664111,0.00636247756421
499,549,train,0.0799734120265,-0.680106351894,0.425212671872,0.428678117243,-0.00346544537072
500,550,train,0.429627948319,0.718511793278,0.387338513541,0.433028896846,-0.0456903833044
501,551,train,0.335449311609,0.341797246438,0.343233784922,0.379025976223,-0.0357921913015
502,552,train,0.0382342727564,-0.847062908974,0.29827665722,0.333132283256,-0.0348556260356
503,553,train,0.405419950216,0.621679800865,0.416005701613,0.496328043884,-0.0803223422716
504,554,train,0.0951473596616,-0.619410561353,0.360404428065,0.370068703357,-0.00966427529207
505,555,train,0.284845958713,0.139383834851,0.353802803051,0.339438210273,0.0143645927782
506,556,train,0.00552768616995,-0.97788925532,0.281268359339,0.278620941892,0.00264741744714
507,557,train,0.416198790696,0.664795162783,0.392348765918,0.395351566456,-0.00300280053848
508,558,train,0.42979998974,0.719199958961,0.343345208474,0.40396872751,-0.0606235190365
509,559,train,0.360502911349,0.442011645395,0.497150123398,0.510899944059,-0.0137498206607
510,560,train,0.378302313693,0.513209254774,0.53080286704,0.573681288887,-0.0428784218475
511,561,train,0.374937500242,0.49975000097,0.382038192284,0.471968862647,-0.0899306703638
512,562,train,0.119282964486,-0.522868142057,0.360797323711,0.411296521889,-0.0504991981773
513,563,train,0.498360674777,0.993442699109,0.350045292843,0.446065896575,-0.0960206037322
514,564,train,0.11347304658,-0.54610781368,0.320915878246,0.380436024973,-0.0595201467274
515,565,train,0.34875139394,0.395005575758,0.260341272857,0.36692881844,-0.106587545583
516,566,train,0.0452971728621,-0.818811308552,0.254792477998,0.315528344213,-0.0607358662143
517,567,train,0.453745869679,0.814983478718,0.516009745931,0.542760094707,-0.0267503487754
518,568,train,0.248499232642,-0.00600306943297,0.487640778948,0.513871699323,-0.0262309203751
519,569,train,0.043654706405,-0.82538117438,0.36763014144,0.394490421117,-0.0268602796773
520,570,train,0.129304028722,-0.482783885113,0.353430246789,0.404202220804,-0.0507719740152
521,571,train,0.125924281629,-0.496302873485,0.293125374676,0.347144364622,-0.0540189899459
522,572,train,0.0235462445916,-0.905815021633,0.257785015267,0.329473451522,-0.0716884362559
523,573,train,0.00103426212817,-0.995862951487,0.222130474387,0.291634295579,-0.069503821192
524,574,train,0.0995716668502,-0.601713332599,0.25575472313,0.287661268421,-0.0319065452907
525,575,train,0.0303770242299,-0.87849190308,0.220588916041,0.206301802266,0.0142871137748
526,576,train,0.243577505308,-0.0256899787689,0.367572949317,0.355401864626,0.0121710846916
527,577,train,0.347713660594,0.390854642377,0.401297096395,0.377953954138,0.0233431422569
528,578,train,0.228091580539,-0.0876336778459,0.300073433351,0.283746708789,0.0163267245612
529,579,train,0.313916854455,0.255667417821,0.296510086138,0.311577723701,-0.015067637563
530,580,train,0.124294655934,-0.502821376266,0.256436673425,0.269150418497,-0.0127137450723
531,581,train,0.336997364669,0.347989458676,0.225648542758,0.229412424501,-0.00376388174313
532,582,train,0.143242115998,-0.427031536007,0.199550433302,0.214400935937,-0.014850502635
533,583,train,0.0145046399111,-0.941981440356,0.189425424341,0.207034656129,-0.0176092317885
534,584,train,0.387093085017,0.548372340066,0.200159947863,0.225702950719,-0.0255430028565
535,585,train,0.0456167390657,-0.817533043737,0.203308687822,0.230641506456,-0.0273328186345
536,586,train,0.345944956689,0.383779826755,0.368263864001,0.377294305683,-0.00903044168219
537,587,train,0.34976630712,0.399065228482,0.378770527943,0.418235753788,-0.0394652258446
538,588,train,0.149299054068,-0.402803783728,0.333516250353,0.33554722607,-0.00203097571709
539,589,train,0.223941808289,-0.104232766844,0.286024455138,0.277011940333,0.00901251480566
540,590,train,0.378978790356,0.515915161422,0.415150645133,0.38795429407,0.0271963510627
541,591,train,0.383113142412,0.532452569647,0.364979427929,0.318990099891,0.0459893280386
542,592,train,0.00505546127936,-0.979778154883,0.263240277992,0.222300715499,0.0409395624926
543,593,train,0.305183382013,0.22073352805,0.395697064006,0.308696151391,0.0870009126141
544,594,train,0.205404559688,-0.178381761248,0.296255741475,0.31897661702,-0.0227208755451
545,595,train,0.356898831619,0.427595326476,0.423037075376,0.396007344237,0.0270297311393
546,596,train,0.490457411815,0.961829647259,0.558788255839,0.510634377892,0.0481538779469
547,597,train,0.311041205686,0.244164822744,0.441101476291,0.407759315503,0.0333421607889
548,598,train,0.104931642592,-0.58027342963,0.350897767643,0.326263673693,0.0246340939499
549,599,train,0.34159854321,0.366394172839,0.466043106741,0.417474877903,0.0485682288377
550,600,train,0.437125448167,0.748501792669,0.583646202547,0.513773944505,0.0698722580417
551,601,train,0.176478087515,-0.294087649941,0.397354469445,0.382408676837,0.0149457926085
552,602,train,0.258820048447,0.0352801937864,0.42065654125,0.375813802172,0.0448427390788
553,603,train,0.0680674004118,-0.727730398353,0.338314281048,0.31137014807,0.0269441329774
554,604,train,0.2581761521,0.0327046083981,0.412041633756,0.388199664349,0.0238419694076
555,605,train,0.135207158525,-0.459171365901,0.41356440688,0.388216892875,0.0253475140044
556,606,train,0.00351960563126,-0.985921577475,0.316331836819,0.339770807847,-0.0234389710281
557,607,train,0.0532086680793,-0.787165327683,0.268754387093,0.255286104012,0.0134682830805
558,608,train,0.381536605851,0.526146423406,0.429440396809,0.403781530897,0.0256588659123
559,609,train,0.233342344851,-0.0666306205948,0.468710888942,0.445348088763,0.0233628001793
560,610,train,0.0981481059487,-0.607407576205,0.361480936665,0.349540148081,0.0119407885835
561,611,train,0.358369445671,0.433477782684,0.41673712425,0.352821411653,0.0639157125966
562,612,train,0.210661180613,-0.15735527755,0.326669100479,0.28911751721,0.0375515832689
563,613,train,0.344628169154,0.378512676618,0.392746750206,0.369148825351,0.0235979248558
564,614,train,0.105025771198,-0.579896915207,0.31387346185,0.296855772145,0.0170176897052
565,615,train,0.466967638394,0.867870553576,0.254824345173,0.246259802664,0.00856454250824
566,616,train,0.246790936395,-0.0128362544214,0.241370261793,0.263492480814,-0.0221222190205
567,617,train,0.411220504902,0.644882019608,0.449687940028,0.410802534446,0.0388854055823
568,618,train,0.0537013079102,-0.785194768359,0.335895205408,0.310023415046,0.0258717903619
569,619,train,0.271591947946,0.0863677917832,0.300575783697,0.306219146871,-0.00564336317363
570,620,train,0.223471233402,-0.10611506639,0.361306248298,0.356966098413,0.00434014988517
571,621,train,0.395354794891,0.581419179566,0.394628738092,0.42241435403,-0.0277856159379
572,622,train,0.361456366262,0.44582546505,0.47176676535,0.406074461478,0.0656923038722
573,623,train,0.439855830679,0.759423322717,0.393776857623,0.397177343541,-0.00340048591765
574,624,train,0.273609084385,0.0944363375392,0.479042492259,0.427141920029,0.0519005722299
575,625,train,0.337181631305,0.348726525218,0.456745475721,0.502452382556,-0.0457069068349
576,626,train,0.218585995973,-0.125656016108,0.460572352722,0.44570143604,0.0148709166819
577,627,train,0.0642401419687,-0.743039432125,0.337855772762,0.32453605384,0.0133197189217
578,628,train,0.141635650013,-0.433457399949,0.326496196199,0.290361048546,0.0361351476526
579,629,train,0.336459458815,0.345837835261,0.37575028285,0.367637123597,0.00811315925238
580,630,train,0.273987389335,0.0959495573406,0.451447054369,0.425723135753,0.0257239186162
581,631,train,0.350701032954,0.402804131818,0.519210767572,0.538583778747,-0.0193730111753
582,632,train,0.22043868775,-0.118245249001,0.512125751646,0.498817815437,0.0133079362088
583,633,train,0.144208993217,-0.423164027131,0.423263568767,0.420375620116,0.00288794865185
584,634,train,0.397165729289,0.588662917156,0.519755861346,0.509770604585,0.00998525676104
585,635,train,0.0617210830695,-0.753115667722,0.3900740995,0.392977155615,-0.00290305611494
586,636,train,0.341001621056,0.364006484225,0.334069969689,0.33536488148,-0.00129491179069
587,637,train,0.421258725674,0.685034902696,0.359707353603,0.37418070086,-0.0144733472564
588,638,train,0.385443729708,0.541774918832,0.478194075551,0.50074010269,-0.0225460271389
589,639,train,0.139014225237,-0.443943099052,0.404922793996,0.42369482305,-0.0187720290542
590,640,train,0.39373022577,0.574920903078,0.517535894852,0.49067003207,0.0268658627822
591,641,train,0.327341931868,0.309367727474,0.478880015854,0.455684276099,0.0231957397549
592,642,train,0.20091310217,-0.196347591321,0.392921490131,0.393561405352,-0.000639915221315
593,643,train,0.0635616876086,-0.745753249566,0.34020809476,0.360497699771,-0.0202896050109
594,644,train,0.428115573351,0.712462293403,0.313418516946,0.38488071084,-0.0714621938935
595,645,train,0.458918545542,0.835674182168,0.49160285883,0.53212673264,-0.0405238738098
596,646,train,0.394128137602,0.576512550406,0.597586033803,0.611146770719,-0.0135607369154
597,647,train,0.299152345119,0.196609380476,0.582956665126,0.594026466003,-0.0110698008765
598,648,train,0.344385473294,0.377541893177,0.480727056711,0.533536429317,-0.0528093726065
599,649,train,0.394210546305,0.576842185221,0.587622504864,0.584738313252,0.00288419161231
600,650,train,0.0955855269712,-0.617657892115,0.463763889895,0.507278226607,-0.0435143367119
601,651,train,0.267676561377,0.0707062455074,0.429471664453,0.441963542357,-0.0124918779037
602,652,train,0.229187428039,-0.0832502878433,0.351195164685,0.367359795116,-0.0161646304317
603,653,train,0.0765419783078,-0.693832086769,0.335963628378,0.323563986933,0.0123996414457
604,654,train,0.224498124727,-0.10200750109,0.43317656409,0.443499539884,-0.0103229757936
605,655,train,0.285877293638,0.143509174551,0.501928896648,0.49063618026,0.0112927163873
606,656,train,0.386526906782,0.546107627126,0.543593617628,0.536292435396,0.00730118223159
607,657,train,0.273380407203,0.0935216288134,0.532327606053,0.518975864324,0.0133517417291
608,658,train,0.00431061689734,-0.982757532411,0.386273444016,0.39235462005,-0.00608117603425
609,659,train,0.0890290851134,-0.643883659547,0.316819906887,0.325457037368,-0.00863713048081
610,660,train,0.266623320195,0.0664932807813,0.370128574709,0.362575284329,0.00755329037991
611,661,train,0.443445181937,0.773780727748,0.441229932589,0.473191174181,-0.0319612415921
612,662,train,0.44681364598,0.787254583921,0.376606064756,0.423356915368,-0.0467508506118
613,663,train,0.177933012773,-0.288267948909,0.352703994385,0.394514557225,-0.0418105628404
614,664,train,0.407195689061,0.628782756245,0.455457247425,0.483797023687,-0.0283397762623
615,665,train,0.457732862786,0.830931451143,0.599427385787,0.610185796457,-0.0107584106705
616,666,train,0.442500074666,0.770000298664,0.592396277878,0.608159886078,-0.0157636081993
617,667,train,0.271650515704,0.086602062815,0.410494764372,0.403857484115,0.00663728025625
618,668,train,0.235274234271,-0.0589030629179,0.342855737083,0.375498440458,-0.0326427033755
619,669,train,0.496199574029,0.984798296115,0.474300329588,0.440826404326,0.0334739252622
620,670,train,0.205419655283,-0.178321378869,0.483644667576,0.4416397468,0.0420049207764
621,671,train,0.226271761924,-0.0949129523051,0.506269516484,0.490779758272,0.0154897582116
622,672,train,0.335553450238,0.342213800951,0.457733965933,0.512630681944,-0.0548967160114
623,673,train,0.206013787732,-0.175944849071,0.470153890919,0.471456205199,-0.00130231427923
624,674,train,0.237518293128,-0.0499268274895,0.516792181504,0.513405609019,0.00338657248442
625,675,train,0.231323191724,-0.0747072331024,0.534005686941,0.512529110242,0.0214765766987
626,676,train,0.496946902063,0.987787608251,0.590553766442,0.585694238282,0.00485952815951
627,677,train,0.0978732849544,-0.608506860182,0.453049994729,0.435748712679,0.0173012820503
628,678,train,0.449317416596,0.797269666384,0.679738734671,0.601667246439,0.0780714882318
629,679,train,0.139127673505,-0.44348930598,0.522375723476,0.475162488547,0.0472132349289
630,680,train,0.260390036847,0.0415601473861,0.481282745925,0.44065284123,0.0406299046951
631,681,train,0.376915395305,0.50766158122,0.559518945539,0.523151401299,0.0363675442393
632,682,train,0.0903556565108,-0.638577373957,0.4430765655,0.420282800093,0.0227937654073
633,683,train,0.0849465853494,-0.660213658602,0.379507265551,0.371349118662,0.00815814688854
634,684,train,0.212958240659,-0.148167037363,0.385656457097,0.373626414532,0.0120300425645
635,685,train,0.348661721732,0.394646886929,0.572565282609,0.501930501508,0.0706347811004
636,686,train,0.292853475047,0.171413900188,0.459832114523,0.449078972999,0.0107531415238
637,687,train,0.454945250041,0.819781000164,0.658072319895,0.575946659319,0.0821256605761
638,688,train,0.297052279966,0.188209119862,0.528592077486,0.489250193613,0.0393418838727
639,689,train,0.251345623751,0.00538249500506,0.488645863855,0.451086686845,0.0375591770098
640,690,train,0.040221176024,-0.839115295904,0.390438490286,0.399599186815,-0.00916069652914
641,691,train,0.475992505817,0.903970023269,0.376636307689,0.406455829145,-0.0298195214555
642,692,train,0.0592998533776,-0.76280058649,0.308736692156,0.307991579009,0.000745113147024
643,693,train,0.0584795653959,-0.766081738416,0.281518830854,0.266475911703,0.0150429191508
644,694,train,0.128691855644,-0.485232577426,0.314408249911,0.309763968261,0.00464428164984
645,695,train,0.265544532773,0.0621781310912,0.379817635002,0.379991245867,-0.000173610864249
646,696,train,0.0771918404392,-0.691232638243,0.346131479913,0.366252222932,-0.020120743019
647,697,train,0.197228456635,-0.21108617346,0.362209828405,0.382580716546,-0.0203708881415
648,698,train,0.186199411332,-0.255202354672,0.347269338557,0.340662112668,0.00660722588985
649,699,train,0.154145169894,-0.383419320424,0.275916426769,0.261703578845,0.0142128479236
650,700,train,0.392003075644,0.568012302578,0.509333129924,0.446926573339,0.0624065565848
651,701,train,0.400249155127,0.600996620507,0.377585682023,0.392737394871,-0.0151517128479
652,702,train,0.15066235196,-0.39735059216,0.292624467463,0.294586836803,-0.00196236934013
653,703,train,0.19019018216,-0.239239271359,0.275517601573,0.275629780308,-0.000112178735443
654,704,train,0.275110710428,0.100442841712,0.340187772094,0.338818008813,0.00136976328012
655,705,train,0.205403972301,-0.178384110795,0.285484606779,0.270528889436,0.0149557173438
656,706,train,0.470387108857,0.881548435428,0.373513357262,0.339404273144,0.0341090841181
657,707,train,0.195424403146,-0.218302387416,0.330873485915,0.307433442061,0.0234400438538
658,708,train,0.203863333346,-0.184546666614,0.302784770192,0.282520467376,0.0202643028155
659,709,train,0.334537380844,0.338149523374,0.438470647335,0.406720511545,0.0317501357902
660,710,train,0.464074074169,0.856296296678,0.587469686216,0.580268962077,0.00720072413926
661,711,train,0.310741994952,0.242967979809,0.452343664521,0.461718826036,-0.00937516151502
662,712,train,0.306100259988,0.22440103995,0.406243720736,0.408471841231,-0.00222812049446
663,713,train,0.0065077887521,-0.973968844992,0.301600533136,0.314600263084,-0.0129997299476
664,714,train,0.352375019131,0.409500076523,0.356639206189,0.418505469374,-0.061866263185
665,715,train,0.0378508393542,-0.848596642583,0.302091704995,0.332588512199,-0.0304968072044
666,716,train,0.383986511127,0.535946044508,0.361371340876,0.451064861441,-0.0896935205643
667,717,train,0.0564521351767,-0.774191459293,0.295055470443,0.313662966532,-0.0186074960888
668,718,train,0.346161248363,0.384644993453,0.418343051356,0.412031240134,0.00631181122243
669,719,train,0.0620334849729,-0.751866060108,0.350672591908,0.365639661587,-0.0149670696785
670,720,train,0.42705493689,0.708219747561,0.471443537045,0.537225452886,-0.0657819158414
671,721,train,0.444025771923,0.776103087694,0.532897275848,0.53745495686,-0.00455768101279
672,722,train,0.275931406559,0.103725626234,0.363716191052,0.394988454619,-0.031272263567
673,723,train,0.291558428175,0.166233712701,0.431488171267,0.420517362296,0.0109708089709
674,724,train,0.413684115762,0.654736463046,0.336722818442,0.40900811194,-0.0722852934984
675,725,train,0.0699194404799,-0.72032223808,0.306340546094,0.354312676674,-0.0479721305795
676,726,train,0.268447821432,0.0737912857298,0.273880885579,0.342668353741,-0.0687874681614
677,727,train,0.00346541567411,-0.986138337304,0.235734818018,0.312038683582,-0.076303865564
678,728,train,0.195448082564,-0.218207669744,0.232768224318,0.293727671886,-0.060959447568
679,729,train,0.345735466874,0.382941867494,0.43245204816,0.427344593282,0.0051074548786
680,730,train,0.311887278725,0.2475491149,0.51568316348,0.518948324617,-0.00326516113664
681,731,train,0.440289474424,0.761157897696,0.531352933107,0.552042872931,-0.0206899398233
682,732,train,0.0191515893608,-0.923393642557,0.365022891772,0.356986712543,0.00803617922909
683,733,train,0.119176391157,-0.523294435373,0.350284527004,0.359546024992,-0.00926149798851
684,734,train,0.369763575925,0.479054303701,0.306571035377,0.38232417981,-0.0757531444329
685,735,train,0.435098877002,0.740395508007,0.421591083867,0.416281261371,0.00530982249521
686,736,train,0.274180660656,0.0967226426235,0.305166317218,0.33759396519,-0.0324276479717
687,737,train,0.350407205027,0.401628820107,0.350683822706,0.386787832661,-0.0361040099557
688,738,train,0.492606453612,0.970425814448,0.527505333083,0.537429530654,-0.0099241975707
689,739,train,0.167105888,-0.331576448001,0.444734005375,0.453005519204,-0.00827151382892
690,740,train,0.28535432859,0.14141731436,0.513461927707,0.496961671715,0.0165002559922
691,741,train,0.135509068429,-0.457963726286,0.36361146267,0.355401251462,0.00821021120751
692,742,train,0.440362093815,0.761448375259,0.359592986764,0.323684610573,0.0359083761915
693,743,train,0.391796197409,0.567184789635,0.496083238762,0.481330600173,0.014752638589
694,744,train,0.0859281463802,-0.656287414479,0.406330079884,0.389286189032,0.0170438908518
695,745,train,0.0919601124843,-0.632159550063,0.344820515071,0.3571844724,-0.0123639573296
696,746,train,0.293199190306,0.172796761223,0.428449737838,0.464339758923,-0.0358900210844
697,747,train,0.262443712571,0.0497748502823,0.513187203814,0.496817910066,0.0163692937485
698,748,train,0.230953140033,-0.0761874398685,0.424690736492,0.460829624493,-0.0361388880009
699,749,train,0.263333595267,0.0533343810676,0.431323819363,0.420026290712,0.0112975286504
700,750,train,0.0533924539142,-0.786430184343,0.332586650128,0.317897793794,0.0146888563335
701,751,train,0.225965468039,-0.0961381278448,0.41722744686,0.428571971183,-0.0113445243231
702,752,train,0.334235012117,0.336940048466,0.508260485131,0.461364385839,0.0468960992913
703,753,train,0.259503076049,0.0380123041961,0.395277297649,0.380903998551,0.0143732990986
704,754,train,0.0883946018012,-0.646421592795,0.313827158904,0.308479049299,0.0053481096051
705,755,train,0.439554243306,0.758216973226,0.451949575696,0.425299319212,0.0266502564841
706,756,train,0.496294178555,0.985176714219,0.526247401947,0.567015780615,-0.0407683786672
707,757,train,0.077608610985,-0.68956555606,0.398286916441,0.36931081227,0.0289761041702
708,758,train,0.190242186343,-0.239031254628,0.378265643133,0.354713572507,0.0235520706265
709,759,train,0.256388767811,0.0255550712435,0.312565165563,0.288665790048,0.0238993755152
710,760,train,0.360877342522,0.443509370087,0.379140386293,0.369167678248,0.00997270804537
711,761,train,0.313026729548,0.25210691819,0.44804335086,0.454886798907,-0.00684344804661
712,762,train,0.460815909737,0.84326363895,0.505902376751,0.500038215106,0.00586416164443
713,763,train,0.495636400471,0.982545601883,0.421438510662,0.464400195997,-0.0429616853347
714,764,train,0.187385345262,-0.250458618953,0.437127044891,0.470920840266,-0.0337937953743
715,765,train,0.432922556835,0.731690227339,0.64650899978,0.600351607429,0.0461573923511
716,766,train,0.229078293816,-0.0836868247364,0.464582597622,0.453637132942,0.0109454646805
717,767,train,0.406951420724,0.627805682897,0.457522880711,0.449301199898,0.00822168081313
718,768,train,0.361782545131,0.447130180526,0.478216270744,0.458679592287,0.019536678457
719,769,train,0.350253341821,0.401013367283,0.541881874209,0.489033229127,0.0528486450813
720,770,train,0.344101492,0.376405968001,0.553653647384,0.542126746289,0.0115269010948
721,771,train,0.0443595246984,-0.822561901206,0.433922757804,0.444199681096,-0.0102769232915
722,772,train,0.335439034833,0.341756139334,0.586755865343,0.598161954484,-0.0114060891415
723,773,train,0.424160196978,0.696640787912,0.542571836264,0.54286553809,-0.000293701826204
724,774,train,0.0762594437181,-0.694962225127,0.45180859758,0.459083257362,-0.00727465978236
725,775,train,0.444879440304,0.779517761215,0.504919369198,0.565193394876,-0.0602740256783
726,776,train,0.124129465875,-0.503482136499,0.4538774343,0.45759008344,-0.00371264914039
727,777,train,0.332873227493,0.33149290997,0.530390605707,0.551477077283,-0.0210864715756
728,778,train,0.332200138783,0.328800555131,0.568314623461,0.587990127435,-0.0196755039739
729,779,train,0.256313041884,0.025252167536,0.549646181217,0.539773631707,0.00987254951006
730,780,train,0.466291792891,0.865167171562,0.438165187232,0.427369256855,0.0107959303765
731,781,train,0.128134017396,-0.487463930416,0.406785235135,0.407257749325,-0.000472514190093
732,782,train,0.0899090534266,-0.640363786294,0.381611616093,0.409682827493,-0.0280712114005
733,783,train,0.489873431818,0.959493727271,0.362642472402,0.415289899604,-0.0526474272017
734,784,train,0.249345200614,-0.00261919754443,0.45946660736,0.503109001798,-0.0436423944377
735,785,train,0.237247640394,-0.0510094384256,0.388973792182,0.4084293386,-0.0194555464185
736,786,train,0.263121414477,0.0524856579095,0.436365844871,0.441492382391,-0.00512653752047
737,787,train,0.177459173604,-0.290163305586,0.418007915972,0.443362074491,-0.0253541585196
738,788,train,0.017887563042,-0.928449747832,0.324449914845,0.349777325419,-0.0253274105738
739,789,train,0.277281905624,0.109127622498,0.458861168892,0.440150459306,0.0187107095863
740,790,train,0.228001818715,-0.0879927251407,0.374981062926,0.371673330593,0.00330773233262
741,791,train,0.196531788192,-0.213872847233,0.314223231105,0.294691568689,0.0195316624157
742,792,train,0.366603707332,0.466414829328,0.525232305261,0.454378120798,0.0708541844628
743,793,train,0.365240844995,0.460963379982,0.500882577707,0.498112364169,0.002770213538
744,794,train,0.464820998121,0.859283992484,0.520902816414,0.531253307152,-0.0103504907387
745,795,train,0.446677037526,0.786708150103,0.543593612131,0.553253367814,-0.00965975568282
746,796,train,0.309011876834,0.236047507338,0.465399823398,0.450906720275,0.0144931031232
747,797,train,0.0471505866557,-0.811397653377,0.344355877548,0.321001786038,0.0233540915102
748,798,train,0.442734524534,0.770938098136,0.462741559882,0.422042227226,0.0406993326559
749,799,train,0.226743140646,-0.0930274374167,0.420744626136,0.422352277677,-0.00160765154067
750,800,train,0.0710495725632,-0.715801709747,0.341269382278,0.336119917174,0.00514946510443
751,801,train,0.0352504367535,-0.858998252986,0.297515866029,0.304464352716,-0.00694848668702
752,802,train,0.266472436143,0.0658897445705,0.401034941807,0.391218936036,0.00981600577129
753,803,train,0.444359009689,0.777436038756,0.616322833639,0.565622931518,0.0506999021209
754,804,train,0.12422111816,-0.503115527362,0.504145724396,0.505261480358,-0.00111575596168
755,805,train,0.0430701402089,-0.827719439164,0.382047064055,0.408455235826,-0.0264081717707
756,806,train,0.367811538082,0.471246152328,0.321537415143,0.395184278731,-0.0736468635884
757,807,train,0.499807649793,0.999230599173,0.594166355734,0.567318850663,0.0268475050711
758,808,train,0.37513280327,0.500531213079,0.534817518907,0.505396271684,0.0294212472227
759,809,train,0.118333080197,-0.526667679212,0.391080104108,0.34299337598,0.0480867281285
760,810,train,0.276584766866,0.106339067464,0.317672162928,0.337922754371,-0.0202505914429
761,811,train,0.216951664397,-0.132193342414,0.351277038418,0.363931103261,-0.0126540648427
762,812,train,0.185198718953,-0.259205124189,0.406353809673,0.380906502144,0.0254473075287
763,813,train,0.4533952417,0.813580966799,0.396180446966,0.37309942143,0.0230810255362
764,814,train,0.402164319224,0.608657276896,0.328019629138,0.383541776097,-0.0555221469589
765,815,train,0.379496349503,0.517985398013,0.473764226641,0.489048833187,-0.0152846065459
766,816,train,0.200669373719,-0.197322505124,0.490047279639,0.490291818263,-0.000244538624499
767,817,train,0.277501403631,0.110005614525,0.508116903922,0.525483061497,-0.0173661575743
768,818,train,0.426225193355,0.70490077342,0.434726575026,0.495253773993,-0.060527198967
769,819,train,0.276176933989,0.104707735958,0.434056387836,0.447266411855,-0.0132100240196
770,820,train,0.00204783607157,-0.991808655714,0.32073766519,0.320946286495,-0.000208621305968
771,821,train,0.447499469332,0.789997877327,0.386981089304,0.392066158902,-0.00508506959786
772,822,train,0.315552682231,0.262210728926,0.511558843019,0.50937403174,0.00218481127844
773,823,train,0.0900994975053,-0.639602009979,0.41740059712,0.430167706834,-0.0127671097135
774,824,train,0.0467234606985,-0.813106157206,0.341671271773,0.383248961253,-0.0415776894795
775,825,train,0.274806302188,0.0992252087529,0.359004144858,0.381970148097,-0.0229660032397
776,826,train,0.346835343158,0.387341372634,0.427540255202,0.43400668502,-0.00646642981805
777,827,train,0.36911555717,0.476462228678,0.552790778634,0.56818995007,-0.015399171436
778,828,train,0.382399139348,0.529596557392,0.539964000825,0.529123145766,0.0108408550582
779,829,train,0.278717440703,0.114869762811,0.37871366271,0.409095447333,-0.030381784623
780,830,train,0.104669756771,-0.581320972917,0.364092004051,0.407402277277,-0.0433102732259
781,831,train,0.101990329336,-0.592038682655,0.335413114739,0.368178485494,-0.032765370755
782,832,train,0.18635494022,-0.25458023912,0.296718489927,0.273643266339,0.0230752235879
783,833,train,0.371768947782,0.487075791126,0.274612183923,0.291490370751,-0.0168781868278
784,834,train,0.30140330546,0.20561322184,0.359769543162,0.373815050078,-0.014045506916
785,835,train,0.174387947244,-0.302448211023,0.368607037508,0.402041164242,-0.0334341267334
786,836,train,0.122143548016,-0.511425807938,0.350055322944,0.357713855774,-0.00765853283047
787,837,train,0.105871555924,-0.576513776305,0.332617835824,0.362765723792,-0.0301478879679
788,838,train,0.0329603660791,-0.868158535684,0.273445870958,0.265372276352,0.0080735946064
789,839,train,0.0822696240954,-0.670921503618,0.240534516444,0.234757398598,0.0057771178459
790,840,train,0.329775042362,0.319100169449,0.261046955877,0.306069169215,-0.0450222133375
791,841,train,0.0552064715478,-0.779174113809,0.234114658497,0.244840348914,-0.0107256904164
792,842,train,0.33943501598,0.357740063918,0.394539458075,0.39658149867,-0.00204204059461
793,843,train,0.255205130071,0.0208205202843,0.394684735294,0.406215242492,-0.0115305071981
794,844,train,0.305609955628,0.222439822511,0.361682833747,0.384954813509,-0.0232719797627
795,845,train,0.0575473789272,-0.769810484291,0.277122544398,0.248732203258,0.0283903411406
796,846,train,0.406140642514,0.624562570058,0.290863841454,0.275525067,0.015338774454
797,847,train,0.202077542167,-0.191689831331,0.241761645176,0.25127637508,-0.009514729904
798,848,train,0.305146738834,0.220586955337,0.246084105952,0.272890579138,-0.0268064731862
799,849,train,0.351097352922,0.40438941169,0.383704276379,0.385059221716,-0.0013549453369
800,850,train,0.0289761739619,-0.884095304153,0.276708784137,0.266279802834,0.0104289813028
801,851,train,0.361173636155,0.444694544621,0.409812493106,0.375240332127,0.0345721609789
802,852,train,0.165227804531,-0.339088781877,0.353341276991,0.380898506427,-0.0275572294357
803,853,train,0.261742731138,0.046970924551,0.383155653776,0.359383695494,0.0237719582814
804,854,train,0.296032792033,0.184131168133,0.302269803522,0.32049077629,-0.018220972768
805,855,train,0.304941074222,0.219764296888,0.424285929632,0.383534678126,0.040751251506
806,856,train,0.156109738886,-0.375561044458,0.34486667875,0.345797439629,-0.000930760878387
807,857,train,0.248194529576,-0.00722188169665,0.375104531334,0.394999548975,-0.0198950176411
808,858,train,0.43923254568,0.756930182718,0.509482228813,0.452606044019,0.0568761847943
809,859,train,0.108606033083,-0.565575867668,0.353417395143,0.325050532553,0.0283668625904
810,860,train,0.370448969986,0.481795879944,0.472675366291,0.391286607848,0.0813887584435
811,861,train,0.122635739682,-0.509457041272,0.365040024788,0.30655254823,0.058487476558
812,862,train,0.334385926847,0.337543707388,0.411680817873,0.41284151492,-0.0011606970464
813,863,train,0.0844511934803,-0.662195226079,0.34214657446,0.342316041232,-0.000169466771656
814,864,train,0.0211409905085,-0.915436037966,0.279049271891,0.292113413726,-0.0130641418347
815,865,train,0.385493153525,0.541972614099,0.328087784101,0.329712223547,-0.00162443944542
816,866,train,0.298307789476,0.193231157902,0.371517906493,0.376755747347,-0.00523784085419
817,867,train,0.248216779848,-0.0071328806096,0.445733463979,0.438546900329,0.00718656364972
818,868,train,0.463966794057,0.855867176229,0.395750663858,0.432186637823,-0.0364359739642
819,869,train,0.130946557844,-0.476213768624,0.36599075213,0.369056372728,-0.00306562059862
820,870,train,0.159815825682,-0.360736697272,0.308325585914,0.331118250998,-0.0227926650838
821,871,train,0.00439193816075,-0.982432247357,0.250404573415,0.276889725547,-0.0264851521323
822,872,train,0.327484038786,0.309936155145,0.260410365128,0.285349955224,-0.0249395900957
823,873,train,0.251233531966,0.00493412786415,0.229675201507,0.267883486055,-0.038208284548
824,874,train,0.214121500048,-0.143513999808,0.329865457653,0.299204520337,0.0306609373162
825,875,train,0.321217677294,0.284870709177,0.396885205416,0.43527363691,-0.0383884314933
826,876,train,0.401489650327,0.605958601306,0.435119009216,0.486854432413,-0.0517354231966
827,877,train,0.484694920195,0.938779680782,0.642224550773,0.580765412626,0.0614591381477
828,878,train,0.431228008278,0.724912033111,0.493439992682,0.559223268867,-0.0657832761858
829,879,train,0.096955594736,-0.612177621056,0.362865423685,0.389939831884,-0.0270744081993
830,880,train,0.279000899007,0.116003596027,0.277994959403,0.312419647942,-0.0344246885383
831,881,train,0.341365439188,0.365461756753,0.402221657594,0.367745005509,0.0344766520849
832,882,train,0.360590322895,0.442361291581,0.43359462975,0.427138815575,0.00645581417427
833,883,train,0.160164654054,-0.359341383784,0.368323608183,0.380462245703,-0.0121386375192
834,884,train,0.245238409933,-0.0190463602664,0.404949113688,0.399675669021,0.00527344466613
835,885,train,0.192362179786,-0.230551280858,0.422727907147,0.4309099911,-0.00818208395266
836,886,train,0.49273946136,0.970957845438,0.674752309249,0.647203567146,0.027548742103
837,887,train,0.171402828387,-0.314388686452,0.56454514981,0.517999130253,0.046546019557
838,888,train,0.257284002532,0.0291360101292,0.4311340067,0.451168803253,-0.020034796553
839,889,train,0.162168740636,-0.351325037454,0.390831132826,0.3856303632,0.00520076962594
840,890,train,0.416596713491,0.666386853964,0.51598451937,0.507756729953,0.00822778941713
841,891,train,0.0566676383921,-0.773329446432,0.404356343374,0.389188418138,0.0151679252358
842,892,train,0.051395765703,-0.794416937188,0.326882953214,0.322993818675,0.00388913453855
843,893,train,0.488738509292,0.954954037168,0.451473069678,0.411215113325,0.0402579563533
844,894,train,0.270403666227,0.0816146649097,0.417024795665,0.415866955048,0.00115784061647
845,895,train,0.23542054798,-0.0583178080812,0.495018631452,0.486333638923,0.00868499252935
846,896,train,0.46898037113,0.875921484522,0.484718856906,0.521981394164,-0.037262537258
847,897,train,0.30065762416,0.202630496641,0.470072008118,0.471778096919,-0.00170608880076
848,898,train,0.00407826093862,-0.983686956246,0.34513561232,0.314814061196,0.030321551124
849,899,train,0.0750220480996,-0.699911807601,0.324651597689,0.315943878929,0.00870771875958
850,900,train,0.390466538791,0.561866155165,0.299335848309,0.334015445868,-0.0346795975594
851,901,train,0.00261792060151,-0.989528317594,0.25014917498,0.243831885405,0.00631728957534
852,902,train,0.170899348995,-0.316402604021,0.348666998004,0.334971030356,0.013695967648
853,903,train,0.304809907308,0.219239629234,0.395982970716,0.439744055174,-0.0437610844585
854,904,train,0.383401866716,0.533607466865,0.430031624385,0.467833417483,-0.0378017930984
855,905,train,0.35882438888,0.435297555518,0.564078869191,0.531801699552,0.0322771696391
856,906,train,0.254144002892,0.0165760115685,0.494196213384,0.508147737894,-0.0139515245093
857,907,train,0.163997339828,-0.34401064069,0.346181412982,0.365862695721,-0.0196812827391
858,908,train,0.144840186879,-0.420639252485,0.285900687712,0.295300284216,-0.00939959650443
859,909,train,0.0412089624009,-0.835164150396,0.263357928566,0.260023973711,0.0033339548555
860,910,train,0.0858535103873,-0.656585958451,0.227774480753,0.247176128202,-0.0194016474488
861,911,train,0.0275043515648,-0.889982593741,0.21645444527,0.208856748713,0.00759769655755
862,912,train,0.244592025255,-0.0216318989802,0.315432977356,0.316512531298,-0.00107955394192
863,913,train,0.194277109984,-0.222891560065,0.362181244832,0.378683106312,-0.0165018614796
864,914,train,0.0790107066337,-0.683957173465,0.314663771645,0.3407752496,-0.026111477955
865,915,train,0.253986319355,0.0159452774189,0.344561783875,0.359190356031,-0.0146285721568
866,916,train,0.384876377333,0.53950550933,0.352671775853,0.40439101497,-0.0517192391168
867,917,train,0.272623678779,0.090494715115,0.3184471531,0.33927557836,-0.0208284252597
868,918,train,0.276444928042,0.105779712168,0.260412259557,0.296939687545,-0.0365274279882
869,919,train,0.0643566557042,-0.742573377183,0.225160340104,0.218541968743,0.00661837136023
870,920,train,0.413160926907,0.652643707629,0.217667041764,0.291560734037,-0.073893692273
871,921,train,0.244652612513,-0.0213895499496,0.286922905639,0.265735060325,0.0211878453136
872,922,train,0.214161671005,-0.14335331598,0.291498420539,0.306098543454,-0.0146001229159
873,923,train,0.263215276896,0.052861107585,0.261993299925,0.256800004592,0.00519329533287
874,924,train,0.457680211902,0.830720847608,0.390613179522,0.359730648225,0.0308825312966
875,925,train,0.430276827393,0.721107309572,0.52320346523,0.48123694551,0.0419665197197
876,926,train,0.402307727524,0.609230910097,0.503323410898,0.468915424947,0.0344079859511
877,927,train,0.267835324478,0.0713412979134,0.444585549023,0.41424586164,0.0303396873828
878,928,train,0.135079948177,-0.459680207294,0.322114739289,0.323864761256,-0.00175002196688
879,929,train,0.0903235051125,-0.63870597955,0.308451552822,0.307345678508,0.00110587431367
880,930,train,0.267887331286,0.0715493251425,0.345600380989,0.343080117982,0.002520263007
881,931,train,0.398372081526,0.593488326102,0.395215373657,0.367851270765,0.0273641028924
882,932,train,0.0327298056916,-0.869080777234,0.306313203682,0.27294663098,0.033366572702
883,933,train,0.367529616475,0.4701184659,0.502431677645,0.455583303998,0.0468483736472
884,934,train,0.268455700879,0.0738228035148,0.525532641639,0.504965792618,0.0205668490212
885,935,train,0.453844127634,0.815376510536,0.641288792949,0.609188184965,0.0321006079846
886,936,train,0.437341859216,0.749367436863,0.605802229456,0.583454403968,0.0223478254876
887,937,train,0.430437990796,0.721751963184,0.502151782971,0.489317318078,0.0128344648926
888,938,train,0.279100087213,0.116400348853,0.400311340653,0.362928477406,0.037382863247
889,939,train,0.343411674406,0.373646697623,0.448819404108,0.40712114875,0.0416982553585
890,940,train,0.439423685238,0.757694740952,0.60210414331,0.579766181377,0.0223379619331
891,941,train,0.339623877829,0.358495511315,0.445722764221,0.477467067479,-0.0317443032574
892,942,train,0.463380299431,0.853521197725,0.600171425498,0.549515090639,0.0506563348591
893,943,train,0.324109724739,0.296438898957,0.568840376483,0.567055718893,0.00178465758986
894,944,train,0.171684827481,-0.313260690078,0.539430906096,0.495485260271,0.0439456458251
895,945,train,0.351743114457,0.406972457829,0.63700025403,0.586516115727,0.0504841383031
896,946,train,0.220104623303,-0.119581506788,0.60362102676,0.55278430574,0.0508367210196
897,947,train,0.308826775832,0.235307103327,0.571790174809,0.547841446318,0.0239487284905
898,948,train,0.0441752483575,-0.82329900657,0.449185074718,0.399167963206,0.0500171115116
899,949,train,0.141122452928,-0.435510188289,0.450552022781,0.414644026311,0.0359079964698
900,950,train,0.336808569067,0.347234276268,0.529938298669,0.520950670718,0.00898762795098
901,951,train,0.250233023731,0.000932094925028,0.575895108587,0.573303517231,0.00259159135668
902,952,train,0.0587254532732,-0.765098186907,0.460450815046,0.454653075629,0.00579773941654
903,953,train,0.208237560837,-0.167049756652,0.41577770277,0.384738774876,0.0310389278943
904,954,train,0.0397225681342,-0.841109727463,0.354493090169,0.341619966776,0.0128731233933
905,955,train,0.328937255037,0.315749020149,0.404435369431,0.439313993441,-0.0348786240101
906,956,train,0.412932358949,0.651729435794,0.510008305795,0.469795222654,0.0402130831406
907,957,train,0.132366130283,-0.470535478867,0.382199825025,0.31015242057,0.0720474044552
908,958,train,0.175291274929,-0.298834900283,0.338390609456,0.289229924588,0.0491606848685
909,959,train,0.124112222924,-0.503551108305,0.339040825051,0.323157061202,0.0158837638489
910,960,train,0.0329828820963,-0.868068471615,0.28716633373,0.273728202938,0.0134381307921
911,961,train,0.11149621864,-0.55401512544,0.254378992271,0.249548861377,0.00483013089393
912,962,train,0.474950735675,0.899802942698,0.372317105217,0.322992428312,0.0493246769046
913,963,train,0.448195008802,0.792780035209,0.306500990327,0.338563900385,-0.0320629100579
914,964,train,0.0479792305344,-0.808083077862,0.270011081832,0.290076416264,-0.0200653344323
915,965,train,0.117678017817,-0.529287928734,0.300664903827,0.285627142875,0.0150377609512
916,966,train,0.256580076391,0.0263203055644,0.291665149881,0.279419651636,0.0122454982447
917,967,train,0.324955582706,0.299822330825,0.318767854893,0.307949512863,0.0108183420297
918,968,train,0.383601252862,0.534405011449,0.31611754151,0.338264464575,-0.0221469230654
919,969,train,0.237963836975,-0.0481446520992,0.254921092571,0.286818116837,-0.0318970242664
920,970,train,0.359697023423,0.438788093691,0.2745214029,0.310424775777,-0.0359033728776
921,971,train,0.479669020025,0.9186760801,0.564712481699,0.582996150012,-0.0182836683129
922,972,train,0.472044414732,0.888177658929,0.679101797153,0.68484367135,-0.00574187419637
923,973,train,0.188335446413,-0.246658214347,0.438741647058,0.499199532918,-0.0604578858596
924,974,train,0.0179615945102,-0.928153621959,0.316162594642,0.346044741378,-0.0298821467358
925,975,train,0.0790417262647,-0.683833094941,0.284635055007,0.313952413871,-0.0293173588639
926,976,train,0.0566946462555,-0.773221414978,0.266242835723,0.273872608578,-0.00762977285501
927,977,train,0.472358346057,0.889433384227,0.501109017644,0.507738747429,-0.0066297297843
928,978,train,0.280651555454,0.122606221816,0.448132774782,0.468705528554,-0.0205727537726
929,979,train,0.331147684953,0.324590739813,0.503369317687,0.494425201068,0.00894411661971
930,980,train,0.151455347876,-0.394178608495,0.467622158774,0.442831422574,0.0247907361998
931,981,train,0.204344607248,-0.182621571006,0.48948581365,0.464944318894,0.0245414947558
932,982,train,0.121532999182,-0.513868003272,0.38873399313,0.34911840963,0.0396155835005
933,983,train,0.0559389516314,-0.776244193475,0.297900114148,0.237318064217,0.0605820499316
934,984,train,0.43126661253,0.725066450118,0.299536891959,0.308461808113,-0.00892491615417
935,985,train,0.302690942044,0.210763768175,0.274712632002,0.303984635746,-0.0292720037435
936,986,train,0.154050758304,-0.383796966786,0.345639591837,0.341885839628,0.00375375220871
937,987,train,0.372391262319,0.489565049276,0.429868775623,0.454079180516,-0.0242104048927
938,988,train,0.000622951939715,-0.997508192241,0.314061726671,0.319533039587,-0.00547131291577
939,989,train,0.34824721858,0.392988874319,0.333177752204,0.339145425896,-0.00596767369206
940,990,train,0.0882814513327,-0.646874194669,0.287663752727,0.318570143556,-0.0309063908289
941,991,train,0.0368193973058,-0.852722410777,0.242788346615,0.249447499996,-0.00665915338058
942,992,train,0.411023872312,0.644095489249,0.24634197263,0.318764842661,-0.0724228700313
943,993,train,0.492524848516,0.970099394062,0.530351204164,0.502917143666,0.0274340604974
944,994,train,0.148978254651,-0.404086981395,0.414364715179,0.408068180029,0.00629653514982
945,995,train,0.17350543135,-0.305978274602,0.335237415701,0.345225737608,-0.00998832190782
946,996,train,0.348799196211,0.395196784843,0.453728734003,0.379617787542,0.0741109464616
947,997,train,0.457003124047,0.828012496186,0.31793516297,0.371991147374,-0.0540559844035
948,998,train,0.306754848494,0.227019393974,0.410871912956,0.363467207176,0.0474047057798
949,999,train,0.4273470111,0.709388044399,0.353242989048,0.388386444737,-0.0351434556891
950,1000,train,0.175447302895,-0.29821078842,0.279114427404,0.318907287995,-0.0397928605916
951,1001,train,0.190642138013,-0.237431447946,0.351289015653,0.345915058989,0.00537395666407
952,1002,train,0.225565372552,-0.0977385097915,0.436887871304,0.41874516963,0.0181427016742
953,1003,train,0.281299944402,0.125199777609,0.378750015946,0.38793201123,-0.0091819952839
954,1004,train,0.107140167424,-0.571439330302,0.312172918257,0.323718581885,-0.0115456636281
955,1005,train,0.234910937798,-0.060356248808,0.373204368141,0.368026869866,0.00517749827516
956,1006,train,0.293204848044,0.172819392174,0.481385312473,0.47451578031,0.00686953216306
957,1007,train,0.300583382764,0.202333531054,0.471656131027,0.521690295142,-0.0500341641152
958,1008,train,0.494352643933,0.977410575733,0.649147225361,0.682655139803,-0.0335079144417
959,1009,train,0.215771316901,-0.136914732395,0.484177286809,0.473331943473,0.0108453433358
960,1010,train,0.4456210943,0.782484377201,0.474792197814,0.436344917271,0.0384472805433
961,1011,train,0.354261549082,0.417046196329,0.467075241079,0.471116113078,-0.00404087199961
962,1012,train,0.367124919976,0.468499679905,0.500805895036,0.478080415893,0.0227254791426
963,1013,train,0.268160255913,0.0726410236513,0.40835211589,0.382415128795,0.0259369870943
964,1014,train,0.228793074846,-0.0848277006165,0.397510497258,0.4242695904,-0.0267590931429
965,1015,train,0.469418204478,0.877672817912,0.519282772391,0.522539802235,-0.00325702984454
966,1016,train,0.342118444511,0.368473778044,0.536072234543,0.537787987456,-0.00171575291339
967,1017,train,0.104761412773,-0.580954348907,0.470080780753,0.450462150958,0.0196186297942
968,1018,train,0.0206410219674,-0.91743591213,0.363046127521,0.324165311502,0.0388808160188
969,1019,train,0.487199613177,0.948798452707,0.618458825576,0.527629909186,0.0908289163901
970,1020,train,0.010614549025,-0.9575418039,0.438231463915,0.403768030173,0.0344634337419
971,1021,train,0.182038232572,-0.271847069711,0.435114468853,0.417110643363,0.01800382549
972,1022,train,0.261003449219,0.0440137968747,0.437488568983,0.403042520725,0.0344460482577
973,1023,train,0.14702739264,-0.41189042944,0.382844280017,0.385046823899,-0.0022025438825
974,1024,train,0.359983358456,0.439933433823,0.5563457855,0.523118147137,0.0332276383634
975,1025,train,0.428520679261,0.714082717045,0.61913685804,0.604754693247,0.0143821647932
976,1026,train,0.15355684621,-0.38577261516,0.460223100611,0.395200461863,0.0650226387481
977,1027,train,0.154728113038,-0.381087547846,0.352873197597,0.306629059466,0.0462441381312
978,1028,train,0.34275259696,0.37101038784,0.538631200687,0.419180304021,0.119450896666
979,1029,train,0.324917212249,0.299668848997,0.397093819174,0.424954503103,-0.0278606839291
980,1030,train,0.2155648614,-0.1377405544,0.369678335536,0.356785913172,0.0128924223638
981,1031,train,0.0774730253866,-0.690107898454,0.325325869317,0.313700491686,0.0116253776311
982,1032,train,0.147774746527,-0.408901013892,0.302404667956,0.302260370713,0.000144297242863
983,1033,train,0.444947843862,0.779791375448,0.496068037388,0.485872009288,0.0101960280998
984,1034,train,0.443407260311,0.773629041245,0.643410176118,0.621537055541,0.0218731205769
985,1035,train,0.485301903783,0.941207615133,0.549728361726,0.569955296143,-0.0202269344166
986,1036,train,0.19945613013,-0.202175479482,0.43312498384,0.433976854498,-0.000851870658376
987,1037,train,0.00711120554149,-0.971555177834,0.329061651715,0.328831951409,0.000229700305804
988,1038,train,0.172705600646,-0.309177597418,0.355030015499,0.371084780501,-0.0160547650012
989,1039,train,0.23176701023,-0.07293195908,0.3560229795,0.325704288335,0.030318691165
990,1040,train,0.319981440756,0.279925763022,0.318041989243,0.29648443481,0.0215575544325
991,1041,train,0.228970326518,-0.0841186939274,0.311495947611,0.342910727989,-0.0314147803775
992,1042,train,0.376303050085,0.505212200341,0.508370906567,0.472005545273,0.0363653612941
993,1043,train,0.387686683163,0.550746732652,0.619674676777,0.600449672139,0.0192250046384
994,1044,train,0.0195071552008,-0.921971379197,0.43717354384,0.423258555871,0.0139149879689
995,1045,train,0.300684594372,0.202738377487,0.413306032017,0.453167994657,-0.0398619626399
996,1046,train,0.244486784366,-0.0220528625375,0.310941055039,0.312054170529,-0.00111311548999
997,1047,train,0.147277963718,-0.410888145126,0.292988539091,0.29884412065,-0.00585558155871
998,1048,train,0.0672148717225,-0.73114051311,0.268734217725,0.253919824258,0.0148143934665
999,1049,train,0.398171957394,0.592687829577,0.423285019191,0.393218869592,0.0300661495988
1000,1050,train,0.0214516402135,-0.914193439146,0.316978677527,0.297339406257,0.0196392712709
1001,1051,train,0.481181606514,0.924726426057,0.528556337051,0.516459039822,0.0120972972292
1002,1052,train,0.368265699569,0.473062798277,0.581607305909,0.541333392366,0.0402739135427
1003,1053,train,0.456417339817,0.825669359267,0.409778405725,0.448411294815,-0.0386328890894
1004,1054,train,0.440741888661,0.762967554644,0.5033344886,0.508970412412,-0.00563592381124
1005,1055,train,0.158777689584,-0.364889241665,0.41114182092,0.414604677985,-0.00346285706571
1006,1056,train,0.119055275354,-0.523778898584,0.33284553154,0.340655611812,-0.00781008027184
1007,1057,train,0.475206535629,0.900826142516,0.315486668637,0.380545209513,-0.0650585408763
1008,1058,train,0.158887973477,-0.364448106091,0.354087708429,0.377786249849,-0.0236985414193
1009,1059,train,0.399990367148,0.599961468593,0.293050009803,0.407127869955,-0.114077860151
1010,1060,train,0.177675059361,-0.289299762558,0.375452678721,0.417525513764,-0.0420728350424
1011,1061,train,0.359170033584,0.436680134337,0.488108872077,0.51817096623,-0.0300620941527
1012,1062,train,0.374314946622,0.497259786488,0.601903938744,0.657663580803,-0.0557596420587
1013,1063,train,0.453332254706,0.813329018824,0.703219554102,0.662068105433,0.0411514486686
1014,1064,train,0.307766811732,0.231067246926,0.538222577695,0.504113705305,0.0341088723906
1015,1065,train,0.144125681862,-0.42349727255,0.405977945768,0.422600358325,-0.0166224125565
1016,1066,train,0.271489688917,0.0859587556673,0.504798650736,0.473030501799,0.0317681489371
1017,1067,train,0.354199108331,0.416796433322,0.451463243196,0.489408678533,-0.0379454353365
1018,1068,train,0.282555340046,0.130221360183,0.51142956441,0.503655920209,0.00777364420086
1019,1069,train,0.29711708232,0.18846832928,0.457240159767,0.484314054431,-0.0270738946646
1020,1070,train,0.214357086536,-0.142571653855,0.467832627618,0.484511044122,-0.0166784165047
1021,1071,train,0.347256624883,0.389026499531,0.555328486068,0.555669201526,-0.000340715457711
1022,1072,train,0.118192094586,-0.527231621657,0.491282657621,0.501462107828,-0.010179450207
1023,1073,train,0.357436893679,0.429747574715,0.53734833682,0.538142073462,-0.000793736642318
1024,1074,train,0.497034555906,0.988138223623,0.500870190524,0.508059534922,-0.00718934439806
1025,1075,train,0.0540276980683,-0.783889207727,0.394564780031,0.410082223276,-0.015517443245
1026,1076,train,0.00838114393693,-0.966475424252,0.318941435797,0.311122671678,0.00781876411894
1027,1077,train,0.466385431368,0.865541725473,0.468084758128,0.488015878421,-0.0199311202929
1028,1078,train,0.307656767277,0.23062706911,0.487608877685,0.477674619791,0.00993425789355
1029,1079,train,0.162508288221,-0.349966847116,0.412613459406,0.408863671528,0.00374978787762
1030,1080,train,0.176919005535,-0.292323977859,0.411550833624,0.384642306084,0.0269085275403
1031,1081,train,0.485508605044,0.942034420174,0.403748142609,0.431540485291,-0.027792342682
1032,1082,train,0.332268902222,0.329075608888,0.48863403757,0.532720734557,-0.0440866969867
1033,1083,train,0.0879316341866,-0.648273463253,0.420232792783,0.426271553158,-0.00603876037492
1034,1084,train,0.0733724471558,-0.706510211377,0.32251002011,0.32578828494,-0.00327826482955
1035,1085,train,0.33367064868,0.334682594718,0.267521774376,0.275327777898,-0.00780600352226
1036,1086,train,0.370609668966,0.482438675862,0.493050656274,0.433852506081,0.0591981501931
1037,1087,train,0.176064677808,-0.295741288768,0.432104446636,0.414459241454,0.0176452051817
1038,1088,train,0.245259851141,-0.0189605954364,0.37885291098,0.3755064987,0.00334641227995
1039,1089,train,0.479399126104,0.917596504415,0.417232475259,0.450693305028,-0.0334608297688
1040,1090,train,0.133492035167,-0.466031859332,0.406572831402,0.432011085499,-0.0254382540967
1041,1091,train,0.287567962248,0.150271848992,0.447230464608,0.472675702507,-0.0254452378993
1042,1092,train,0.499873000668,0.999492002673,0.391200671975,0.423503834398,-0.0323031624233
1043,1093,train,0.480908222997,0.92363289199,0.348068971875,0.408450992547,-0.0603820206728
1044,1094,train,0.334634526129,0.338538104517,0.439856342058,0.463290958791,-0.0234346167334
1045,1095,train,0.166626069008,-0.333495723969,0.413035077634,0.414947299634,-0.00191222199962
1046,1096,train,0.0227021493011,-0.909191402796,0.315966182104,0.336213034657,-0.0202468525535
1047,1097,train,0.384722531381,0.538890125525,0.399362495841,0.444093490917,-0.0447309950767
1048,1098,train,0.484746451466,0.938985805862,0.647410712788,0.574885326384,0.0725253864042
1049,1099,train,0.0347621311906,-0.860951475238,0.437979734494,0.406579986894,0.0313997476001
1050,1100,train,0.131567979006,-0.473728083975,0.381144089035,0.364631083548,0.0165130054876
1051,1101,train,0.324683613185,0.298734452739,0.538239399366,0.529883867985,0.00835553138086
1052,1102,train,0.448528070548,0.794112282193,0.701074586443,0.660750001283,0.0403245851593
1053,1103,train,0.288410639405,0.153642557619,0.617113772432,0.585431704127,0.0316820683044
1054,1104,train,0.249922471567,-0.00031011373368,0.498520331105,0.467456211186,0.0310641199191
1055,1105,train,0.182511761991,-0.269952952037,0.379151166081,0.36383555698,0.0153156091009
1056,1106,train,0.134100157122,-0.463599371512,0.384327022824,0.332334971063,0.0519920517611
1057,1107,train,0.070928914207,-0.716284343172,0.362652422983,0.366987195255,-0.00433477227133
1058,1108,train,0.128634919551,-0.485460321795,0.305216359248,0.285970073981,0.0192462852669
1059,1109,train,0.0731765614244,-0.707293754302,0.27628890545,0.26135998685,0.0149289185995
1060,1110,train,0.345441765888,0.381767063553,0.412513230696,0.371598705541,0.0409145251558
1061,1111,train,0.459125445222,0.83650178089,0.62495178445,0.556212298673,0.0687394857767
1062,1112,train,0.446487989004,0.785951956016,0.623188916848,0.579046583874,0.0441423329739
1063,1113,train,0.295663386119,0.182653544478,0.537512645672,0.48539521458,0.0521174310921
1064,1114,train,0.450948244926,0.803792979705,0.503077791461,0.506204043292,-0.00312625183049
1065,1115,train,0.0726241268079,-0.709503492768,0.376432184504,0.359447008006,0.0169851764973
1066,1116,train,0.125642960072,-0.49742815971,0.309228278951,0.273669792878,0.0355584860735
1067,1117,train,0.370304196463,0.481216785853,0.331183909926,0.321755913322,0.00942799660392
1068,1118,train,0.47830162252,0.91320649008,0.323053692788,0.382081709694,-0.0590280169059
1069,1119,train,0.334166055473,0.33666422189,0.439806583189,0.475521670417,-0.0357150872281
1070,1120,train,9.91020132906e-05,-0.999603591947,0.330547769204,0.335448959481,-0.00490119027657
1071,1121,train,0.45556766556,0.822270662241,0.576976277115,0.536007261181,0.0409690159333
1072,1122,train,0.442362549399,0.769450197595,0.594799918315,0.623217948624,-0.0284180303084
1073,1123,train,0.107869376415,-0.56852249434,0.479959907384,0.476839440387,0.00312046699686
1074,1124,train,0.31387836984,0.255513479361,0.38053372764,0.424187466792,-0.0436537391513
1075,1125,train,0.251062863164,0.00425145265519,0.340295011893,0.371127120722,-0.0308321088292
1076,1126,train,0.480018200287,0.920072801147,0.538586752406,0.509335977946,0.0292507744597
1077,1127,train,0.257995496912,0.0319819876494,0.563434224775,0.537254684731,0.0261795400436
1078,1128,train,0.109986359655,-0.560054561379,0.452849033472,0.4877632685,-0.0349142350275
1079,1129,train,0.30069621793,0.202784871721,0.342268874498,0.365279016909,-0.0230101424107
1080,1130,train,0.454582808806,0.818331235224,0.592046650976,0.54153276855,0.0505138824265
1081,1131,train,0.0482638862889,-0.806944454844,0.45355835044,0.458893102085,-0.00533475164532
1082,1132,train,0.353668020565,0.41467208226,0.40074794092,0.414492425716,-0.0137444847956
1083,1133,train,0.483626356638,0.934505426553,0.53897971308,0.514890976045,0.0240887370354
1084,1134,train,0.0337527476882,-0.864989009247,0.398459279345,0.367894395417,0.0305648839278
1085,1135,train,0.18576879965,-0.256924801399,0.445364906851,0.388151549033,0.0572133578188
1086,1136,train,0.383705454981,0.534821819924,0.487347204149,0.426465124892,0.0608820792576
1087,1137,train,0.176804968853,-0.292780124588,0.389292141476,0.346054170751,0.0432379707248
1088,1138,train,0.112905501811,-0.548377992755,0.355321552846,0.362045603589,-0.00672405074244
1089,1139,train,0.0894435173093,-0.642225930763,0.34581660233,0.34142914996,0.00438745236939
1090,1140,train,0.322907342047,0.291629368187,0.303321678606,0.326811313354,-0.0234896347484
1091,1141,train,0.249154040715,-0.00338383713892,0.385630337124,0.436189969915,-0.0505596327916
1092,1142,train,0.342506355526,0.370025422106,0.542252320662,0.523057749677,0.0191945709847
1093,1143,train,0.100087565981,-0.599649736076,0.381393318907,0.349762415842,0.0316309030643
1094,1144,train,0.0209091413854,-0.916363434458,0.297175228632,0.290855019879,0.00632020875272
1095,1145,train,0.259643264491,0.0385730579651,0.397030624039,0.402828999624,-0.00579837558489
1096,1146,train,0.367494323399,0.469977293595,0.393686301917,0.387461255733,0.0062250461839
1097,1147,train,0.483374372092,0.93349748837,0.374590995521,0.362095080708,0.012495914813
1098,1148,train,0.364578272294,0.458313089175,0.332017924157,0.3450166408,-0.0129987166434
1099,1149,train,0.0791163947968,-0.683534420813,0.300228032283,0.310437792606,-0.0102097603233
1100,1150,train,0.0444969979517,-0.822012008193,0.262350490881,0.250480539521,0.0118699513599
1101,1151,train,0.00161971696995,-0.99352113212,0.22763080153,0.192270101877,0.0353606996523
1102,1152,train,0.248425652433,-0.00629739026669,0.245516213633,0.248545298142,-0.00302908450938
1103,1153,train,0.163298097605,-0.346807609581,0.218201736867,0.229114553521,-0.0109128166548
1104,1154,train,0.48805236842,0.95220947368,0.388798404357,0.355850341264,0.0329480630929
1105,1155,train,0.468350932464,0.873403729856,0.535856335995,0.539417141579,-0.00356080558323
1106,1156,train,0.364680156496,0.458720625983,0.613022820413,0.619941817994,-0.00691899758095
1107,1157,train,0.330569628905,0.322278515619,0.571908845537,0.556003694372,0.0159051511651
1108,1158,train,0.130857689456,-0.476569242178,0.392777497304,0.408157531757,-0.0153800344525
1109,1159,train,0.0411612328589,-0.835355068564,0.29434990855,0.259024640352,0.0353252681989
1110,1160,train,0.0348371558254,-0.860651376698,0.243586299053,0.229027317958,0.0145589810949
1111,1161,train,0.346538183832,0.386152735327,0.347658278131,0.311101653748,0.0365566243837
1112,1162,train,0.307176631287,0.228706525149,0.346492880928,0.357490305934,-0.0109974250066
1113,1163,train,0.150295085298,-0.398819658808,0.382453979178,0.3722076433,0.0102463358782
1114,1164,train,0.441543460114,0.766173840455,0.603658470382,0.596696824234,0.0069616461488
1115,1165,train,0.471166627696,0.884666510784,0.66958056162,0.710005887984,-0.0404253263635
1116,1166,train,0.269189406166,0.0767576246632,0.58385318138,0.536097023218,0.0477561581624
1117,1167,train,0.336268251546,0.345073006183,0.470668858488,0.465339383672,0.00532947481538
1118,1168,train,0.0513430738358,-0.794627704657,0.346390029626,0.372447376037,-0.0260573464114
1119,1169,train,0.00453186417372,-0.981872543305,0.27843183997,0.243009902477,0.0354219374927
1120,1170,train,0.474978746855,0.899914987422,0.489910782035,0.424136783454,0.0657739985807
1121,1171,train,0.446211509103,0.78484603641,0.563269619794,0.515761745684,0.0475078741104
1122,1172,train,0.181862108843,-0.272551564629,0.443326278485,0.439898319502,0.00342795898301
1123,1173,train,0.0950709721234,-0.619716111507,0.403062344725,0.397877826848,0.00518451787629
1124,1174,train,0.303101296515,0.212405186059,0.53292151444,0.467621557957,0.0652999564833
1125,1175,train,0.235517250168,-0.0579309993264,0.482380523834,0.473978629122,0.00840189471195
1126,1176,train,0.184350589721,-0.262597641114,0.448509024124,0.429425538117,0.0190834860073
1127,1177,train,0.472394349383,0.889577397533,0.370926164086,0.444753391016,-0.0738272269307
1128,1178,train,0.258960244361,0.0358409774437,0.293883941843,0.350104118433,-0.0562201765904
1129,1179,train,0.097485252051,-0.610058991796,0.320902669796,0.327297500875,-0.006394831079
1130,1180,train,0.06169010868,-0.75323956528,0.307342831224,0.312752056386,-0.00540922516222
1131,1181,train,0.0212680703469,-0.914927718612,0.2620322117,0.258873550291,0.00315866140926
1132,1182,train,0.486607467172,0.946429868689,0.29864452261,0.319709019852,-0.0210644972425
1133,1183,train,0.108028101213,-0.567887595149,0.294265469466,0.33011470934,-0.0358492398738
1134,1184,train,0.241038579094,-0.0358456836228,0.326574287523,0.370701672684,-0.0441273851615
1135,1185,train,0.12646704968,-0.494131801281,0.28855050958,0.28951741977,-0.000966910190089
1136,1186,train,0.00894944287761,-0.96420222849,0.239242549441,0.260117808925,-0.0208752594836
1137,1187,train,0.479091390332,0.916365561328,0.393785874829,0.490049594973,-0.0962637201446
1138,1188,train,0.0236127937288,-0.905548825085,0.281153152231,0.319750185177,-0.0385970329454
1139,1189,train,0.309801823067,0.239207292266,0.255362118182,0.282652698195,-0.0272905800134
1140,1190,train,0.116429619304,-0.534281522783,0.217950000194,0.251293007665,-0.0333430074708
1141,1191,train,0.434920482648,0.739681930592,0.513978599492,0.449558324783,0.064420274709
1142,1192,train,0.479137579091,0.916550316366,0.411745068977,0.501902484393,-0.0901574154162
1143,1193,train,0.272259781835,0.0890391273417,0.388305827173,0.443049631647,-0.0547438044732
1144,1194,train,0.175599318461,-0.297602726155,0.314196726763,0.366927247535,-0.0527305207714
1145,1195,train,0.486752388799,0.947009555197,0.252702809701,0.342997027662,-0.0902942179612
1146,1196,train,0.371275942137,0.485103768547,0.483920484203,0.41456237968,0.0693581045231
1147,1197,train,0.177278141577,-0.290887433692,0.33645826221,0.350210592314,-0.0137523301041
1148,1198,train,0.293022727878,0.172090911513,0.395242111343,0.364158297925,0.0310838134181
1149,1199,train,0.000809014201952,-0.996763943192,0.289261913093,0.266027973046,0.0232339400472
1150,1200,train,0.489559704934,0.958238819735,0.558279440336,0.50999283698,0.0482866033556
1151,1201,train,0.147587228174,-0.409651087303,0.483650965516,0.469973592511,0.0136773730045
1152,1202,train,0.344185862568,0.376743450271,0.480302018857,0.459544180693,0.0207578381643
1153,1203,train,0.257234549791,0.0289381991657,0.407481753315,0.415568799703,-0.0080870463879
1154,1204,train,0.189036088118,-0.243855647528,0.441792017372,0.418540894941,0.0232511224316
1155,1205,train,0.0411097222948,-0.835561110821,0.346642170806,0.339242019713,0.00740015109314
1156,1206,train,0.0676527190986,-0.729389123606,0.29517670775,0.303991116611,-0.00881440886082
1157,1207,train,0.296310063288,0.18524025315,0.378332769949,0.367904619022,0.0104281509276
1158,1208,train,0.370548121648,0.48219248659,0.291056779545,0.350692492215,-0.0596357126706
1159,1209,train,0.443572400194,0.774289600774,0.570853328854,0.511473881536,0.059379447318
1160,1210,train,0.422028412221,0.688113648885,0.486093175266,0.527593424859,-0.0415002495931
1161,1211,train,0.326990027946,0.307960111785,0.516273024877,0.523422458192,-0.00714943331511
1162,1212,train,0.414879731803,0.659518927214,0.52374283206,0.551817901832,-0.0280750697718
1163,1213,train,0.362161989022,0.448647956088,0.471305681677,0.482686606657,-0.0113809249806
1164,1214,train,0.388251780873,0.553007123491,0.367165008367,0.401721239401,-0.0345562310336
1165,1215,train,0.470145490042,0.88058196017,0.335820341381,0.37903968001,-0.0432193386284
1166,1216,train,0.268366899831,0.0734675993234,0.391149542064,0.386883010729,0.00426653133483
1167,1217,train,0.237327311642,-0.0506907534307,0.433975579259,0.439919423334,-0.00594384407476
1168,1218,train,0.01372267626,-0.94510929496,0.334525163091,0.356482034718,-0.0219568716271
1169,1219,train,0.151166613374,-0.395333546505,0.370164896419,0.360983549068,0.00918134735174
1170,1220,train,0.469725713524,0.878902854096,0.519736764604,0.519644200596,9.25640078908e-05
1171,1221,train,0.104663933397,-0.581344266413,0.431859656057,0.458788514634,-0.0269288585769
1172,1222,train,0.0030174357154,-0.987930257138,0.321443791649,0.330275172884,-0.0088313812351
1173,1223,train,0.0702359100114,-0.719056359954,0.301258414542,0.337959996852,-0.03670158231
1174,1224,train,0.130749371111,-0.477002515556,0.339930397902,0.345933714966,-0.00600331706412
1175,1225,train,0.0873059984049,-0.65077600638,0.301368722537,0.304571094668,-0.00320237213119
1176,1226,train,0.246094519113,-0.0156219235473,0.334455558184,0.342059613987,-0.00760405580308
1177,1227,train,0.469938031195,0.87975212478,0.271695506326,0.292229808499,-0.0205343021733
1178,1228,train,0.168941278094,-0.324234887623,0.267721952934,0.320738532863,-0.0530165799295
1179,1229,train,0.102134829279,-0.591460682884,0.29859064,0.323157955382,-0.024567315382
1180,1230,train,0.457079688948,0.82831875579,0.311919000342,0.384204800336,-0.072285799994
1181,1231,train,0.135880263412,-0.456478946353,0.243789635901,0.277012530413,-0.0332228945123
1182,1232,train,0.249336768642,-0.00265292543342,0.23587852891,0.258806315347,-0.0229277864373
1183,1233,train,0.312036848654,0.248147394615,0.266241816436,0.286852639601,-0.0206108231657
1184,1234,train,0.383834201313,0.535336805252,0.268365977487,0.293991532011,-0.0256255545236
1185,1235,train,0.0518588953173,-0.792564418731,0.237224681795,0.256309666057,-0.0190849842616
1186,1236,train,0.0337760634818,-0.864895746073,0.227427341943,0.284244927551,-0.0568175856078
1187,1237,train,0.182666099964,-0.269335600142,0.244411645355,0.279073959638,-0.0346623142828
1188,1238,train,0.0580758129826,-0.76769674807,0.214013553606,0.225776726509,-0.0117631729031
1189,1239,train,0.189742820169,-0.241028719324,0.321559308746,0.337623221494,-0.0160639127482
1190,1240,train,0.0927743314057,-0.628902674377,0.256710833357,0.244750262199,0.0119605711582
1191,1241,train,0.0486860918232,-0.805255632707,0.227511487217,0.227268000709,0.000243486507854
1192,1242,train,0.0539069290417,-0.784372283833,0.221916355443,0.271196408849,-0.0492800534059
1193,1243,train,0.499013815327,0.996055261307,0.481460117385,0.475989450167,0.00547066721807
1194,1244,train,0.211679456024,-0.153282175905,0.325915820343,0.316796180272,0.00911964007146
1195,1245,train,0.164056991963,-0.343772032149,0.251032799822,0.267909254911,-0.0168764550896
1196,1246,train,0.310272373365,0.241089493458,0.295116841242,0.311400403517,-0.0162835622746
1197,1247,train,0.32098878318,0.283955132721,0.258398987836,0.25972119778,-0.00132220994316
1198,1248,train,0.468411147501,0.873644590002,0.347705008598,0.32631992001,0.0213850885887
1199,1249,train,0.225052136804,-0.0997914527825,0.287565532611,0.305017295748,-0.0174517631368
1200,1250,train,0.230907643293,-0.0763694268285,0.245596495996,0.248633102887,-0.00303660689063
1201,1251,train,0.0282528748891,-0.886988500444,0.212093426707,0.21924735987,-0.00715393316265
1202,1252,train,0.454611589172,0.81844635669,0.534951990181,0.430474307981,0.1044776822
1203,1253,train,0.279483894365,0.117935577459,0.435884958249,0.359821432729,0.0760635255199
1204,1254,train,0.421720787568,0.686883150273,0.404161388168,0.399652184701,0.00450920346714
1205,1255,train,0.0139446182156,-0.944221527138,0.293869418408,0.271578600928,0.0222908174801
1206,1256,train,0.49846697801,0.993867912039,0.476878199973,0.479856174534,-0.00297797456106
1207,1257,train,0.336428811039,0.345715244155,0.562828634712,0.536891058078,0.0259375766338
1208,1258,train,0.138155868265,-0.447376526938,0.422467639663,0.385465833078,0.0370018065853
1209,1259,train,0.155143784935,-0.379424860261,0.362356637199,0.371571765212,-0.00921512801353
1210,1260,train,0.0441261336897,-0.823495465241,0.282162188709,0.272423811552,0.00973837715656
1211,1261,train,0.172922180721,-0.308311277116,0.358825563506,0.295727925031,0.0630976384751
1212,1262,train,0.0587485135256,-0.765005945898,0.306452744486,0.297684878482,0.00876786600371
1213,1263,train,0.162585374724,-0.349658501104,0.354632767016,0.347456832349,0.00717593466687
1214,1264,train,0.456312875578,0.825251502312,0.283751541228,0.352187530033,-0.0684359888047
1215,1265,train,0.0766625976532,-0.693349609387,0.295000104828,0.34511417013,-0.0501140653022
1216,1266,train,0.23612700653,-0.055491973879,0.362313944276,0.39318596676,-0.0308720224847
1217,1267,train,0.298485051667,0.193940206666,0.335600071882,0.349798619484,-0.0141985476015
1218,1268,train,0.49606097823,0.984243912921,0.372561790778,0.38398072049,-0.0114189297113
1219,1269,train,0.104560570042,-0.581757719833,0.280416423662,0.255356544648,0.0250598790141
1220,1270,train,0.0230823249463,-0.907670700215,0.235423424187,0.223081072749,0.0123423514375
1221,1271,train,0.259048554789,0.0361942191543,0.230946029303,0.264973053867,-0.0340270245633
1222,1272,train,0.378181340548,0.51272536219,0.296815183174,0.327572025411,-0.0307568422372
1223,1273,train,0.0548515196228,-0.780593921509,0.271815375833,0.297791691533,-0.0259763157007
1224,1274,train,0.313654287148,0.254617148593,0.257904731024,0.286499445076,-0.028594714052
1225,1275,train,0.216259604611,-0.134961581557,0.291865002421,0.311216161454,-0.019351159033
1226,1276,train,0.400892810163,0.603571240654,0.409891116952,0.414606352441,-0.00471523548862
1227,1277,train,0.0658046308242,-0.736781476703,0.333072160744,0.371169274199,-0.038097113455
1228,1278,train,0.337095871917,0.348383487667,0.302431649644,0.332615413634,-0.0301837639901
1229,1279,train,0.175546221629,-0.297815113483,0.240820109418,0.249696580461,-0.00887647104362
1230,1280,train,0.441372774442,0.765491097769,0.378321045314,0.405837565857,-0.0275165205426
1231,1281,train,0.103345721099,-0.586617115605,0.329132205685,0.356539838819,-0.0274076331341
1232,1282,train,0.168817892389,-0.324728430446,0.263843638413,0.289434118295,-0.0255904798818
1233,1283,train,0.356904755601,0.427619022404,0.387690159814,0.393771173269,-0.00608101345476
1234,1284,train,0.474491239949,0.897964959795,0.432159936622,0.496062711566,-0.063902774944
1235,1285,train,0.0622360629414,-0.751055748235,0.339875213116,0.382861843429,-0.0429866303129
1236,1286,train,0.349744750374,0.398979001496,0.294556511894,0.340849941174,-0.0462934292797
1237,1287,train,0.183136749179,-0.267453003283,0.32959876286,0.352712683496,-0.0231139206359
1238,1288,train,0.377494613012,0.509978452047,0.352639168083,0.423089707816,-0.0704505397335
1239,1289,train,0.289577359464,0.158309437856,0.456552118176,0.461598464964,-0.00504634678761
1240,1290,train,0.335731672159,0.342926688636,0.370376288452,0.378834927988,-0.00845863953613
1241,1291,train,0.0242011723542,-0.903195310583,0.283102029023,0.276487922101,0.00661410692172
1242,1292,train,0.0154190973966,-0.938323610413,0.242875313236,0.275326140926,-0.0324508276905
1243,1293,train,0.369601136873,0.478404547491,0.478296112134,0.413197525366,0.0650985867684
1244,1294,train,0.409518818167,0.638075272666,0.367334848334,0.42210768416,-0.0547728358265
1245,1295,train,0.256600869018,0.0264034760732,0.409380554674,0.42462032402,-0.0152397693456
1246,1296,train,0.419523184933,0.678092739733,0.411434898188,0.460273864414,-0.0488389662254
1247,1297,train,0.0609454090458,-0.756218363817,0.334088482016,0.378107572903,-0.0440190908869
1248,1298,train,0.119930898106,-0.520276407575,0.314228382729,0.316176643402,-0.00194826067326
1249,1299,train,0.453577331303,0.814309325213,0.480313213993,0.497944929633,-0.0176317156405
1250,1300,train,0.21624302535,-0.135027898601,0.340596099613,0.371533262443,-0.0309371628299
1251,1301,train,0.152160367855,-0.391358528579,0.268055277464,0.291584818477,-0.0235295410127
1252,1302,train,0.00907303735708,-0.963707850572,0.234321252015,0.217741598272,0.0165796537434
1253,1303,train,0.182836989354,-0.268652042582,0.325232768549,0.353913517488,-0.0286807489394
1254,1304,train,0.292626035122,0.170504140487,0.366873551569,0.416174498708,-0.0493009471393
1255,1305,train,0.498660647015,0.994642588059,0.587780613316,0.560355945258,0.0274246680581
1256,1306,train,0.222254976818,-0.110980092726,0.404302116323,0.437285541263,-0.0329834249402
1257,1307,train,0.474827374592,0.89930949837,0.380612562339,0.398251824677,-0.0176392623386
1258,1308,train,0.189087705484,-0.243649178063,0.413290009838,0.453789229632,-0.0404992197936
1259,1309,train,0.16333213668,-0.346671453279,0.355519722506,0.390823148087,-0.0353034255814
1260,1310,train,0.108140502274,-0.567437990906,0.296692870363,0.28550092814,0.0111919422232
1261,1311,train,0.172582394126,-0.309670423496,0.245246154729,0.25242948871,-0.00718333398054
1262,1312,train,0.417093535198,0.668374140794,0.332229392514,0.290232562574,0.0419968299397
1263,1313,train,0.387608010179,0.550432040717,0.43139678145,0.403888691756,0.0275080896946
1264,1314,train,0.367405620078,0.469622480313,0.58650127423,0.511798673699,0.0747026005307
1265,1315,train,0.124566403663,-0.50173438535,0.435763378159,0.423573533067,0.0121898450923
1266,1316,train,0.121617428117,-0.513530287531,0.40192189949,0.398194689269,0.00372721022053
1267,1317,train,0.262257247001,0.0490289880058,0.372917251513,0.367640800038,0.00527645147546
1268,1318,train,0.266848420167,0.0673936806668,0.349439619861,0.335829989988,0.0136096298726
1269,1319,train,0.447463253312,0.78985301325,0.343942047471,0.350555711829,-0.0066136643585
1270,1320,train,0.152207816245,-0.391168735021,0.307866270223,0.323367622283,-0.0155013520601
1271,1321,train,0.348279727933,0.39311891173,0.46886350922,0.423794909941,0.0450685992785
1272,1322,train,0.198989799104,-0.204040803584,0.450849835642,0.433152877675,0.0176969579678
1273,1323,train,0.176682246043,-0.293271015827,0.426165235982,0.425202499032,0.000962736950541
1274,1324,train,0.430483827552,0.721935310207,0.396591648797,0.411430465501,-0.0148388167044
1275,1325,train,0.426268077254,0.705072309018,0.375152463747,0.395537288633,-0.0203848248859
1276,1326,train,0.421191808509,0.684767234036,0.451273386254,0.481284622129,-0.0300112358755
1277,1327,train,0.0160795677201,-0.935681729119,0.330788157288,0.332635952241,-0.00184779495327
1278,1328,train,0.00994915364746,-0.96020338541,0.27043337646,0.270175954841,0.000257421618913
1279,1329,train,0.204019608581,-0.183921565676,0.279388898284,0.307775842642,-0.0283869443581
1280,1330,train,0.299944031693,0.199776126772,0.393001720213,0.374040931346,0.0189607888671
1281,1331,train,0.000617029153499,-0.997531883386,0.293590307078,0.29835801747,-0.00476771039182
1282,1332,train,0.0496837049706,-0.801265180118,0.255077667928,0.275779961429,-0.0207022935009
1283,1333,train,0.449875342713,0.799501370853,0.511294022114,0.474048697772,0.0372453243423
1284,1334,train,0.00556330358219,-0.977746785671,0.347868597156,0.375165171052,-0.0272965738956
1285,1335,train,0.303018958736,0.212075834942,0.456818100394,0.462864104077,-0.00604600368227
1286,1336,train,0.13907516055,-0.4436993578,0.322388043297,0.328524786106,-0.00613674280939
1287,1337,train,0.4134001413,0.653600565202,0.258669476487,0.300232379215,-0.0415629027276
1288,1338,train,0.288136749007,0.152546996029,0.309604629838,0.339199739845,-0.0295951100073
1289,1339,train,0.394001702455,0.576006809818,0.423210689773,0.431467336125,-0.00825664635219
1290,1340,train,0.398192004962,0.592768019849,0.302907092045,0.341250518238,-0.038343426193
1291,1341,train,0.405389442448,0.621557769792,0.273811472863,0.333197311114,-0.0593858382511
1292,1342,train,0.118334468937,-0.526662124252,0.309389052914,0.35954671647,-0.0501576635567
1293,1343,train,0.127703080639,-0.489187677446,0.248272387313,0.286577496644,-0.0383051093314
1294,1344,train,0.375947747506,0.503790990025,0.385741411971,0.379134310317,0.00660710165377
1295,1345,train,0.383620376149,0.534481504597,0.35922065195,0.378394936208,-0.0191742842582
1296,1346,train,0.033726847852,-0.865092608592,0.286033658148,0.32562625542,-0.0395925972721
1297,1347,train,0.199896236336,-0.200415054655,0.317354693147,0.350209066867,-0.0328543737199
1298,1348,train,0.423468108595,0.693872434379,0.496500568106,0.507916423438,-0.0114158553316
1299,1349,train,0.440254834453,0.761019337811,0.596374814579,0.661345953952,-0.0649711393734
1300,1350,train,0.49754430712,0.990177228481,0.688081320648,0.668344972328,0.0197363483207
1301,1351,train,0.245792581639,-0.0168296734435,0.486319935868,0.499564369143,-0.0132444332747
1302,1352,train,0.422053055053,0.68821222021,0.428219863399,0.448817848446,-0.0205979850467
1303,1353,train,0.03124128013,-0.87503487948,0.337982129488,0.355174079276,-0.0171919497887
1304,1354,train,0.327787683514,0.311150734056,0.464062686139,0.49155309402,-0.027490407881
1305,1355,train,0.394970360382,0.579881441527,0.362689930656,0.415725513907,-0.0530355832505
1306,1356,train,0.155890711209,-0.376437155166,0.336495423036,0.357940865378,-0.0214454423423
1307,1357,train,0.131134529584,-0.475461881663,0.36019394966,0.375272770871,-0.0150788212104
1308,1358,train,0.467864337449,0.871457349796,0.599096251392,0.585389129527,0.0137071218643
1309,1359,train,0.284925872029,0.139703488116,0.631948681364,0.606429293636,0.0255193877279
1310,1360,train,0.433584730484,0.734338921937,0.597795271949,0.632377256256,-0.034581984307
1311,1361,train,0.302183263688,0.208733054752,0.608281142671,0.619716562476,-0.0114354198051
1312,1362,train,0.399172826377,0.59669130551,0.444950458731,0.497500465584,-0.052550006853
1313,1363,train,0.0828591137222,-0.668563545111,0.379756467429,0.425865416596,-0.0461089491668
1314,1364,train,0.252386742956,0.00954697182465,0.454316730999,0.493460017539,-0.0391432865391
1315,1365,train,0.190225507865,-0.239097968539,0.389256633485,0.392889271293,-0.00363263780795
1316,1366,train,0.283047654986,0.132190619944,0.365915260701,0.366784515215,-0.000869254513887
1317,1367,train,0.207370157637,-0.170519369451,0.443702407908,0.424577809075,0.0191245988337
1318,1368,train,0.351074207702,0.404296830809,0.492196204601,0.525348277597,-0.0331520729963
1319,1369,train,0.216100048145,-0.135599807422,0.506532285627,0.489805619054,0.0167266665724
1320,1370,train,0.499920283347,0.999681133387,0.59715800913,0.662644079999,-0.0654860708695
1321,1371,train,0.472584784837,0.890339139349,0.701908557792,0.674171794094,0.0277367636984
1322,1372,train,0.362847616446,0.451390465783,0.52327540509,0.506623323707,0.0166520813836
1323,1373,train,0.0897951934239,-0.640819226304,0.417976706918,0.424151787567,-0.00617508064914
1324,1374,train,0.454997584083,0.819990336331,0.457463312502,0.514451819614,-0.0569885071124
1325,1375,train,0.15099429633,-0.396022814682,0.413319812946,0.422042879835,-0.00872306688836
1326,1376,train,0.177587061421,-0.289651754315,0.380900594864,0.404964297608,-0.0240637027447
1327,1377,train,0.233558096161,-0.0657676153541,0.431240942717,0.441259808536,-0.0100188658196
1328,1378,train,0.191353980908,-0.234584076368,0.397527478192,0.40841853437,-0.0108910561776
1329,1379,train,0.499562959281,0.998251837124,0.689820009193,0.631379782616,0.0584402265772
1330,1380,train,0.387993882337,0.551975529349,0.75480630146,0.724871859571,0.0299344418887
1331,1381,train,0.0587800779955,-0.764879688018,0.553485180055,0.520418801011,0.0330663790441
1332,1382,train,0.436384978182,0.745539912729,0.463743145345,0.497380242811,-0.0336370974663
1333,1383,train,0.200498450385,-0.198006198461,0.490977282648,0.513128019833,-0.0221507371853
1334,1384,train,0.336219636425,0.344878545699,0.447005462442,0.47487401579,-0.0278685533481
1335,1385,train,0.120055387163,-0.519778451348,0.378343601489,0.388588566248,-0.0102449647587
1336,1386,train,0.207575164287,-0.169699342854,0.380580427323,0.401063554186,-0.0204831268636
1337,1387,train,0.340351214297,0.361404857189,0.406773279557,0.428633987501,-0.0218607079446
1338,1388,train,0.473081402364,0.892325609455,0.677474955615,0.621984289323,0.0554906662925
1339,1389,train,0.364011868674,0.456047474697,0.692694440231,0.618912889801,0.0737815504306
1340,1390,train,0.134621480801,-0.461514076797,0.501367660464,0.45397688527,0.0473907751946
1341,1391,train,0.0500021307009,-0.799991477196,0.408293100603,0.417419596335,-0.00912649573187
1342,1392,train,0.0611246483768,-0.755501406493,0.339826031202,0.32338777316,0.0164382580418
1343,1393,train,0.00694454878452,-0.972221804862,0.285705780312,0.265567001141,0.0201387791705
1344,1394,train,0.382875130145,0.531500520581,0.319202927662,0.398706237011,-0.0795033093495
1345,1395,train,0.103896484694,-0.584414061222,0.298179600561,0.282014272956,0.0161653276052
1346,1396,train,0.0248592167781,-0.900563132887,0.266404345129,0.297757445203,-0.0313531000745
1347,1397,train,0.434102097802,0.736408391207,0.543860341582,0.515363080584,0.0284972609976
1348,1398,train,0.147845895828,-0.408616416688,0.461712186426,0.440008874312,0.0217033121137
1349,1399,train,0.183867861372,-0.264528554514,0.370691643779,0.330391432317,0.0403002114616
1350,1400,train,0.393147778619,0.572591114477,0.31103808781,0.328832984216,-0.0177948964053
1351,1401,train,0.0530200209326,-0.78791991627,0.254235950113,0.259790250363,-0.00555430024989
1352,1402,train,0.17550955995,-0.297961760202,0.22196563115,0.261858124902,-0.0398924937521
1353,1403,train,0.371533628333,0.486134513331,0.416956702323,0.310458435976,0.106498266347
1354,1404,train,0.41202562751,0.648102510041,0.361521091092,0.374308148285,-0.0127870571935
1355,1405,train,0.292939405951,0.171757623806,0.282764564343,0.305440057029,-0.0226754926852
1356,1406,train,0.228821621085,-0.0847135156598,0.383185971034,0.342451898542,0.0407340724922
1357,1407,train,0.0573170150594,-0.770731939763,0.296792369059,0.305764895478,-0.00897252641861
1358,1408,train,0.121007192558,-0.51597122977,0.272285653635,0.286384530747,-0.0140988771125
1359,1409,train,0.348399890144,0.393599560578,0.430321509283,0.372935116303,0.0573863929799
1360,1410,train,0.0363890365497,-0.854443853801,0.301510366806,0.274258719617,0.0272516471884
1361,1411,train,0.470059149986,0.880236599945,0.36276930436,0.353076207276,0.00969309708443
1362,1412,train,0.365218196546,0.460872786184,0.472769470094,0.466336100728,0.00643336936639
1363,1413,train,0.248447468233,-0.00621012706789,0.480027393167,0.465195612892,0.014831780275
1364,1414,train,0.449316498198,0.797265992794,0.528901715642,0.507361948762,0.02153976688
1365,1415,train,0.390263416905,0.561053667619,0.49341248055,0.47191890877,0.0214935717803
1366,1416,train,0.265841705718,0.0633668228733,0.370104287248,0.35763931105,0.0124649761982
1367,1417,train,0.178751898577,-0.284992405694,0.317662137292,0.300093481744,0.0175686555477
1368,1418,train,0.189244952672,-0.24302018931,0.358203199573,0.319908953528,0.0382942460454
1369,1419,train,0.248564042201,-0.0057438311944,0.294740989503,0.324193021503,-0.0294520320007
1370,1420,train,0.103665936331,-0.585336254674,0.320170930148,0.351706806598,-0.0315358764491
1371,1421,train,0.200614153267,-0.197543386931,0.369967553901,0.393949235378,-0.0239816814767
1372,1422,train,0.157821934579,-0.368712261686,0.343909720304,0.353813001755,-0.00990328145027
1373,1423,train,0.274968139803,0.0998725592139,0.455163124464,0.457010746051,-0.00184762158671
1374,1424,train,0.360580237786,0.442320951146,0.535300642691,0.5169348002,0.0183658424913
1375,1425,train,0.179749898209,-0.281000407165,0.435544213649,0.448321893989,-0.0127776803391
1376,1426,train,0.168596283835,-0.325614864662,0.358638722169,0.342759455221,0.0158792669483
1377,1427,train,0.294514315737,0.178057262948,0.359144145884,0.352508908257,0.00663523762676
1378,1428,train,0.443290480582,0.773161922329,0.44181252313,0.460761428834,-0.0189489057042
1379,1429,train,0.0479786253138,-0.808085498745,0.326475763417,0.319806089601,0.00666967381538
1380,1430,train,0.0114727673413,-0.954108930635,0.265810875073,0.243731894541,0.0220789805323
1381,1431,train,0.356026838656,0.424107354625,0.315750232556,0.30296974817,0.0127804843857
1382,1432,train,0.47515401392,0.90061605568,0.451288757427,0.457859214033,-0.00657045660603
1383,1433,train,0.0931038603386,-0.627584558645,0.374758850715,0.37978369958,-0.00502484886479
1384,1434,train,0.170037748711,-0.319849005154,0.330687299506,0.333393302638,-0.00270600313213
1385,1435,train,0.13427878547,-0.462884858119,0.293678856786,0.307587460401,-0.0139086036144
1386,1436,train,0.309759667213,0.239038668851,0.376605428446,0.381613277751,-0.00500784930535
1387,1437,train,0.406756096256,0.627024385023,0.550032366131,0.506924179447,0.0431081866844
1388,1438,train,0.187441063501,-0.250235745995,0.380995264151,0.370361577097,0.0106336870546
1389,1439,train,0.484545894863,0.938183579452,0.292475228996,0.298555398257,-0.00608016926103
1390,1440,train,0.32596092541,0.303843701641,0.414933543092,0.412894021936,0.00203952115647
1391,1441,train,0.306718945746,0.226875782985,0.521535626817,0.488809500415,0.0327261264018
1392,1442,train,0.0138097442786,-0.944761022885,0.362357197105,0.316680196549,0.0456770005556
1393,1443,train,0.118045449183,-0.527818203266,0.309439931428,0.274215018422,0.0352249130052
1394,1444,train,0.229328757133,-0.0826849714691,0.298323111526,0.263803976845,0.0345191346814
1395,1445,train,0.44489152179,0.77956608716,0.452898115996,0.409126195269,0.043771920727
1396,1446,train,0.221630698528,-0.113477205886,0.460758565621,0.434651126164,0.0261074394574
1397,1447,train,0.365628924076,0.462515696302,0.434187979566,0.452702251576,-0.0185142720097
1398,1448,train,0.259969225748,0.0398769029904,0.504479372895,0.471576499626,0.0329028732687
1399,1449,train,0.196652806338,-0.213388774649,0.449687608833,0.431023770716,0.0186638381165
1400,1450,train,0.209514984882,-0.161940060473,0.425927392771,0.388426662138,0.0375007306335
1401,1451,train,0.110864509146,-0.556541963418,0.319936786383,0.289551329274,0.0303854571089
1402,1452,train,0.294086961363,0.176347845452,0.312329714485,0.289865904322,0.0224638101628
1403,1453,train,0.330367964537,0.321471858149,0.369308951077,0.370401820681,-0.00109286960338
1404,1454,train,0.297265375824,0.189061503297,0.483544777405,0.474452101942,0.00909267546243
1405,1455,train,0.0991698534014,-0.603320586394,0.37989219927,0.379337152737,0.000555046532773
1406,1456,train,0.2511700465,0.00468018599961,0.430358909153,0.394336073797,0.0360228353557
1407,1457,train,0.234160541384,-0.0633578344634,0.408850778703,0.40120403366,0.00764674504274
1408,1458,train,0.427132582979,0.708530331918,0.432144264183,0.418716510096,0.0134277540868
1409,1459,train,0.371862683668,0.487450734672,0.433197223193,0.407057766251,0.0261394569414
1410,1460,train,0.321355432646,0.285421730584,0.369941315662,0.378052877513,-0.0081115618513
1411,1461,train,0.345308907954,0.381235631816,0.436177947555,0.422337891827,0.0138400557278
1412,1462,train,0.211613571812,-0.153545712753,0.424170251812,0.437738666665,-0.0135684148531
1413,1463,train,0.30558852654,0.222354106161,0.451900721089,0.431379815707,0.0205209053817
1414,1464,train,0.487043160602,0.948172642407,0.404053148497,0.414822130091,-0.0107689815937
1415,1465,train,0.455120599768,0.820482399073,0.47694389368,0.481446935939,-0.00450304225844
1416,1466,train,0.206551939473,-0.173792242106,0.417406228822,0.421213028211,-0.00380679938829
1417,1467,train,0.227255333913,-0.0909786643469,0.459622809504,0.453434725641,0.00618808386286
1418,1468,train,0.181048962148,-0.275804151409,0.437821500978,0.458536307014,-0.0207148060354
1419,1469,train,0.306514425017,0.226057700069,0.473474133621,0.505211813219,-0.0317376795988
1420,1470,train,0.431933854119,0.727735416475,0.56878456885,0.521491995441,0.047292573409
1421,1471,train,0.0475471611988,-0.809811355205,0.415136398724,0.430243109898,-0.015106711174
1422,1472,train,0.102170848822,-0.591316604712,0.365388426321,0.381141177645,-0.0157527513239
1423,1473,train,0.250931697783,0.00372679113187,0.474612408182,0.481331251661,-0.00671884347882
1424,1474,train,0.327560897459,0.310243589836,0.572630746935,0.575547060697,-0.00291631376221
1425,1475,train,0.20668078028,-0.17327687888,0.469299803484,0.505678819937,-0.0363790164531
1426,1476,train,0.226615951949,-0.093536192205,0.427249684961,0.441353872903,-0.0141041879422
1427,1477,train,0.400014452679,0.600057810718,0.436443271811,0.444739576591,-0.00829630478029
1428,1478,train,0.284822951944,0.139291807776,0.463159686838,0.466426058599,-0.00326637176077
1429,1479,train,0.431968966197,0.727875864789,0.626880239918,0.579968333483,0.0469119064347
1430,1480,train,0.230374660995,-0.0785013560206,0.455559701142,0.405368449307,0.0501912518352
1431,1481,train,0.394306281637,0.577225126548,0.404299227722,0.368026400919,0.0362728268021
1432,1482,train,0.0740904590369,-0.703638163852,0.344097055451,0.319717652135,0.0243794033164
1433,1483,train,0.12656717492,-0.49373130032,0.345836273143,0.337265240295,0.00857103284794
1434,1484,train,0.134568614778,-0.461725540887,0.324069174201,0.305620998912,0.0184481752889
1435,1485,train,0.273338374285,0.0933534971407,0.359759552533,0.347286912308,0.0124726402247
1436,1486,train,0.0219946174558,-0.912021530177,0.296447140742,0.314787426033,-0.0183402852911
1437,1487,train,0.178307861883,-0.286768552467,0.325241051644,0.327932921448,-0.00269186980395
1438,1488,train,0.337316738023,0.349266952091,0.480297333974,0.443541944196,0.0367553897777
1439,1489,train,0.340416588325,0.361666353301,0.456882825499,0.521844946623,-0.0649621211248
1440,1490,train,0.45862686146,0.834507445839,0.594960188428,0.556623423151,0.0383367652761
1441,1491,train,0.205692172956,-0.177231308174,0.418313693309,0.417315010753,0.00099868255539
1442,1492,train,0.482632469078,0.930529876313,0.399653540024,0.387612599425,0.0120409405984
1443,1493,train,0.314763786879,0.259055147517,0.363391950351,0.42640311518,-0.0630111648288
1444,1494,train,0.0793675760492,-0.682529695803,0.314582802743,0.317995280997,-0.0034124782535
1445,1495,train,0.157811631142,-0.36875347543,0.262647811009,0.283073628277,-0.0204258172682
1446,1496,train,0.369719011149,0.478876044598,0.329059458474,0.334519749045,-0.0054602905712
1447,1497,train,1.73602976012e-05,-0.99993055881,0.263634103978,0.308304218855,-0.0446701148767
1448,1498,train,0.268150622537,0.0726024901491,0.367204757794,0.373777670838,-0.00657291304367
1449,1499,train,0.186885927791,-0.252456288834,0.407951963608,0.430417661536,-0.0224656979271
1450,1500,train,0.0692534566844,-0.722986173263,0.319660557438,0.322868728096,-0.00320817065778
1451,1501,train,0.322081663244,0.288326652975,0.484147892354,0.445360694553,0.0387871978004
1452,1502,train,0.360349956235,0.44139982494,0.500396835435,0.473132638665,0.0272641967702
1453,1503,train,0.00429757437067,-0.982809702517,0.341019317986,0.309488463656,0.0315308543303
1454,1504,train,0.26288182865,0.0515273145991,0.325752687324,0.321684069247,0.00406861807684
1455,1505,train,0.0353310909465,-0.858675636214,0.275979184465,0.273302166844,0.00267701762082
1456,1506,train,0.383700820411,0.534803281645,0.232684318145,0.299922212538,-0.0672378943922
1457,1507,train,0.32285842963,0.291433718521,0.340601521894,0.356542592759,-0.0159410708655
1458,1508,train,0.178236741157,-0.287053035371,0.313375283856,0.329501674832,-0.0161263909758
1459,1509,train,0.401105812949,0.604423251797,0.291171549568,0.321371103771,-0.0301995542021
1460,1510,train,0.458604806116,0.834419224465,0.458773821124,0.479627952796,-0.0208541316725
1461,1511,train,0.0791407257777,-0.683437096889,0.36216093833,0.364145110543,-0.00198417221375
1462,1512,train,0.0103017666901,-0.95879293324,0.27104105701,0.28875248668,-0.0177114296703
1463,1513,train,0.431290264223,0.725161056893,0.394916655674,0.325624166068,0.0692924896069
1464,1514,train,0.480594254411,0.922377017645,0.308443789729,0.353806727532,-0.0453629378029
1465,1515,train,0.407617009945,0.630468039781,0.477246586586,0.460869551159,0.0163770354267
1466,1516,train,0.41859928523,0.67439714092,0.528231389293,0.540165859233,-0.0119344699399
1467,1517,train,0.195772871446,-0.216908514214,0.409747045947,0.414423224708,-0.00467617876074
1468,1518,train,0.392522125368,0.570088501472,0.537249937126,0.516765536524,0.0204844006023
1469,1519,train,0.115684864858,-0.537260540568,0.449252595638,0.472705126621,-0.0234525309829
1470,1520,train,0.10733031938,-0.570678722478,0.341794168432,0.34458038174,-0.00278621330816
1471,1521,train,0.014292503155,-0.94282998738,0.272486556274,0.266439250276,0.00604730599745
1472,1522,train,0.000857195492341,-0.996571218031,0.236667167965,0.217619767256,0.0190474007081
1473,1523,train,0.17049248001,-0.318030079958,0.340719900414,0.355735558876,-0.0150156584625
1474,1524,train,0.0556463992933,-0.777414402827,0.302711310582,0.309522433017,-0.00681112243519
1475,1525,train,0.197603354729,-0.209586581082,0.373858105382,0.385536101797,-0.0116779964148
1476,1526,train,0.180318164545,-0.278727341819,0.336006460481,0.360443469252,-0.0244370087714
1477,1527,train,0.435007479365,0.74002991746,0.517416478288,0.434117419939,0.0832990583488
1478,1528,train,0.172369634365,-0.310521462541,0.381069004027,0.33988927542,0.0411797286071
1479,1529,train,0.278797691058,0.115190764232,0.326883376386,0.317068733219,0.00981464316706
1480,1530,train,0.100702228039,-0.597191087846,0.25627810943,0.238476926136,0.0178011832937
1481,1531,train,0.281714847599,0.126859390394,0.220096595919,0.221782052725,-0.00168545680608
1482,1532,train,0.159707130441,-0.361171478238,0.24309694576,0.228947257859,0.014149687901
1483,1533,train,0.0261331480317,-0.895467407873,0.215198750013,0.206543074573,0.00865567543986
1484,1534,train,0.258982077864,0.0359283114541,0.275460356685,0.26818519568,0.0072751610042
1485,1535,train,0.353617482095,0.414469928379,0.321604746968,0.3417552398,-0.0201504928316
1486,1536,train,0.453970758826,0.815883035304,0.542440393538,0.499464922036,0.0429754715018
1487,1537,train,0.0842563344603,-0.662974662159,0.374007286232,0.347220536807,0.026786749425
1488,1538,train,0.459902466086,0.839609864346,0.463552689236,0.376536382122,0.0870163071136
1489,1539,train,0.240371230092,-0.0385150796301,0.350438217552,0.352918862077,-0.00248064452446
1490,1540,train,0.0615241508229,-0.753903396708,0.28828938912,0.288638631637,-0.000349242516497
1491,1541,train,0.340878311286,0.363513245145,0.315631796537,0.331094279896,-0.0154624833596
1492,1542,train,0.050937233544,-0.796251065824,0.250181444047,0.237583720892,0.0125977231548
1493,1543,train,0.244699991124,-0.0212000355041,0.312604681323,0.300128620688,0.0124760606346
1494,1544,train,0.258385483664,0.0335419346564,0.385451176437,0.367998443655,0.0174527327824
1495,1545,train,0.0313608094227,-0.874556762309,0.306452880209,0.326890242466,-0.0204373622572
1496,1546,train,0.203802774505,-0.184788901981,0.272687110946,0.304413270952,-0.0317261600065
1497,1547,train,0.459313439167,0.837253756667,0.543921679341,0.461202232269,0.0827194470723
1498,1548,train,0.481201095637,0.924804382549,0.531569729818,0.487124442698,0.0444452871203
1499,1549,train,0.137553793526,-0.449784825897,0.366710978597,0.35193049008,0.014780488517
1500,1550,train,0.0919549108685,-0.632180356526,0.322553545662,0.310613484077,0.0119400615853
1501,1551,train,0.467836917368,0.871347669471,0.290696411182,0.369724792728,-0.0790283815454
1502,1552,train,0.153384590743,-0.386461637029,0.29558452122,0.315343495881,-0.0197589746606
1503,1553,train,0.0227403834618,-0.909038466153,0.251111505328,0.255631883442,-0.00452037811382
1504,1554,train,0.291686887797,0.166747551188,0.233837223682,0.256794959488,-0.0229577358058
1505,1555,train,0.0423021300111,-0.830791479956,0.223012278578,0.235535731755,-0.0125234531775
1506,1556,train,0.220258011958,-0.118967952167,0.355805214031,0.356886933314,-0.00108171928276
1507,1557,train,0.281126513845,0.124506055381,0.470409381092,0.436655041077,0.0337543400145
1508,1558,train,0.0842869152409,-0.662852339036,0.337102518341,0.314578002923,0.0225245154187
1509,1559,train,0.0611234809934,-0.755506076027,0.262601769514,0.250352041803,0.0122497277104
1510,1560,train,0.131267429869,-0.474930280525,0.310849264331,0.294803165443,0.0160460988878
1511,1561,train,0.0403156698435,-0.838737320626,0.249639845869,0.227614993909,0.0220248519603
1512,1562,train,0.124708384811,-0.501166460755,0.216466405317,0.228031030465,-0.0115646251477
1513,1563,train,0.0443515560001,-0.822593776,0.215849976444,0.185183492145,0.030666484299
1514,1564,train,0.337386430362,0.34954572145,0.217197867578,0.271528818637,-0.0543309510586
1515,1565,train,0.240902428872,-0.0363902845133,0.275798119438,0.298732758492,-0.0229346390536
1516,1566,train,0.322627270948,0.290509083794,0.358940405769,0.348397866053,0.0105425397164
1517,1567,train,0.217152260657,-0.131390957373,0.287449734773,0.271056259917,0.0163934748564
1518,1568,train,0.432569145658,0.730276582632,0.265159256062,0.28611305218,-0.0209537961185
1519,1569,train,0.362392085047,0.449568340188,0.286168746458,0.291023545745,-0.00485479928704
1520,1570,train,0.248816313648,-0.00473474540668,0.239294390783,0.275434012326,-0.0361396215426
1521,1571,train,0.373460101078,0.493840404312,0.272900151892,0.280125257933,-0.00722510604074
1522,1572,train,0.278562580062,0.114250320249,0.236359737254,0.25506460027,-0.0187048630164
1523,1573,train,0.21847911918,-0.126083523278,0.31285391058,0.313517248855,-0.000663338275577
1524,1574,train,0.488314698425,0.953258793701,0.41336108005,0.413998634502,-0.000637554451674
1525,1575,train,0.249374901658,-0.00250039336681,0.405626364575,0.39071653736,0.0149098272145
1526,1576,train,0.336581813084,0.346327252338,0.393750366863,0.34951257112,0.0442377957432
1527,1577,train,0.104568753873,-0.581724984507,0.347260678065,0.337198964994,0.0100617130711
1528,1578,train,0.299410971319,0.197643885274,0.422022752552,0.40129105304,0.0207316995128
1529,1579,train,0.00755158487229,-0.969793660511,0.299683571452,0.277177389886,0.0225061815666
1530,1580,train,0.35765662588,0.430626503519,0.440354593155,0.420740783836,0.0196138093199
1531,1581,train,0.0653798545599,-0.73848058176,0.337459596922,0.328402366469,0.00905723045327
1532,1582,train,0.363115659333,0.452462637331,0.381127736492,0.406584002945,-0.0254562664527
1533,1583,train,0.171776019635,-0.312895921462,0.411687614131,0.413680613431,-0.00199299930011
1534,1584,train,0.474515616593,0.898062466373,0.480302629031,0.532777219934,-0.0524745909033
1535,1585,train,0.320233895587,0.280935582349,0.499890072502,0.489984444317,0.00990562818535
1536,1586,train,0.380958399246,0.523833596983,0.410037969742,0.454240366295,-0.044202396553
1537,1587,train,0.0178890294051,-0.92844388238,0.31366475689,0.343685446427,-0.0300206895369
1538,1588,train,0.10367765116,-0.585289395361,0.257947668788,0.281757646965,-0.0238099781765
1539,1589,train,0.365097892636,0.460391570544,0.422678609259,0.375441046753,0.0472375625063
1540,1590,train,0.148896733646,-0.404413065417,0.324993744386,0.330989838275,-0.00599609388918
1541,1591,train,0.0629822621049,-0.748070951581,0.294198284719,0.292435081527,0.00176320319184
1542,1592,train,0.487416455173,0.949665820692,0.369695790525,0.43997185722,-0.0702760666954
1543,1593,train,0.406777946143,0.627111784573,0.570409193022,0.548996419628,0.021412773394
1544,1594,train,0.459764535363,0.83905814145,0.604450562868,0.609434935666,-0.00498437279828
1545,1595,train,0.0525459825337,-0.789816069865,0.434306155597,0.446324744612,-0.0120185890151
1546,1596,train,0.0470047557857,-0.811980976857,0.318466123827,0.323734611003,-0.00526848717516
1547,1597,train,0.228508512601,-0.085965949598,0.293349715189,0.302698942255,-0.00934922706611
1548,1598,train,0.453325027359,0.813300109437,0.493330725259,0.4362382784,0.0570924468593
1549,1599,train,0.175059535243,-0.299761859028,0.388869048683,0.340438169366,0.0484308793169
1550,1600,train,0.47433728826,0.89734915304,0.341036923376,0.406074674184,-0.0650377508079
1551,1601,train,0.253879546442,0.0155181857661,0.457979582652,0.487014977295,-0.0290353946438
1552,1602,train,0.173454792533,-0.306180829867,0.441052258642,0.461605599027,-0.0205533403845
1553,1603,train,0.472567548142,0.890270192568,0.654000393884,0.636239858393,0.0177605354916
1554,1604,train,0.344243942487,0.376975769948,0.468090876355,0.488261959048,-0.0201710826932
1555,1605,train,0.0695457044228,-0.721817182309,0.345747500553,0.316958814057,0.0287886864966
1556,1606,train,0.114415220146,-0.542339119415,0.315581749132,0.297819194231,0.0177625549005
1557,1607,train,0.151180213092,-0.395279147633,0.363732186138,0.325439617748,0.0382925683895
1558,1608,train,0.353250684949,0.413002739796,0.379525803082,0.440771312053,-0.0612455089715
1559,1609,train,0.353223729998,0.412894919991,0.544036701384,0.544917050691,-0.000880349307308
1560,1610,train,0.0688884695743,-0.724446121703,0.406706305243,0.442691254566,-0.0359849493233
1561,1611,train,0.474014058664,0.896056234658,0.434338465624,0.42539388516,0.00894458046451
1562,1612,train,0.259196062161,0.0367842486459,0.508562700537,0.48560345479,0.0229592457471
1563,1613,train,0.335977713962,0.343910855846,0.538456811442,0.548393674504,-0.00993686306103
1564,1614,train,0.0956734665397,-0.617306133841,0.387414442764,0.386066929735,0.00134751302945
1565,1615,train,0.22827034692,-0.0869186123191,0.337224654847,0.293529078857,0.04369557599
1566,1616,train,0.370611966407,0.482447865629,0.35629106303,0.347499473391,0.00879158963898
1567,1617,train,0.488965449637,0.955861798548,0.541802277918,0.500223820127,0.0415784577908
1568,1618,train,0.0342102006892,-0.863159197243,0.400793761896,0.395985480706,0.00480828119017
1569,1619,train,0.0417023900687,-0.833190439725,0.313836728361,0.292773781227,0.0210629471336
1570,1620,train,0.450087919871,0.800351679482,0.580477733591,0.490234895309,0.0902428382821
1571,1621,train,0.320540945836,0.282163783345,0.526449589269,0.52441198357,0.00203760569904
1572,1622,train,0.11169908337,-0.55320366652,0.432449889822,0.422225477292,0.0102244125299
1573,1623,train,0.351739803533,0.406959214132,0.375680788225,0.394620492446,-0.0189397042212
1574,1624,train,0.295429166314,0.181716665256,0.393738456232,0.415919638475,-0.0221811822437
1575,1625,train,0.0393940796141,-0.842423681544,0.323862995806,0.338558071433,-0.0146950756266
1576,1626,train,0.109452666873,-0.56218933251,0.346182884886,0.360510880827,-0.0143279959408
1577,1627,train,0.244891998579,-0.0204320056825,0.289730559818,0.296055475426,-0.00632491560834
1578,1628,train,0.300933025246,0.203732100983,0.263446394923,0.273542230983,-0.01009583606
1579,1629,train,0.0710265621544,-0.715893751383,0.277645060106,0.297398996572,-0.0197539364662
1580,1630,train,0.219542378849,-0.121830484606,0.341738725092,0.359595791627,-0.0178570665357
1581,1631,train,0.216216922269,-0.135132310923,0.299764639293,0.313484802253,-0.0137201629599
1582,1632,train,0.117529642825,-0.529881428699,0.302063422777,0.311535025473,-0.00947160269661
1583,1633,train,0.365164956075,0.460659824301,0.400978980521,0.399579204709,0.00139977581156
1584,1634,train,0.458693831747,0.834775326989,0.312340021876,0.365534903498,-0.0531948816217
1585,1635,train,0.266711936417,0.0668477456688,0.286805148408,0.327817792656,-0.041012644248
1586,1636,train,0.223910353656,-0.104358585376,0.31304390718,0.316223467668,-0.00317956048825
1587,1637,train,0.392896111301,0.571584445204,0.41959333838,0.404331235371,0.0152621030096
1588,1638,train,0.2585766698,0.034306679199,0.320927111734,0.305716327459,0.0152107842742
1589,1639,train,0.464581760487,0.85832704195,0.401821426434,0.38067816725,0.0211432591835
1590,1640,train,0.183045711513,-0.267817153948,0.348203891341,0.335244896357,0.0129589949831
1591,1641,train,0.0175210676551,-0.92991572938,0.266841181513,0.266772639872,6.85416402819e-05
1592,1642,train,0.264084365238,0.0563374609513,0.369701562237,0.368808402628,0.000893159609033
1593,1643,train,0.463095396294,0.852381585175,0.593132382771,0.586281682352,0.00685070041938
1594,1644,train,0.0688081946232,-0.724767221507,0.413192664166,0.420689812906,-0.00749714873972
1595,1645,train,0.414199730501,0.656798922004,0.44020104774,0.435706228407,0.00449481933254
1596,1646,train,0.284802863416,0.139211453664,0.4854527781,0.48101054721,0.00444223088962
1597,1647,train,0.0969023923155,-0.612390430738,0.381745157194,0.371072653595,0.0106725035983
1598,1648,train,0.464475237752,0.857900951009,0.614957680487,0.564106647145,0.0508510333425
1599,1649,train,0.360662881099,0.442651524396,0.516198794202,0.472099162327,0.044099631875
1600,1650,train,0.470506558706,0.882026234823,0.381553713547,0.388956771924,-0.0074030583779
1601,1651,train,0.423884290017,0.695537160067,0.467521206224,0.466155135838,0.00136607038605
1602,1652,train,0.0291636274219,-0.883345490312,0.369532601256,0.400710232522,-0.0311776312658
1603,1653,train,0.0108660730469,-0.956535707812,0.298146835733,0.287163713716,0.0109831220171
1604,1654,train,0.477792207322,0.911168829288,0.551418915527,0.468405680199,0.0830132353279
1605,1655,train,0.241375710744,-0.0344971570236,0.492797188471,0.450443585911,0.0423536025599
1606,1656,train,0.382940166767,0.531760667067,0.415842007832,0.431815907484,-0.0159738996511
1607,1657,train,0.307517413428,0.230069653711,0.532354524229,0.487514716582,0.044839807647
1608,1658,train,0.437464202836,0.749856811345,0.619886866518,0.640179042665,-0.0202921761473
1609,1659,train,0.374376323042,0.49750529217,0.694162388658,0.701429194035,-0.00726680537693
1610,1660,train,0.321919412607,0.287677650428,0.680338354667,0.614206684375,0.0661316702921
1611,1661,train,0.0383658657157,-0.846536537137,0.480014520995,0.401402002075,0.0786125189201
1612,1662,train,0.439904925745,0.759619702981,0.374406003676,0.341274897982,0.0331311056936
1613,1663,train,0.222214752729,-0.111140989083,0.467791021257,0.411454942133,0.0563360791241
1614,1664,train,0.2532923811,0.0131695244005,0.456220651546,0.455057400298,0.00116325124884
1615,1665,train,0.0892786434048,-0.642885426381,0.407081233591,0.439265763765,-0.0321845301738
1616,1666,train,0.309987853124,0.239951412496,0.469491978556,0.440373816019,0.0291181625374
1617,1667,train,0.0794729914127,-0.682108034349,0.414636922153,0.404670152091,0.0099667700624
1618,1668,train,0.059701636966,-0.761193452136,0.362904085071,0.369657183935,-0.00675309886419
1619,1669,train,0.438623546583,0.754494186332,0.507898229806,0.458423482683,0.0494747471228
1620,1670,train,0.0120728540305,-0.951708583878,0.370408622521,0.322449433503,0.0479591890176
1621,1671,train,0.281995496813,0.127981987252,0.477038259952,0.401106847592,0.0759314123593
1622,1672,train,0.218328732918,-0.126685068328,0.418636383686,0.409001581289,0.00963480239724
1623,1673,train,0.239664841937,-0.0413406322531,0.407746357745,0.369116624703,0.0386297330421
1624,1674,train,0.392246215395,0.568984861578,0.362356369469,0.419202046516,-0.0568456770469
1625,1675,train,0.45223028795,0.8089211518,0.495047952257,0.487646039039,0.00740191321877
1626,1676,train,0.230413854008,-0.0783445839666,0.382074767344,0.365659516024,0.0164152513198
1627,1677,train,0.290050939056,0.160203756222,0.320808986307,0.324863822986,-0.00405483667858
1628,1678,train,0.437588832203,0.750355328812,0.549992605612,0.452516761768,0.0974758438445
1629,1679,train,0.0870639500964,-0.651744199614,0.38460309509,0.354587570408,0.0300155246826
1630,1680,train,0.166440060185,-0.334239759261,0.365948953528,0.302158249306,0.0637907042218
1631,1681,train,0.27819194008,0.11276776032,0.377085841491,0.337359417244,0.0397264242469
1632,1682,train,0.129125168452,-0.483499326191,0.336175421104,0.334059375037,0.00211604606671
1633,1683,train,0.363633715165,0.45453486066,0.481733391997,0.46205503941,0.0196783525863
1634,1684,train,0.0520672508951,-0.79173099642,0.377530973554,0.38675335914,-0.00922238558677
1635,1685,train,0.484557496249,0.938229984997,0.457578899564,0.528160780815,-0.0705818812511
1636,1686,train,0.399634892272,0.598539569086,0.503428361644,0.549354749042,-0.045926387398
1637,1687,train,0.0702914745452,-0.718834101819,0.401751040812,0.439236550965,-0.0374855101538
1638,1688,train,0.313384805426,0.253539221702,0.346539517958,0.397138765654,-0.0505992476953
1639,1689,train,0.162243873238,-0.351024507049,0.31433654847,0.326145703862,-0.0118091553914
1640,1690,train,0.225402900005,-0.0983883999806,0.350630652221,0.361137173134,-0.0105065209129
1641,1691,train,0.248172664816,-0.00730934073653,0.32245049036,0.328842744776,-0.00639225441643
1642,1692,train,0.297920293634,0.191681174534,0.421987311118,0.405550703532,0.0164366075862
1643,1693,train,0.205846139925,-0.1766154403,0.326605541118,0.343549692868,-0.0169441517498
1644,1694,train,0.400578741191,0.602314964763,0.551564835669,0.505769111369,0.0457957243003
1645,1695,train,0.434091700977,0.736366803909,0.635913471393,0.579804624812,0.0561088465803
1646,1696,train,0.451427584016,0.805710336064,0.471124850579,0.489004989956,-0.0178801393773
1647,1697,train,0.0983405127326,-0.60663794907,0.385156346361,0.386293657214,-0.00113731085279
1648,1698,train,0.127843056374,-0.488627774503,0.326123248663,0.330482571596,-0.00435932293312
1649,1699,train,0.330175013345,0.320700053378,0.376421945891,0.391809165109,-0.0153872192176
1650,1700,train,0.348545853095,0.394183412379,0.421121846037,0.457952427611,-0.0368305815744
1651,1701,train,0.186308438744,-0.254766245022,0.39883976414,0.410251022862,-0.0114112587221
1652,1702,train,0.287463025378,0.14985210151,0.394458530962,0.40659487031,-0.0121363393475
1653,1703,train,0.361311538875,0.445246155498,0.519996843607,0.477492136584,0.0425047070236
1654,1704,train,0.0979420724753,-0.608231710099,0.436270870959,0.453582378875,-0.0173115079161
1655,1705,train,0.0909158626718,-0.636336549313,0.387669601285,0.417568856235,-0.0298992549506
1656,1706,train,0.0514292281327,-0.794283087469,0.303692596429,0.28380840924,0.0198841871894
1657,1707,train,0.395251054337,0.581004217348,0.326878449008,0.350374447547,-0.0234959985387
1658,1708,train,0.0486834285604,-0.805266285758,0.285776556535,0.314065837917,-0.028289281382
1659,1709,train,0.165532364223,-0.337870543108,0.327304486326,0.356120100351,-0.0288156140246
1660,1710,train,0.238857903309,-0.0445683867652,0.32716394953,0.350883657068,-0.0237197075376
1661,1711,train,0.386045656665,0.544182626658,0.425267004581,0.451851552115,-0.0265845475344
1662,1712,train,0.262214660537,0.0488586421481,0.44909940769,0.43556956359,0.0135298440999
1663,1713,train,0.297740863904,0.190963455615,0.363556430342,0.349104232933,0.0144521974091
1664,1714,train,0.0773320264332,-0.690671894267,0.285647187847,0.255966808472,0.0296803793755
1665,1715,train,0.135105856567,-0.45957657373,0.245848711731,0.226384330709,0.019464381022
1666,1716,train,0.0817861366093,-0.672855453563,0.263303319484,0.252720747637,0.0105825718467
1667,1717,train,0.489660202847,0.95864081139,0.258191515839,0.330983552154,-0.0727920363158
1668,1718,train,0.211442132589,-0.154231469643,0.271671115361,0.306614140765,-0.0349430254037
1669,1719,train,0.176612760581,-0.293548957676,0.288478385726,0.327936397243,-0.0394580115167
1670,1720,train,0.377696964605,0.51078785842,0.451098414927,0.421622301679,0.0294761132479
1671,1721,train,0.0550675109051,-0.77972995638,0.331468778274,0.333935349952,-0.00246657167839
1672,1722,train,0.397451000447,0.589804001789,0.430120352453,0.41384434441,0.0162760080432
1673,1723,train,0.136744530497,-0.453021878014,0.313489156275,0.324301395821,-0.0108122395467
1674,1724,train,0.0962310511906,-0.615075795238,0.262755905689,0.273611872667,-0.0108559669778
1675,1725,train,0.204131414944,-0.183474340225,0.244812413675,0.281772649311,-0.0369602356361
1676,1726,train,0.0128192365831,-0.948723053668,0.220993628491,0.269645250029,-0.0486516215388
1677,1727,train,0.018990370273,-0.924038518908,0.20627768644,0.235126532103,-0.0288488456631
1678,1728,train,0.207282990646,-0.170868037417,0.247956492695,0.252714701692,-0.0047582089967
1679,1729,train,0.407344998489,0.629379993955,0.442328276533,0.373182645366,0.0691456311673
1680,1730,train,0.126877015815,-0.492491936739,0.312874164479,0.278561130882,0.0343130335969
1681,1731,train,0.193822413394,-0.224710346426,0.356550312688,0.313833987812,0.0427163248756
1682,1732,train,0.268052328476,0.0722093139023,0.316109944702,0.303781473325,0.0123284713769
1683,1733,train,0.409138457633,0.636553830532,0.300108332041,0.372000314294,-0.0718919822536
1684,1734,train,0.186675505731,-0.253297977075,0.290869276121,0.295804357871,-0.00493508174994
1685,1735,train,0.358218116353,0.432872465411,0.236890409597,0.267531764381,-0.0306413547846
1686,1736,train,0.239103141311,-0.0435874347555,0.21259390692,0.228432495354,-0.0158385884343
1687,1737,train,0.492330526096,0.969322104383,0.347921697527,0.340379036617,0.00754266091044
1688,1738,train,0.428359380041,0.713437520165,0.519416718,0.438221564026,0.0811951539739
1689,1739,train,0.0958730026694,-0.616507989322,0.360701093507,0.33830628103,0.0223948124777
1690,1740,train,0.423652573772,0.694610295089,0.390067089057,0.385672374443,0.00439471461364
1691,1741,train,0.143679525328,-0.425281898687,0.339760709358,0.357195420504,-0.017434711146
1692,1742,train,0.00356573765265,-0.985737049389,0.260422343705,0.287522072246,-0.0270997285411
1693,1743,train,0.363568143189,0.454272572756,0.322363189754,0.358739883844,-0.0363766940897
1694,1744,train,0.236371991178,-0.0545120352882,0.37660183606,0.34900758963,0.0275942464299
1695,1745,train,0.312862705368,0.25145082147,0.388586238621,0.403566470638,-0.014980232017
1696,1746,train,0.449341873161,0.797367492643,0.616773720477,0.575274280978,0.0414994394993
1697,1747,train,0.487179953822,0.948719815289,0.719032551779,0.640418565146,0.0786139866329
1698,1748,train,0.254941976145,0.0197679045782,0.50673926447,0.499266679065,0.00747258540461
1699,1749,train,0.0577649026069,-0.768940389573,0.397198910502,0.418394034661,-0.0211951241591
1700,1750,train,0.348443988348,0.39377595339,0.380002298883,0.382584632913,-0.00258233403034
1701,1751,train,0.114858547964,-0.540565808144,0.296457658167,0.290832144004,0.00562551416328
1702,1752,train,0.0747863746961,-0.700854501215,0.292929623905,0.270857954613,0.0220716692918
1703,1753,train,0.440999752407,0.763999009626,0.407170191889,0.443469537672,-0.0362993457829
1704,1754,train,0.416265523919,0.665062095677,0.506702647435,0.474547068663,0.0321555787712
1705,1755,train,0.0491719670067,-0.803312131973,0.399455138424,0.390580961961,0.0088741764631
1706,1756,train,0.241720505026,-0.0331179798944,0.486804652572,0.462449202227,0.0243554503451
1707,1757,train,0.315842177819,0.263368711277,0.473737839147,0.455592306751,0.018145532396
1708,1758,train,0.359808415566,0.439233662265,0.371532035158,0.407666173822,-0.0361341386633
1709,1759,train,0.000135274235347,-0.999458903059,0.286059472779,0.306929777711,-0.0208703049314
1710,1760,train,0.0247732382401,-0.900907047039,0.245879746101,0.274762277189,-0.028882531088
1711,1761,train,0.123934484091,-0.504262063635,0.233974958554,0.239444884794,-0.0054699262397
1712,1762,train,0.0210267818436,-0.915892872626,0.227436739742,0.243484484197,-0.0160477444547
1713,1763,train,0.410939807164,0.643759228655,0.466200443864,0.435764800667,0.0304356431971
1714,1764,train,0.0601718559531,-0.759312576188,0.330493705434,0.322867976086,0.00762572934829
1715,1765,train,0.196645173745,-0.21341930502,0.328640781797,0.317051651595,0.0115891302012
1716,1766,train,0.155448157452,-0.378207370191,0.328940890795,0.329890891745,-0.00095000095084
1717,1767,train,0.329031688486,0.316126753944,0.430423240261,0.416506831598,0.013916408663
1718,1768,train,0.471046630117,0.884186520469,0.299157333796,0.329791478885,-0.0306341450894
1719,1769,train,0.167026398026,-0.331894407896,0.2434781207,0.270835013064,-0.0273568923634
1720,1770,train,0.476250664593,0.905002658374,0.299739898736,0.333126250462,-0.0333863517255
1721,1771,train,0.000766115103077,-0.996935539588,0.237731958266,0.234453594287,0.00327836397879
1722,1772,train,0.364979707643,0.459918830573,0.434241533826,0.342468222999,0.0917733108271
1723,1773,train,0.192493426441,-0.230026294237,0.321446879084,0.304860344439,0.0165865346451
1724,1774,train,0.377274548664,0.509098194657,0.360022030487,0.365612889548,-0.00559085906134
1725,1775,train,0.266273492869,0.0650939714753,0.329206620143,0.308960443421,0.0202461767227
1726,1776,train,0.156558226311,-0.373767094754,0.330093034334,0.322040205628,0.00805282870624
1727,1777,train,0.391540046755,0.566160187022,0.529905043794,0.475416408022,0.0544886357715
1728,1778,train,0.0374011743126,-0.85039530275,0.358029011843,0.314723182524,0.0433058293191
1729,1779,train,0.355716617633,0.422866470534,0.52317481752,0.431395600297,0.0917792172227
1730,1780,train,0.279254127785,0.117016511138,0.354677804062,0.325849437593,0.028828366469
1731,1781,train,0.0239222685536,-0.904310925785,0.28650806878,0.318544603048,-0.0320365342688
1732,1782,train,0.177267265457,-0.290930938173,0.291964281592,0.31326800336,-0.0213037217685
1733,1783,train,0.0149600073009,-0.940159970797,0.249850151153,0.275048403399,-0.0251982522463
1734,1784,train,0.423532976395,0.694131905581,0.389259265175,0.413314232518,-0.0240549673435
1735,1785,train,0.40619149086,0.624765963439,0.383063823943,0.446641866146,-0.0635780422028
1736,1786,train,0.0729393950553,-0.708242419779,0.328557444286,0.370546656758,-0.0419892124716
1737,1787,train,0.239639100598,-0.0414435976083,0.272712227771,0.307977296277,-0.0352650685068
1738,1788,train,0.285077215406,0.140308861624,0.380800185082,0.408413891135,-0.0276137060529
1739,1789,train,0.116597873295,-0.533608506819,0.328969959703,0.326725481192,0.00224447851042
1740,1790,train,0.0263339035626,-0.89466438575,0.253362706684,0.247091582309,0.00627112437513
1741,1791,train,0.147680574843,-0.409277700627,0.25537246735,0.228063787815,0.0273086795348
1742,1792,train,0.338919892466,0.355679569863,0.224232854846,0.275135109138,-0.0509022542929
1743,1793,train,0.236449173259,-0.0542033069627,0.351862816548,0.364584282298,-0.0127214657503
1744,1794,train,0.26927724412,0.0771089764798,0.425364511667,0.408421909451,0.0169426022155
1745,1795,train,0.448092786017,0.792371144066,0.344784532534,0.403338749049,-0.0585542165145
1746,1796,train,0.291721119622,0.166884478486,0.362876771082,0.375218343236,-0.0123415721539
1747,1797,train,0.401558483768,0.606233935073,0.438642227626,0.385254801393,0.0533874262324
1748,1798,train,0.242540912167,-0.0298363513303,0.34784168748,0.348499150243,-0.000657462762677
1749,1799,train,0.191120045996,-0.235519816015,0.269875129613,0.258668370715,0.0112067588979
1750,1800,train,0.410180857038,0.640723428151,0.316007625414,0.309754165829,0.006253459585
1751,1801,train,0.341194693195,0.364778772781,0.420982460824,0.402053111791,0.018929349033
1752,1802,train,0.221770052457,-0.112919790172,0.378674691562,0.378641000873,3.36906883861e-05
1753,1803,train,0.399036307439,0.596145229758,0.444018513011,0.439284288241,0.00473422476985
1754,1804,train,0.148350962127,-0.40659615149,0.41615083107,0.421440985388,-0.00529015431736
1755,1805,train,0.217929438969,-0.128282244125,0.398024356516,0.406763742069,-0.00873938555304
1756,1806,train,0.00714050450236,-0.971437981991,0.299195497979,0.338013487091,-0.0388179891117
1757,1807,train,0.245142606566,-0.0194295737378,0.334735495806,0.340988341388,-0.00625284558214
1758,1808,train,0.369987768092,0.479951072369,0.36716804989,0.404420173494,-0.0372521236044
1759,1809,train,0.350859805017,0.403439220066,0.492937683094,0.490478318645,0.00245936444959
1760,1810,train,0.227726533228,-0.0890938670861,0.459761496929,0.497607991668,-0.0378464947397
1761,1811,train,0.222708625228,-0.109165499087,0.40423369356,0.42363583491,-0.0194021413495
1762,1812,train,0.0424703661369,-0.830118535452,0.32743460056,0.350115695043,-0.0226810944826
1763,1813,train,0.311372481736,0.245489926944,0.332083531455,0.358286660972,-0.0262031295177
1764,1814,train,0.223185386468,-0.107258454129,0.336205700936,0.340629945634,-0.00442424469833
1765,1815,train,0.156560039187,-0.373759843252,0.265607079805,0.271998129857,-0.00639105005214
1766,1816,train,0.294575704283,0.178302817132,0.336068127511,0.317514816164,0.0185533113474
1767,1817,train,0.205043495993,-0.179826016026,0.376053026652,0.369379819748,0.00667320690339
1768,1818,train,0.444312286804,0.777249147217,0.516176691129,0.521645798735,-0.00546910760596
1769,1819,train,0.0717893787922,-0.712842484831,0.378650799633,0.403778797142,-0.0251279975087
1770,1820,train,0.338416829883,0.353667319532,0.397309201188,0.370147103867,0.0271620973212
1771,1821,train,0.0307454967108,-0.877018013157,0.294054130464,0.268170791197,0.0258833392667
1772,1822,train,0.125630962027,-0.497476151891,0.299229660512,0.297830406055,0.00139925445738
1773,1823,train,0.486454897241,0.945819588962,0.405458883448,0.432397538618,-0.0269386551705
1774,1824,train,0.127686285537,-0.48925485785,0.324703698644,0.323695089018,0.00100860962569
1775,1825,train,0.131133488948,-0.475466044206,0.313692292844,0.316598118763,-0.00290582591842
1776,1826,train,0.178495374807,-0.28601850077,0.306120562408,0.300048110917,0.00607245149119
1777,1827,train,0.134350054429,-0.462599782286,0.336653177732,0.313645057793,0.0230081199395
1778,1828,train,0.339415955297,0.357663821189,0.297672728187,0.373423596406,-0.0757508682191
1779,1829,train,0.420547563968,0.682190255871,0.452695325048,0.417486420269,0.0352089047793
1780,1830,train,0.209230307229,-0.163078771082,0.323040622873,0.32417792786,-0.001137304987
1781,1831,train,0.0803960395922,-0.678415841631,0.266225481111,0.246112683298,0.0201127978129
1782,1832,train,0.195968302269,-0.216126790925,0.36712879599,0.336636768957,0.030492027033
1783,1833,train,0.221141692622,-0.115433229512,0.314784368799,0.312185574242,0.00259879455729
1784,1834,train,0.489352518888,0.957410075551,0.342673250483,0.351373800497,-0.00870055001369
1785,1835,train,0.0160493419712,-0.935802632115,0.263994598758,0.259921026329,0.00407357242858
1786,1836,train,0.475304442273,0.901217769094,0.318160316422,0.329265933856,-0.0111056174341
1787,1837,train,0.148339439651,-0.406642241396,0.323197725803,0.347265130201,-0.0240674043978
1788,1838,train,0.156545867211,-0.373816531155,0.348547723745,0.377997020763,-0.0294492970175
1789,1839,train,0.0547959684866,-0.780816126054,0.279628516359,0.275942855265,0.00368566109471
1790,1840,train,0.326283748545,0.305134994179,0.267241316227,0.277147710582,-0.00990639435476
1791,1841,train,0.186580382895,-0.253678468421,0.276328079574,0.270638746837,0.0056893327366
1792,1842,train,0.167444696597,-0.330221213612,0.281296058033,0.30814982577,-0.0268537677375
1793,1843,train,0.0951877823335,-0.619248870666,0.296676752305,0.315546663956,-0.0188699116516
1794,1844,train,0.28798035768,0.151921430722,0.240403921271,0.341908391799,-0.101504470528
1795,1845,train,0.484426772065,0.93770708826,0.552300648759,0.523283768789,0.0290168799698
1796,1846,train,0.381163236924,0.524652947697,0.438422723305,0.468208741527,-0.0297860182228
1797,1847,train,0.462017524948,0.84807009979,0.412445604856,0.37361498219,0.038830622666
1798,1848,train,0.369018606746,0.476074426985,0.324042184427,0.379993257434,-0.0559510730075
1799,1849,train,0.122366903348,-0.510532386607,0.311683588769,0.308697440977,0.00298614779196
1800,1850,train,0.237503645321,-0.0499854187167,0.312974672732,0.351037379181,-0.0380627064487
1801,1851,train,0.111247554716,-0.555009781137,0.275768643536,0.291133003653,-0.0153643601162
1802,1852,train,0.180996747426,-0.276013010295,0.256088752879,0.295027751611,-0.0389389987315
1803,1853,train,0.35278433462,0.411137338481,0.3730205804,0.365933356129,0.00708722427036
1804,1854,train,0.36484978853,0.459399154118,0.542246152913,0.479628243565,0.0626179093476
1805,1855,train,0.199383559258,-0.202465762968,0.47966985207,0.457164922188,0.022504929882
1806,1856,train,0.127669907151,-0.489320371394,0.421750750983,0.410504653468,0.011246097515
1807,1857,train,0.195003628986,-0.219985484058,0.412693420207,0.417069388927,-0.00437596871999
1808,1858,train,0.371078167311,0.484312669245,0.36847291787,0.354899129525,0.013573788345
1809,1859,train,0.447692898138,0.79077159255,0.439204089432,0.428771643488,0.0104324459441
1810,1860,train,0.496160181142,0.984640724568,0.399803231648,0.431757219766,-0.0319539881177
1811,1861,train,0.369938315596,0.479753262383,0.399712739231,0.429143036853,-0.0294302976215
1812,1862,train,0.0678212991012,-0.728714803595,0.337597726268,0.343487881919,-0.00589015565109
1813,1863,train,0.0652081766212,-0.739167293515,0.307425641771,0.303613643296,0.00381199847541
1814,1864,train,0.271610565991,0.0864422639628,0.336613803308,0.324724409383,0.0118893939254
1815,1865,train,0.306201523482,0.224806093928,0.325312465207,0.3116451274,0.0136673378069
1816,1866,train,0.176714448842,-0.29314220463,0.310256778208,0.316645804761,-0.00638902655313
1817,1867,train,0.274100870067,0.0964034802668,0.402067941159,0.398746990099,0.00332095105987
1818,1868,train,0.467631548113,0.870526192452,0.607557679636,0.610058395933,-0.002500716297
1819,1869,train,0.411114766021,0.644459064082,0.705662762153,0.759263867435,-0.0536011052824
1820,1870,train,0.0477166800414,-0.809133279834,0.483967477617,0.498262218525,-0.0142947409085
1821,1871,train,0.296294798826,0.185179195302,0.377357469894,0.416592036267,-0.0392345663727
1822,1872,train,0.00813680013205,-0.967452799472,0.293131580231,0.311322331243,-0.0181907510121
1823,1873,train,0.118635462184,-0.525458151264,0.297088770488,0.306999591402,-0.00991082091398
1824,1874,train,0.109803653713,-0.560785385148,0.301042469759,0.333988006101,-0.0329455363417
1825,1875,train,0.312881998621,0.251527994484,0.335014462638,0.335740120758,-0.000725658120177
1826,1876,train,0.0468016450194,-0.812793419922,0.288645089382,0.280863121161,0.00778196822097
1827,1877,train,0.0275926142432,-0.889629543027,0.264998376622,0.280762847354,-0.0157644707319
1828,1878,train,0.239659500581,-0.0413619976742,0.3796872076,0.364928618716,0.0147585888845
1829,1879,train,0.0802760405404,-0.678895837839,0.290398956613,0.258135066595,0.0322638900189
1830,1880,train,0.32272538979,0.290901559161,0.378632834519,0.37472324605,0.00390958846893
1831,1881,train,0.377744087997,0.510976351988,0.278895083274,0.331306818837,-0.0524117355626
1832,1882,train,0.189928237634,-0.240287049464,0.260800670638,0.288140671586,-0.0273400009483
1833,1883,train,0.296111671995,0.184446687979,0.267112178684,0.316602763163,-0.049490584479
1834,1884,train,0.315048832486,0.260195329944,0.368664181494,0.347280284506,0.0213838969881
1835,1885,train,0.231009634691,-0.0759614612351,0.284196498026,0.278449903515,0.00574659451108
1836,1886,train,0.337900405835,0.351601623339,0.242755208178,0.252335641328,-0.0095804331499
1837,1887,train,0.19020456958,-0.239181721679,0.277812259877,0.279642652568,-0.00183039269086
1838,1888,train,0.10272590209,-0.589096391639,0.237787363761,0.235574899207,0.00221246455412
1839,1889,train,0.280770882848,0.123083531391,0.34157931071,0.314057327061,0.0275219836492
1840,1890,train,0.27810186423,0.112407456919,0.410232820186,0.399677245935,0.0105555742513
1841,1891,train,0.0119424557241,-0.952230177103,0.287388361576,0.288802741711,-0.00141438013453
1842,1892,train,0.205166533918,-0.179333864327,0.320141669034,0.309865238577,0.0102764304566
1843,1893,train,0.0137593863561,-0.944962454575,0.251169053433,0.273571023215,-0.0224019697822
1844,1894,train,0.446731190476,0.786924761903,0.368097741784,0.420462813207,-0.052365071423
1845,1895,train,0.255396589034,0.0215863561371,0.395481353113,0.387645989868,0.00783536324487
1846,1896,train,0.0368232104816,-0.852707158074,0.291091502443,0.299247864082,-0.00815636163867
1847,1897,train,0.113518370175,-0.5459265193,0.251114288559,0.258747866619,-0.00763357806042
1848,1898,train,0.0805834640252,-0.677666143899,0.248874293337,0.255144004044,-0.00626971070656
1849,1899,train,0.341706397892,0.366825591567,0.356592544668,0.34650852339,0.0100840212775
1850,1900,train,0.325357661048,0.301430644191,0.269507606216,0.30989355421,-0.0403859479941
1851,1901,train,0.489239009927,0.956956039709,0.372373347821,0.352215115705,0.0201582321162
1852,1902,train,0.127780015167,-0.488879939333,0.272522238697,0.261609669992,0.010912568705
1853,1903,train,0.19214258331,-0.23142966676,0.352435946904,0.326299015635,0.0261369312688
1854,1904,train,0.080680001015,-0.67727999594,0.292642552807,0.276076015745,0.0165665370617
1855,1905,train,0.3973423823,0.589369529198,0.255138060319,0.312697598345,-0.0575595380262
1856,1906,train,0.12182530678,-0.51269877288,0.235075210122,0.23482963913,0.000245570992152
1857,1907,train,0.493496792462,0.973987169848,0.26433375769,0.265792256482,-0.00145849879222
1858,1908,train,0.277033326876,0.108133307505,0.359882279219,0.329397785237,0.0304844939816
1859,1909,train,0.472169864523,0.888679458092,0.492932034011,0.511441286011,-0.0185092519994
1860,1910,train,0.37560782411,0.502431296441,0.601574529089,0.602128501301,-0.000553972212198
1861,1911,train,0.387550921273,0.550203685091,0.459997008099,0.521034971691,-0.0610379635912
1862,1912,train,0.261002331829,0.0440093273151,0.395713332524,0.399510458079,-0.00379712555532
1863,1913,train,0.232495929752,-0.0700162809929,0.320250033932,0.333697213159,-0.0134471792267
1864,1914,train,0.0659138409491,-0.736344636204,0.294247150303,0.283942392195,0.0103047581076
1865,1915,train,0.261960772009,0.0478430880372,0.290273195194,0.352465655087,-0.062192459893
1866,1916,train,0.412300005724,0.649200022894,0.546192828933,0.497538769553,0.0486540593796
1867,1917,train,0.173648890503,-0.305404437987,0.445949768956,0.459473597113,-0.0135238281572
1868,1918,train,0.139799281891,-0.440802872438,0.426604247716,0.437402439501,-0.0107981917846
1869,1919,train,0.496022009265,0.984088037061,0.598605552378,0.608989578856,-0.0103840264782
1870,1920,train,0.046610196398,-0.813559214408,0.43775428923,0.451143599626,-0.0133893103958
1871,1921,train,0.387506869391,0.550027477566,0.475306154993,0.479568148653,-0.00426199365945
1872,1922,train,0.483266070041,0.933064280164,0.511676496572,0.505770505851,0.00590599072055
1873,1923,train,0.274179028406,0.0967161136246,0.391820535862,0.388085128649,0.00373540721244
1874,1924,train,0.24929210936,-0.00283156255838,0.40206487572,0.409637288343,-0.00757241262264
1875,1925,train,0.175456296211,-0.298174815156,0.4201226765,0.421609380502,-0.00148670400266
1876,1926,train,0.149164216567,-0.403343133733,0.362696709665,0.371541445255,-0.00884473558949
1877,1927,train,0.260954473599,0.043817894395,0.344640773818,0.352662805732,-0.00802203191468
1878,1928,train,0.26603217525,0.0641287009996,0.476655231548,0.45294385133,0.0237113802181
1879,1929,train,0.455233605096,0.820934420382,0.380197181707,0.425080136527,-0.0448829548201
1880,1930,train,0.246603767981,-0.0135849280769,0.437297336359,0.444337634528,-0.00704029816953
1881,1931,train,0.304431402636,0.217725610544,0.54375787341,0.572857408485,-0.0290995350743
1882,1932,train,0.432550807088,0.730203228351,0.557139484376,0.606207892647,-0.049068408271
1883,1933,train,0.366044769459,0.464179077836,0.524261593937,0.557914040945,-0.0336524470074
1884,1934,train,0.0761965579273,-0.695213768291,0.393949860245,0.380341338474,0.013608521771
1885,1935,train,0.444255898194,0.777023592777,0.405056608575,0.437274162436,-0.0322175538608
1886,1936,train,0.477632217056,0.910528868222,0.498109370966,0.526914853837,-0.0288054828704
1887,1937,train,0.474494291109,0.897977164437,0.552374402649,0.601666311837,-0.0492919091873
1888,1938,train,0.272798068765,0.0911922750615,0.583700716652,0.571284523486,0.012416193166
1889,1939,train,0.112466915565,-0.550132337738,0.459014057094,0.454691662415,0.00432239467866
1890,1940,train,0.26703237228,0.0681294891216,0.473356735932,0.470189781573,0.00316695435877
1891,1941,train,0.36183577961,0.447343118438,0.59489512165,0.547442039455,0.0474530821958
1892,1942,train,0.189787891633,-0.240848433466,0.532643669041,0.506805184087,0.0258384849544
1893,1943,train,0.336293265379,0.345173061518,0.431852993497,0.457340421249,-0.0254874277516
1894,1944,train,0.24639358159,-0.0144256736412,0.500091397271,0.475597274832,0.024494122439
1895,1945,train,0.250538062411,0.00215224964306,0.555325362742,0.536497137819,0.0188282249229
1896,1946,train,0.296279960549,0.185119842196,0.621339470948,0.580932617134,0.040406853814
1897,1947,train,0.137171410043,-0.451314359828,0.507329664134,0.51338634379,-0.00605667965592
1898,1948,train,0.36135043308,0.44540173232,0.446575118387,0.424524903073,0.0220502153134
1899,1949,train,0.161304099426,-0.354783602296,0.412960006081,0.398415950986,0.0145440550943
1900,1950,train,0.0217962255562,-0.912815097775,0.340534863023,0.34633545927,-0.0058005962475
1901,1951,train,0.0135587173108,-0.945765130757,0.290192895842,0.273854292243,0.0163386035994
1902,1952,train,0.224343921006,-0.102624315978,0.367533892991,0.341315707129,0.0262181858622
1903,1953,train,0.040256515247,-0.838973939012,0.307351062615,0.289666387604,0.0176846750116
1904,1954,train,0.360826924537,0.443307698147,0.394643717079,0.389125557217,0.00551815986168
1905,1955,train,0.0387364564982,-0.845054174007,0.319347543967,0.296881390355,0.0224661536126
1906,1956,train,0.435860702499,0.743442809997,0.349479889734,0.384220951504,-0.0347410617695
1907,1957,train,0.0323181518549,-0.870727392581,0.287643180354,0.277138544786,0.0105046355685
1908,1958,train,0.267093280498,0.0683731219912,0.301489257394,0.3479074133,-0.0464181559053
1909,1959,train,0.257588509154,0.0303540366152,0.249687135186,0.255135486719,-0.00544835153317
1910,1960,train,0.362081831598,0.44832732639,0.222318799325,0.294729347402,-0.072410548077
1911,1961,train,0.090937379052,-0.636250483792,0.23164229144,0.269258549865,-0.0376162584243
1912,1962,train,0.132831912182,-0.468672351271,0.212620685634,0.224130475376,-0.0115097897423
1913,1963,train,0.09573381428,-0.61706474288,0.246178443659,0.231895595119,0.014282848539
1914,1964,train,0.113238750839,-0.547044996644,0.215083478024,0.247086389456,-0.0320029114324
1915,1965,train,0.36260622687,0.450424907478,0.429936275922,0.381865947663,0.0480703282586
1916,1966,train,0.2908293092,0.163317236799,0.302111439764,0.322394649036,-0.0202832092727
1917,1967,train,0.403714984671,0.614859938683,0.393143344477,0.386243004626,0.00690033985061
1918,1968,train,0.0705178122947,-0.717928750821,0.300312718072,0.285719518931,0.0145931991414
1919,1969,train,0.242231612478,-0.0310735500868,0.363744661449,0.355309075665,0.0084355857833
1920,1970,train,0.143496972157,-0.426012111373,0.281751090863,0.272013954753,0.00973713610961
1921,1971,train,0.0128732234585,-0.948507106166,0.229022239837,0.213475290838,0.0155469489999
1922,1972,train,0.228134091569,-0.0874636337238,0.235521404163,0.254270903869,-0.0187494997061
1923,1973,train,0.182351420851,-0.270594316595,0.236920879129,0.223117076405,0.0138038027238
1924,1974,train,0.240077831759,-0.0396886729653,0.337047458215,0.326771021465,0.0102764367496
1925,1975,train,0.291769637891,0.167078551564,0.380799628383,0.422274798513,-0.04147517013
1926,1976,train,0.431720849799,0.726883399196,0.533947633456,0.48462735053,0.049320282926
1927,1977,train,0.267467713264,0.0698708530546,0.376369562199,0.382877845106,-0.00650828290758
1928,1978,train,0.333742777433,0.33497110973,0.39581419003,0.350432629109,0.0453815609211
1929,1979,train,0.0759497689558,-0.696200924177,0.301805369334,0.291243422251,0.0105619470828
1930,1980,train,0.203053827427,-0.187784690291,0.244396236883,0.220995599874,0.0234006370097
1931,1981,train,0.307784470154,0.231137880617,0.318621948264,0.28392395472,0.0346979935442
1932,1982,train,0.00335821372908,-0.986567145084,0.25005345758,0.23166084714,0.0183926104402
1933,1983,train,0.12285834397,-0.508566624121,0.26146561211,0.271814009263,-0.0103483971532
1934,1984,train,0.355559997551,0.422239990206,0.378505453077,0.35779722036,0.0207082327167
1935,1985,train,0.141122531908,-0.435509872367,0.370076552742,0.359614664606,0.0104618881361
1936,1986,train,0.345488298689,0.381953194758,0.413121082765,0.419029858998,-0.00590877623363
1937,1987,train,0.480692331997,0.922769327986,0.532953994825,0.455495158746,0.0774588360783
1938,1988,train,0.413240351634,0.652961406537,0.399347078094,0.376044804409,0.0233022736856
1939,1989,train,0.112632951961,-0.549468192156,0.323403593855,0.308218072614,0.0151855212415
1940,1990,train,0.268705768338,0.074823073352,0.377541650252,0.340771383404,0.0367702668478
1941,1991,train,0.00764322625368,-0.969427094985,0.281732127498,0.23476546434,0.0469666631572
1942,1992,train,0.108756288171,-0.564974847315,0.255107633927,0.221859457263,0.0332481766636
1943,1993,train,0.140148395781,-0.439406416875,0.297112371309,0.291129535707,0.00598283560263
1944,1994,train,0.280261605427,0.121046421708,0.30237012949,0.290438774333,0.0119313551568
1945,1995,train,0.0785080183806,-0.685967926478,0.285108960423,0.290754626592,-0.00564566616949
1946,1996,train,0.338456058602,0.353824234409,0.479007559269,0.463481300739,0.0155262585292
1947,1997,train,0.454976974302,0.819907897206,0.610357628773,0.608852414536,0.00150521423665
1948,1998,train,0.072293735703,-0.710825057188,0.405524051737,0.398439536402,0.00708451533566
1949,1999,train,0.0718469260472,-0.712612295811,0.323960152997,0.303404663344,0.020555489653
1950,2000,train,0.0540189626736,-0.783924149305,0.256408877365,0.250584989292,0.00582388807228
1951,2001,train,0.134713531764,-0.461145872944,0.243728190098,0.223894007698,0.0198341823994
1952,2002,train,0.209455457501,-0.162178169996,0.259299685091,0.27289614538,-0.0135964602898
1953,2003,train,0.399937443413,0.599749773652,0.390816724113,0.358498587624,0.0323181364899
1954,2004,train,0.257506834298,0.0300273371936,0.317068129674,0.328757069283,-0.0116889396084
1955,2005,train,0.227209050302,-0.0911637987928,0.367087811234,0.354781623108,0.0123061881257
1956,2006,train,0.0819951905006,-0.672019237998,0.33313856792,0.316019263711,0.0171193042091
1957,2007,train,0.313401253844,0.253605015376,0.29234933257,0.294818528182,-0.00246919561222
1958,2008,train,0.0878231319985,-0.648707472006,0.243790210851,0.243140404756,0.000649806094364
1959,2009,train,0.228749963658,-0.0850001453672,0.228577860216,0.241695508147,-0.0131176479312
1960,2010,train,0.00509310340013,-0.979627586399,0.203115070396,0.171751811876,0.0313632585207
1961,2011,train,0.134085817866,-0.463656728534,0.232300156386,0.219869343008,0.0124308133781
1962,2012,train,0.0385918922229,-0.845632431109,0.226148101721,0.246265405254,-0.020117303533
1963,2013,train,0.344092742514,0.376370970057,0.332803397883,0.357107605049,-0.0243042071661
1964,2014,train,0.489914579834,0.959658319335,0.413009971226,0.413259169983,-0.000249198757425
1965,2015,train,0.2021191587,-0.191523365199,0.308077039698,0.286452449138,0.0216245905604
1966,2016,train,0.189414974753,-0.242340100987,0.324803254129,0.297319691421,0.0274835627081
1967,2017,train,0.219748551234,-0.121005795065,0.271942725834,0.304011304209,-0.0320685783741
1968,2018,train,0.106863729341,-0.572545082634,0.256112576787,0.241825594431,0.0142869823562
1969,2019,train,0.0584141087423,-0.766343565031,0.2130959739,0.224329612959,-0.0112336390587
1970,2020,train,0.46066911609,0.842676464359,0.286217930149,0.273005759327,0.0132121708213
1971,2021,train,0.409214772371,0.636859089485,0.250547659925,0.267706670257,-0.0171590103323
1972,2022,train,0.375128622582,0.500514490329,0.404896274247,0.34798531228,0.0569109619664
1973,2023,train,0.295426172332,0.181704689329,0.500548900831,0.42299820386,0.0775506969712
1974,2024,train,0.201153977064,-0.195384091744,0.391970213801,0.372372449839,0.019597763962
1975,2025,train,0.458764013614,0.835056054458,0.410812413169,0.392249813665,0.0185625995035
1976,2026,train,0.371422617212,0.485690468849,0.413682022294,0.40229311655,0.0113889057436
1977,2027,train,0.363318509394,0.453274037574,0.352665322015,0.360196371298,-0.00753104928287
1978,2028,train,0.182247131262,-0.271011474952,0.283141753976,0.271371732868,0.0117700211085
1979,2029,train,0.140280881579,-0.438876473683,0.331534226705,0.277317315493,0.0542169112117
1980,2030,train,0.0224983720721,-0.910006511712,0.273377699737,0.282820759622,-0.00944305988523
1981,2031,train,0.193859335089,-0.224562659643,0.340484681775,0.332617786761,0.00786689501404
1982,2032,train,0.166577419521,-0.333690321918,0.339005069928,0.331778935224,0.00722613470463
1983,2033,train,0.138722350006,-0.445110599978,0.305210189675,0.282700975917,0.0225092137579
1984,2034,train,0.345501473107,0.382005892427,0.481843417885,0.440178020112,0.0416653977728
1985,2035,train,0.216132309448,-0.135470762209,0.450055355738,0.445533783653,0.00452157208504
1986,2036,train,0.41476421436,0.65905685744,0.541411258798,0.553380917583,-0.011969658785
1987,2037,train,0.155579704156,-0.377681183378,0.405080985336,0.411107127848,-0.00602614251236
1988,2038,train,0.191175482476,-0.235298070097,0.337727561764,0.312503720944,0.0252238408203
1989,2039,train,0.0326122901436,-0.869550839426,0.266683856921,0.241797622982,0.024886233939
1990,2040,train,0.496851965828,0.98740786331,0.374365861044,0.382798949887,-0.00843308884271
1991,2041,train,0.479079068357,0.916316273429,0.403928606306,0.376623997609,0.0273046086969
1992,2042,train,0.25605453916,0.024218156641,0.353332677962,0.395441757979,-0.042109080017
1993,2043,train,0.421252075266,0.685008301063,0.493561463073,0.503986850776,-0.0104253877021
1994,2044,train,0.115685665067,-0.537257339733,0.386950857382,0.377768591089,0.0091822662933
1995,2045,train,0.034383846844,-0.862464612624,0.315120636013,0.330588373247,-0.0154677372348
1996,2046,train,0.296583688588,0.186334754353,0.324854266199,0.390325595015,-0.0654713288164
1997,2047,train,0.310292777099,0.241171108395,0.345911265967,0.370521287791,-0.0246100218237
1998,2048,train,0.027570009,-0.889719964,0.267428239561,0.230328254551,0.03709998501
1999,2049,train,0.459340877503,0.837363510011,0.569794767584,0.458435308593,0.11135945899
2000,2050,train,0.0503036106812,-0.798785557275,0.416352771089,0.412305341034,0.0040474300549
2001,2051,train,0.150303699706,-0.398785201176,0.363349636464,0.381426510795,-0.0180768743307
2002,2052,train,0.277367426989,0.109469707954,0.453969685987,0.418405434562,0.0355642514246
2003,2053,train,0.286278076837,0.145112307348,0.375238907085,0.383934028812,-0.00869512172755
2004,2054,train,0.248102789138,-0.00758884344666,0.297019090417,0.329680261794,-0.0326611713766
2005,2055,train,0.123340949264,-0.506636202943,0.299356890207,0.289250777689,0.0101061125173
2006,2056,train,0.455044752214,0.820179008854,0.457182447481,0.460609902186,-0.00342745470513
2007,2057,train,0.00384735250159,-0.984610589994,0.325220967181,0.258358528742,0.0668624384395
2008,2058,train,0.162772824615,-0.34890870154,0.371915710109,0.329479796725,0.0424359133843
2009,2059,train,0.333534787463,0.334139149851,0.309812014989,0.323894315068,-0.0140823000786
2010,2060,train,0.279587618149,0.118350472598,0.312819675692,0.350612969478,-0.037793293786
2011,2061,train,0.0291763347025,-0.88329466119,0.261758699899,0.280063987217,-0.018305287318
2012,2062,train,0.189845346391,-0.240618614434,0.305390906803,0.308830926037,-0.00344001923487
2013,2063,train,0.263558511076,0.0542340443041,0.340331139848,0.346962138135,-0.006630998287
2014,2064,train,0.100467818886,-0.598128724455,0.276515084713,0.276631107409,-0.000116022696007
2015,2065,train,0.0753983234259,-0.698406706296,0.27949509795,0.300007963718,-0.0205128657685
2016,2066,train,0.127389400665,-0.49044239734,0.22986807642,0.257605535772,-0.027737459352
2017,2067,train,0.110588330032,-0.557646679872,0.230592674868,0.225785245234,0.00480742963368
2018,2068,train,0.337824206946,0.351296827783,0.371841215543,0.34082593567,0.0310152798728
2019,2069,train,0.353572984116,0.414291936465,0.41409383466,0.395563484609,0.0185303500502
2020,2070,train,0.25562453363,0.0224981345202,0.297999635169,0.293764590659,0.00423504450957
2021,2071,train,0.319415133934,0.277660535735,0.32517655765,0.322490430746,0.00268612690391
2022,2072,train,0.0147948455755,-0.940820617698,0.253337735249,0.256180588053,-0.00284285280391
2023,2073,train,0.46754798606,0.870191944239,0.284706121335,0.316969460408,-0.032263339073
2024,2074,train,0.0970524068257,-0.611790372697,0.238576343194,0.249380547878,-0.0108042046839
2025,2075,train,0.343434786701,0.373739146804,0.272097819199,0.296031992205,-0.0239341730055
2026,2076,train,0.372033963447,0.488135853787,0.283046285279,0.356294732592,-0.0732484473131
2027,2077,train,0.230861093228,-0.0765556270866,0.343952736291,0.353591746321,-0.00963901002997
2028,2078,train,0.13133938434,-0.474642462642,0.325894664423,0.333169875998,-0.00727521157554
2029,2079,train,0.293546703369,0.174186813474,0.359842775168,0.400378749708,-0.0405359745392
2030,2080,train,0.239622950428,-0.0415081982865,0.376461516968,0.371463057751,0.00499845921685
2031,2081,train,0.266846122665,0.067384490661,0.276517199345,0.315366749597,-0.0388495502519
2032,2082,train,0.397088323436,0.588353293743,0.503119059924,0.407210510734,0.0959085491902
2033,2083,train,0.200558816329,-0.197764734682,0.362247218792,0.35484555098,0.0074016678126
2034,2084,train,0.303858730208,0.21543492083,0.425734736868,0.430878764768,-0.00514402790068
2035,2085,train,0.0918093666017,-0.632762533593,0.35407378879,0.368594316867,-0.0145205280777
2036,2086,train,0.420502787313,0.682011149253,0.415764811253,0.434294749427,-0.0185299381742
2037,2087,train,0.360467802681,0.441871210725,0.373567906526,0.389473893056,-0.0159059865292
2038,2088,train,0.242776906893,-0.0288923724298,0.38944767648,0.383561439796,0.0058862366841
2039,2089,train,0.308604945569,0.234419782278,0.402468732662,0.403243806355,-0.000775073693355
2040,2090,train,0.356191712952,0.424766851808,0.441380099442,0.465958138536,-0.0245780390941
2041,2091,train,0.288750010622,0.155000042489,0.491450161086,0.487749200481,0.00370096060505
2042,2092,train,0.341400850611,0.365603402444,0.452344781193,0.491089703022,-0.0387449218295
2043,2093,train,0.0543385980525,-0.78264560779,0.353392792832,0.388748922893,-0.035356130061
2044,2094,train,0.394867198616,0.579468794462,0.332835503968,0.403729002844,-0.0708934988763
2045,2095,train,0.487820038278,0.951280153111,0.574224217499,0.531345312314,0.0428789051858
2046,2096,train,0.0513893509078,-0.794442596369,0.421412322641,0.443741913497,-0.0223295908568
2047,2097,train,0.261840751461,0.0473630058443,0.410958920968,0.413072413232,-0.00211349226433
2048,2098,train,0.433161426476,0.732645705904,0.511539301292,0.493698128416,0.0178411728761
2049,2099,train,0.10511012555,-0.579559497801,0.421955029236,0.468667530112,-0.0467125008765
2050,2100,train,0.325618559499,0.302474237996,0.460692638177,0.504105973138,-0.0434133349608
2051,2101,train,0.410260530755,0.641042123019,0.550364710354,0.49223225134,0.0581324590139
2052,2102,train,0.486751757394,0.947007029575,0.428332703622,0.468693077509,-0.040360373887
2053,2103,train,0.0848460174168,-0.660615930333,0.374394616976,0.387945603401,-0.0135509864257
2054,2104,train,0.150379924186,-0.398480303256,0.406345898588,0.436488272908,-0.0301423743199
2055,2105,train,0.260849954926,0.0433998197044,0.334662476362,0.348641391964,-0.0139789156016
2056,2106,train,0.328925042321,0.315700169283,0.401885828927,0.422155168592,-0.0202693396651
2057,2107,train,0.183323428414,-0.266706286345,0.426106907774,0.435248729661,-0.00914182188677
2058,2108,train,0.446529529352,0.78611811741,0.390194073236,0.437644273563,-0.0474502003268
2059,2109,train,0.470393854668,0.881575418671,0.528653612455,0.541810848597,-0.013157236142
2060,2110,train,0.324294031772,0.297176127086,0.571867349705,0.593038564951,-0.021171215246
2061,2111,train,0.403363580348,0.613454321391,0.692244148191,0.626745929903,0.0654982182875
2062,2112,train,0.347552232972,0.39020893189,0.50955367112,0.514775200459,-0.00522152933836
2063,2113,train,0.313858820112,0.255435280448,0.441775411577,0.453679895594,-0.0119044840171
2064,2114,train,0.295317788287,0.181271153148,0.451972951154,0.46422742606,-0.0122544749061
2065,2115,train,0.418342786814,0.673371147254,0.549316102326,0.518138594663,0.0311775076623
2066,2116,train,0.198926058469,-0.204295766122,0.455824989109,0.449685149027,0.00613984008179
2067,2117,train,0.44814213729,0.79256854916,0.651265847405,0.6391433555,0.0121224919053
2068,2118,train,0.0705094978407,-0.717962008637,0.515849141914,0.499730588787,0.0161185531276
2069,2119,train,0.0847728560739,-0.660908575704,0.434453985951,0.424669440555,0.0097845453966
2070,2120,train,0.454186747199,0.816746988797,0.619707985518,0.570539554824,0.0491684306944
2071,2121,train,0.227034709195,-0.091861163221,0.5691752126,0.544258037157,0.0249171754438
2072,2122,train,0.000677878638248,-0.997288485447,0.41902581791,0.393099929047,0.025925888863
2073,2123,train,0.360302374526,0.441209498104,0.492340188263,0.490718711966,0.00162147629795
2074,2124,train,0.433198639348,0.732794557392,0.646537828597,0.563905767641,0.0826320609556
2075,2125,train,0.303376424228,0.21350569691,0.557547482544,0.545467280215,0.0120802023289
2076,2126,train,0.483709064468,0.934836257872,0.741890776529,0.625772144379,0.11611863215
2077,2127,train,0.0645433961148,-0.741826415541,0.538895940362,0.454337974652,0.0845579657093
2078,2128,train,0.338173405797,0.35269362319,0.453821556089,0.34262474922,0.111196806869
2079,2129,train,0.185340962018,-0.258636151928,0.486612851881,0.429845091444,0.0567677604376
2080,2130,train,0.19135739958,-0.234570401679,0.445591332331,0.415773354131,0.0298179782002
2081,2131,train,0.250699054811,0.00279621924488,0.353160056408,0.352703824539,0.000456231869016
2082,2132,train,0.061127490513,-0.755490037948,0.329665915383,0.329363371525,0.000302543858186
2083,2133,train,0.257148725913,0.0285949036528,0.44917025608,0.43131628827,0.0178539678102
2084,2134,train,0.340484421303,0.361937685211,0.502051055055,0.529203660562,-0.027152605507
2085,2135,train,0.379681624919,0.518726499677,0.648056905496,0.60452635053,0.0435305549653
2086,2136,train,0.321399101574,0.285596406296,0.48589233628,0.468670645033,0.0172216912473
2087,2137,train,0.17101496366,-0.315940145359,0.446529419478,0.414933067488,0.0315963519899
2088,2138,train,0.0117287672558,-0.953084930977,0.339933641,0.320046925164,0.0198867158367
2089,2139,train,0.277853791546,0.111415166185,0.357992558375,0.38643738797,-0.0284448295954
2090,2140,train,0.247074488562,-0.0117020457514,0.37831713531,0.364069644541,0.0142474907689
2091,2141,train,0.235794410572,-0.0568223577122,0.316278998579,0.312727002341,0.00355199623821
2092,2142,train,0.35218138827,0.408725553079,0.39799896783,0.385517996019,0.0124809718114
2093,2143,train,0.230413761818,-0.0783449527296,0.423090115157,0.431417158824,-0.0083270436673
2094,2144,train,0.0237757613488,-0.904896954605,0.331350606426,0.324688925926,0.0066616805005
2095,2145,train,0.286343581198,0.145374324793,0.405799400156,0.425823418038,-0.0200240178823
2096,2146,train,0.00912917130206,-0.963483314792,0.302871327623,0.321717773858,-0.0188464462356
2097,2147,train,0.114528257029,-0.541886971886,0.248909962635,0.252669073054,-0.00375911041921
2098,2148,train,0.376379777167,0.505519108669,0.375131699803,0.343948472915,0.0311832268885
2099,2149,train,0.164536418817,-0.341854324733,0.339874572696,0.339038406488,0.000836166208111
2100,2150,train,0.357580959733,0.430323838932,0.388247273782,0.404633585959,-0.0163863121766
2101,2151,train,0.308380823546,0.233523294186,0.447900126997,0.445317949862,0.00258217713532
2102,2152,train,0.425919857048,0.70367942819,0.463568749009,0.45673366371,0.00683508529958
2103,2153,train,0.231362651304,-0.0745493947855,0.333701958333,0.354516843316,-0.0208148849829
2104,2154,train,0.332601724939,0.330406899758,0.403657776684,0.370875580307,0.0327821963772
2105,2155,train,0.223598154673,-0.105607381307,0.299030944658,0.293577293595,0.00545365106361
2106,2156,train,0.0902127827066,-0.639148869173,0.259075998226,0.264945796658,-0.00586979843194
2107,2157,train,0.0380776893934,-0.847689242426,0.245324164965,0.254771199181,-0.00944703421536
2108,2158,train,0.374631815938,0.498527263753,0.309670781683,0.353490777051,-0.0438199953678
2109,2159,train,0.380032321732,0.520129286928,0.450778079928,0.438488048021,0.0122900319063
2110,2160,train,0.0172701667582,-0.930919332967,0.324383704644,0.318714957644,0.00566874700062
2111,2161,train,0.164557634138,-0.34176946345,0.359816412361,0.347540296647,0.0122761157144
2112,2162,train,0.48084553733,0.92338214932,0.436869965787,0.483656954946,-0.0467869891592
2113,2163,train,0.291139789433,0.164559157734,0.451066601966,0.483891101946,-0.0328244999802
2114,2164,train,0.300342512825,0.201370051299,0.415885473927,0.461013247815,-0.045127773888
2115,2165,train,0.485114961361,0.940459845445,0.364270223069,0.411250367199,-0.0469801441299
2116,2166,train,0.257045450886,0.0281818035449,0.289843457531,0.321824780191,-0.0319813226606
2117,2167,train,0.210800148542,-0.15679940583,0.358277826854,0.345843304492,0.0124345223621
2118,2168,train,0.338866093894,0.355464375574,0.468025133361,0.444311228461,0.0237139049003
2119,2169,train,0.299372760661,0.197491042644,0.339877466391,0.359218968531,-0.0193415021402
2120,2170,train,0.441366071505,0.765464286021,0.375626518874,0.408255532618,-0.0326290137441
2121,2171,train,0.0277341050306,-0.889063579878,0.305179323698,0.359404902227,-0.0542255785285
2122,2172,train,0.431755042479,0.727020169918,0.438164581345,0.484800314338,-0.0466357329935
2123,2173,train,0.0449118897335,-0.820352441066,0.335070264437,0.358182930593,-0.0231126661564
2124,2174,train,0.0615206310005,-0.753917475998,0.307112101203,0.331868830609,-0.0247567294051
2125,2175,train,0.205899208135,-0.176403167462,0.32651709664,0.359205982561,-0.0326888859215
2126,2176,train,0.417440922156,0.669763688622,0.387803871653,0.40727071587,-0.0194668442175
2127,2177,train,0.444491745269,0.777966981076,0.512888313324,0.517401752199,-0.00451343887488
2128,2178,train,0.273487076436,0.0939483057453,0.474031354814,0.482923946321,-0.00889259150674
2129,2179,train,0.438520572193,0.75408228877,0.622651340903,0.565963654013,0.0566876868897
2130,2180,train,0.396988646633,0.587954586532,0.430488519591,0.463161269147,-0.0326727495557
2131,2181,train,0.137486692955,-0.45005322818,0.407296532095,0.394952050571,0.0123444815232
2132,2182,train,0.234983667625,-0.0600653294988,0.324407383207,0.360515898913,-0.0361085157059
2133,2183,train,0.288948978428,0.155795913714,0.290948711311,0.309597358982,-0.0186486476707
2134,2184,train,0.0274187256263,-0.890325097495,0.255166693733,0.273663827349,-0.0184971336162
2135,2185,train,0.129399972617,-0.482400109533,0.309019428756,0.318420723987,-0.00940129523099
2136,2186,train,0.340695567671,0.362782270686,0.481891428088,0.444631197618,0.0372602304692
2137,2187,train,0.497778566117,0.99111426447,0.547770962519,0.568832380733,-0.0210614182144
2138,2188,train,0.440885235955,0.763540943822,0.667826327383,0.648552235845,0.019274091538
2139,2189,train,0.439804654399,0.759218617596,0.70707782379,0.668053948701,0.0390238750891
2140,2190,train,0.16768772817,-0.329249087321,0.503036746557,0.481169905129,0.0218668414273
2141,2191,train,0.151916470689,-0.392334117242,0.417501333155,0.419269163236,-0.001767830081
2142,2192,train,0.435514021032,0.742056084126,0.508047200172,0.501021941123,0.0070252590497
2143,2193,train,0.175253217024,-0.298987131903,0.378715535306,0.358999762523,0.0197157727832
2144,2194,train,0.435776027202,0.743104108809,0.388637052079,0.390012409347,-0.00137535726833
2145,2195,train,0.271636303288,0.0865452131505,0.450810186018,0.453306399402,-0.0024962133841
2146,2196,train,0.0701415940247,-0.719433623901,0.401474732566,0.422037419303,-0.0205626867372
2147,2197,train,0.3687848937,0.475139574799,0.564114637325,0.578621647846,-0.0145070105214
2148,2198,train,0.346110746965,0.384442987859,0.638234865975,0.615574354412,0.0226605115622
2149,2199,train,0.0735068878188,-0.705972448725,0.468167022096,0.479654339055,-0.0114873169583
2150,2200,train,0.16038206928,-0.358471722879,0.387455030089,0.357414371628,0.0300406584607
2151,2201,train,0.238531347844,-0.045874608623,0.461237956909,0.449578043977,0.0116599129318
2152,2202,train,0.0987328474432,-0.605068610227,0.37149246055,0.362925432572,0.00856702797781
2153,2203,train,0.202257555157,-0.190969779373,0.427434084498,0.420851735605,0.0065823488931
2154,2204,train,0.353313517258,0.413254069031,0.469624231665,0.429414777297,0.0402094543673
2155,2205,train,0.495329059055,0.981316236219,0.40195590743,0.428467297626,-0.0265113901956
2156,2206,train,0.40556540587,0.62226162348,0.537209180672,0.513322772666,0.0238864080057
2157,2207,train,0.148318389367,-0.406726442533,0.465132022449,0.435090939022,0.0300410834271
2158,2208,train,0.116485418892,-0.534058324434,0.360013546504,0.341431388732,0.0185821577722
2159,2209,train,0.256127452605,0.0245098104197,0.347919372371,0.307099865555,0.0408195068166
2160,2210,train,0.220613920498,-0.11754431801,0.356886608804,0.332651075146,0.0242355336582
2161,2211,train,0.170571812082,-0.317712751672,0.307254198634,0.305371091731,0.00188310690284
2162,2212,train,0.427116426233,0.708465704934,0.383898503242,0.366109008979,0.017789494263
2163,2213,train,0.11571881845,-0.537124726198,0.354377185832,0.377253313593,-0.0228761277606
2164,2214,train,0.191761531152,-0.232953875391,0.419387476866,0.43719705672,-0.017809579854
2165,2215,train,0.243008587335,-0.0279656506594,0.456144287306,0.469665688779,-0.0135214014736
2166,2216,train,0.213488804721,-0.146044781114,0.375300002506,0.373453399033,0.00184660347284
2167,2217,train,0.102524346298,-0.589902614809,0.302304655652,0.315203493145,-0.0128988374931
2168,2218,train,0.412273887164,0.649095548658,0.404457828671,0.351568688646,0.0528891400247
2169,2219,train,0.0680083334267,-0.727966666293,0.318827794454,0.296511605957,0.0223161884979
2170,2220,train,0.292059285788,0.168237143152,0.329019759679,0.348046591639,-0.0190268319603
2171,2221,train,0.391978150008,0.56791260003,0.509898479242,0.470153119259,0.0397453599824
2172,2222,train,0.0627164000598,-0.749134399761,0.362103391563,0.340907294359,0.0211960972038
2173,2223,train,0.202991619175,-0.188033523299,0.336395759521,0.289725494086,0.0466702654348
2174,2224,train,0.47762130222,0.910485208882,0.439165815436,0.420006211277,0.0191596041589
2175,2225,train,0.151239906067,-0.395040375733,0.364361478579,0.349464354848,0.0148971237313
2176,2226,train,0.226066397809,-0.0957344087638,0.312243434085,0.304980715239,0.00726271884516
2177,2227,train,0.189940225246,-0.240239099017,0.368567842706,0.339534217666,0.0290336250402
2178,2228,train,0.397049824249,0.588199296996,0.320089492935,0.395770265421,-0.075680772486
2179,2229,train,0.0731020081189,-0.707591967524,0.286639180493,0.303353573026,-0.0167143925335
2180,2230,train,0.251267408433,0.00506963373029,0.385732048119,0.376083500042,0.00964854807723
2181,2231,train,0.493353395186,0.973413580744,0.333206565626,0.349055242963,-0.0158486773372
2182,2232,train,0.296267534623,0.185070138491,0.348624554759,0.361767685809,-0.0131431310503
2183,2233,train,0.493544755523,0.974179022091,0.619101196842,0.558321226746,0.0607799700958
2184,2234,train,0.0745125560708,-0.701949775717,0.419574175066,0.391581012863,0.0279931622025
2185,2235,train,0.442405807758,0.769623231032,0.454732807382,0.419174926606,0.0355578807758
2186,2236,train,0.192073178468,-0.23170728613,0.378645693727,0.371957411731,0.00668828199583
2187,2237,train,0.0887270847756,-0.645091660897,0.340555576238,0.357505553174,-0.0169499769359
2188,2238,train,0.194380748589,-0.222477005645,0.289666402914,0.303345631048,-0.0136792281346
2189,2239,train,0.132047723167,-0.471809107333,0.292523463081,0.302732072721,-0.0102086096404
2190,2240,train,0.478151070322,0.912604281287,0.598094802328,0.563067613005,0.0350271893229
2191,2241,train,0.00958107271912,-0.961675709124,0.405539881176,0.371603999016,0.0339358821597
2192,2242,train,0.269282188325,0.0771287532997,0.505106063709,0.444096566435,0.0610094972739
2193,2243,train,0.306441408701,0.225765634803,0.394469627133,0.413323145153,-0.0188535180196
2194,2244,train,0.117974004125,-0.5281039835,0.377079740636,0.380296092136,-0.00321635149925
2195,2245,train,0.0629763432356,-0.748094627058,0.307370520122,0.317415182471,-0.0100446623489
2196,2246,train,0.323781098686,0.295124394742,0.295072378807,0.28296547572,0.0121069030865
2197,2247,train,0.0271153646668,-0.891538541333,0.252572349993,0.250490768458,0.00208158153477
2198,2248,train,0.167414553276,-0.330341786897,0.255878596191,0.288153627705,-0.0322750315143
2199,2249,train,0.333485545397,0.333942181588,0.463077378771,0.380685724701,0.0823916540701
2200,2250,train,0.36766321363,0.47065285452,0.333448187505,0.359589550336,-0.0261413628307
2201,2251,train,0.0763802380865,-0.694479047654,0.290733738915,0.308878679654,-0.0181449407389
2202,2252,train,0.0366571183099,-0.853371526761,0.254582214685,0.258631953345,-0.00404973865979
2203,2253,train,0.154501744555,-0.381993021781,0.244757725982,0.226154688944,0.0186030370377
2204,2254,train,0.443486992833,0.773947971333,0.252947374148,0.335699739034,-0.0827523648862
2205,2255,train,0.101186237816,-0.595255048737,0.262342807534,0.287692288213,-0.0253494806794
2206,2256,train,0.470656567842,0.882626271367,0.235956585892,0.301583061686,-0.0656264757942
2207,2257,train,0.305642921242,0.222571684969,0.281120711101,0.328073924347,-0.046953213246
2208,2258,train,0.354878108269,0.419512433078,0.402265220602,0.39872075619,0.00354446441293
2209,2259,train,0.131487476616,-0.474050093536,0.353961055233,0.330329115396,0.0236319398372
2210,2260,train,0.228159213543,-0.0873631458276,0.283867375067,0.312089620863,-0.0282222457958
2211,2261,train,0.162266920877,-0.350932316494,0.23471158121,0.246536164611,-0.0118245834003
2212,2262,train,0.00988180793542,-0.960472768258,0.205639660317,0.201686819056,0.00395284126049
2213,2263,train,0.0996554945481,-0.601378021808,0.256339060393,0.244105707963,0.0122333524299
2214,2264,train,0.46298650973,0.85194603892,0.282665596538,0.304175252509,-0.0215096559708
2215,2265,train,0.338327262108,0.353309048432,0.463210808966,0.452454935278,0.0107558736876
2216,2266,train,0.491193189396,0.964772757585,0.533633369942,0.596651142623,-0.0630177726807
2217,2267,train,0.248108880796,-0.00756447681797,0.480143145344,0.491507175695,-0.0113640303517
2218,2268,train,0.401245777222,0.604983108889,0.407120645627,0.405141697362,0.0019789482649
2219,2269,train,0.259197377711,0.0367895108422,0.382116017522,0.390392281214,-0.00827626369178
2220,2270,train,0.342135543447,0.368542173788,0.365343643563,0.386431564054,-0.0210879204909
2221,2271,train,0.102936919849,-0.588252320605,0.277090295319,0.281444921969,-0.00435462664972
2222,2272,train,0.101614778179,-0.593540887285,0.248931524933,0.242332775677,0.0065987492557
2223,2273,train,0.229704347434,-0.0811826102627,0.380214419032,0.348513891385,0.0317005276478
2224,2274,train,0.0221622664757,-0.911350934097,0.297941353055,0.300507941024,-0.00256658796873
2225,2275,train,0.287251844101,0.149007376402,0.458167986202,0.418119823815,0.0400481623877
2226,2276,train,0.213446394465,-0.14621442214,0.404642575151,0.43228570343,-0.0276431282787
2227,2277,train,0.217766499354,-0.128934002585,0.427353110805,0.405386546383,0.0219665644225
2228,2278,train,0.385872373849,0.543489495394,0.456200493617,0.461400899614,-0.0052004059965
2229,2279,train,0.244961762138,-0.0201529514465,0.446926840147,0.438251535546,0.00867530460048
2230,2280,train,0.134942759964,-0.460228960143,0.338999029409,0.338947917919,5.1111490235e-05
2231,2281,train,0.258073087658,0.0322923506305,0.304368713117,0.286753523854,0.0176151892629
2232,2282,train,0.0695434215895,-0.721826313642,0.272550580365,0.252504166169,0.0200464141957
2233,2283,train,0.281937501777,0.127750007107,0.242750162991,0.281755928268,-0.0390057652774
2234,2284,train,0.101349558844,-0.594601764625,0.260795021662,0.253189144353,0.00760587730839
2235,2285,train,0.480526133605,0.92210453442,0.379197782075,0.403069989049,-0.0238722069742
2236,2286,train,0.456449606257,0.825798425026,0.429858642573,0.491828460999,-0.0619698184261
2237,2287,train,0.0499363192747,-0.800254722901,0.334354515405,0.338877380738,-0.00452286533278
2238,2288,train,0.360014267515,0.44005707006,0.39053461597,0.389441374791,0.00109324117815
2239,2289,train,0.440197584917,0.760790339669,0.372660044164,0.391301746053,-0.0186417018883
2240,2290,train,0.183412400299,-0.266350398804,0.344773372968,0.357021524858,-0.0122481518901
2241,2291,train,0.0349346538736,-0.860261384506,0.264512770179,0.249494880541,0.0150178896386
2242,2292,train,0.0455805014013,-0.817677994395,0.242168746857,0.238106900552,0.00406184630553
2243,2293,train,0.0152249515475,-0.93910019381,0.214458135192,0.200657216603,0.0138009185893
2244,2294,train,0.0200552571171,-0.919778971532,0.213463574061,0.260055889729,-0.0465923156683
2245,2295,train,0.232517930466,-0.0699282781366,0.357242706291,0.354738001282,0.00250470500886
2246,2296,train,0.0504569558405,-0.798172176638,0.267468544494,0.246584332097,0.0208842123963
2247,2297,train,0.209617932655,-0.16152826938,0.333580907389,0.289845595628,0.0437353117607
2248,2298,train,0.305138074465,0.220552297859,0.451607374474,0.414173827453,0.0374335470217
2249,2299,train,0.332335991309,0.329343965238,0.396053673014,0.397578073669,-0.00152440065444
2250,2300,train,0.263382337282,0.0535293491286,0.293715668173,0.30778755755,-0.014071889377
2251,2301,train,0.281961690855,0.127846763419,0.251953296185,0.292230562719,-0.0402772665342
2252,2302,train,0.00410058273757,-0.98359766905,0.21374615843,0.221295418256,-0.00754925982663
2253,2303,train,0.113565626544,-0.545737493825,0.19953044162,0.205108970598,-0.0055785289779
2254,2304,train,0.264222057299,0.0568882291947,0.281727379097,0.228721190078,0.0530061890192
2255,2305,train,0.0279759967784,-0.888096012887,0.229551489185,0.224371330944,0.00518015824076
2256,2306,train,0.341989391211,0.367957564844,0.309898403543,0.291016422861,0.0188819806822
2257,2307,train,0.420580744514,0.682322978058,0.431358429924,0.447250378247,-0.0158919483232
2258,2308,train,0.0436941251813,-0.825223499275,0.317168565853,0.291380820512,0.0257877453412
2259,2309,train,0.200443523345,-0.19822590662,0.320721696075,0.294317865943,0.0264038301319
2260,2310,train,0.197060920247,-0.211756319012,0.325254717696,0.323165020562,0.00208969713363
2261,2311,train,0.322390217578,0.289560870313,0.246410884782,0.260855126989,-0.0144442422073
2262,2312,train,0.398766810861,0.595067243442,0.27727867021,0.326698299223,-0.0494196290129
2263,2313,train,0.13234998211,-0.470600071559,0.276383001492,0.282583718031,-0.00620071653936
2264,2314,train,0.168851934692,-0.324592261232,0.231675748801,0.245267736117,-0.0135919873163
2265,2315,train,0.425578785331,0.702315141323,0.422171926234,0.403510623403,0.0186613028314
2266,2316,train,0.336744261648,0.346977046593,0.505761551345,0.42806557371,0.0776959776347
2267,2317,train,0.182351516792,-0.270593932831,0.348500895727,0.332774050779,0.0157268449479
2268,2318,train,0.2709112373,0.0836449492012,0.34300690405,0.313153887319,0.0298530167315
2269,2319,train,0.211552264313,-0.15379094275,0.321982632072,0.302817247299,0.0191653847727
2270,2320,train,0.128092570675,-0.487629717298,0.311640286487,0.30430265452,0.00733763196667
2271,2321,train,0.0525826981005,-0.789669207598,0.276128433634,0.269574702285,0.00655373134946
2272,2322,train,0.280299109374,0.121196437498,0.284246702805,0.285034504992,-0.000787802187029
2273,2323,train,0.46998419018,0.879936760719,0.351516864439,0.378439169825,-0.0269223053853
2274,2324,train,0.0313892013076,-0.87444319477,0.285191597138,0.323203152091,-0.0380115549527
2275,2325,train,0.113481207728,-0.546075169087,0.292076355388,0.309299785763,-0.0172234303745
2276,2326,train,0.0651347040152,-0.739461183939,0.253924462377,0.267969299436,-0.0140448370595
2277,2327,train,0.370283162513,0.481132650052,0.365602887194,0.366146908536,-0.000544021341484
2278,2328,train,0.101883877596,-0.592464489617,0.298411556113,0.308453798024,-0.0100422419113
2279,2329,train,0.0436999449829,-0.825200220069,0.243289250139,0.253415568936,-0.0101263187967
2280,2330,train,0.0010044443125,-0.99598222275,0.209097482994,0.175738688598,0.0333587943966
2281,2331,train,0.302089189055,0.208356756221,0.319637802864,0.302674794401,0.016963008463
2282,2332,train,0.454483623867,0.817934495468,0.562686864289,0.45859900826,0.104087856029
2283,2333,train,0.248218716939,-0.00712513224365,0.370000727861,0.323012658399,0.0469880694625
2284,2334,train,0.0121354587126,-0.951458165149,0.272264555827,0.241988479412,0.0302760764155
2285,2335,train,0.294243513387,0.176974053549,0.253812810295,0.297451447854,-0.0436386375594
2286,2336,train,0.388612267529,0.554449070115,0.431948092409,0.379096930786,0.0528511616227
2287,2337,train,0.396166047548,0.584664190191,0.36197803703,0.350357550237,0.011620486793
2288,2338,train,0.355302293259,0.421209173036,0.292028399778,0.316661760168,-0.0246333603895
2289,2339,train,0.486618066003,0.946472264013,0.236770863539,0.289754139953,-0.0529832764137
2290,2340,train,0.0406954229906,-0.837218308038,0.228659979184,0.26630045582,-0.0376404766363
2291,2341,train,0.148042304888,-0.40783078045,0.307591662831,0.302108440365,0.00548322246587
2292,2342,train,0.0933608135156,-0.626556745938,0.278063839688,0.277750287847,0.000313551841305
2293,2343,train,0.469044028212,0.876176112849,0.234127283895,0.277710849097,-0.0435835652022
2294,2344,train,0.409577005321,0.638308021284,0.384927462012,0.357770164994,0.027157297018
2295,2345,train,0.444908593833,0.779634375332,0.532753465497,0.49086418816,0.0418892773379
2296,2346,train,0.0212688737468,-0.914924505013,0.360072335521,0.342820098441,0.0172522370803
2297,2347,train,0.380405421878,0.521621687514,0.468677233792,0.517922797936,-0.0492455641436
2298,2348,train,0.0898026474877,-0.640789410049,0.384039038371,0.421235307438,-0.0371962690666
2299,2349,train,0.0119038038118,-0.952384784753,0.281526140899,0.285855024684,-0.0043288837855
2300,2350,train,0.0665477025782,-0.733809189687,0.247945849197,0.261771964818,-0.0138261156208
2301,2351,train,0.419944205798,0.679776823191,0.276332413758,0.331141327646,-0.0548089138882
2302,2352,train,0.138496269015,-0.446014923942,0.327987129719,0.340878103141,-0.0128909734219
2303,2353,train,0.183357990319,-0.266568038726,0.368416281502,0.411585931731,-0.0431696502287
2304,2354,train,0.261621517261,0.0464860690437,0.452038250556,0.471419421603,-0.0193811710464
2305,2355,train,0.163333345532,-0.346666617872,0.324444637509,0.348191028916,-0.023746391407
2306,2356,train,0.249674416698,-0.00130233320778,0.396439230946,0.35141034237,0.0450288885757
2307,2357,train,0.319744812622,0.278979250489,0.33193149717,0.35931295697,-0.0273814598007
2308,2358,train,0.0184518000373,-0.926192799851,0.256189571859,0.254218275239,0.00197129661979
2309,2359,train,0.413636892396,0.654547569584,0.259947292761,0.315331429604,-0.055384136843
2310,2360,train,0.437276929168,0.749107716672,0.495565251963,0.451880998243,0.0436842537205
2311,2361,train,0.294864017171,0.179456068685,0.396384507456,0.429234654537,-0.032850147081
2312,2362,train,0.130751633778,-0.476993464886,0.326411282713,0.344992931393,-0.0185816486803
2313,2363,train,0.158815807465,-0.36473677014,0.319128639424,0.315656026908,0.00347261251582
2314,2364,train,0.352156871508,0.408627486032,0.338797678422,0.369472714176,-0.0306750357536
2315,2365,train,0.41185375819,0.64741503276,0.414245282527,0.418916575555,-0.00467129302838
2316,2366,train,0.169958047219,-0.320167811125,0.37900707775,0.366481268779,0.0125258089714
2317,2367,train,0.284360392064,0.137441568256,0.288232482957,0.356511784715,-0.0682793017586
2318,2368,train,0.317834711991,0.271338847963,0.433736660541,0.411189978145,0.0225466823967
2319,2369,train,0.0560151444843,-0.775939422063,0.346050713685,0.360583952034,-0.0145332383493
2320,2370,train,0.38468534108,0.53874136432,0.438629269593,0.450269789847,-0.0116405202548
2321,2371,train,0.344056562774,0.376226251097,0.379789179378,0.398624571714,-0.0188353923362
2322,2372,train,0.107007763263,-0.571968946947,0.309006454742,0.322605837413,-0.0135993826715
2323,2373,train,0.287743911882,0.150975647528,0.401039939162,0.360640079196,0.0403998599656
2324,2374,train,0.207938111727,-0.16824755309,0.423536688167,0.421084710428,0.00245197773905
2325,2375,train,0.131733609841,-0.473065560637,0.341397853798,0.359490540271,-0.0180926864728
2326,2376,train,0.452253886179,0.809015544717,0.459172670612,0.45908952615,8.31444623903e-05
2327,2377,train,0.387046895154,0.548187580616,0.509992778448,0.445134721793,0.0648580566546
2328,2378,train,0.136654090083,-0.453383639668,0.367558403139,0.344379071258,0.0231793318814
2329,2379,train,0.185533779763,-0.257864880946,0.390399516364,0.368565244749,0.0218342716152
2330,2380,train,0.159997482939,-0.360010068243,0.378172637881,0.386114087274,-0.00794144939286
2331,2381,train,0.267543990417,0.0701759616698,0.331275149919,0.333697173819,-0.00242202390033
2332,2382,train,0.340893428682,0.363573714728,0.41130755832,0.405141560531,0.00616599778934
2333,2383,train,0.0408705724122,-0.836517710351,0.318686499846,0.307817775994,0.0108687238525
2334,2384,train,0.465781388055,0.863125552218,0.350290340249,0.333664338398,0.0166260018502
2335,2385,train,0.0615872019336,-0.753651192266,0.314442124157,0.354982158451,-0.0405400342938
2336,2386,train,0.253483043326,0.0139321733031,0.40173344361,0.457213272914,-0.0554798293048
2337,2387,train,0.480432200447,0.921728801788,0.39480382846,0.468829818612,-0.0740259901514
2338,2388,train,0.407068095593,0.628272382372,0.403951308455,0.428865516721,-0.0249142082661
2339,2389,train,0.493272201226,0.973088804906,0.414200123148,0.442691081292,-0.0284909581434
2340,2390,train,0.341296627679,0.365186510715,0.438245505392,0.467013431434,-0.0287679260427
2341,2391,train,0.33209630631,0.328385225239,0.484092907646,0.472242024808,0.0118508828383
2342,2392,train,0.415154253821,0.660617015283,0.365845962853,0.479516272403,-0.11367030955
2343,2393,train,0.168760493539,-0.324958025845,0.398751246985,0.453072566515,-0.0543213195302
2344,2394,train,0.461570309166,0.846281236666,0.34134509567,0.440796191869,-0.0994510961993
2345,2395,train,0.432582365406,0.730329461626,0.434424121555,0.465780478667,-0.0313563571128
2346,2396,train,0.101648845571,-0.593404617715,0.392146209717,0.440868698588,-0.0487224888711
2347,2397,train,0.302511351624,0.210045406497,0.48211668393,0.534821466274,-0.0527047823437
2348,2398,train,0.168072940357,-0.327708238572,0.469156182731,0.468817299426,0.000338883304606
2349,2399,train,0.420782213211,0.683128852843,0.555163736169,0.565258985213,-0.0100952490441
2350,2400,train,0.0394658966028,-0.842136413589,0.407270275969,0.457699010628,-0.0504287346597
2351,2401,train,0.245008281777,-0.0199668728915,0.462935805174,0.487089275377,-0.0241534702033
2352,2402,train,0.201029847908,-0.195880608368,0.389512700477,0.388519303154,0.000993397323356
2353,2403,train,0.119107241476,-0.523571034096,0.383702820584,0.407780398337,-0.024077577753
2354,2404,train,0.0771337882646,-0.691464846942,0.347998017107,0.377302021132,-0.0293040040255
2355,2405,train,0.0895508281542,-0.641796687383,0.29329810587,0.304904967805,-0.0116068619349
2356,2406,train,0.496326718412,0.985306873647,0.474553837612,0.441283098374,0.0332707392377
2357,2407,train,0.454176608375,0.816706433499,0.458083757306,0.535254960038,-0.0771712027316
2358,2408,train,0.293925324886,0.175701299546,0.520095076816,0.511445964768,0.00864911204822
2359,2409,train,0.347413079162,0.389652316649,0.3882233499,0.435083990181,-0.0468606402806
2360,2410,train,0.327637213508,0.310548854031,0.416961895191,0.482193359849,-0.0652314646582
2361,2411,train,0.172895968147,-0.308416127413,0.363438932845,0.372635530866,-0.00919659802105
2362,2412,train,0.161864806501,-0.352540773997,0.311290172668,0.3110221425,0.000268030167491
2363,2413,train,0.199858416241,-0.200566335037,0.278109621746,0.25436665516,0.0237429665866
2364,2414,train,0.289498112916,0.157992451662,0.275884727065,0.318587319304,-0.0427025922392
2365,2415,train,0.432622906867,0.730491627468,0.556990258179,0.524982907247,0.0320073509322
2366,2416,train,0.428638341963,0.714553367851,0.671726511272,0.632788660667,0.0389378506043
2367,2417,train,0.49611603312,0.984464132478,0.662682586677,0.684272511535,-0.0215899248578
2368,2418,train,0.372550624052,0.490202496208,0.6402427775,0.622047859885,0.0181949176156
2369,2419,unused,0.362464637796,0.449858551182,0.616361236442,0.560752428451,0.0556088079913
2370,2420,unused,0.448667187361,0.794668749446,0.548999687851,0.531840329865,0.0171593579858
2371,2421,unused,0.424788627026,0.699154508105,0.503048515614,0.526168131976,-0.0231196163623
2372,2422,unused,0.0176802331013,-0.929279067595,0.383620359948,0.299002307825,0.0846180521226
2373,2423,unused,0.0946768066734,-0.621292773306,0.354744912713,0.322742365772,0.0320025469409
2374,2424,unused,0.414777561155,0.659110244622,0.568074232953,0.456671972477,0.111402260476
2375,2425,unused,0.252839615671,0.011358462684,0.589392185154,0.521053454978,0.0683387301756
2376,2426,unused,0.386503389505,0.546013558019,0.727672460739,0.593052065354,0.134620395385
2377,2427,unused,0.368879251037,0.475517004146,0.728001542495,0.671553279251,0.056448263244
2378,2428,unused,0.158474630376,-0.366101478497,0.61059282151,0.537237654499,0.0733551670112
2379,2429,val,0.385439698562,0.541758794248,0.714476451582,0.645990043682,0.0684864078997
2380,2430,val,0.469070982623,0.876283930493,0.817875281271,0.71246754825,0.105407733021
2381,2431,val,0.0893924747837,-0.642430100865,0.592993603495,0.410641864086,0.182351739408
2382,2432,val,0.438528079064,0.754112316257,0.520666501581,0.40702592411,0.113640577471
2383,2433,val,0.0924131155906,-0.630347537638,0.475740451982,0.358398515141,0.11734193684
2384,2434,val,0.345359740836,0.381438963343,0.524643279576,0.495025286998,0.0296179925782
2385,2435,val,0.322615915734,0.290463662938,0.609747730412,0.507333088443,0.102414641969
2386,2436,val,0.174681529284,-0.301273882863,0.572332667874,0.452183494631,0.120149173243
2387,2437,val,0.378874554957,0.515498219828,0.538243598743,0.487834577164,0.0504090215795
2388,2438,val,0.289309908361,0.157239633445,0.589602871955,0.487002740168,0.102600131787
2389,2439,val,0.193801719899,-0.224793120402,0.588834247168,0.481877163789,0.106957083379
2390,2440,val,0.306819312929,0.227277251717,0.489456490996,0.490182373504,-0.000725882507655
2391,2441,val,0.256477216872,0.0259088674866,0.550201518098,0.475919654388,0.0742818637099
2392,2442,val,0.415781282012,0.66312512805,0.472886337391,0.469824824674,0.00306151271754
2393,2443,val,0.451108958011,0.804435832046,0.603513904566,0.552271151003,0.0512427535628
2394,2444,val,0.167431319879,-0.330274720485,0.529235320805,0.484293206535,0.0449421142708
2395,2445,val,0.101907066435,-0.59237173426,0.432177997625,0.38141707386,0.0507609237651
2396,2446,val,0.130655544026,-0.477377823898,0.419870327042,0.383883287199,0.0359870398429
2397,2447,val,0.492053538314,0.968214153257,0.548955713246,0.52713715781,0.0218185554355
2398,2448,val,0.150781833591,-0.396872665636,0.451926780974,0.412019636445,0.0399071445289
2399,2449,val,0.210985351854,-0.156058592585,0.447628507076,0.409941189994,0.037687317082
2400,2450,val,0.399450853549,0.597803414195,0.498658854359,0.499090742622,-0.000431888263536
2401,2451,val,0.47077096644,0.88308386576,0.66674839924,0.66824676719,-0.0014983679499
2402,2452,val,0.417265974974,0.669063899896,0.751447279047,0.648070752165,0.103376526882
2403,2453,val,0.299502064206,0.198008256825,0.601671497185,0.522950744946,0.0787207522387
2404,2454,val,0.175583903208,-0.297664387168,0.468237915335,0.440744100826,0.027493814509
2405,2455,val,0.335421729597,0.341686918387,0.429994698747,0.40247999529,0.0275147034565
2406,2456,val,0.265693600507,0.0627744020292,0.53873073249,0.467255454979,0.0714752775111
2407,2457,val,0.152919052488,-0.388323790046,0.441770396527,0.43502132441,0.00674907211687
2408,2458,val,0.0797771478742,-0.680891408503,0.37477763787,0.333025654719,0.0417519831517
2409,2459,val,0.475513483853,0.902053935413,0.595160395019,0.486153748276,0.109006646742
2410,2460,val,0.428464369376,0.713857477504,0.740828174703,0.654792233814,0.0860359408882
2411,2461,val,0.467677646587,0.870710586348,0.822746266641,0.705500196686,0.117246069955
2412,2462,val,0.100102758234,-0.599588967063,0.628966980292,0.504652387268,0.124314593024
2413,2463,val,0.333115173507,0.332460694029,0.553883994993,0.472277347016,0.0816066479764
2414,2464,val,0.429288007034,0.717152028137,0.637105726491,0.55937306014,0.0777326663506
2415,2465,val,0.100738622801,-0.597045508794,0.51489288461,0.443635237742,0.0712576468683
2416,2466,val,0.202755163027,-0.18897934789,0.451552458479,0.380789783491,0.0707626749877
2417,2467,val,0.361845901443,0.447383605774,0.408851437956,0.396102893331,0.0127485446249
2418,2468,val,0.35915251939,0.436610077561,0.595938939944,0.525958203694,0.0699807362505
2419,2469,val,0.258250974918,0.0330038996701,0.622048360824,0.55073752953,0.0713108312941
2420,2470,val,0.446529453846,0.786117815385,0.785755680088,0.655199595467,0.130556084621
2421,2471,val,0.434731497072,0.738925988288,0.637584364668,0.554035413376,0.0835489512917
2422,2472,val,0.208255768794,-0.166976924822,0.581400678198,0.493831000807,0.0875696773905
2423,2473,val,0.3132574011,0.253029604399,0.644423520153,0.52494424259,0.119479277562
2424,2474,val,0.421288933732,0.685155734927,0.546433302461,0.49240934349,0.0540239589714
2425,2475,val,0.250938362151,0.00375344860531,0.49841044879,0.486094721933,0.0123157268569
2426,2476,val,0.448593603852,0.79437441541,0.636856973672,0.629837868877,0.00701910479508
2427,2477,val,0.277166514688,0.108666058752,0.630084927799,0.537049801269,0.0930351265298
2428,2478,val,0.126687088865,-0.493251644542,0.532763834522,0.453090716451,0.0796731180715
2429,2479,val,0.0664049607334,-0.734380157067,0.467219649766,0.405764772767,0.0614548769988
2430,2480,val,0.0930522533197,-0.627790986721,0.440098273324,0.396304170105,0.0437941032189
2431,2481,val,0.072515557973,-0.709937768108,0.378245819916,0.316116864132,0.0621289557837
2432,2482,val,0.0565919982062,-0.773632007175,0.341358586601,0.319420121257,0.0219384653442
2433,2483,val,0.142995890857,-0.428016436572,0.380089195633,0.378972688465,0.00111650716845
2434,2484,val,0.164900189987,-0.340399240054,0.36829773022,0.359957475439,0.00834025478135
2435,2485,val,0.360181538812,0.440726155249,0.538912619971,0.511354371966,0.027558248005
2436,2486,val,0.257452353383,0.0298094135304,0.495729297191,0.482695461412,0.0130338357784
2437,2487,val,0.0755046161094,-0.697981535562,0.37641052407,0.362270380446,0.0141401436249
2438,2488,val,0.380747281525,0.522989126102,0.332136634876,0.285663451464,0.0464731834125
2439,2489,val,0.13820877611,-0.447164895562,0.287327156361,0.261797105369,0.0255300509918
2440,2490,val,0.127591713997,-0.489633144014,0.256660144183,0.249361222348,0.00729892183505
2441,2491,val,0.19474279096,-0.221028836159,0.241719463052,0.244712558945,-0.00299309589387
2442,2492,val,0.326298372297,0.305193489186,0.286239630794,0.294509583369,-0.00826995257455
2443,2493,val,0.0412151169047,-0.835139532381,0.247067526903,0.281083413661,-0.0340158867576
2444,2494,val,0.324584208323,0.298336833291,0.391862384053,0.351928992576,0.0399333914772
2445,2495,val,0.000915426493963,-0.996338294024,0.285588148026,0.255254243422,0.0303339046044
2446,2496,val,0.17646829047,-0.294126838121,0.251367383632,0.279652758599,-0.028285374967
2447,2497,val,0.0442866337728,-0.822853464909,0.237860100877,0.246067970343,-0.00820786946637
2448,2498,val,0.00413178993438,-0.983472840262,0.205727054136,0.220006013011,-0.0142789588748
2449,2499,val,0.34617281069,0.384691242759,0.255656174657,0.241596196888,0.0140599777691
2450,2500,val,0.235277768016,-0.0588889279372,0.279423876282,0.313434352993,-0.0340104767107
2451,2501,val,0.00566595496893,-0.977336180124,0.224078242172,0.24859162737,-0.0245133851981
2452,2502,val,0.417486375701,0.669945502804,0.222890572427,0.315699584412,-0.0928090119848
2453,2503,val,0.455053847356,0.820215389426,0.417414841316,0.404961193513,0.012453647803
2454,2504,val,0.0197657097624,-0.92093716095,0.283102551773,0.253534938146,0.0295676136273
2455,2505,val,0.377336644298,0.509346577193,0.322509341262,0.34419605085,-0.021686709588
2456,2506,val,0.133925785063,-0.464296859748,0.24918873274,0.261089726613,-0.0119009938727
2457,2507,val,0.0723519519503,-0.710592192199,0.208818744089,0.231380236904,-0.0225614928153
2458,2508,val,0.453351922204,0.813407688817,0.425917665925,0.354607842696,0.0713098232285
2459,2509,val,0.469895655576,0.879582622303,0.455133124002,0.356003534944,0.0991295890576
2460,2510,val,0.174819833359,-0.300720666563,0.308309144174,0.296551393722,0.011757750452
2461,2511,val,0.140599648341,-0.437601406635,0.32859597498,0.283238768049,0.0453572069318
2462,2512,val,0.479322959977,0.917291839908,0.578690279464,0.459338777787,0.119351501678
2463,2513,val,0.445196404613,0.780785618453,0.390324961738,0.414940536912,-0.0246155751736
2464,2514,val,0.267303820693,0.0692152827713,0.43768698403,0.357901742815,0.0797852412151
2465,2515,val,0.309167004978,0.236668019914,0.374499588506,0.3518265856,0.0226730029066
2466,2516,val,0.0749822111219,-0.700071155512,0.290840381617,0.266857290467,0.0239830911497
2467,2517,val,0.0866060036514,-0.653575985394,0.301389078926,0.29562848065,0.00576059827611
2468,2518,val,0.496944077409,0.987776309638,0.599325598183,0.539589778554,0.0597358196287
2469,2519,val,0.267098372682,0.0683934907288,0.471645607167,0.491185284787,-0.0195396776204
2470,2520,val,0.238080363482,-0.0476785460731,0.387951245247,0.40360538829,-0.0156541430431
2471,2521,val,0.288730491158,0.154921964633,0.504690384934,0.451524694114,0.05316569082
2472,2522,val,0.278437750158,0.113751000632,0.546789566462,0.520874152239,0.0259154142223
2473,2523,val,0.415773279843,0.663093119372,0.548443923879,0.564357776085,-0.0159138522061
2474,2524,val,0.0929991505951,-0.62800339762,0.430054036519,0.426697981467,0.00335605505206
2475,2525,val,0.451582777991,0.806331111966,0.375615294434,0.408270950305,-0.0326556558707
2476,2526,val,0.21655108225,-0.133795671,0.324517605534,0.34701264661,-0.0224950410755
2477,2527,val,0.139936951784,-0.440252192864,0.374527596062,0.339778654958,0.0347489411035
2478,2528,val,0.332852640414,0.331410561657,0.431173850604,0.4984388359,-0.0672649852961
2479,2529,val,0.252355343605,0.0094213744182,0.414232706644,0.442323955837,-0.0280912491926
2480,2530,val,0.160158748246,-0.359365007017,0.38348087864,0.377966402949,0.00551447569188
2481,2531,val,0.271277539759,0.0851101590374,0.411436340259,0.407315030529,0.00412130972953
2482,2532,val,0.378362881622,0.513451526489,0.546630762007,0.464471939619,0.0821588223881
2483,2533,val,0.175625763874,-0.297496944505,0.404377608758,0.390092100543,0.0142855082145
2484,2534,val,0.268511577629,0.0740463105148,0.48601356693,0.485984836099,2.87308307825e-05
2485,2535,val,0.0167529777275,-0.93298808909,0.352142450664,0.334340433911,0.017802016753
2486,2536,val,0.400535826313,0.602143305253,0.362408971981,0.369657452258,-0.00724848027723
2487,2537,val,0.103815352721,-0.584738589118,0.336052998205,0.343007922104,-0.00695492389856
2488,2538,val,0.259497573145,0.0379902925806,0.368404799275,0.393237139617,-0.0248323403419
2489,2539,val,0.332881094545,0.33152437818,0.36537377996,0.393221813963,-0.027848034003
2490,2540,val,0.0183673363235,-0.926530654706,0.290459043099,0.282604323169,0.00785471992956
2491,2541,val,0.00781874923733,-0.968725003051,0.248553102521,0.251933666503,-0.00338056398155
2492,2542,val,0.371251971436,0.485007885745,0.319101214009,0.368600702255,-0.049499488246
2493,2543,val,0.19055628537,-0.23777485852,0.328847652495,0.328936980149,-8.93276535778e-05
2494,2544,val,0.111563198129,-0.553747207486,0.258305015596,0.24905041552,0.00925460007587
2495,2545,val,0.309409879752,0.237639519007,0.405097844587,0.363814265197,0.0412835793898
2496,2546,val,0.237106694542,-0.0515732218313,0.324941124859,0.3144493898,0.0104917350593
2497,2547,val,0.268794682697,0.0751787307865,0.354833605653,0.344828019095,0.0100055865578
2498,2548,val,0.0353807716754,-0.858476913298,0.282023841811,0.283963028793,-0.00193918698254
2499,2549,val,0.148632257874,-0.405470968504,0.233509169224,0.230913510657,0.00259565856686
2500,2550,val,0.271845914345,0.0873836573809,0.208800605734,0.239827519791,-0.0310269140568
2501,2551,val,0.0933781269719,-0.626487492112,0.245584789644,0.248533432084,-0.00294864243967
2502,2552,val,0.413867798887,0.655471195548,0.328332481476,0.339818298449,-0.0114858169729
2503,2553,val,0.354793796697,0.419175186789,0.306634547036,0.326540033544,-0.0199054865082
2504,2554,val,0.336017071613,0.344068286454,0.393139765219,0.367341974944,0.0257977902756
2505,2555,val,0.361068708633,0.444274834531,0.406960126953,0.447766866276,-0.0408067393225
2506,2556,val,0.206233180214,-0.175067279144,0.368008328675,0.38482320173,-0.0168148730553
2507,2557,val,0.412291759654,0.649167038616,0.289836623664,0.321585014443,-0.0317483907791
2508,2558,val,0.277228477126,0.108913908506,0.293144648205,0.307421869305,-0.0142772211005
2509,2559,val,0.281804984935,0.127219939742,0.347910310639,0.340063000173,0.00784731046679
2510,2560,val,0.49086402097,0.96345608388,0.328590068196,0.383313132954,-0.054723064758
2511,2561,val,0.394211459395,0.57684583758,0.497655289124,0.457260635128,0.040394653996
2512,2562,val,0.0153588647248,-0.938564541101,0.346058352948,0.35222659698,-0.00616824403192
2513,2563,val,0.2672832218,0.0691328871997,0.400443861716,0.416747804467,-0.016303942751
2514,2564,val,0.279110900569,0.116443602276,0.444816912077,0.449999780376,-0.0051828682987
2515,2565,val,0.245469208068,-0.0181231677282,0.392193026676,0.40256310311,-0.0103700764346
2516,2566,val,0.233965012399,-0.0641399504055,0.435076156952,0.418914750867,0.0161614060854
2517,2567,val,0.180269784255,-0.278920862982,0.387623125305,0.375765126635,0.0118579986699
2518,2568,val,0.392200304224,0.568801216898,0.457146075385,0.468366508048,-0.0112204326637
2519,2569,val,0.351022310978,0.404089243911,0.587886822345,0.600027307024,-0.012140484679
2520,2570,val,0.081223514,-0.675105944,0.450128897785,0.466333679994,-0.0162047822085
2521,2571,val,0.19134405258,-0.234623789679,0.338453403423,0.352656250769,-0.0142028473453
2522,2572,val,0.0475767825367,-0.809692869853,0.292359922326,0.289189427595,0.00317049473175
2523,2573,val,0.452799080428,0.811196321713,0.438472521199,0.501192676633,-0.0627201554343
2524,2574,val,0.118034559165,-0.527861763341,0.367611366497,0.398500078245,-0.0308887117475
2525,2575,val,0.30114551724,0.204582068961,0.392193004,0.392582874886,-0.000389870886549
2526,2576,val,0.470740140043,0.882960560171,0.426268500724,0.49666308493,-0.0703945842067
2527,2577,val,0.0277658087385,-0.888936765046,0.332413202407,0.375867714488,-0.043454512081
2528,2578,val,0.0638838745347,-0.744464501861,0.301222012221,0.317852356529,-0.0166303443079
2529,2579,val,0.110657841685,-0.557368633259,0.26299371928,0.279492915787,-0.0164991965072
2530,2580,val,0.193084849562,-0.227660601751,0.281683273631,0.264068571516,0.0176147021148
2531,2581,val,0.343762705022,0.37505082009,0.257398050627,0.331929387623,-0.0745313369957
2532,2582,val,0.34768617972,0.390744718881,0.456515224519,0.411721359668,0.0447938648508
2533,2583,val,0.36939550964,0.47758203856,0.382629693844,0.437049604955,-0.0544199111106
2534,2584,val,0.322573149851,0.290292599405,0.426713787209,0.469948519737,-0.0432347325278
2535,2585,val,0.164814801054,-0.340740795785,0.419493826571,0.425722314359,-0.00622848778807
2536,2586,val,0.478955355878,0.915821423511,0.320200201049,0.386319296139,-0.0661190950901
2537,2587,val,0.442195286731,0.768781146926,0.293528437726,0.326373391134,-0.0328449534088
2538,2588,val,0.242318036408,-0.0307278543662,0.278214855955,0.259186088433,0.0190287675217
2539,2589,val,0.112582713967,-0.549669144132,0.263081043149,0.230803556584,0.0322774865652
2540,2590,val,0.391396240015,0.565584960059,0.425199030232,0.37461967291,0.0505793573213
2541,2591,val,0.071657312546,-0.713370749816,0.339829354566,0.359212339473,-0.0193829849071
2542,2592,val,0.0586990305834,-0.765203877666,0.295734674279,0.320980343371,-0.025245669092
2543,2593,val,0.25180373043,0.00721492172171,0.361492837196,0.374210371879,-0.0127175346828
2544,2594,val,0.00099322657475,-0.996027093701,0.270571719197,0.299322853297,-0.0287511341
2545,2595,val,0.42739224136,0.709568965438,0.532426791299,0.517030153137,0.0153966381614
2546,2596,val,0.191367130585,-0.234531477662,0.476648055769,0.475529853251,0.00111820251773
2547,2597,val,0.32013930011,0.280557200442,0.443646404236,0.474721457928,-0.0310750536926
2548,2598,val,0.275188888451,0.100755553803,0.361348960312,0.411953526684,-0.0506045663721
2549,2599,val,0.495626034021,0.982504136086,0.567497834605,0.547448212923,0.020049621682
2550,2600,val,0.372518117538,0.49007247015,0.425900356914,0.428346000172,-0.00244564325743
2551,2601,val,0.440133484426,0.760533937704,0.353302483459,0.349294120061,0.00400836339873
2552,2602,val,0.235109134685,-0.0595634612608,0.367017879607,0.36197730271,0.00504057689665
2553,2603,val,0.478091526675,0.912366106698,0.287154670993,0.409660207387,-0.122505536394
2554,2604,val,0.324598508053,0.298394032213,0.452901465175,0.463782997809,-0.0108815326339
2555,2605,val,0.453186775169,0.812747100677,0.462603679198,0.53603099513,-0.0734273159318
2556,2606,val,0.464548267456,0.858193069826,0.558962355853,0.596734791981,-0.0377724361282
2557,2607,val,0.202337484354,-0.190650062584,0.470837585118,0.438423352935,0.0324142321831
2558,2608,val,0.347559586676,0.390238346704,0.601047931742,0.539440853963,0.0616070777791
2559,2609,val,0.00626064243174,-0.974957430273,0.420467730038,0.381807864361,0.0386598656769
2560,2610,val,0.452230440099,0.808921760397,0.617209982153,0.532881363437,0.0843286187159
2561,2611,val,0.314038957593,0.256155830373,0.537609295524,0.50947466667,0.0281346288543
2562,2612,val,0.0298040451891,-0.880783819243,0.411032442566,0.412869823655,-0.00183738108832
2563,2613,val,0.376435231569,0.505740926276,0.50565047066,0.541913065847,-0.0362625951868
2564,2614,val,0.264019591871,0.0560783674832,0.558551940578,0.591709521347,-0.0331575807694
2565,2615,val,0.225096701892,-0.0996131924334,0.568076823102,0.591561582804,-0.023484759702
2566,2616,val,0.196667854844,-0.213328580624,0.479217411601,0.48160860592,-0.00239119431953
2567,2617,val,0.0854110906712,-0.658355637315,0.412163939826,0.454938932469,-0.0427749926439
2568,2618,val,0.357355742098,0.429422968393,0.332334167919,0.366538442752,-0.0342042748329
2569,2619,val,0.245523297861,-0.0179068085579,0.446713237034,0.453329753673,-0.00661651663918
2570,2620,val,0.0578675798901,-0.76852968044,0.37001548622,0.39621968856,-0.02620420234
2571,2621,val,0.0474543623688,-0.810182550525,0.298624978658,0.269670884304,0.0289540943546
2572,2622,val,0.271360902705,0.0854436108215,0.40824662008,0.352318771407,0.0559278486728
2573,2623,val,0.165510857055,-0.337956571779,0.377418893767,0.373669513491,0.00374938027612
2574,2624,val,0.106442922157,-0.574228311372,0.329392839642,0.331971254567,-0.00257841492549
2575,2625,val,0.0693779743057,-0.722488102777,0.285528744374,0.247524726526,0.0380040178479
2576,2626,val,0.471844111029,0.887376444117,0.299498672196,0.329834945032,-0.0303362728355
2577,2627,val,0.247411607,-0.010353572001,0.375780368205,0.382130385379,-0.00635001717444
2578,2628,val,0.0665078644562,-0.733968542175,0.303432076911,0.289355750243,0.0140763266689
2579,2629,val,0.0016463642261,-0.993414543096,0.244192004208,0.215906753715,0.0282852504925
2580,2630,val,0.472644005725,0.890576022899,0.247096730636,0.296874189167,-0.0497774585311
2581,2631,val,0.410035314182,0.64014125673,0.380185444001,0.407607832445,-0.0274223884441
2582,2632,val,0.0379077491628,-0.848369003349,0.285261666578,0.27905695926,0.00620470731763
2583,2633,val,0.0296691894874,-0.881323242051,0.234927505713,0.222801068402,0.0121264373117
2584,2634,val,0.149173001684,-0.403307993263,0.221068640502,0.242551603461,-0.0214829629592
2585,2635,val,0.200354047561,-0.198583809756,0.339924821163,0.307107454372,0.0328173667909
2586,2636,val,0.369180706821,0.476722827284,0.388809070241,0.397420755066,-0.00861168482515
2587,2637,val,0.0444805107254,-0.822077957098,0.279803533353,0.248129611909,0.0316739214445
2588,2638,val,0.0643373339977,-0.742650664009,0.225017034625,0.201233154181,0.0237838804446
2589,2639,val,0.204282974603,-0.182868101587,0.344357942359,0.288577757371,0.0557801849882
2590,2640,val,0.0734242986225,-0.70630280551,0.299198929839,0.290318081157,0.00888084868187
2591,2641,val,0.19571146121,-0.21715415516,0.245746366617,0.250900718744,-0.0051543521269
2592,2642,val,0.168896253089,-0.324414987644,0.21643273141,0.248880425473,-0.0324476940629
2593,2643,val,0.259149796078,0.0365991843137,0.253166624307,0.262114735523,-0.00894811121583
2594,2644,val,0.166617612284,-0.333529550863,0.261638296939,0.241882838623,0.0197554583166
2595,2645,val,0.49398675883,0.975947035318,0.489384092604,0.368935225211,0.120448867393
2596,2646,val,0.0179545340761,-0.928181863696,0.32150776072,0.241956255377,0.0795515053435
2597,2647,val,0.27493402613,0.0997361045198,0.270186522991,0.282684669311,-0.0124981463206
2598,2648,val,0.013014634383,-0.947941462468,0.224580843565,0.209829539722,0.0147513038435
2599,2649,val,0.192518910867,-0.229924356531,0.221436026545,0.234934400215,-0.0134983736701
2600,2650,val,0.378390586257,0.513562345028,0.308551209026,0.312534220716,-0.0039830116897
2601,2651,val,0.104682224268,-0.581271102929,0.26247804255,0.25602862818,0.00644941437002
2602,2652,val,0.200200884414,-0.199196462343,0.293698712269,0.26331080018,0.0303879120893
2603,2653,val,0.299463456167,0.197853824668,0.305637089694,0.320541326575,-0.0149042368808
2604,2654,val,0.105774617473,-0.576901530109,0.31528853175,0.298126919607,0.0171616121425
2605,2655,val,0.250720061702,0.00288024680638,0.248833160146,0.282640962231,-0.0338078020847
2606,2656,val,0.410448371616,0.641793486463,0.378410021225,0.304909204655,0.0735008165697
2607,2657,val,0.33214167797,0.328566711879,0.273535052696,0.273553593439,-1.85407427538e-05
2608,2658,val,0.261346277306,0.0453851092259,0.296270366885,0.286208684479,0.0100616824058
2609,2659,val,0.236071687722,-0.0557132491129,0.365892571228,0.282764932881,0.0831276383469
2610,2660,val,0.371408713685,0.485634854741,0.323860515482,0.334295157584,-0.0104346421022
2611,2661,val,0.335872098676,0.343488394703,0.347634868929,0.393406202671,-0.0457713337423
2612,2662,val,0.169351446944,-0.322594212225,0.335098483584,0.374688311223,-0.0395898276393
2613,2663,val,0.101737608085,-0.593049567662,0.270127356424,0.272807585653,-0.00268022922887
2614,2664,val,0.245908466403,-0.0163661343874,0.316131413428,0.27899824016,0.0371331732679
2615,2665,val,0.121736399257,-0.513054402973,0.319671462173,0.314212552436,0.00545890973708
2616,2666,val,0.260459112811,0.0418364512436,0.377238539067,0.384230681146,-0.00699214207923
2617,2667,val,0.391235101274,0.564940405094,0.427381720416,0.417216445563,0.0101652748527
2618,2668,val,0.194639743012,-0.221441027953,0.369350623404,0.379388135904,-0.0100375125002
2619,2669,val,0.238649847925,-0.0454006082989,0.407517211347,0.397722666348,0.00979454499938
2620,2670,val,0.149136408368,-0.403454366528,0.368584806396,0.375917980931,-0.00733317453463
2621,2671,val,0.116544805597,-0.533820777614,0.305397214225,0.274344829271,0.0310523849538
2622,2672,val,0.470571707321,0.882286829284,0.316822474288,0.33476602632,-0.0179435520317
2623,2673,val,0.028225780159,-0.887096879364,0.260557137771,0.296053517684,-0.0354963799129
2624,2674,val,0.410492879425,0.641971517699,0.298314138625,0.344359169954,-0.0460450313286
2625,2675,val,0.492828351153,0.971313404611,0.433508342668,0.477475054974,-0.0439667123059
2626,2676,val,0.129120833566,-0.483516665736,0.383093163452,0.391309191374,-0.00821602792191
2627,2677,val,0.402356153307,0.609424613227,0.400791917428,0.415928862819,-0.0151369453911
2628,2678,val,0.124906035279,-0.500375858884,0.335969850582,0.379268902292,-0.0432990517098
2629,2679,val,0.0500070140318,-0.799971943873,0.270949807926,0.264753502718,0.00619630520852
2630,2680,val,0.0357223697432,-0.857110521027,0.233238908922,0.235280842798,-0.00204193387661
2631,2681,val,0.236750722149,-0.0529971114042,0.374852837444,0.301745161541,0.073107675903
2632,2682,val,0.282353333017,0.12941333207,0.286412822837,0.27926866724,0.00714415559627
2633,2683,val,0.456687022137,0.826748088546,0.514062609828,0.465073719429,0.0489888903988
2634,2684,val,0.107309950409,-0.570760198365,0.424309612278,0.410928132513,0.0133814797651
2635,2685,val,0.46077107781,0.84308431124,0.394124643018,0.44456271678,-0.0504380737623
2636,2686,val,0.0782558625511,-0.686976549796,0.336760812986,0.381748331873,-0.0449875188865
2637,2687,val,0.0421122983842,-0.831550806463,0.269054985651,0.269434972574,-0.000379986922798
2638,2688,val,0.432338662567,0.729354650269,0.259420362043,0.328057260387,-0.0686368983443
2639,2689,val,0.212059061512,-0.15176375395,0.232812951601,0.278630224751,-0.0458172731503
2640,2690,val,0.421040680151,0.684162720605,0.358072154699,0.323135256225,0.0349368984745
2641,2691,val,0.376232005922,0.50492802369,0.42853255385,0.465303369727,-0.0367708158775
2642,2692,val,0.464059101473,0.85623640589,0.621523970775,0.535381381373,0.0861425894018
2643,2693,val,0.0848385287982,-0.660645884807,0.419404634468,0.358888978291,0.0605156561764
2644,2694,val,0.363114641565,0.452458566258,0.555303374868,0.443281036417,0.112022338451
2645,2695,val,0.166447539301,-0.334209842796,0.393719574956,0.366739347372,0.0269802275839
2646,2696,val,0.357238490809,0.428953963237,0.316957472452,0.296480505476,0.0204769669755
2647,2697,val,0.345763578645,0.383054314581,0.480408101966,0.394353775517,0.0860543264488
2648,2698,val,0.356184523852,0.424738095409,0.455091358306,0.534772609234,-0.0796812509281
2649,2699,val,0.175942560056,-0.296229759776,0.444621882748,0.44370658928,0.000915293467989
2650,2700,val,0.360721988244,0.442887952978,0.53641310323,0.548799527611,-0.0123864243806
2651,2701,val,0.142009964785,-0.431960140861,0.484544500813,0.480918395451,0.0036261053613
2652,2702,val,0.498883062034,0.995532248135,0.422911591931,0.461552891309,-0.0386412993787
2653,2703,val,0.378793819395,0.515175277578,0.528545211104,0.473257265485,0.0552879456184
2654,2704,val,0.135101196826,-0.459595212697,0.414349186249,0.413978462615,0.000370723633875
2655,2705,val,0.143746802827,-0.425012788693,0.394096300443,0.368819503021,0.025276797422
2656,2706,val,0.124313100266,-0.502747598935,0.37094025771,0.359155476724,0.0117847809858
2657,2707,val,0.354122886736,0.416491546945,0.484535321363,0.440392050307,0.0441432710561
2658,2708,val,0.330931434329,0.323725737317,0.442591773113,0.430142279096,0.0124494940169
2659,2709,val,0.246685253113,-0.0132589875483,0.466359005876,0.450744769448,0.015614236428
2660,2710,val,0.0820043970329,-0.671982411868,0.363362622956,0.353622446485,0.00974017647165
2661,2711,val,0.074934600255,-0.70026159898,0.344519544035,0.361271938195,-0.0167523941601
2662,2712,val,0.291840218178,0.167360872711,0.442080736564,0.464555464638,-0.0224747280748
2663,2713,val,0.210246776847,-0.159012892611,0.369203766934,0.389149021391,-0.0199452544575
2664,2714,val,0.321889616009,0.287558464036,0.35570683654,0.361730598941,-0.00602376240116
2665,2715,val,0.162636807133,-0.349452771469,0.308774209058,0.324024483104,-0.0152502740462
2666,2716,val,0.00711447843276,-0.971542086269,0.257364534655,0.27711083429,-0.0197462996349
2667,2717,val,0.287527395353,0.150109581411,0.369280334614,0.412732799309,-0.0434524646947
2668,2718,val,0.478507061262,0.914028245046,0.456517225375,0.50186161944,-0.0453443940656
2669,2719,val,0.185351195048,-0.258595219807,0.344967380597,0.37188630781,-0.0269189272133
2670,2720,val,0.179670991879,-0.281316032484,0.285982840959,0.257791731605,0.0281911093541
2671,2721,val,0.483715455388,0.934861821552,0.448085138952,0.446589442483,0.00149569646955
2672,2722,val,0.0947873608338,-0.620850556665,0.345824505251,0.327472009544,0.0183524957063
2673,2723,val,0.463294964765,0.853179859058,0.48868255866,0.458764746015,0.0299178126455
2674,2724,val,0.1569674048,-0.372130380799,0.374355660382,0.371048983766,0.00330667661648
2675,2725,val,0.262636391353,0.0505455654131,0.283987821158,0.309258888018,-0.0252710668603
2676,2726,val,0.389471833069,0.557887332277,0.405071534832,0.410036945243,-0.00496541041103
2677,2727,val,0.355041944549,0.420167778195,0.553375966953,0.53477538199,0.0186005849631
2678,2728,val,0.134693106609,-0.461227573562,0.413772448708,0.380597095413,0.0331753532952
2679,2729,val,0.0967896315107,-0.612841473957,0.331815285168,0.337055885956,-0.00524060078846
2680,2730,val,0.147927179809,-0.408291280764,0.372094107428,0.341047601111,0.0310465063172
2681,2731,val,0.470380863289,0.881523453156,0.35324378445,0.47350293051,-0.120259146061
2682,2732,val,0.0564368114543,-0.774252754183,0.314468527881,0.38747032213,-0.0730017942485
2683,2733,val,0.480518025522,0.922072102087,0.368656831324,0.472435092366,-0.103778261041
2684,2734,val,0.237497486499,-0.0500100540032,0.373667606184,0.423207591525,-0.0495399853405
2685,2735,val,0.0508791896612,-0.796483241355,0.31226351815,0.357416442627,-0.0451529244765
2686,2736,val,0.102878412291,-0.588486350838,0.307773832463,0.329046057514,-0.0212722250509
2687,2737,val,0.374330117065,0.497320468259,0.324917256886,0.373615308095,-0.0486980512094
2688,2738,val,0.0829348351275,-0.66826065949,0.265932597751,0.312561184713,-0.0466285869621
2689,2739,val,0.0415324785891,-0.833870085644,0.23320453143,0.247321352049,-0.0141168206191
2690,2740,val,0.394334178415,0.577336713659,0.485810722745,0.396336030321,0.0894746924236
2691,2741,val,0.295594855191,0.182379420766,0.351895777546,0.38013798137,-0.0282422038239
2692,2742,val,0.34728352504,0.389134100161,0.51462453124,0.498426400133,0.0161981311073
2693,2743,val,0.221893931564,-0.112424273744,0.424492541992,0.437203964346,-0.0127114223537
2694,2744,val,0.00250662263788,-0.989973509448,0.303832746969,0.319396459445,-0.015563712476
2695,2745,val,0.0332186404302,-0.867125438279,0.249822739799,0.248519661029,0.00130307877041
2696,2746,val,0.399484876765,0.59793950706,0.442503807488,0.420015588735,0.0224882187529
2697,2747,val,0.187880992414,-0.248476030346,0.335709094966,0.334234424341,0.00147467062448
2698,2748,val,0.0835086305209,-0.665965477916,0.266474261066,0.249449361751,0.0170248993145
2699,2749,val,0.459886704186,0.839546816744,0.500042743341,0.41913104481,0.0809116985314
2700,2750,val,0.233579543303,-0.0656818267899,0.450468696067,0.452634586563,-0.00216589049571
2701,2751,val,0.0939524621399,-0.62419015144,0.370569814865,0.322626025388,0.047943789477
2702,2752,val,0.397936048483,0.591744193934,0.415113276712,0.426969453183,-0.0118561764702
2703,2753,val,0.267738234641,0.0709529385656,0.303561818378,0.36916046318,-0.0655986448021
2704,2754,val,0.358189900475,0.432759601901,0.264135815166,0.290206947445,-0.0260711322785
2705,2755,val,0.0715992915756,-0.713602833698,0.269668338982,0.258386959478,0.0112813795034
2706,2756,val,0.4918403356,0.967361342401,0.368298019157,0.403041685373,-0.0347436662167
2707,2757,val,0.190537509498,-0.237849962009,0.299619875655,0.346158925085,-0.0465390494298
2708,2758,val,0.470009108884,0.880036435535,0.56666498971,0.45158902359,0.11507596612
2709,2759,val,0.160122575346,-0.359509698615,0.433998610635,0.422360781413,0.0116378292221
2710,2760,val,0.40254483854,0.61017935416,0.368132995128,0.386939061349,-0.0188060662213
2711,2761,val,0.366550185619,0.466200742476,0.496599183129,0.468558007407,0.028041175722
2712,2762,val,0.00130416523191,-0.994783339072,0.343504600928,0.321041244572,0.0224633563565
2713,2763,val,0.179438617433,-0.282245530269,0.363252999933,0.37721302084,-0.0139600209071
2714,2764,val,0.101049052455,-0.595803790181,0.288372039372,0.295253487873,-0.00688144850014
2715,2765,val,0.404111786408,0.616447145631,0.539412786934,0.402534638669,0.136878148265
2716,2766,val,0.139570945474,-0.441716218104,0.411426766406,0.375364808199,0.0360619582069
2717,2767,val,0.137186396799,-0.451254412802,0.404714774222,0.380290714605,0.0244240596173
2718,2768,val,0.140546084942,-0.43781566023,0.340486822014,0.347847888929,-0.00736106691484
2719,2769,val,0.498415235574,0.993660942296,0.571023212833,0.585273653665,-0.0142504408319
2720,2770,val,0.242933915117,-0.0282643395339,0.522706703716,0.481507867855,0.0411988358606
2721,2771,val,0.0545524891915,-0.781790043234,0.368817164014,0.329839475045,0.0389776889686
2722,2772,val,0.286448375169,0.145793500676,0.364343122067,0.302812567255,0.0615305548121
2723,2773,val,0.476225149076,0.904900596306,0.35753463217,0.400661760201,-0.0431271280302
2724,2774,val,0.376967161777,0.507868647106,0.510290897865,0.426083506668,0.0842073911969
2725,2775,val,0.272033170265,0.088132681058,0.422067323108,0.384142287597,0.0379250355111
2726,2776,val,0.172117858702,-0.311528565191,0.352221906118,0.320461754944,0.0317601511743
2727,2777,val,0.491904148999,0.967616595996,0.383586168633,0.41872089645,-0.0351347278175
2728,2778,val,0.301929045423,0.207716181691,0.521225240371,0.483271801832,0.0379534385386
2729,2779,val,0.492868358031,0.971473432124,0.549956406354,0.534012968889,0.015943437465
2730,2780,val,0.346442487788,0.385769951151,0.413026997422,0.457628166633,-0.044601169211
2731,2781,val,0.110347401995,-0.558610392022,0.358946470403,0.340009896806,0.0189365735967
2732,2782,val,0.479835530463,0.919342121852,0.626423156592,0.552416530617,0.0740066259748
2733,2783,val,0.0829260173305,-0.668295930678,0.475614874344,0.439092298746,0.0365225755986
2734,2784,val,0.399858841726,0.599435366904,0.51555588341,0.522514895636,-0.00695901222661
2735,2785,val,0.154931958771,-0.380272164917,0.413724550329,0.37925898825,0.0344655620791
2736,2786,val,0.371210440656,0.484841762624,0.593386634173,0.517779150646,0.0756074835275
2737,2787,val,0.250333994394,0.00133597757479,0.535329818174,0.46029045737,0.0750393608037
2738,2788,val,0.341932549413,0.367730197651,0.647308387226,0.609157343803,0.038151043423
2739,2789,val,0.379411807027,0.517647228106,0.65737014909,0.576714863013,0.0806552860767
2740,2790,val,0.320771184882,0.283084739528,0.522427528162,0.498187657664,0.0242398704977
2741,2791,val,0.415449129218,0.66179651687,0.695396301038,0.542728721781,0.152667579257
2742,2792,val,0.254429238199,0.0177169527944,0.537847865775,0.45561441211,0.0822334536654
2743,2793,val,0.279495120007,0.117980480026,0.579427278087,0.535380365786,0.044046912301
2744,2794,val,0.398929922606,0.595719690422,0.531610970364,0.545294152505,-0.0136831821411
2745,2795,val,0.40697812447,0.627912497881,0.637971806275,0.589904958859,0.0480668474158
2746,2796,val,0.0992176017973,-0.603129592811,0.518064126869,0.473760289139,0.0443038377302
2747,2797,val,0.425600153872,0.702400615489,0.625573189115,0.546898149149,0.0786750399657
2748,2798,val,0.0635918907824,-0.74563243687,0.510065012759,0.443528445028,0.0665365677316
2749,2799,val,0.24538194308,-0.0184722276792,0.519407326487,0.474348804849,0.045058521638
2750,2800,val,0.00237517196135,-0.990499312155,0.40475666533,0.344178089552,0.0605785757783
2751,2801,val,0.155609774818,-0.377560900727,0.393339306766,0.365822956635,0.0275163501319
2752,2802,val,0.425681875151,0.702727500603,0.499875955742,0.465125133648,0.0347508220936
2753,2803,val,0.110790849533,-0.556836601867,0.446729379092,0.441141225408,0.00558815368372
2754,2804,val,0.206826580557,-0.17269367777,0.473914066803,0.444380272256,0.0295337945473
2755,2805,val,0.416593375087,0.666373500346,0.423356517541,0.447175315378,-0.0238187978369
2756,2806,val,0.348200240022,0.392800960088,0.55122287662,0.51822037386,0.0330025027601
2757,2807,val,0.0316938258044,-0.873224696782,0.402013116582,0.322973827775,0.0790392888069
2758,2808,val,0.0332000017518,-0.867199992993,0.325783061881,0.283898772884,0.0418842889978
2759,2809,val,0.109845761142,-0.560616955432,0.270456599687,0.230229046569,0.0402275531179
2760,2810,val,0.316399368811,0.265597475243,0.31166946426,0.32293045682,-0.01126099256
2761,2811,val,0.0999909207677,-0.600036316929,0.321214011907,0.335839941895,-0.0146259299889
2762,2812,val,0.455191537057,0.820766148228,0.336674944875,0.374254377711,-0.0375794328359
2763,2813,val,0.431024341694,0.724097366774,0.399752758167,0.467638861209,-0.0678861030418
2764,2814,val,0.286218215692,0.14487286277,0.475054720095,0.472335354387,0.00271936570798
2765,2815,val,0.20783432935,-0.168662682599,0.441737259148,0.418794228746,0.0229430304022
2766,2816,val,0.147703209742,-0.409187161032,0.324259001055,0.309311047712,0.014947953343
2767,2817,val,0.109090102039,-0.563639591845,0.261216681428,0.246145649295,0.015071032133
2768,2818,val,0.0433591752406,-0.826563299038,0.23080183889,0.199443894273,0.0313579446171
2769,2819,val,0.0557810978396,-0.776875608642,0.234637060208,0.254486268329,-0.019849208121
2770,2820,val,0.255914657844,0.0236586313762,0.247924233095,0.301760923786,-0.0538366906906
2771,2821,val,0.410950364697,0.643801458787,0.495545140993,0.489861878951,0.00568326204157
2772,2822,val,0.0774556704179,-0.690177318328,0.384163622869,0.404009584422,-0.0198459615529
2773,2823,val,0.431806933852,0.727227735409,0.467769968375,0.456291211743,0.011478756632
2774,2824,val,0.326120694122,0.304482776488,0.425335385656,0.435935337695,-0.0105999520389
2775,2825,val,0.0120994123267,-0.951602350693,0.304999757359,0.28544948592,0.0195502714398
2776,2826,val,0.168319117068,-0.32672353173,0.270536764248,0.290315564618,-0.0197788003706
2777,2827,val,0.265753529036,0.0630141161422,0.243394052659,0.244978340131,-0.00158428747245
2778,2828,val,0.037188362695,-0.85124654922,0.216352006737,0.19711490079,0.0192371059474
2779,2829,val,0.0818556739754,-0.672577304098,0.231924725223,0.258437334945,-0.0265126097217
2780,2830,val,0.425182034085,0.700728136339,0.469798280176,0.3349864845,0.134811795676
2781,2831,val,0.220929151956,-0.116283392177,0.349053170463,0.305549902929,0.0435032675337
2782,2832,val,0.441894801131,0.767579204524,0.54963482032,0.445807459213,0.103827361107
2783,2833,val,0.164216865373,-0.343132538508,0.442199761604,0.342905744279,0.0992940173249
2784,2834,val,0.346445717733,0.385782870931,0.316403958202,0.301261152197,0.0151428060058
2785,2835,val,0.0461894477436,-0.815242209026,0.260281493058,0.263764818895,-0.00348332583688
2786,2836,val,0.17979443808,-0.280822247682,0.293347629136,0.303190540971,-0.00984291183543
2787,2837,val,0.0666754446999,-0.7332982212,0.24118774372,0.221933824207,0.0192539195125
2788,2838,val,0.46937422334,0.877496893361,0.270630086997,0.264429723363,0.00620036363363
2789,2839,val,0.331454483535,0.325817934142,0.438919881342,0.37284121992,0.0660786614212
2790,2840,val,0.476525141703,0.90610056681,0.469289337502,0.498444057067,-0.0291547195652
2791,2841,val,0.46380793661,0.855231746442,0.633416531428,0.540871144016,0.0925453874124
2792,2842,val,0.0762415793688,-0.695033682525,0.432806332551,0.374425106937,0.058381225614
2793,2843,val,0.13566529551,-0.457338817958,0.382543260311,0.298795659306,0.083747601005
2794,2844,val,0.336869403981,0.347477615923,0.309615834943,0.312873248479,-0.00325741353676
2795,2845,val,0.460778069379,0.843112277516,0.374927656676,0.327347297597,0.0475803590795
2796,2846,val,0.0928064158599,-0.62877433656,0.293871577003,0.272122159285,0.0217494177181
2797,2847,val,0.0173298404171,-0.930680638332,0.256892001344,0.263545034128,-0.00665303278423
2798,2848,val,0.435720648836,0.742882595343,0.4433175105,0.415414828719,0.0279026817815
2799,2849,val,0.400769506453,0.603078025811,0.608912977504,0.587752700508,0.0211602769961
2800,2850,val,0.266081925976,0.064327703904,0.595832265227,0.556073996431,0.0397582687964
2801,2851,val,0.100670100468,-0.597319598126,0.419323869494,0.392359560175,0.0269643093185
2802,2852,val,0.232943543609,-0.0682258255635,0.359540385132,0.376257381007,-0.0167169958758
2803,2853,val,0.391249154332,0.564996617327,0.478274959777,0.48730586774,-0.00903090796246
2804,2854,val,0.184614872484,-0.261540510065,0.470097304386,0.48339534694,-0.0132980425533
2805,2855,val,0.474374452266,0.897497809066,0.408160882529,0.483172847485,-0.0750119649562
2806,2856,val,0.153590220866,-0.385639116537,0.314893834979,0.358175963101,-0.0432821281211
2807,2857,val,0.017983921268,-0.928064314928,0.274794104876,0.297730748842,-0.0229366439657
2808,2858,val,0.162522971598,-0.349908113608,0.340225373939,0.366931974507,-0.0267066005674
2809,2859,val,0.492158649953,0.968634599813,0.47113846363,0.445162354012,0.0259761096177
2810,2860,val,0.344538063549,0.378152254197,0.390712397838,0.411571681997,-0.020859284159
2811,2861,val,0.0297975667627,-0.880809732949,0.304344981354,0.310192362429,-0.00584738107451
2812,2862,val,0.161600390769,-0.353598436924,0.34415345221,0.345521699514,-0.00136824730372
2813,2863,val,0.393769599636,0.575078398544,0.37762364063,0.445738354049,-0.0681147134185
2814,2864,val,0.038778530978,-0.844885876088,0.310667984695,0.347849707541,-0.0371817228456
2815,2865,val,0.4017182852,0.606873140801,0.34068760352,0.423533991256,-0.0828463877361
2816,2866,val,0.222283647312,-0.110865410753,0.26729896286,0.332211334916,-0.0649123720562
2817,2867,val,0.348534226101,0.394136904402,0.310887050311,0.348896240228,-0.0380091899171
2818,2868,val,0.433657220446,0.734628881786,0.567156671413,0.538042288328,0.0291143830844
2819,2869,val,0.250752721297,0.00301088518741,0.504227079854,0.500200694123,0.00402638573067
2820,2870,val,0.416635666755,0.666542667018,0.3636199766,0.414472494315,-0.0508525177157
2821,2871,val,0.206351393334,-0.174594426662,0.326205711422,0.36689782806,-0.0406921166384
2822,2872,val,0.371702538173,0.486810152692,0.477961846935,0.413892321805,0.0640695251298
2823,2873,val,0.0909914063924,-0.63603437443,0.340601429236,0.300620441189,0.0399809880471
2824,2874,val,0.435581579319,0.742326317276,0.529524951471,0.444175156804,0.0853497946662
2825,2875,val,0.274621097794,0.0984843911769,0.457074014485,0.448245338456,0.00882867602847
2826,2876,val,0.0190371610398,-0.923851355841,0.341793338817,0.370162928929,-0.0283695901118
2827,2877,val,0.120989425503,-0.516042297987,0.353342103288,0.367661874102,-0.014319770815
2828,2878,val,0.440067491373,0.760269965492,0.44681330702,0.499865521996,-0.0530522149753
2829,2879,val,0.44581489994,0.783259599761,0.605173927941,0.609500577406,-0.00432664946501
2830,2880,val,0.362758139385,0.45103255754,0.522196386587,0.526529323109,-0.00433293652241
2831,2881,val,0.424372800475,0.697491201901,0.608170729523,0.601095160821,0.00707556870156
2832,2882,val,0.206070702342,-0.175717190634,0.452969808611,0.443108697544,0.00986111106658
2833,2883,val,0.00329714408024,-0.986811423679,0.343534173292,0.37130359174,-0.0277694184476
2834,2884,val,0.00765727204369,-0.969370911825,0.286268168387,0.267927245046,0.0183409233404
2835,2885,val,0.202346190679,-0.190615237285,0.254885729734,0.270825869537,-0.0159401398032
2836,2886,val,0.102265637181,-0.590937451277,0.248744359488,0.253593247831,-0.00484888834293
2837,2887,val,0.365557805133,0.462231220533,0.467195907199,0.387854342923,0.0793415642763
2838,2888,val,0.138868810073,-0.444524759708,0.431974432664,0.461052146559,-0.0290777138955
2839,2889,val,0.464324296257,0.857297185027,0.573419114606,0.567373835017,0.00604527958844
2840,2890,val,0.335117104663,0.340468418651,0.605460531653,0.610322717408,-0.00486218575512
2841,2891,val,0.137131714747,-0.451473141013,0.453371630952,0.447234196206,0.00613743474541
2842,2892,val,0.327105128877,0.308420515509,0.330974484286,0.352344250878,-0.0213697665923
2843,2893,val,0.165638094767,-0.337447620934,0.267320713603,0.30935996283,-0.042039249227
2844,2894,val,0.24125284734,-0.0349886106399,0.305810820968,0.306102549772,-0.000291728804258
2845,2895,val,0.270493711319,0.081974845277,0.293468416795,0.334683423766,-0.0412150069709
2846,2896,val,0.425542474055,0.702169896218,0.479748143308,0.448422714371,0.031325428937
2847,2897,val,0.248829713933,-0.00468114426804,0.396713333104,0.396302016248,0.000411316856549
2848,2898,val,0.302087808546,0.208351234183,0.511499241662,0.472595949924,0.0389032917388
2849,2899,val,0.031667397038,-0.873330411848,0.377237930156,0.406546530828,-0.0293086006717
2850,2900,val,0.401714735336,0.606858941346,0.371658226745,0.435916823213,-0.0642585964679
2851,2901,val,0.255583515245,0.0223340609793,0.407289892289,0.436515383881,-0.0292254915921
2852,2902,val,0.026774733919,-0.892901064324,0.305037602844,0.300310674644,0.00472692819949
2853,2903,val,0.0598187573963,-0.760724970415,0.269831146278,0.260950158381,0.00888098789692
2854,2904,val,0.352863565781,0.411454263126,0.374285993915,0.356433269375,0.0178527245401
2855,2905,val,0.166607332081,-0.333570671678,0.389500289903,0.404622330403,-0.0151220405004
2856,2906,val,0.37888439508,0.515537580321,0.433884251774,0.495190253701,-0.0613060019271
2857,2907,val,0.382918861094,0.531675444378,0.486917301611,0.460397097,0.0265202046106
2858,2908,val,0.209727399157,-0.161090403371,0.351647138005,0.361557268193,-0.00991013018774
2859,2909,val,0.483940970463,0.935763881853,0.563341303049,0.468803380161,0.0945379228873
2860,2910,val,0.163040914166,-0.347836343335,0.4428637282,0.41843200878,0.02443171942
2861,2911,val,0.0651074141356,-0.739570343458,0.324591407079,0.290126996243,0.034464410836
2862,2912,val,0.280615270483,0.122461081932,0.286531853322,0.272640376739,0.0138914765827
2863,2913,val,0.203421955856,-0.186312176575,0.349838724675,0.325744234647,0.0240944900281
2864,2914,val,0.41714638329,0.66858553316,0.379228338767,0.413230983786,-0.0340026450197
2865,2915,val,0.450648586923,0.802594347693,0.5458879657,0.562155983644,-0.0162680179444
2866,2916,val,0.0176785508882,-0.929285796447,0.387594419859,0.394075265881,-0.00648084602212
2867,2917,val,0.460278692199,0.841114768795,0.44089216584,0.506786875429,-0.0658947095887
2868,2918,val,0.0223702680348,-0.910518927861,0.338281322133,0.407336618415,-0.0690552962823
2869,2919,val,0.177799312327,-0.288802750693,0.313622301081,0.319173897828,-0.00555159674685
2870,2920,val,0.13301072521,-0.467957099161,0.266811243806,0.296699546879,-0.0298883030736
2871,2921,val,0.439602718895,0.758410875578,0.413552221299,0.399715916411,0.0138363048887
2872,2922,val,0.469800953931,0.879203815726,0.444384452275,0.461832212903,-0.0174477606279
2873,2923,val,0.126407797415,-0.49436881034,0.398623822532,0.429887100162,-0.0312632776301
2874,2924,val,0.237380644388,-0.0504774224462,0.458357248074,0.466831741096,-0.00847449302154
2875,2925,val,0.347047847341,0.388191389365,0.338565085632,0.419691521306,-0.0811264356734
2876,2926,val,0.453561734627,0.814246938508,0.579055678737,0.470627732708,0.108427946029
2877,2927,val,0.352995155392,0.411980621566,0.401145325288,0.393881476295,0.00726384899274
2878,2928,val,0.148795236867,-0.404819052533,0.339301446901,0.324364628548,0.0149368183526
2879,2929,val,0.144534959258,-0.421860162966,0.297697520081,0.307906525712,-0.0102090056308
2880,2930,val,0.00501581313198,-0.979936747472,0.251225814281,0.271511832883,-0.0202860186024
2881,2931,val,0.215315685375,-0.138737258498,0.376365250131,0.379193216283,-0.00282796615204
2882,2932,val,0.202063923576,-0.191744305695,0.324326969974,0.365616719133,-0.041289749159
2883,2933,val,0.116925298585,-0.532298805662,0.299980901103,0.346116715339,-0.0461358142359
2884,2934,val,0.0115458588014,-0.953816564794,0.25099153625,0.258218762107,-0.00722722585673
2885,2935,val,0.0181695544969,-0.927321782012,0.231063646079,0.293807579264,-0.0627439331855
2886,2936,val,0.300267754626,0.201071018505,0.367025181996,0.368663064778,-0.00163788278283
2887,2937,val,0.456897965556,0.827591862224,0.369690786496,0.488286348528,-0.118595562032
2888,2938,val,0.300697594599,0.202790378395,0.33354303865,0.393977807439,-0.0604347687893
2889,2939,val,0.0735706487239,-0.705717405104,0.252347471642,0.244271598421,0.00807587322161
2890,2940,val,0.358526960164,0.434107840657,0.330064725646,0.355910868831,-0.0258461431847
2891,2941,val,0.37708233835,0.508329353399,0.365055761811,0.402104165184,-0.0370484033729
2892,2942,val,0.0647192470418,-0.741123011833,0.277891057574,0.277552997704,0.000338059870351
2893,2943,val,0.387534569478,0.550138277913,0.232841574138,0.293887816696,-0.0610462425581
2894,2944,val,0.0823819242298,-0.670472303081,0.207146386554,0.232220930698,-0.0250745441437
2895,2945,val,0.397565059745,0.590260238979,0.371934612381,0.348384752488,0.0235498598932
2896,2946,val,0.0283528734502,-0.886588506199,0.288802034378,0.297171653847,-0.00836961946905
2897,2947,val,0.0443055233295,-0.822777906682,0.250368108859,0.283428253888,-0.0330601450296
2898,2948,val,0.447122528081,0.788490112324,0.260881568721,0.349913659003,-0.0890320902823
2899,2949,val,0.0978495825747,-0.608601669701,0.267897438844,0.319029086121,-0.0511316472774
2900,2950,val,0.313827605464,0.255310421857,0.396091508667,0.415639530379,-0.0195480217118
2901,2951,val,0.159622415571,-0.361510337716,0.292131190727,0.304361544801,-0.0122303540748
2902,2952,val,0.464402116429,0.857608465715,0.499167224966,0.435778873773,0.0633883511927
2903,2953,val,0.00446243258045,-0.982150269678,0.326855427424,0.264448335,0.0624070924236
2904,2954,val,0.173424070736,-0.306303717058,0.353141657554,0.309693964706,0.0434476928486
2905,2955,val,0.307157438045,0.228629752179,0.277402445351,0.269193292577,0.0082091527737
2906,2956,val,0.134542445176,-0.461830219298,0.236723271042,0.257388208741,-0.0206649376985
2907,2957,val,0.149215004476,-0.403139982096,0.30850315318,0.315381044594,-0.00687789141344
2908,2958,val,0.0895166920776,-0.641933231689,0.25534012098,0.235438889472,0.0199012315075
2909,2959,val,0.40521947963,0.620877918519,0.408379250853,0.336844844068,0.0715344067851
2910,2960,val,0.3491514475,0.396605790001,0.374592165894,0.421910194974,-0.0473180290806
2911,2961,val,0.0510342363342,-0.795863054663,0.310339734116,0.34871472819,-0.0383749940744
2912,2962,val,0.108854950128,-0.564580199487,0.245819359059,0.243906302576,0.00191305648268
2913,2963,val,0.274496777448,0.0979871097939,0.28321864542,0.297691151392,-0.014472505972
2914,2964,val,0.18961009108,-0.241559635682,0.3155656558,0.310734654676,0.00483100112428
2915,2965,val,0.223834422697,-0.104662309213,0.287428010041,0.295549325935,-0.00812131589368
2916,2966,val,0.183415693627,-0.266337225493,0.270767518718,0.235062401616,0.0357051171018
2917,2967,val,0.165538296508,-0.337846813969,0.244884719062,0.231373910164,0.0135108088985
2918,2968,val,0.282522437269,0.130089749075,0.381878643177,0.387052298262,-0.00517365508523
2919,2969,val,0.0525561244091,-0.789775502363,0.301716601931,0.269154319621,0.0325622823103
2920,2970,val,0.319677037584,0.278708150335,0.260488738294,0.26528395062,-0.00479521232639
2921,2971,val,0.315082576521,0.260330306086,0.267392386408,0.286646759286,-0.0192543728779
2922,2972,val,0.206887456587,-0.172450173651,0.303628510606,0.293541708902,0.0100868017039
2923,2973,val,0.232446722702,-0.0702131091901,0.301483673743,0.288406287446,0.0130773862968
2924,2974,val,0.322243305156,0.288973220623,0.342885081771,0.320849279913,0.0220358018572
2925,2975,val,0.10957864373,-0.561685425079,0.283803965485,0.269030691445,0.0147732740403
2926,2976,val,0.32590623725,0.303624949,0.308053935747,0.313338929288,-0.00528499354187
2927,2977,val,0.368799694242,0.475198776968,0.39485727395,0.345158011973,0.0496992619772
2928,2978,val,0.447881319232,0.791525276929,0.31588031855,0.33274187189,-0.0168615533397
2929,2979,val,0.464962971571,0.859851886283,0.466369651175,0.424768421588,0.0416012295871
2930,2980,val,0.311118788319,0.244475153277,0.462617886888,0.428279203375,0.0343386835133
2931,2981,val,0.0758321155701,-0.69667153772,0.342049997312,0.312915974482,0.0291340228301
2932,2982,val,0.424552840959,0.698211363837,0.410872555587,0.396584451756,0.014288103831
2933,2983,val,0.309784371888,0.239137487552,0.447550920204,0.379955800228,0.0675951199756
2934,2984,val,0.284419970005,0.137679880019,0.365488736947,0.360747176641,0.00474156030628
2935,2985,val,0.25195782534,0.00783130135944,0.402216561984,0.354868443404,0.0473481185799
2936,2986,val,0.40666152152,0.626646086081,0.524383090721,0.481746663345,0.0426364273757
2937,2987,val,0.461334999663,0.845339998653,0.675594990867,0.652841013036,0.0227539778307
2938,2988,val,0.167609146378,-0.329563414488,0.568647436844,0.551508526785,0.017138910059
2939,2989,val,0.429464024572,0.717856098289,0.603675249688,0.559152519432,0.0445227302562
2940,2990,val,0.0154648425361,-0.938140629856,0.427837224423,0.374066405266,0.053770819157
2941,2991,val,0.2690298189,0.0761192756,0.501680398688,0.406875532542,0.0948048661462
2942,2992,val,0.131509574262,-0.473961702954,0.435226260843,0.41204160612,0.0231846547229
2943,2993,val,0.417358733447,0.669434933789,0.516394185463,0.533906705613,-0.0175125201504
2944,2994,val,0.34002658839,0.36010635356,0.513071277114,0.525257658681,-0.0121863815676
2945,2995,val,0.257544057969,0.0301762318742,0.543617530694,0.520467340587,0.0231501901065
2946,2996,val,0.27845820196,0.113832807839,0.600112954881,0.549010162071,0.0511027928091
2947,2997,val,0.379019099626,0.516076398504,0.536930631318,0.519237515233,0.0176931160846
2948,2998,val,0.121120527942,-0.515517888233,0.47997349001,0.452720540723,0.0272529492872
2949,2999,val,0.453380041682,0.813520166727,0.378306846694,0.404580057658,-0.0262732109641
2950,3000,val,0.234679192721,-0.061283229118,0.401507841257,0.394350250775,0.00715759048181
2951,3001,val,0.350277789136,0.401111156543,0.388056040489,0.434132346215,-0.0460763057265
2952,3002,val,0.436174961415,0.74469984566,0.582480409928,0.598260721839,-0.0157803119104
2953,3003,val,0.0532474582637,-0.787010166945,0.445788252578,0.45266720348,-0.00687895090202
2954,3004,val,0.117775447516,-0.528898209936,0.387781016569,0.413316679317,-0.0255356627472
2955,3005,val,0.167812654047,-0.328749383812,0.378419938172,0.400702093466,-0.0222821552938
2956,3006,val,0.142520058285,-0.429919766861,0.381198725329,0.391677257933,-0.0104785326035
2957,3007,val,0.340596876501,0.362387506006,0.359349297184,0.421371587723,-0.0620222905387
2958,3008,val,0.215740908529,-0.137036365884,0.429679145756,0.430937100966,-0.00125795521025
2959,3009,val,0.256219535233,0.024878140931,0.407881738217,0.443747600991,-0.0358658627741
2960,3010,val,0.187835189932,-0.248659240273,0.405939357995,0.434100078819,-0.0281607208247
2961,3011,val,0.286287589601,0.145150358405,0.493657842071,0.477983169906,0.0156746721658
2962,3012,val,0.211409480797,-0.154362076814,0.370432531317,0.356766056777,0.0136664745404
2963,3013,val,0.325017393587,0.300069574347,0.343748534624,0.35841668497,-0.0146681503467
2964,3014,val,0.248064034193,-0.00774386322641,0.333596335997,0.345461075074,-0.0118647390767
2965,3015,val,0.465418223283,0.861672893133,0.364692443557,0.415164999709,-0.0504725561516
2966,3016,val,0.434135417315,0.73654166926,0.502141372432,0.498149938868,0.00399143356498
2967,3017,val,0.365150269392,0.460601077566,0.46951661795,0.512442502996,-0.0429258850456
2968,3018,val,0.174128460605,-0.30348615758,0.404528266592,0.441182589613,-0.0366543230208
2969,3019,val,0.489754293908,0.959017175634,0.44219823659,0.529798086525,-0.0875998499345
2970,3020,val,0.103041695695,-0.587833217221,0.368232728356,0.423147656495,-0.0549149281387
2971,3021,val,0.255200259716,0.0208010388639,0.36675158134,0.426286588546,-0.0595350072065
2972,3022,val,0.480135296219,0.920541184875,0.516827838009,0.496519950562,0.020307887447
2973,3023,val,0.141318490808,-0.434726036768,0.413898253036,0.387746741541,0.026151511495
2974,3024,val,0.0397226972051,-0.841109211179,0.338455041453,0.342505591883,-0.00405055042996
2975,3025,val,0.184206453353,-0.263174186588,0.392351995337,0.412855390421,-0.0205033950836
2976,3026,val,0.417481929303,0.669927717212,0.529057316169,0.487181281547,0.0418760346221
2977,3027,val,0.395564401342,0.58225760537,0.474243964291,0.521134978314,-0.0468910140223
2978,3028,val,0.183543246791,-0.265827012838,0.477804751149,0.502749974149,-0.0249452229995
2979,3029,val,0.208069094575,-0.167723621701,0.378702680591,0.447190372838,-0.068487692247
2980,3030,val,0.414246309593,0.656985238371,0.452778558987,0.528999608835,-0.0762210498473
2981,3031,val,0.380473464134,0.521893856538,0.608124364805,0.646875933238,-0.0387515684323
2982,3032,val,0.156789035686,-0.372843857256,0.455001828609,0.443526897707,0.0114749309018
2983,3033,val,0.328291465602,0.31316586241,0.358901422274,0.338220441355,0.0206809809195
2984,3034,val,0.496052092736,0.984208370945,0.424866735677,0.414503323585,0.0103634120917
2985,3035,val,0.0971273729857,-0.611490508057,0.384979539825,0.400468380545,-0.0154888407197
2986,3036,val,0.206452653967,-0.174189384133,0.425468071008,0.425990996521,-0.000522925513015
2987,3037,val,0.454981022185,0.81992408874,0.447375922773,0.463341798191,-0.0159658754178
2988,3038,val,0.21570708693,-0.137171652278,0.400271697089,0.445721679234,-0.0454499821446
2989,3039,val,0.113698633477,-0.545205466091,0.37751869487,0.3632822137,0.0142364811694
2990,3040,val,0.234835820749,-0.0606567170042,0.429111397205,0.425303936892,0.00380746031289
2991,3041,val,0.462149357561,0.848597430243,0.429931604463,0.500458235945,-0.070526631482
2992,3042,val,0.00569889926302,-0.977204402948,0.320640374575,0.340112573921,-0.0194721993462
2993,3043,val,0.0715726958894,-0.713709216442,0.313560883089,0.374744556754,-0.0611836736652
2994,3044,val,0.280274769235,0.121099076942,0.296888466881,0.306642252429,-0.00975378554773
2995,3045,val,0.342302435768,0.369209743074,0.351861412456,0.426277727812,-0.0744163153561
2996,3046,val,0.270696339496,0.0827853579841,0.457024951081,0.516129956905,-0.0591050058238
2997,3047,val,0.243666131524,-0.0253354739042,0.403335659817,0.436601630436,-0.0332659706193
2998,3048,val,0.499438251514,0.997753006055,0.382412234743,0.424562059584,-0.0421498248412
2999,3049,val,0.115821936052,-0.536712255791,0.327459583259,0.38370349676,-0.0562439135009
3000,3050,val,0.202741235256,-0.189035058975,0.399563180654,0.39390747367,0.00565570698403
3001,3051,val,0.46759366364,0.870374654561,0.297439241737,0.319910551194,-0.0224713094578
3002,3052,val,0.00460432182289,-0.981582712708,0.242524319528,0.265143341119,-0.0226190215909
3003,3053,val,0.346137774098,0.384551096393,0.360380892893,0.390468657567,-0.0300877646741
3004,3054,val,0.00559161977632,-0.977633520895,0.274392340455,0.313830027566,-0.0394376871107
3005,3055,val,0.214296119095,-0.142815523618,0.317300648772,0.344994178433,-0.0276935296609
3006,3056,val,0.13106208767,-0.475751649321,0.298015376152,0.329490363205,-0.0314749870536
3007,3057,val,0.0158229564283,-0.936708174287,0.250473106442,0.329003766382,-0.0785306599396
3008,3058,val,0.278287447408,0.113149789632,0.262938643238,0.294707595827,-0.0317689525897
3009,3059,val,0.338552681862,0.354210727449,0.321681087737,0.367549190182,-0.0458681024446
3010,3060,val,0.12279615309,-0.508815387642,0.331281962426,0.3680944547,-0.0368124922745
3011,3061,val,0.0777101662265,-0.689159335094,0.248891849825,0.25945177168,-0.0105599218549
3012,3062,val,0.0184087030293,-0.926365187883,0.220412860628,0.240750297652,-0.0203374370245
3013,3063,val,0.475362808689,0.901451234754,0.201913957781,0.351510571081,-0.1495966133
3014,3064,val,0.485917377268,0.943669509073,0.344303514921,0.468926288934,-0.124622774013
3015,3065,val,0.271723659819,0.0868946392758,0.304864573195,0.347102627112,-0.0422380539168
3016,3066,val,0.462813057697,0.851252230787,0.244892969774,0.357128540483,-0.112235570709
3017,3067,val,0.0505385147894,-0.797845940842,0.22801239181,0.307397357379,-0.079384965569
3018,3068,val,0.457789894241,0.831159576962,0.43176920022,0.394187075626,0.0375821245935
3019,3069,val,0.0391322175851,-0.84347112966,0.298870802724,0.323356038631,-0.0244852359072
3020,3070,val,0.0696793939024,-0.72128242439,0.240450442993,0.274245593367,-0.0337951503747
3021,3071,val,0.488168814989,0.952675259958,0.218849815617,0.279701738247,-0.06085192263
3022,3072,val,0.339257445384,0.357029781537,0.437480998882,0.352530134296,0.084950864586
3023,3073,val,0.39541919105,0.581676764198,0.584015144627,0.49556408557,0.0884510590564
3024,3074,val,0.0696369889531,-0.721452044188,0.400928581631,0.375196988249,0.0257315933815
3025,3075,val,0.395762718667,0.583050874667,0.562984904692,0.501884087844,0.0611008168479
3026,3076,val,0.19206301695,-0.231747932201,0.386150972636,0.375491597058,0.0106593755781
3027,3077,val,0.455155238192,0.820620952766,0.601559705801,0.41136204758,0.190197658221
3028,3078,val,0.0966236545768,-0.613505381693,0.411356033133,0.343878981566,0.0674770515672
3029,3079,val,0.0332773574217,-0.866890570313,0.312090079196,0.269329979166,0.04276010003
3030,3080,val,0.134080740753,-0.46367703699,0.3566583163,0.304779225687,0.0518790906137
3031,3081,val,0.374708510181,0.498834040722,0.473865018632,0.491782835587,-0.0179178169554
3032,3082,val,0.186809601726,-0.252761593097,0.460223131549,0.46881100036,-0.00858786881101
3033,3083,val,0.140667990896,-0.437328036416,0.357457376437,0.360137695288,-0.00268031885058
3034,3084,val,0.150093615638,-0.399625537449,0.373608710228,0.35277276399,0.0208359462381
3035,3085,val,0.332872215641,0.331488862566,0.388231572362,0.460187005133,-0.0719554327712
3036,3086,val,0.1262387645,-0.495044942001,0.382655839683,0.377317330416,0.00533850926709
3037,3087,val,0.0826661364921,-0.669335454031,0.305561216436,0.289994913342,0.0155663030933
3038,3088,val,0.0111757278631,-0.955297088548,0.250614489447,0.229666128706,0.0209483607406
3039,3089,val,0.127895813143,-0.488416747426,0.246781448001,0.217400335693,0.0293811123082
3040,3090,val,0.362899449171,0.451597796685,0.422373775835,0.361546999454,0.0608267763813
3041,3091,val,0.398922736357,0.595690945429,0.415819417036,0.425153886239,-0.00933446920307
3042,3092,val,0.435635470325,0.742541881301,0.39158244082,0.364455805609,0.0271266352109
3043,3093,val,0.373899048825,0.495596195301,0.370860576604,0.38970957182,-0.0188489952154
3044,3094,val,0.47161037098,0.88644148392,0.512529482282,0.483741445687,0.028788036595
3045,3095,val,0.0762265770404,-0.695093691838,0.362678040994,0.344429561304,0.0182484796907
3046,3096,val,0.286061707091,0.144246828366,0.310671334133,0.288226082192,0.0224452519411
3047,3097,val,0.209459088939,-0.162163644242,0.2524699931,0.278595525364,-0.0261255322634
3048,3098,val,0.481301206025,0.925204824099,0.312717115909,0.286437633532,0.0262794823763
3049,3099,val,0.331329936502,0.325319746009,0.430439682987,0.428997247598,0.00144243538827
3050,3100,val,0.10609878008,-0.57560487968,0.374018925562,0.371688906149,0.0023300194129
3051,3101,val,0.205534629236,-0.177861483056,0.416338290259,0.397990159933,0.0183481303259
3052,3102,val,0.0274311053818,-0.890275578473,0.318022909718,0.325187690952,-0.00716478123414
3053,3103,val,0.434241653675,0.736966614699,0.560806234315,0.469582751436,0.0912234828787
3054,3104,val,0.260317709386,0.0412708375444,0.40598116645,0.420355913262,-0.0143747468123
3055,3105,val,0.350402646054,0.401610584217,0.448152109785,0.43041428149,0.0177378282948
3056,3106,val,0.238196847931,-0.0472126082762,0.39509693906,0.36069040901,0.0344065300493
3057,3107,val,0.358883514745,0.435534058982,0.554947012107,0.57305009643,-0.0181030843225
3058,3108,val,0.0452931811593,-0.818827275363,0.405991853378,0.381893813019,0.0240980403583
3059,3109,val,0.00812846307881,-0.967486147685,0.310578271534,0.262563658684,0.0480146128504
3060,3110,val,0.405206594282,0.62082637713,0.383164580648,0.29242011516,0.0907444654887
3061,3111,val,0.454594796025,0.818379184099,0.314101355071,0.322135576198,-0.00803422112642
3062,3112,val,0.370163154556,0.480652618223,0.499681985038,0.483309121016,0.0163728640228
3063,3113,val,0.140664421438,-0.437342314248,0.411725261793,0.419935688511,-0.00821042671805
3064,3114,val,0.189368686444,-0.242525254226,0.408059849291,0.374613748112,0.0334461011786
3065,3115,val,0.212558926921,-0.149764292318,0.382659201781,0.396385799334,-0.0137265975527
3066,3116,val,0.497412113154,0.989648452617,0.560362008148,0.474061609989,0.0863003981596
3067,3117,val,0.370508710995,0.48203484398,0.411833066039,0.41254359609,-0.000710530051454
3068,3118,val,0.150298690373,-0.398805238508,0.309564386343,0.335700506308,-0.0261361199651
3069,3119,val,0.35137998008,0.405519920321,0.468226415308,0.4328757682,0.0353506471082
3070,3120,val,0.463629871127,0.854519484506,0.653755936533,0.675707404928,-0.0219514683944
3071,3121,val,0.000107969350429,-0.999568122598,0.440665794236,0.429266673446,0.0113991207902
3072,3122,val,0.271063230663,0.0842529226502,0.389568265745,0.387633857252,0.00193440849332
3073,3123,val,0.444240798211,0.776963192844,0.42947285024,0.406564179879,0.0229086703613
3074,3124,val,0.164232554037,-0.343069783853,0.376852704709,0.38143993859,-0.00458723388063
3075,3125,val,0.378161838444,0.512647353777,0.57854946397,0.544561314029,0.0339881499404
3076,3126,val,0.466464178658,0.865856714633,0.666420086896,0.678893146055,-0.0124730591594
3077,3127,val,0.332036747683,0.328146990731,0.532221770886,0.564422142498,-0.0322003716122
3078,3128,val,0.366714040793,0.46685616317,0.581889135239,0.52970539203,0.0521837432081
3079,3129,val,0.283956433923,0.13582573569,0.620937212201,0.519479893219,0.101457318982
3080,3130,val,0.325225625926,0.300902503703,0.44996113613,0.426733169611,0.0232279665191
3081,3131,val,0.428537180098,0.714148720394,0.523216618775,0.515287105005,0.00792951376965
3082,3132,val,0.199619736803,-0.201521052787,0.524688285678,0.501385914809,0.0233023708693
3083,3133,val,0.499628805929,0.998515223716,0.519117593019,0.567323820457,-0.0482062274381
3084,3134,val,0.0436299537909,-0.825480184837,0.419967161092,0.449183574837,-0.0292164137458
3085,3135,val,0.135735506606,-0.457057973577,0.434711219108,0.409628293226,0.0250829258814
3086,3136,val,0.38851109854,0.554044394161,0.538527751431,0.558381943415,-0.0198541919847
3087,3137,val,0.0115062941278,-0.953974823489,0.406430274251,0.383114317065,0.0233159571862
3088,3138,val,0.463211125537,0.852844502148,0.521229499898,0.518984217311,0.00224528258706
3089,3139,val,0.391525693675,0.566102774701,0.576603430088,0.605235751731,-0.0286323216431
3090,3140,val,0.297906110575,0.191624442299,0.606161317826,0.528102223526,0.0780590943005
3091,3141,val,0.121506107831,-0.513975568675,0.471912611063,0.398255270296,0.0736573407669
3092,3142,val,0.0983988671955,-0.606404531218,0.433752854108,0.412302529783,0.0214503243245
3093,3143,val,0.0360371053521,-0.855851578592,0.339369977782,0.286576758877,0.0527932189052
3094,3144,val,0.0632969512816,-0.746812194874,0.295276194343,0.255235732161,0.0400404621824
3095,3145,val,0.184550863401,-0.261796546395,0.364400435273,0.319728034961,0.0446724003117
3096,3146,val,0.14864618009,-0.405415279638,0.294853544075,0.277252629274,0.0176009148008
3097,3147,val,0.165312012318,-0.338751950728,0.366858401525,0.353924270478,0.0129341310463
3098,3148,val,0.0672264234829,-0.731094306068,0.327870769534,0.350318675866,-0.0224479063325
3099,3149,val,0.438548851796,0.754195407185,0.461168237332,0.493557159414,-0.0323889220811
3100,3150,val,0.173811119063,-0.304755523747,0.361377905821,0.359506874822,0.001871030999
3101,3151,val,0.153932835418,-0.384268658327,0.298292806283,0.313012978057,-0.0147201717732
3102,3152,val,0.279514374952,0.118057499809,0.257443044,0.286406485034,-0.0289634410338
3103,3153,val,0.0160737421234,-0.935705031507,0.222098436411,0.225515420469,-0.00341698405769
3104,3154,val,0.0265213942382,-0.893914423047,0.210058345873,0.202734581963,0.0073237639098
3105,3155,val,0.484602855899,0.938411423596,0.30430471062,0.298319581104,0.0059851295156
3106,3156,val,0.148811673338,-0.404753306649,0.27542500327,0.250738521883,0.024686481387
3107,3157,val,0.164616284733,-0.341534861068,0.241710244499,0.248133281115,-0.00642303661515
3108,3158,val,0.168238003579,-0.327047985686,0.318954037106,0.295096731071,0.023857306035
3109,3159,val,0.0382642270341,-0.846943091864,0.252721334573,0.261239308563,-0.00851797399003
3110,3160,val,0.126355843991,-0.494576624036,0.239644841207,0.242901109129,-0.00325626792156
3111,3161,val,0.336537579867,0.346150319467,0.344395385541,0.317718012192,0.0266773733483
3112,3162,val,0.0349330304419,-0.860267878233,0.250081784862,0.236143275942,0.0139385089198
3113,3163,val,0.464675440874,0.858701763498,0.226763597758,0.257140693937,-0.0303770961793
3114,3164,val,0.0861126845838,-0.655549261665,0.260830342054,0.269075027224,-0.00824468517017
3115,3165,val,0.145207339221,-0.419170643116,0.2460674419,0.275176663878,-0.0291092219776
3116,3166,val,0.36237904996,0.449516199839,0.295985536519,0.32136631173,-0.0253807752109
3117,3167,val,0.379779162194,0.519116648778,0.32425554426,0.306554110968,0.0177014332928
3118,3168,val,0.3844803543,0.537921417202,0.264086827403,0.319058433525,-0.0549716061215
3119,3169,val,0.226377613061,-0.0944895477558,0.257847783235,0.252374430909,0.00547335232676
3120,3170,val,0.235899399259,-0.0564024029641,0.331375701481,0.29475956029,0.0366161411914
3121,3171,val,0.0368317457346,-0.852673017062,0.24776327573,0.235973850917,0.011789424813
3122,3172,val,0.235256081096,-0.0589756756152,0.371816267036,0.340493482577,0.0313227844595
3123,3173,val,0.40037913198,0.601516527919,0.315813831327,0.307508048415,0.00830578291203
3124,3174,val,0.0819213240575,-0.67231470377,0.258630686014,0.267967720524,-0.00933703451015
3125,3175,val,0.480571669681,0.922286678725,0.476490736484,0.393006906989,0.0834838294959
3126,3176,val,0.467720776159,0.870883104637,0.584299048421,0.544893469104,0.0394055793165
3127,3177,val,0.108445199776,-0.566219200897,0.438109097441,0.427156244346,0.0109528530949
3128,3178,val,0.0726179789074,-0.70952808437,0.333773208852,0.317010184181,0.0167630246706
3129,3179,val,0.288882452804,0.155529811215,0.362697613258,0.339209694981,0.0234879182768
3130,3180,val,0.484376080047,0.937504320188,0.303045619149,0.323962312687,-0.0209166935387
3131,3181,val,0.179518267026,-0.281926931897,0.310211710683,0.282405956658,0.027805754025
3132,3182,val,0.353981651495,0.41592660598,0.463894321431,0.44764350781,0.0162508136208
3133,3183,val,0.175481719902,-0.298073120391,0.349961119855,0.376835473304,-0.026874353449
3134,3184,val,0.352362217835,0.409448871341,0.526903220409,0.509090631914,0.0178125884947
3135,3185,val,0.0440748372279,-0.823700651089,0.398309276035,0.41039588522,-0.0120866091849
3136,3186,val,0.103358595324,-0.586565618703,0.317385818671,0.318645177129,-0.00125935845836
3137,3187,val,0.20538241446,-0.178470342159,0.27795883013,0.283801967418,-0.00584313728815
3138,3188,val,0.479221953512,0.916887814048,0.441691923915,0.458319433887,-0.0166275099712
3139,3189,val,0.321152378883,0.28460951553,0.54870809068,0.550437738962,-0.00172964828247
3140,3190,val,0.0816359619644,-0.673456152142,0.394637688471,0.342533862367,0.0521038261039
3141,3191,val,0.435159887415,0.740639549662,0.528962054814,0.457976364688,0.0709856901269
3142,3192,val,0.293323178488,0.17329271395,0.448260346387,0.484331442439,-0.0360710960529
3143,3193,val,0.270977340317,0.0839093612686,0.472570703743,0.430880399008,0.0416903047358
3144,3194,val,0.270706703245,0.0828268129815,0.362579679453,0.340342453425,0.022237226028
3145,3195,val,0.429962850975,0.719851403902,0.351414177873,0.346762510353,0.0046516675195
3146,3196,val,0.31741888445,0.269675537801,0.376028631312,0.421640603364,-0.0456119720517
3147,3197,val,0.0335754425897,-0.865698229641,0.31596260776,0.332896683039,-0.0169340752787
3148,3198,val,0.422346890532,0.689387562129,0.465242307849,0.459047140307,0.00619516754233
3149,3199,val,0.277888092274,0.111552369097,0.372799365627,0.442374594697,-0.0695752290697
3150,3200,val,0.487209224098,0.948836896392,0.606069395647,0.542632912186,0.0634364834608
3151,3201,val,0.169040316543,-0.323838733828,0.48649754768,0.44715758106,0.0393399666199
3152,3202,val,0.302631718423,0.210526873692,0.472520106875,0.457532550921,0.0149875559535
3153,3203,val,0.37623095334,0.504923813361,0.495687495059,0.536485758947,-0.0407982638886
3154,3204,val,0.374519243897,0.498076975589,0.596942100326,0.586620969297,0.0103211310286
3155,3205,val,0.376952232225,0.5078089289,0.594041162378,0.570054094597,0.0239870677816
3156,3206,val,0.12184445716,-0.512622171361,0.426377846971,0.399153140402,0.0272247065692
3157,3207,val,0.240828142393,-0.0366874304275,0.483498750842,0.439082605194,0.0444161456486
3158,3208,val,0.123877596736,-0.504489613057,0.417552645748,0.408721264899,0.00883138084885
3159,3209,unused,0.485644456335,0.942577825339,0.683567233372,0.596913258348,0.0866539750238
3160,3210,unused,0.380721387593,0.522885550371,0.581478385144,0.574419538451,0.00705884669239
3161,3211,unused,0.19662327462,-0.213506901519,0.515994110859,0.508438849131,0.00755526172822
3162,3212,unused,0.056296997398,-0.774812010408,0.422473315469,0.409261236754,0.0132120787158
3163,3213,unused,0.463248173966,0.852992695864,0.597200142539,0.635307425115,-0.0381072825755
3164,3214,unused,0.117027425645,-0.531890297421,0.504159797876,0.481827949791,0.0223318480848
3165,3215,unused,0.344868893705,0.37947557482,0.446024095467,0.438676404776,0.00734769069103
3166,3216,unused,0.246104315523,-0.0155827379093,0.435963291617,0.412940488872,0.0230228027454
3167,3217,unused,0.436687988725,0.746751954901,0.422839913447,0.45019185585,-0.0273519424031
3168,3218,unused,0.0345390020306,-0.861843991878,0.358298646052,0.381399321117,-0.0231006750655
3169,3219,test,0.153891198032,-0.384435207871,0.384375464039,0.401340431178,-0.0169649671398
3170,3220,test,0.279484335047,0.117937340187,0.387471072934,0.377985044235,0.0094860286997
3171,3221,test,0.115933596127,-0.536265615494,0.312724166878,0.317559780323,-0.00483561344508
3172,3222,test,0.382801169297,0.53120467719,0.526605695629,0.459328639126,0.0672770565032
3173,3223,test,0.281341636112,0.125366544448,0.422581173901,0.435892457413,-0.0133112835128
3174,3224,test,0.424193729588,0.696774918351,0.534975276372,0.487544901077,0.0474303752953
3175,3225,test,0.24637290417,-0.0145083833213,0.464639726785,0.475960411204,-0.0113206844192
3176,3226,test,0.179817901885,-0.280728392461,0.45592535874,0.453241063701,0.00268429503937
3177,3227,test,0.252260612756,0.00904245102327,0.347196866889,0.353781781408,-0.00658491451902
3178,3228,test,0.385554451829,0.542217807314,0.365980171938,0.378236771868,-0.0122565999296
3179,3229,test,0.406086842989,0.624347371957,0.456937544187,0.478002910955,-0.0210653667682
3180,3230,test,0.0335858792387,-0.865656483045,0.340593107539,0.360346080228,-0.019752972689
3181,3231,test,0.0499557207752,-0.800177116899,0.302866686913,0.296053861782,0.00681282513095
3182,3232,test,0.474597044296,0.898388177182,0.455025021112,0.510748146739,-0.0557231256268
3183,3233,test,0.132419839383,-0.47032064247,0.415108093678,0.483239928214,-0.0681318345361
3184,3234,test,0.437075029591,0.748300118363,0.471969358974,0.501710522535,-0.0297411635618
3185,3235,test,0.384778531763,0.539114127052,0.441568974796,0.478025131611,-0.0364561568153
3186,3236,test,0.236497920525,-0.0540083178989,0.411447090196,0.466059516165,-0.0546124259694
3187,3237,test,0.0581425230921,-0.767429907632,0.33952804178,0.325224357279,0.0143036845015
3188,3238,test,0.294942889429,0.179771557715,0.449440046518,0.443315615287,0.00612443123051
3189,3239,test,0.384969015886,0.539876063544,0.34601283145,0.350816684073,-0.00480385262352
3190,3240,test,0.296632364912,0.18652945965,0.294776699229,0.333303010611,-0.038526311382
3191,3241,test,0.430305698729,0.721222794915,0.552656082467,0.520369278604,0.032286803863
3192,3242,test,0.125864475359,-0.496542098562,0.406234185269,0.431596508282,-0.0253623230126
3193,3243,test,0.215067848289,-0.139728606845,0.446733229842,0.437551039849,0.00918218999331
3194,3244,test,0.358278967661,0.433115870642,0.533735750758,0.55954827699,-0.0258125262318
3195,3245,test,0.247766222295,-0.00893511081843,0.460690184273,0.487198480524,-0.0265082962511
3196,3246,test,0.242432098434,-0.0302716062627,0.35704568371,0.373059830403,-0.0160141466924
3197,3247,test,0.0458880297659,-0.816447880936,0.302160112121,0.301717147337,0.000442964783372
3198,3248,test,0.0525465791916,-0.789813683234,0.283681680661,0.303593381127,-0.0199117004654
3199,3249,test,0.420235331307,0.680941325227,0.428593115003,0.490206240348,-0.0616131253455
3200,3250,test,0.285804448544,0.143217794178,0.500192412152,0.536026622245,-0.0358342100923
3201,3251,test,0.369177198322,0.476708793288,0.42659132269,0.465235606744,-0.0386442840539
3202,3252,test,0.0130815582259,-0.947673767096,0.320622610258,0.355186740802,-0.0345641305436
3203,3253,test,0.0185912487554,-0.925635004979,0.271265192136,0.270399036108,0.000866156027512
3204,3254,test,0.0600687618957,-0.759724952417,0.256391613702,0.268053520908,-0.011661907206
3205,3255,test,0.411076314846,0.644305259385,0.372647850921,0.383543039337,-0.0108951884156
3206,3256,test,0.418607077833,0.674428311333,0.30617889556,0.389972693484,-0.0837937979238
3207,3257,test,0.253291936232,0.0131677449267,0.264914498762,0.327139087401,-0.062224588639
3208,3258,test,0.478580472066,0.914321888264,0.526596115698,0.448664829189,0.0779312865091
3209,3259,test,0.235674476353,-0.0573020945885,0.455749593985,0.491678890458,-0.0359292964724
3210,3260,test,0.395882012493,0.583528049972,0.540290679454,0.511273039769,0.0290176396851
3211,3261,test,0.271578692403,0.0863147696103,0.36848429383,0.402706866391,-0.0342225725609
3212,3262,test,0.39064226312,0.562569052481,0.289298066248,0.321461765307,-0.0321636990598
3213,3263,test,0.165663071794,-0.337347712825,0.254539360227,0.278905831027,-0.0243664708006
3214,3264,test,0.0255208472385,-0.897916611046,0.238362018293,0.259815452213,-0.0214534339203
3215,3265,test,0.269276165028,0.0771046601117,0.383698470804,0.393500595579,-0.00980212477525
3216,3266,test,0.0779699719096,-0.688120112362,0.314338340149,0.347067948535,-0.0327296083865
3217,3267,test,0.358981446327,0.435925785308,0.509154743513,0.492675065019,0.0164796784943
3218,3268,test,0.267728942929,0.0709157717159,0.44618078721,0.445514934782,0.000665852428031
3219,3269,test,0.338642107131,0.354568428522,0.51972421362,0.490594751333,0.0291294622874
3220,3270,test,0.303765197488,0.215060789953,0.480074059183,0.502478502173,-0.0224044429903
3221,3271,test,0.0339698443423,-0.864120622631,0.355233893054,0.3933895128,-0.0381556197467
3222,3272,test,0.177617205948,-0.289531176209,0.318034635777,0.319905979244,-0.00187134346732
3223,3273,test,0.337513036414,0.350052145655,0.269064947287,0.320019387941,-0.0509544406544
3224,3274,test,0.333095721739,0.332382886955,0.366839541116,0.336212634931,0.0306269061848
3225,3275,test,0.264313595684,0.0572543827357,0.313641863761,0.359979415689,-0.0463375519282
3226,3276,test,0.42896876895,0.715875075801,0.486119510624,0.494741917562,-0.0086224069376
3227,3277,test,0.149552883747,-0.401788465012,0.404676448512,0.422433920067,-0.0177574715553
3228,3278,test,0.246608713009,-0.0135651479632,0.426788714787,0.429480731709,-0.00269201692213
3229,3279,test,0.443421996617,0.773687986467,0.51416246834,0.518414420685,-0.00425195234436
3230,3280,test,0.18454415432,-0.261823382721,0.364804254805,0.370998155549,-0.00619390074356
3231,3281,test,0.385505309684,0.542021238735,0.381815893863,0.386160668591,-0.00434477472854
3232,3282,test,0.0385917177889,-0.845633128844,0.307504788928,0.270166673061,0.0373381158675
3233,3283,test,0.114555466667,-0.541778133334,0.308458817221,0.322551450247,-0.0140926330266
3234,3284,test,0.0973433705625,-0.61062651775,0.290892410581,0.283829519363,0.00706289121743
3235,3285,test,0.228703307038,-0.0851867718466,0.389680639646,0.403100254651,-0.0134196150049
3236,3286,test,0.398776441266,0.595105765063,0.381860194474,0.428361748014,-0.0465015535397
3237,3287,test,0.394259892504,0.577039570015,0.432392899972,0.431251419598,0.00114148037325
3238,3288,test,0.334461865071,0.337847460283,0.534298710177,0.518077336833,0.0162213733438
3239,3289,test,0.360344032096,0.441376128382,0.464383784009,0.505044390003,-0.040660605994
3240,3290,test,0.243743871133,-0.0250245154696,0.469797308852,0.480084216128,-0.0102869072757
3241,3291,test,0.240549946586,-0.0378002136553,0.347909410309,0.359072185483,-0.0111627751745
3242,3292,test,0.350691350693,0.402765402771,0.332948365974,0.342195570874,-0.00924720489987
3243,3293,test,0.178858382135,-0.28456647146,0.291801487268,0.295887452595,-0.00408596532674
3244,3294,test,0.370958202373,0.483832809491,0.372225522788,0.425466580834,-0.0532410580457
3245,3295,test,0.313606545281,0.254426181122,0.474023058396,0.468977330775,0.00504572762114
3246,3296,test,0.180624720775,-0.277501116901,0.446240156466,0.501777937068,-0.0555377806015
3247,3297,test,0.24252662476,-0.0298935009609,0.448498194354,0.500289961854,-0.0517917674998
3248,3298,test,0.11896891348,-0.524124346079,0.392637863219,0.435546542396,-0.0429086791766
3249,3299,test,0.441713427864,0.766853711454,0.458610750401,0.473844245371,-0.0152334949694
3250,3300,test,0.319043489695,0.276173958781,0.445219725722,0.459962824612,-0.01474309889
3251,3301,test,0.393866287754,0.575465151015,0.530023273051,0.561078243096,-0.0310549700454
3252,3302,test,0.146743291696,-0.413026833216,0.409475314363,0.411983269787,-0.00250795542476
3253,3303,test,0.022397234779,-0.910411060884,0.322702748099,0.336818706643,-0.0141159585436
3254,3304,test,0.154788179992,-0.380847280031,0.339000254142,0.376805754037,-0.0378054998949
3255,3305,test,0.195192106704,-0.219231573186,0.326900921295,0.319318281474,0.0075826398211
3256,3306,test,0.0656240881976,-0.73750364721,0.289273957956,0.310028974931,-0.0207550169753
3257,3307,test,0.237907255165,-0.0483709793407,0.286547671028,0.316229678936,-0.0296820079077
3258,3308,test,0.31969603184,0.27878412736,0.452235027152,0.428854881876,0.0233801452761
3259,3309,test,0.264651974256,0.0586078970228,0.449604868333,0.510650712251,-0.0610458439182
3260,3310,test,0.425442536337,0.701770145349,0.572803721503,0.596139918258,-0.0233361967546
3261,3311,test,0.196673186885,-0.213307252461,0.42907874357,0.418946407534,0.010132336036
3262,3312,test,0.256852544296,0.0274101771843,0.320543088302,0.323190325469,-0.00264723716747
3263,3313,test,0.252245219415,0.00898087765988,0.315451729838,0.337513368133,-0.0220616382951
3264,3314,test,0.305285518242,0.221142072968,0.343662593327,0.371432776973,-0.0277701836461
3265,3315,test,0.461623404228,0.846493616913,0.313596287622,0.34501047523,-0.0314141876085
3266,3316,test,0.179063909328,-0.283744362686,0.317136558493,0.334505075138,-0.0173685166453
3267,3317,test,0.386284610638,0.545138442552,0.440647869526,0.477918601612,-0.0372707320864
3268,3318,test,0.468795087684,0.875180350737,0.505428518242,0.56108659979,-0.0556580815478
3269,3319,test,0.251267550154,0.00507020061446,0.513265123261,0.551017688079,-0.0377525648178
3270,3320,test,0.279928034787,0.119712139147,0.441051924104,0.472624178721,-0.031572254617
3271,3321,test,0.0522275378953,-0.791089848419,0.339321936629,0.358282177111,-0.018960240482
3272,3322,test,0.195610551574,-0.217557793705,0.34113058566,0.341487463211,-0.000356877551028
3273,3323,test,0.242692540258,-0.0292298389674,0.379495543248,0.408456652074,-0.0289611088257
3274,3324,test,0.45819528914,0.83278115656,0.605779923367,0.571876856153,0.0339030672138
3275,3325,test,0.368597667039,0.474390668154,0.507856288762,0.565034412597,-0.0571781238353
3276,3326,test,0.20612940272,-0.175482389118,0.483296560602,0.517491183571,-0.034194622969
3277,3327,test,0.416904412359,0.667617649436,0.648278828105,0.622096146203,0.0261826819018
3278,3328,test,0.0332067537021,-0.867172985191,0.461448676899,0.435793707956,0.0256549689435
3279,3329,test,0.377834871425,0.511339485699,0.50600770138,0.437712506102,0.0682951952785
3280,3330,test,0.0491597052347,-0.803361179061,0.374911160663,0.353639956007,0.0212712046561
3281,3331,test,0.0506681165912,-0.797327533635,0.314460666487,0.286184958731,0.0282757077566
3282,3332,test,0.373624447146,0.494497788586,0.403034329763,0.394782603447,0.0082517263158
3283,3333,test,0.485504506822,0.942018027287,0.648996235798,0.585598096294,0.0633981395035
3284,3334,test,0.188791747443,-0.24483301023,0.559839818394,0.496597305567,0.0632425128268
3285,3335,test,0.203771841667,-0.184912633331,0.468345335402,0.436394675434,0.0319506599683
3286,3336,test,0.269492397724,0.0779695908969,0.523042212449,0.440845435686,0.0821967767633
3287,3337,test,0.449365515874,0.797462063494,0.407659722296,0.431781660302,-0.0241219380066
3288,3338,test,0.436554324955,0.746217299819,0.56485868659,0.49566451487,0.0691941717202
3289,3339,test,0.269445640736,0.0777825629453,0.42407785028,0.401259916998,0.0228179332823
3290,3340,test,0.173238063735,-0.30704774506,0.339819669163,0.342044048339,-0.00222437917554
3291,3341,test,0.0899585767664,-0.640165692934,0.331440308768,0.334739844321,-0.0032995355525
3292,3342,test,0.0236260823893,-0.905495670443,0.29404772297,0.289670371773,0.00437735119718
3293,3343,test,0.480447864522,0.921791458089,0.391345365815,0.459232187951,-0.0678868221361
3294,3344,test,0.452590139253,0.810360557012,0.439968149325,0.448601474567,-0.00863332524206
3295,3345,test,0.000338231551987,-0.998647073792,0.324181817428,0.338960845844,-0.0147790284156
3296,3346,test,0.0316991286218,-0.873203485513,0.284113171674,0.263516231783,0.0205969398911
3297,3347,test,0.429305473204,0.717221892814,0.520359681252,0.484114520798,0.0362451604545
3298,3348,test,0.288320152442,0.153280609767,0.47447773314,0.502823391793,-0.0283456586533
3299,3349,test,0.107791109089,-0.568835563642,0.361069748867,0.402369029951,-0.0412992810842
3300,3350,test,0.223609464003,-0.105562143989,0.306390285818,0.328944208324,-0.0225539225062
3301,3351,test,0.207903082903,-0.16838766839,0.256386854216,0.294098792661,-0.037711938445
3302,3352,test,0.102141509894,-0.591433960423,0.297347166683,0.345409846998,-0.0480626803147
3303,3353,test,0.0058046874805,-0.976781250078,0.247494575915,0.314082978577,-0.0665884026616
3304,3354,test,0.435799038008,0.743196152033,0.217926912996,0.302633378548,-0.0847064655526
3305,3355,test,0.372673816325,0.490695265299,0.218944457497,0.301301797573,-0.0823573400756
3306,3356,test,0.474015526843,0.896062107372,0.50579107449,0.422916741208,0.0828743332821
3307,3357,test,0.408737353853,0.634949415411,0.51464913344,0.524506217688,-0.0098570842483
3308,3358,test,0.0988646789091,-0.604541284364,0.35788249145,0.326178124104,0.0317043673463
3309,3359,test,0.0883679541834,-0.646528183266,0.29576681988,0.297126279347,-0.00135945946737
3310,3360,test,0.236649444047,-0.0534022238132,0.310127724631,0.321469430725,-0.0113417060936
3311,3361,test,0.125303988365,-0.498784046538,0.262202920478,0.259386503575,0.00281641690278
3312,3362,test,0.00834192182404,-0.966632312704,0.221054808169,0.184359317145,0.0366954910239
3313,3363,test,0.258691697361,0.0347667894446,0.370259311213,0.326385777283,0.0438735339296
3314,3364,test,0.100759539237,-0.596961843053,0.328026118093,0.322188556582,0.00583756151091
3315,3365,test,0.0180715562185,-0.927713775126,0.266770712586,0.280420373469,-0.0136496608833
3316,3366,test,0.202451450455,-0.190194198181,0.349940357558,0.358760244848,-0.0088198872898
3317,3367,test,0.464160114429,0.856640457715,0.331147803776,0.388844906405,-0.0576971026292
3318,3368,test,0.380230437056,0.520921748223,0.300959592644,0.353503625927,-0.0525440332833
3319,3369,test,0.151192537758,-0.395229848968,0.289646843789,0.279817353269,0.00982949052006
3320,3370,test,0.319393753293,0.277575013172,0.290809489084,0.349925949954,-0.05911646087
3321,3371,test,0.12527099193,-0.498916032278,0.232589069553,0.262369498775,-0.0297804292216
3322,3372,test,0.020785640277,-0.916857438892,0.212512104175,0.212206422778,0.00030568139724
3323,3373,test,0.197987126525,-0.208051493898,0.2252635952,0.289156017233,-0.0638924220327
3324,3374,test,0.376747264136,0.506989056544,0.209640199534,0.231865428859,-0.0222252293249
3325,3375,test,0.357835272761,0.431341091043,0.299957162408,0.32756462761,-0.0276074652021
3326,3376,test,0.380837819032,0.52335127613,0.496272856447,0.461893391552,0.0343794648955
3327,3377,test,0.0865998563556,-0.653600574577,0.36995532832,0.350236065395,0.0197192629258
3328,3378,test,0.0051515785441,-0.979393685824,0.266309095253,0.271814501506,-0.0055054062525
3329,3379,test,0.436907426854,0.747629707417,0.427732004269,0.400495683859,0.0272363204109
3330,3380,test,0.0621081223592,-0.751567510563,0.304813780473,0.292524205816,0.012289574657
3331,3381,test,0.415761898261,0.663047593043,0.250815536919,0.291598366901,-0.0407828299827
3332,3382,test,0.0606669865937,-0.757332053625,0.231677390946,0.22125492672,0.0104224642256
3333,3383,test,0.226311275413,-0.0947548983476,0.33310299558,0.370914798598,-0.0378118030178
3334,3384,test,0.489022955142,0.956091820568,0.515549922932,0.59109612809,-0.0755462051584
3335,3385,test,0.240459561337,-0.0381617546501,0.482152042276,0.544707186338,-0.0625551440619
3336,3386,test,0.34601922265,0.384076890599,0.378270379597,0.440481384263,-0.0622110046659
3337,3387,test,0.423301559708,0.693206238832,0.28409140662,0.362833507255,-0.0787421006351
3338,3388,test,0.193751004481,-0.224995982076,0.361558287574,0.351318796599,0.0102394909755
3339,3389,test,0.295570055823,0.182280223291,0.300537321435,0.358896195785,-0.0583588743495
3340,3390,test,0.112223846011,-0.551104615957,0.311879819575,0.369565452324,-0.0576856327494
3341,3391,test,0.108823256427,-0.56470697429,0.257260493114,0.294437988766,-0.0371774956523
3342,3392,test,0.0434968802722,-0.826012478911,0.23639954263,0.286251051853,-0.0498515092235
3343,3393,test,0.287886391512,0.151545566047,0.423001046667,0.390786282571,0.0322147640958
3344,3394,test,0.484344486305,0.937377945219,0.47669570444,0.506948233412,-0.0302525289718
3345,3395,test,0.354292932677,0.417171730709,0.510601055255,0.538616048285,-0.0280149930303
3346,3396,test,0.214785995653,-0.140856017389,0.47994310662,0.482695925707,-0.00275281908728
3347,3397,test,0.130966167839,-0.476135328642,0.369442038465,0.381873757485,-0.0124317190204
3348,3398,test,0.034487554608,-0.862049781568,0.294974249877,0.301732935605,-0.0067586857274
3349,3399,test,0.378326425811,0.513305703242,0.30616926365,0.362001678519,-0.0558324148691
3350,3400,test,0.0432479428145,-0.827008228742,0.255036785879,0.261214430977,-0.00617764509821
3351,3401,test,0.306651579957,0.226606319828,0.24254667723,0.289993515559,-0.0474468383285
3352,3402,test,0.499755877703,0.99902351081,0.432168832192,0.466402862144,-0.0342340299523
3353,3403,test,0.484179166928,0.936716667713,0.663323414293,0.657428562669,0.00589485162427
3354,3404,test,0.201710657504,-0.193157369986,0.539883569829,0.50252261211,0.0373609577189
3355,3405,test,0.0117962772261,-0.952814891095,0.376282152717,0.371240334135,0.00504181858217
3356,3406,test,0.226746851564,-0.0930125937434,0.331928435844,0.304309321378,0.0276191144665
3357,3407,test,0.403336641455,0.613346565819,0.283705173143,0.296939315077,-0.0132341419335
3358,3408,test,0.402450737858,0.609802951432,0.46635271273,0.349395314294,0.116957398436
3359,3409,test,0.0475531606626,-0.80978735735,0.333868761963,0.285148432211,0.0487203297524
3360,3410,test,0.262139685012,0.0485587400484,0.386262307173,0.364338191126,0.0219241160467
3361,3411,test,0.248593735034,-0.00562505986408,0.480573177951,0.469529624363,0.0110435535879
3362,3412,test,0.469629910037,0.878519640148,0.688436917498,0.653255084128,0.0351818333696
3363,3413,test,0.322210077028,0.288840308113,0.560661509024,0.572980094926,-0.0123185859013
3364,3414,test,0.0199681868235,-0.920127252706,0.393241628318,0.418643121258,-0.0254014929399
3365,3415,test,0.13443201525,-0.462271939001,0.348268304811,0.360773519583,-0.0125052147723
3366,3416,test,0.161907297779,-0.352370808883,0.376847938701,0.341769612919,0.0350783257823
3367,3417,test,0.477089288859,0.908357155436,0.582427371834,0.54345105983,0.0389763120037
3368,3418,test,0.341818766214,0.367275064854,0.433561685463,0.479966265153,-0.0464045796898
3369,3419,test,0.062702632231,-0.749189471076,0.354099359442,0.355377090398,-0.00127773095621
3370,3420,test,0.189638949582,-0.241444201672,0.358464793985,0.362972786332,-0.00450799234682
3371,3421,test,0.403447582015,0.613790328059,0.573773204168,0.527540440155,0.0462327640134
3372,3422,test,0.266482908008,0.0659316320323,0.534896988232,0.501044730895,0.0338522573367
3373,3423,test,0.206369499831,-0.174522000674,0.387436566724,0.392488754147,-0.00505218742318
3374,3424,test,0.239377329076,-0.0424906836967,0.348633131236,0.309731234516,0.0389018967204
3375,3425,test,0.27051044064,0.082041762559,0.345214756526,0.285594959681,0.0596197968451
3376,3426,test,0.098121858749,-0.607512565004,0.347924768947,0.354531569655,-0.00660680070816
3377,3427,test,0.26226776829,0.049071073161,0.413069377437,0.381029289509,0.0320400879276
3378,3428,test,0.219922685636,-0.120309257454,0.329224213527,0.327333619017,0.00189059451019
3379,3429,test,0.306342403372,0.22536961349,0.35163422901,0.343835833477,0.00779839553255
3380,3430,test,0.190840270717,-0.236638917131,0.391137148798,0.37640967446,0.0147274743374
3381,3431,test,0.0435719514797,-0.825712194081,0.313434064964,0.303426767578,0.0100072973864
3382,3432,test,0.184452104909,-0.262191580364,0.310094585285,0.331266668417,-0.0211720831319
3383,3433,test,0.443996382789,0.775985531155,0.407305053195,0.46571982413,-0.0584147709348
3384,3434,test,0.121385677313,-0.514457290748,0.343898531038,0.344676316247,-0.000777785208418
3385,3435,test,0.402868278684,0.611473114736,0.323557321909,0.354951246391,-0.0313939244822
3386,3436,test,0.453891737653,0.815566950613,0.432757519758,0.471857505617,-0.0390999858589
3387,3437,test,0.339739520392,0.35895808157,0.420146881526,0.455377701025,-0.0352308194992
3388,3438,test,0.128495951924,-0.486016192303,0.361203292072,0.341432041422,0.0197712506492
3389,3439,test,0.195396701606,-0.218413193577,0.330308273836,0.355872654798,-0.0255643809616
3390,3440,test,0.0161127390193,-0.935549043923,0.2601599924,0.241507212786,0.0186527796141
3391,3441,test,0.466072232727,0.864288930908,0.35256527757,0.355470014941,-0.00290473737065
3392,3442,test,0.279296960405,0.117187841619,0.454219096475,0.395920514772,0.0582985817028
3393,3443,test,0.137761109454,-0.448955562185,0.345064400262,0.340535216625,0.00452918363619
3394,3444,test,0.0552092273573,-0.779163090571,0.299405998734,0.297662350465,0.0017436482686
3395,3445,test,0.167926269281,-0.328294922877,0.357736831629,0.365940960978,-0.00820412934944
3396,3446,test,0.475796565624,0.903186262495,0.514426705568,0.500065677633,0.0143610279357
3397,3447,test,0.0012332252123,-0.995067099151,0.349612131724,0.333516523847,0.0160956078766
3398,3448,test,0.236419610772,-0.0543215569113,0.337539047386,0.329216677339,0.00832237004682
3399,3449,test,0.0680048271886,-0.727980691246,0.263679872945,0.255040415485,0.00863945746026
3400,3450,test,0.387564644424,0.550258577698,0.496651271092,0.443419736418,0.0532315346737
3401,3451,test,0.0760311812693,-0.695875274923,0.374489427701,0.333359388604,0.0411300390974
3402,3452,test,0.33155686148,0.32622744592,0.351878929064,0.344258170638,0.007620758426
3403,3453,test,0.099258003162,-0.602967987352,0.278713803937,0.277510836167,0.00120296777025
3404,3454,test,0.143278904702,-0.426884381192,0.270209388012,0.230207074968,0.0400023130444
3405,3455,test,0.46634584784,0.865383391361,0.562460737459,0.45006694704,0.112393790419
3406,3456,test,0.07838491252,-0.68646034992,0.375741235877,0.273826844405,0.101914391472
3407,3457,test,0.295237512446,0.180950049782,0.386201256859,0.351605572615,0.034595684244
3408,3458,test,0.364794345821,0.459177383283,0.324472253671,0.36477411289,-0.0403018592189
3409,3459,test,0.474107741788,0.896430967152,0.532738644999,0.424203062137,0.108535582863
3410,3460,test,0.221948870441,-0.112204518236,0.39044477429,0.3472611923,0.04318358199
3411,3461,test,0.445887401515,0.78354960606,0.513997867356,0.412712954055,0.101284913301
3412,3462,test,0.471856339536,0.887425358142,0.426914485654,0.409456824801,0.0174576608534
3413,3463,test,0.0482185319444,-0.807125872222,0.325141472316,0.294170286003,0.0309711863126
3414,3464,test,0.171041275798,-0.31583489681,0.383978319946,0.343589526401,0.0403887935456
3415,3465,test,0.160665548199,-0.357337807205,0.315143699766,0.311672486877,0.00347121288965
3416,3466,test,0.225512739977,-0.0979490400938,0.357044089867,0.350837055644,0.00620703422336
3417,3467,test,0.300573951194,0.202295804776,0.442209436985,0.388653727038,0.0535557099469
3418,3468,test,0.270198706325,0.0807948252981,0.513526872271,0.432364411415,0.0811624608561
3419,3469,test,0.391233015666,0.564932062665,0.492178556108,0.487718280856,0.00446027525198
3420,3470,test,0.458739110922,0.834956443687,0.656859954425,0.610158855884,0.0467010985409
3421,3471,test,0.160193624292,-0.359225502833,0.555836330731,0.547236322547,0.0086000081839
3422,3472,test,0.373754023772,0.495016095089,0.41798069765,0.432548569694,-0.0145678720441
3423,3473,test,0.374646157716,0.498584630865,0.414721738239,0.385637554358,0.0290841838812
3424,3474,test,0.481943711931,0.927774847722,0.434902553869,0.424206604346,0.0106959495235
3425,3475,test,0.0925464652828,-0.629814138869,0.3618127475,0.321246245547,0.0405665019524
3426,3476,test,0.322511759462,0.290047037846,0.438020287115,0.407467605162,0.0305526819534
3427,3477,test,0.00798633141314,-0.968054674347,0.338192003613,0.338931755776,-0.000739752163264
3428,3478,test,0.359412751864,0.437651007454,0.490569331226,0.486868746601,0.00370058462532
3429,3479,test,0.465354493476,0.861417973903,0.680242553941,0.585993818684,0.0942487352579
3430,3480,test,0.396808133149,0.587232532596,0.562310745639,0.503794243084,0.0585165025548
3431,3481,test,0.0276913478547,-0.889234608581,0.416208744476,0.396342059296,0.0198666851809
3432,3482,test,0.0560968654006,-0.775612538397,0.351178074306,0.341921979874,0.00925609443237
3433,3483,test,0.232347790032,-0.0706088398725,0.452128404748,0.431979348141,0.0201490566063
3434,3484,test,0.366751955059,0.467007820234,0.388857751333,0.410601574422,-0.0217438230893
3435,3485,test,0.412483089624,0.649932358497,0.503298112106,0.462635226689,0.0406628854171
3436,3486,test,0.0444676757625,-0.82212929695,0.367809314031,0.405181783439,-0.0373724694084
3437,3487,test,0.332705319675,0.330821278698,0.473401835979,0.446322907362,0.0270789286169
3438,3488,test,0.132838396331,-0.468646414677,0.445664133142,0.454183449468,-0.00851931632514
3439,3489,test,0.0127531392182,-0.948987443127,0.344708647046,0.329714695973,0.014993951073
3440,3490,test,0.427523053709,0.710092214834,0.295378915951,0.368131287263,-0.0727523713112
3441,3491,test,0.289668473262,0.158673893048,0.272634280473,0.329372049117,-0.0567377686443
3442,3492,test,0.492679640477,0.97071856191,0.406596159418,0.417992819024,-0.0113966596059
3443,3493,test,0.214837445347,-0.140650218611,0.420479377547,0.420875262445,-0.000395884897991
3444,3494,test,0.111207032867,-0.555171868533,0.377339673009,0.347328964794,0.0300107082159
3445,3495,test,0.147078212617,-0.411687149533,0.296731403661,0.286052914819,0.010678488842
3446,3496,test,0.344302823326,0.377211293305,0.41575283668,0.365042167572,0.0507106691074
3447,3497,test,0.110610943122,-0.557556227511,0.324692289624,0.330791832783,-0.0060995431588
3448,3498,test,0.299205090468,0.196820361871,0.261575643517,0.299652427039,-0.0380767835223
3449,3499,test,0.391150418457,0.564601673829,0.473987096228,0.437259647854,0.036727448374
3450,3500,test,0.235547082467,-0.0578116701317,0.42856016113,0.486515433402,-0.0579552722718
3451,3501,test,0.431314747002,0.725258988009,0.626137730388,0.625095247944,0.00104248244315
3452,3502,test,0.222094400995,-0.11162239602,0.485637354368,0.502220178387,-0.0165828240192
3453,3503,test,0.0739161857018,-0.704335257193,0.357841379627,0.357740133782,0.000101245845338
3454,3504,test,0.301488856929,0.205955427718,0.346297745071,0.35463756687,-0.00833982179907
3455,3505,test,0.419738981161,0.678955924643,0.490222899187,0.473960978538,0.016261920649
3456,3506,test,0.369258668857,0.47703467543,0.411542148149,0.45895894041,-0.0474167922608
3457,3507,test,0.086014599181,-0.655941603276,0.34862414139,0.367259504693,-0.0186353633034
3458,3508,test,0.430101781598,0.720407126393,0.530680417005,0.515966216508,0.0147142004966
3459,3509,test,0.382990495333,0.53196198133,0.513913217079,0.558410477965,-0.0444972608857
3460,3510,test,0.458152908045,0.832611632178,0.667230476059,0.618587845946,0.0486426301121
3461,3511,test,0.455584748854,0.822338995416,0.611348990269,0.586237556989,0.0251114332799
3462,3512,test,0.224009024257,-0.103963902971,0.453844653347,0.454165638433,-0.000320985085846
3463,3513,test,0.1262735345,-0.494905862002,0.400627835602,0.366326382265,0.0343014533371
3464,3514,test,0.0313061048003,-0.874775580799,0.33553546474,0.337788274398,-0.00225280965796
3465,3515,test,0.389295996335,0.55718398534,0.496204359282,0.469362639301,0.0268417199802
3466,3516,test,0.285633289296,0.142533157184,0.404047874462,0.395324086094,0.00872378836788
3467,3517,test,0.172465449816,-0.310138200738,0.428685867301,0.384045305824,0.044640561477
3468,3518,test,0.0303503920105,-0.878598431958,0.349829030175,0.371214028657,-0.0213849984824
3469,3519,test,0.0954297535282,-0.618280985887,0.35206317683,0.379084814609,-0.0270216377785
3470,3520,test,0.463923578702,0.855694314809,0.601857678646,0.616028335958,-0.0141706573122
3471,3521,test,0.464260799049,0.857043196195,0.569988415936,0.691231300488,-0.121242884552
3472,3522,test,0.285472827669,0.141891310674,0.450256979109,0.499526775031,-0.0492697959221
3473,3523,test,0.497467285491,0.989869141965,0.357248808849,0.404937073044,-0.047688264195
3474,3524,test,0.359544774189,0.438179096755,0.494753777095,0.517222519278,-0.022468742183
3475,3525,test,0.368794819468,0.475179277871,0.517877953447,0.535500968746,-0.0176230152988
3476,3526,test,0.427540673607,0.710162694428,0.483178942714,0.485593681648,-0.0024147389345
3477,3527,test,0.164513567566,-0.341945729736,0.363713104117,0.395254984035,-0.0315418799176
3478,3528,test,0.0678861027702,-0.728455588919,0.301408301116,0.28838548463,0.0130228164863
3479,3529,test,0.311437691422,0.245750765686,0.474848958798,0.385289874884,0.0895590839139
3480,3530,test,0.0773784962838,-0.690486014865,0.405914944495,0.357293538215,0.0486214062796
3481,3531,test,0.119565908673,-0.521736365306,0.362664477358,0.367796154658,-0.00513167730031
3482,3532,test,0.152989178782,-0.388043284871,0.399334723985,0.401782643512,-0.002447919527
3483,3533,test,0.229787593344,-0.0808496266231,0.426809280764,0.407744512405,0.0190647683585
3484,3534,test,0.0916350443515,-0.633459822594,0.369015507062,0.384314026517,-0.0152985194548
3485,3535,test,0.105052528559,-0.579789885762,0.353812114275,0.378897503298,-0.025085389023
3486,3536,test,0.0814648710367,-0.674140515853,0.295960125341,0.28985933932,0.00610078602157
3487,3537,test,0.206237115794,-0.175051536824,0.265333031972,0.238021065583,0.0273119663882
3488,3538,test,0.00652217771785,-0.973911289129,0.231137745245,0.214156705864,0.0169810393802
3489,3539,test,0.321852458758,0.28740983503,0.248127499172,0.236278221192,0.0118492779803
3490,3540,test,0.193181921517,-0.227272313931,0.250747172714,0.244483201447,0.00626397126786
3491,3541,test,0.0809734447823,-0.676106220871,0.23396267155,0.237220711398,-0.00325803984764
3492,3542,test,0.0179106488354,-0.928357404658,0.212325137475,0.190867424905,0.0214577125696
3493,3543,test,0.253000884065,0.0120035362594,0.229124740456,0.253076879073,-0.0239521386174
3494,3544,test,0.0225329168472,-0.909868332611,0.203100205514,0.16951620891,0.0335839966038
3495,3545,test,0.057915620425,-0.7683375183,0.193634687566,0.197822332845,-0.00418764527922
3496,3546,test,0.491907993556,0.967631974223,0.333147259336,0.238037388316,0.0951098710202
3497,3547,test,0.177084361815,-0.291662552741,0.241664975667,0.243765103893,-0.00210012822588
3498,3548,test,0.12632920164,-0.494683193441,0.262210084112,0.277539938773,-0.0153298546605
3499,3549,test,0.33723914886,0.348956595439,0.307956462089,0.349099161684,-0.0411426995959
3500,3550,test,0.336960600737,0.347842402949,0.271314107526,0.283808945249,-0.0124948377232
3501,3551,test,0.288842689036,0.155370756144,0.222911720597,0.258449370052,-0.0355376494557
3502,3552,test,0.199901323433,-0.200394706268,0.270348289978,0.291449601766,-0.0211013117876
3503,3553,test,0.36362038486,0.454481539441,0.22766685097,0.222300270233,0.00536658073695
3504,3554,test,0.0263702924788,-0.894518830085,0.199435806773,0.19057405199,0.0088617547829
3505,3555,test,0.0291694447842,-0.883322220863,0.206585290433,0.236766029557,-0.0301807391243
3506,3556,test,0.19555319115,-0.217787235399,0.240189512669,0.25018871835,-0.0099992056813
3507,3557,test,0.178557887364,-0.285768450543,0.235319082031,0.25543600767,-0.0201169256387
3508,3558,test,0.283515330365,0.134061321461,0.342769680668,0.318490226538,0.0242794541295
3509,3559,test,0.210792667743,-0.15682932903,0.352640188294,0.357004054814,-0.00436386652024
3510,3560,test,0.479507576557,0.918030306228,0.458845258519,0.401732070705,0.0571131878137
3511,3561,test,0.31497205317,0.25988821268,0.39534377716,0.390020512128,0.00532326503175
3512,3562,test,0.213203962668,-0.14718414933,0.392792031038,0.393444379262,-0.000652348224475
3513,3563,test,0.148749263235,-0.405002947061,0.283653413857,0.305814055838,-0.0221606419807
3514,3564,test,0.307233345034,0.228933380138,0.242612462581,0.23880142232,0.00381104026087
3515,3565,test,0.328894865166,0.315579460664,0.307478968711,0.297880422924,0.0095985457862
3516,3566,test,0.104232303983,-0.583070784067,0.270151553565,0.271444471003,-0.00129291743843
3517,3567,test,0.297606963444,0.190427853774,0.351936224488,0.297125623224,0.0548106012645
3518,3568,test,0.2393334767,-0.0426660931998,0.341053378861,0.337168728091,0.00388465076999
3519,3569,test,0.209062357177,-0.163750571293,0.410606003835,0.407762660384,0.00284334345093
3520,3570,test,0.0395440044706,-0.841823982118,0.312786054753,0.354688215374,-0.0419021606206
3521,3571,test,0.223590698236,-0.105637207056,0.317082736822,0.294315928485,0.0227668083367
3522,3572,test,0.472930312502,0.891721250007,0.351858159326,0.358145078697,-0.00628691937022
3523,3573,test,0.0789591560675,-0.68416337573,0.298053411849,0.282940764922,0.0151126469268
3524,3574,test,0.459450739287,0.837802957149,0.463824984964,0.392044026291,0.0717809586728
3525,3575,test,0.364472757625,0.4578910305,0.375558368809,0.406713508707,-0.0311551398978
3526,3576,test,0.481561803531,0.926247214122,0.493231325305,0.476015108342,0.0172162169622
3527,3577,test,0.435782032075,0.743128128299,0.496057390453,0.560676448527,-0.0646190580744
3528,3578,test,0.204838672035,-0.180645311858,0.408795150251,0.390015448584,0.0187797016661
3529,3579,test,0.328161215128,0.312644860514,0.322388132762,0.33445472567,-0.0120665929074
3530,3580,test,0.376006042744,0.504024170977,0.384716269723,0.405361720461,-0.0206454507381
3531,3581,test,0.118984075569,-0.524063697722,0.375063797653,0.366628704561,0.00843509309167
3532,3582,test,0.058440138102,-0.766239447592,0.293882383745,0.292566750924,0.00131563282152
3533,3583,test,0.353844136061,0.415376544242,0.489502733632,0.401542349026,0.0879603846061
3534,3584,test,0.309724830005,0.238899320022,0.516602202893,0.474131462074,0.0424707408186
3535,3585,test,0.269158095222,0.0766323808895,0.556749761279,0.496081546819,0.0606682144606
3536,3586,test,0.459845745758,0.839382983032,0.688344582308,0.60447042136,0.0838741609477
3537,3587,test,0.366784662011,0.467138648043,0.575183306163,0.556639896149,0.0185434100141
3538,3588,test,0.148067015434,-0.407731938264,0.478054846947,0.469931161047,0.00812368590037
3539,3589,test,0.376575145776,0.506300583102,0.567684748755,0.520499018671,0.0471857300846
3540,3590,test,0.000233716991213,-0.999065132035,0.41016177812,0.342974960397,0.067186817723
3541,3591,test,0.480532059753,0.922128239014,0.366712341273,0.366721218547,-8.87727339982e-06
3542,3592,test,0.451421978072,0.805687912287,0.540243962889,0.492182621004,0.0480613418849
3543,3593,test,0.406888317174,0.627553268697,0.591281097406,0.567361530209,0.0239195671965
3544,3594,test,0.227188742107,-0.0912450315711,0.525532827883,0.489089643127,0.0364431847564
3545,3595,test,0.375784709551,0.503138838202,0.656129214306,0.596855957038,0.059273257267
3546,3596,test,0.0514802757924,-0.794078896831,0.502294892711,0.463150033578,0.0391448591329
3547,3597,test,0.301894111358,0.207576445431,0.448669479094,0.438632686435,0.0100367926589
3548,3598,test,0.0759966815676,-0.69601327373,0.391642350278,0.3719938693,0.0196484809778
3549,3599,test,0.320679184998,0.282716739993,0.315522621384,0.36450307976,-0.048980458376
3550,3600,test,0.171130122554,-0.315479509786,0.39291512853,0.395252014413,-0.0023368858823
3551,3601,test,0.33817830035,0.352713201401,0.539809186323,0.535500381471,0.00430880485228
3552,3602,test,0.235550864963,-0.0577965401494,0.538069411117,0.552781125493,-0.0147117143765
3553,3603,test,0.36010118959,0.440404758358,0.516014440999,0.527085037746,-0.0110705967464
3554,3604,test,0.496669304359,0.986677217437,0.659295181226,0.584290335578,0.075004845648
3555,3605,test,0.185493199722,-0.258027201111,0.475629551074,0.451195228572,0.0244343225013
3556,3606,test,0.254852625305,0.0194105012197,0.471768812223,0.409398958421,0.0623698538019
3557,3607,test,0.187525852377,-0.249896590492,0.374937091406,0.354166511971,0.0207705794349
3558,3608,test,0.40874223625,0.634968945001,0.496746682204,0.478679190684,0.0180674915207
3559,3609,test,0.0806199835375,-0.67752006585,0.38845881068,0.324867828755,0.0635909819251
3560,3610,test,0.156544628601,-0.373821485595,0.390219682378,0.348040245644,0.0421794367339
3561,3611,test,0.150431426737,-0.398274293052,0.364864069708,0.369787787332,-0.00492371762361
3562,3612,test,0.391827649406,0.567310597622,0.50641091251,0.522614852975,-0.0162039404648
3563,3613,test,0.0306558106279,-0.877376757489,0.39235932937,0.430091170083,-0.0377318407131
3564,3614,test,0.485870552565,0.943482210261,0.441583071223,0.47784798044,-0.0362649092167
3565,3615,test,0.299843476595,0.199373906381,0.442104879468,0.453986801405,-0.0118819219371
3566,3616,test,0.249864288961,-0.000542844155299,0.397292792229,0.427205412989,-0.0299126207599
3567,3617,test,0.0607774008057,-0.756890396777,0.33978298641,0.331869550065,0.00791343634493
3568,3618,test,0.0569816485271,-0.772073405892,0.279497543039,0.278101386661,0.0013961563781
3569,3619,test,0.256049984529,0.0241999381169,0.299071125898,0.293924720964,0.00514640493355
3570,3620,test,0.423091774604,0.692367098417,0.342809626342,0.383668124426,-0.0408584980843
3571,3621,test,0.080050081026,-0.679799675896,0.315124478715,0.353193456335,-0.0380689776204
3572,3622,test,0.133059570358,-0.467761718567,0.259836873169,0.255116078216,0.00472079495371
3573,3623,test,0.457509590756,0.830038363026,0.556981109248,0.497991522417,0.0589895868304
3574,3624,test,0.141674819377,-0.433300722493,0.433134520973,0.430142631851,0.00299188912255
3575,3625,test,0.0010775527011,-0.995689789196,0.30972989245,0.284383592489,0.0253462999615
3576,3626,test,0.43887509245,0.755500369802,0.28764732551,0.299979768105,-0.0123324425949
3577,3627,test,0.349246466933,0.396985867731,0.26538484864,0.303412605354,-0.0380277567142
3578,3628,test,0.181653523853,-0.273385904588,0.293825604445,0.334587318851,-0.0407617144054
3579,3629,test,0.48042961427,0.92171845708,0.542461196535,0.465630522936,0.0768306735996
3580,3630,test,0.307391622274,0.229566489097,0.397479572073,0.407207462174,-0.00972789010162
3581,3631,test,0.40344170866,0.613766834639,0.372537210057,0.391718057981,-0.0191808479242
3582,3632,test,0.306312593481,0.225250373922,0.491246219293,0.434376836218,0.056869383075
3583,3633,test,0.454744266818,0.818977067271,0.441044212263,0.389960470031,0.0510837422322
3584,3634,test,0.082528049204,-0.669887803184,0.317005650517,0.281558072172,0.035447578345
3585,3635,test,0.216396982532,-0.134412069872,0.396495647709,0.360536371836,0.0359592758737
3586,3636,test,0.124610275607,-0.501558897572,0.359664066441,0.350156531063,0.00950753537817
3587,3637,test,0.423606820325,0.694427281301,0.393047200353,0.482338489775,-0.0892912894219
3588,3638,test,0.275653459719,0.102613838874,0.495266188798,0.483243460784,0.0120227280138
3589,3639,test,0.122027618416,-0.511889526335,0.409005858124,0.425115563805,-0.0161097056806
3590,3640,test,0.187279051199,-0.250883795205,0.419325813835,0.44257464551,-0.0232488316748
3591,3641,test,0.103970888435,-0.58411644626,0.359418504874,0.387317447298,-0.0278989424245
3592,3642,test,0.366088021462,0.46435208585,0.530888874167,0.520455778129,0.0104330960379
3593,3643,test,0.342466001105,0.369864004421,0.41105519191,0.485171006435,-0.0741158145242
3594,3644,test,0.449275362926,0.797101451703,0.453234201933,0.444623985469,0.00861021646414
3595,3645,test,0.213966109649,-0.144135561403,0.371763972767,0.409243134853,-0.0374791620863
3596,3646,test,0.016790042649,-0.932839829404,0.300317819114,0.318069860027,-0.0177520409128
3597,3647,test,0.422910098119,0.691640392478,0.427175989039,0.434033189096,-0.00685720005656
3598,3648,test,0.0852700078353,-0.658919968659,0.332986109022,0.35160421275,-0.0186181037276
3599,3649,test,0.185796297102,-0.256814811591,0.318939294704,0.317549960872,0.00138933383219
3600,3650,test,0.259507053719,0.0380282148754,0.298747080124,0.299076225605,-0.000329145480807
3601,3651,test,0.349920631904,0.399682527616,0.438606318929,0.414107687013,0.0244986319163
3602,3652,test,0.483040247595,0.932160990381,0.564890282373,0.618888845054,-0.0539985626817
3603,3653,test,0.409923461407,0.639693845627,0.656373844771,0.665345981262,-0.00897213649105
3604,3654,test,0.47054023993,0.88216095972,0.584557011869,0.612291461466,-0.0277344495967
3605,3655,test,0.0215235203208,-0.913905918717,0.401424020711,0.380909265766,0.0205147549453
3606,3656,test,0.47551024713,0.902040988519,0.608862564075,0.459875729736,0.148986834339
3607,3657,test,0.282575203994,0.130300815976,0.459831248585,0.431438064682,0.028393183903
3608,3658,test,0.100481138884,-0.598075444464,0.373213555599,0.371565700577,0.00164785502217
3609,3659,test,0.376697912104,0.506791648414,0.446404511742,0.44155649379,0.00484801795171
3610,3660,test,0.197557662038,-0.209769351846,0.445487257665,0.416516462751,0.0289707949149
3611,3661,test,0.211743766342,-0.153024934634,0.49798586414,0.458738772024,0.0392470921164
3612,3662,test,0.380794030064,0.523176120257,0.609008659043,0.59176680675,0.0172418522938
3613,3663,test,0.144396022218,-0.422415911129,0.53940287987,0.511964693989,0.0274381858816
3614,3664,test,0.0119800375931,-0.952079849628,0.396146167084,0.346215153221,0.0499310138634
3615,3665,test,0.0527413721828,-0.789034511269,0.351097143342,0.340868399475,0.010228743867
3616,3666,test,0.282913236402,0.131652945608,0.408235072589,0.390046590149,0.0181884824404
3617,3667,test,0.191186681227,-0.235253275091,0.343686683593,0.337315758333,0.00637092526007
3618,3668,test,0.30394885467,0.215795418679,0.450645742827,0.422267515398,0.028378227429
3619,3669,test,0.484182814031,0.936731256124,0.479801917468,0.528185445721,-0.0483835282529
3620,3670,test,0.117519238961,-0.529923044158,0.389737680474,0.360696824687,0.029040855787
3621,3671,test,0.0274767621696,-0.890092951321,0.319639294302,0.293136071143,0.0265032231594
3622,3672,test,0.0425450710584,-0.829819715766,0.273627892176,0.221997927189,0.0516299649877
3623,3673,test,0.213890522445,-0.14443791022,0.240001144006,0.216135534528,0.0238656094772
3624,3674,test,0.187938815202,-0.248244739192,0.230700203487,0.2308415655,-0.000141362012865
3625,3675,test,0.118408803466,-0.526364786135,0.259683761188,0.248520583627,0.011163177561
3626,3676,test,0.295901199514,0.183604798055,0.306854859367,0.343511397669,-0.0366565383017
3627,3677,test,0.480933082705,0.923732330822,0.461869860284,0.459448327544,0.00242153273972
3628,3678,test,0.251365831686,0.00546332674208,0.499929466609,0.497671624988,0.00225784162178
3629,3679,test,0.0914665154009,-0.634133938396,0.3526363961,0.361555340926,-0.00891894482555
3630,3680,test,0.447144142346,0.788576569385,0.283016515418,0.348390875899,-0.0653743604812
3631,3681,test,0.468811948595,0.87524779438,0.260501702089,0.316772536547,-0.0562708344577
3632,3682,test,0.381399508118,0.525598032473,0.34179129434,0.312526006843,0.0292652874966
3633,3683,test,0.315769621477,0.263078485908,0.34687410922,0.327244169374,0.0196299398467
3634,3684,test,0.357793041692,0.431172166768,0.32560589287,0.393513793525,-0.0679079006548
3635,3685,test,0.260768838065,0.0430753522588,0.369408574639,0.407484744389,-0.0380761697496
3636,3686,test,0.114251129563,-0.542995481748,0.358785401409,0.387631993189,-0.0288465917792
3637,3687,test,0.454303278131,0.817213112523,0.443518995069,0.473146760272,-0.0296277652031
3638,3688,test,0.159754530201,-0.360981879196,0.334409751509,0.364196117106,-0.029786365597
3639,3689,test,0.422346452155,0.689385808619,0.540723897599,0.507283130624,0.0334407669754
3640,3690,test,0.353886753977,0.415547015909,0.608532322345,0.569653796291,0.0388785260543
3641,3691,test,0.177646904445,-0.289412382221,0.503772584059,0.485457709469,0.0183148745893
3642,3692,test,0.461909014987,0.847636059947,0.575039827443,0.627503900815,-0.0524640733719
3643,3693,test,0.426837838596,0.707351354383,0.628291937916,0.627859391813,0.000432546103162
3644,3694,test,0.34370950732,0.374838029281,0.570205106612,0.515998418281,0.0542066883308
3645,3695,test,0.432024103187,0.728096412748,0.485732600375,0.465134697298,0.0205979030772
3646,3696,test,0.370559412049,0.482237648195,0.620862810277,0.594696499734,0.0261663105421
3647,3697,test,0.373751737725,0.495006950902,0.540694550965,0.582832316338,-0.0421377653727
3648,3698,test,0.447691692001,0.790766768002,0.692040843256,0.683312490735,0.00872835252095
3649,3699,test,0.447036272847,0.788145091387,0.744424369375,0.666611743271,0.0778126261042
3650,3700,test,0.242263414004,-0.030946343985,0.610079001494,0.552799283816,0.057279717678
3651,3701,test,0.0140624571212,-0.943750171515,0.474910531256,0.422803689351,0.052106841905
3652,3702,test,0.410829608018,0.643318432072,0.64661219733,0.56416583782,0.08244635951
3653,3703,test,0.477550042565,0.910200170259,0.73462295979,0.647820831705,0.0868021280843
3654,3704,test,0.420638874036,0.682555496143,0.817777506301,0.693040398729,0.124737107572
3655,3705,test,0.417774661932,0.671098647729,0.837919188687,0.675381613281,0.162537575406
3656,3706,test,0.426196031264,0.704784125058,0.871851517048,0.690238589921,0.181612927126
3657,3707,test,0.399090697585,0.596362790338,0.933440750592,0.713564797461,0.219875953131
3658,3708,test,0.319545159829,0.278180639317,0.937982537411,0.680880183945,0.257102353466
3659,3709,test,0.0714649209957,-0.714140316017,0.764249324883,0.533015159522,0.231234165361
3660,3710,test,0.181516724548,-0.273933101806,0.624643583394,0.385014620082,0.239628963312
3661,3711,test,0.330588593889,0.322354375556,0.729855541597,0.45115942714,0.278696114457
3662,3712,test,0.341135108393,0.364540433573,0.851575098664,0.502906462981,0.348668635683
3663,3713,test,0.197423040696,-0.210307837216,0.825092976797,0.519992043878,0.305100932918
3664,3714,test,0.117858577037,-0.528565691851,0.75944198425,0.477066613708,0.282375370542
3665,3715,test,0.316414457672,0.26565783069,0.839057467271,0.542485760408,0.296571706863
3666,3716,test,0.319711204941,0.278844819766,0.884486426298,0.603213720427,0.281272705872
3667,3717,test,0.422780511254,0.691122045015,0.928412636978,0.570633839351,0.357778797627
3668,3718,test,0.0767054459145,-0.693178216342,0.764833063872,0.427330251585,0.337502812287
3669,3719,test,0.160130836248,-0.359476655009,0.677898558679,0.345627150674,0.332271408005
3670,3720,test,0.0826495801893,-0.669401679243,0.611625665357,0.307153857402,0.304471807955
3671,3721,test,0.143211686635,-0.427153253459,0.597513907871,0.357629307879,0.239884599993
3672,3722,test,0.0600448741263,-0.759820503495,0.528271558465,0.280585583371,0.247685975094
3673,3723,test,0.444467435029,0.777869740117,0.532957763268,0.330677774151,0.202279989117
3674,3724,test,0.346257211408,0.385028845633,0.614081364058,0.434188558434,0.179892805624
3675,3725,test,0.481771254879,0.927085019515,0.729553853626,0.556930251248,0.172623602378
3676,3726,test,0.0941017535437,-0.623592985825,0.629131164309,0.429295013637,0.199836150672
3677,3727,test,0.220226609651,-0.119093561395,0.522140689028,0.359097968706,0.163042720322
3678,3728,test,0.202536261634,-0.189854953463,0.467363326116,0.277027846414,0.190335479702
3679,3729,test,0.37077514355,0.4831005742,0.424294044227,0.334601532706,0.0896925115209
3680,3730,test,0.236171685726,-0.0553132570967,0.3980321876,0.313639795738,0.084392391862
3681,3731,test,0.332037691234,0.328150764938,0.357646621931,0.346463725859,0.0111828960716
3682,3732,test,0.175642162295,-0.297431350819,0.417445038012,0.372673363007,0.0447716750049
3683,3733,test,0.0733147790596,-0.706740883762,0.369607159074,0.379824106152,-0.0102169470787
3684,3734,test,0.375894392538,0.503577570151,0.573619961852,0.510280018713,0.0633399431393
3685,3735,test,0.119049088973,-0.523803644107,0.429106720543,0.371676436436,0.0574302841069
3686,3736,test,0.32373518989,0.294940759558,0.434120054139,0.379534841151,0.0545852129879
3687,3737,test,0.404718212666,0.618872850664,0.448553814017,0.428085134318,0.0204686796986
3688,3738,test,0.193133864011,-0.227464543956,0.438862888394,0.401515938716,0.0373469496774
3689,3739,test,0.139804075385,-0.440783698462,0.375349875828,0.341963957921,0.0333859179072
3690,3740,test,0.257788751689,0.0311550067577,0.420616506367,0.429933139359,-0.00931663299156
3691,3741,test,0.0323717959373,-0.870512816251,0.32440869949,0.299017159096,0.0253915403941
3692,3742,test,0.458082349611,0.832329398442,0.316338783345,0.356522285506,-0.0401835021607
3693,3743,test,0.0580002327441,-0.767999069024,0.292937781562,0.316945428827,-0.0240076472651
3694,3744,test,0.164510022035,-0.341959911861,0.276635731434,0.305753667446,-0.0291179360117
3695,3745,test,0.0971512894051,-0.61139484238,0.282132721868,0.300571939214,-0.0184392173454
3696,3746,test,0.0293376505741,-0.882649397704,0.253374386503,0.296040903749,-0.0426665172455
3697,3747,test,0.149857592269,-0.400569630923,0.262869893778,0.293824309561,-0.0309544157825
3698,3748,test,0.496125962648,0.984503850593,0.325532898785,0.376298996266,-0.0507660974816
3699,3749,test,0.31727581506,0.26910326024,0.371294183793,0.389106934262,-0.0178127504683
3700,3750,test,0.186799677743,-0.252801289027,0.278494726159,0.274972871489,0.00352185466907
3701,3751,test,0.451703388998,0.806813555992,0.535476131433,0.438485484027,0.0969906474054
3702,3752,test,0.366576473531,0.466305894125,0.378079768312,0.441283688605,-0.0632039202926
3703,3753,test,0.0995332118482,-0.601867152607,0.299552289816,0.323202557443,-0.023650267627
3704,3754,test,0.483983406442,0.935933625768,0.309273692076,0.337858447967,-0.0285847558916
3705,3755,test,0.319178221569,0.276712886278,0.257797568583,0.272054661096,-0.014257092513
3706,3756,test,0.377118836953,0.508475347812,0.304282854185,0.335719665701,-0.0314368115163
3707,3757,test,0.291155546038,0.164622184153,0.458510926828,0.437778156835,0.0207327699932
3708,3758,test,0.482459274533,0.929837098131,0.547821103371,0.602711458936,-0.0548903555654
3709,3759,test,0.124304795337,-0.502780818651,0.401634996592,0.457450357331,-0.0558153607392
3710,3760,test,0.106753721873,-0.572985112506,0.368548779461,0.404385932933,-0.0358371534721
3711,3761,test,0.10083348942,-0.596666042322,0.337157349797,0.348439181373,-0.0112818315763
3712,3762,test,0.258502013405,0.0340080536212,0.301486134063,0.37323869652,-0.071752562457
3713,3763,test,0.0862569429965,-0.654972228014,0.307123688011,0.340806667222,-0.0336829792116
3714,3764,test,0.384895053725,0.539580214901,0.43159683838,0.507443550253,-0.0758467118734
3715,3765,test,0.127198331906,-0.491206672375,0.381622216541,0.411018586637,-0.0293963700962
3716,3766,test,0.00344471525448,-0.986221138982,0.289258447874,0.317333383253,-0.0280749353791
3717,3767,test,0.292798058367,0.171192233469,0.453989456609,0.427707424196,0.026282032413
3718,3768,test,0.148490648231,-0.406037407077,0.350601398069,0.354418528631,-0.00381713056256
3719,3769,test,0.12153905097,-0.51384379612,0.288154320172,0.284783367546,0.00337095262582
3720,3770,test,0.0366797436713,-0.853281025315,0.242558551757,0.212670188974,0.0298883627829
3721,3771,test,0.46091992116,0.843679684641,0.392526086986,0.352352016295,0.0401740706902
3722,3772,test,0.00700798992973,-0.971968040281,0.286157792169,0.23103757886,0.0551202133093
3723,3773,test,0.427966246267,0.711864985067,0.481914805241,0.383652712191,0.0982620930498
3724,3774,test,0.249512592606,-0.0019496295753,0.378886447693,0.362908019263,0.01597842843
3725,3775,test,0.144080735622,-0.423677057512,0.281580716485,0.272558594301,0.00902212218433
3726,3776,test,0.285733629312,0.142934517248,0.358478713128,0.345892482606,0.0125862305219
3727,3777,test,0.44139747357,0.765589894279,0.368858623967,0.386756228944,-0.0178976049771
3728,3778,test,0.12096659241,-0.516133630358,0.295964877516,0.276300147477,0.0196647300382
3729,3779,test,0.396253306591,0.585013226365,0.260536438605,0.293799936685,-0.0332634980801
3730,3780,test,0.0795535726782,-0.681785709287,0.276769476368,0.28957856952,-0.012809093152
3731,3781,test,0.0826466048896,-0.669413580442,0.230696829582,0.261894991039,-0.031198161457
3732,3782,test,0.363944904874,0.455779619495,0.439983649496,0.340886272202,0.0990973772935
3733,3783,test,0.259225472752,0.0369018910063,0.40323311917,0.376430186153,0.0268029330162
3734,3784,test,0.384001865207,0.536007460829,0.370393275007,0.398270406727,-0.0278771317194
3735,3785,test,0.0548442360716,-0.780623055714,0.295489042071,0.264115087092,0.0313739549787
3736,3786,test,0.476604896241,0.906419584965,0.552966669743,0.466249148283,0.0867175214602
3737,3787,test,0.192117276656,-0.231530893375,0.397377598933,0.39571661174,0.0016609871928
3738,3788,test,0.214342917496,-0.142628330016,0.416620644078,0.404870907593,0.0117497364844
3739,3789,test,0.132540685376,-0.469837258495,0.316711992471,0.29427695528,0.0224350371914
3740,3790,test,0.0860479691568,-0.655808123373,0.264276512028,0.223659160819,0.0406173512095
3741,3791,test,0.449552566791,0.798210267163,0.473430779386,0.348101039124,0.125329740261
3742,3792,test,0.418565641755,0.67426256702,0.497824136545,0.468181557756,0.029642578789
3743,3793,test,0.0865294189191,-0.653882324323,0.398462620193,0.416162946635,-0.0177003264419
3744,3794,test,0.413914159251,0.655656637004,0.332954848544,0.421728137501,-0.0887732889566
3745,3795,test,0.365362102954,0.461448411816,0.526780408828,0.507205272845,0.0195751359827
3746,3796,test,0.0554418053345,-0.778232778662,0.384039903206,0.348268947266,0.0357709559393
3747,3797,test,0.130948622794,-0.476205508825,0.334284638627,0.316240084004,0.0180445546228
3748,3798,test,0.0982693869701,-0.60692245212,0.28576653419,0.280779967632,0.00498656655791
3749,3799,test,0.143210147114,-0.427159411545,0.258717658543,0.24068437166,0.0180332868832
3750,3800,test,0.000442801509078,-0.998228793964,0.226508027694,0.263192757907,-0.0366847302137
3751,3801,test,0.255300888591,0.0212035543626,0.370359236594,0.354819420664,0.0155398159306
3752,3802,test,0.120881931709,-0.516472273166,0.293752893733,0.258559235283,0.0351936584501
3753,3803,test,0.21003565666,-0.159857373361,0.368639728282,0.307089893258,0.0615498350243
3754,3804,test,0.289984682249,0.159938728996,0.43184940162,0.404533625868,0.0273157757519
3755,3805,test,0.0819738116035,-0.672104753586,0.311528861383,0.289798003006,0.0217308583776
3756,3806,test,0.248547633768,-0.0058094649289,0.293143161408,0.26022854839,0.0329146130174
3757,3807,test,0.362396149033,0.449584596132,0.287891502766,0.336564920703,-0.048673417937
3758,3808,test,0.0804901539789,-0.678039384084,0.248686452089,0.260149588559,-0.01146313647
3759,3809,test,0.371598446187,0.48639378475,0.213288199825,0.255609941596,-0.042321741771
3760,3810,test,0.352343515376,0.409374061503,0.331396912054,0.312300549738,0.0190963623164
3761,3811,test,0.110891080817,-0.556435676731,0.271730066585,0.275997354694,-0.00426728810892
3762,3812,test,0.241781399799,-0.0328744008024,0.299157839646,0.285632195039,0.0135256446072
3763,3813,test,0.401569412347,0.606277649388,0.410151764086,0.330137433127,0.0800143309592
3764,3814,test,0.147841089713,-0.408635641149,0.3047735855,0.268157713479,0.0366158720208
3765,3815,test,0.0925231715583,-0.629907313767,0.27121221861,0.235691774306,0.0355204443034
3766,3816,test,0.0217427022214,-0.913029191114,0.232934877703,0.220220573583,0.0127143041194
3767,3817,test,0.39749015848,0.58996063392,0.251311933199,0.302867811225,-0.0515558780255
3768,3818,test,0.242054683858,-0.0317812645685,0.345933287866,0.334684065515,0.0112492223503
3769,3819,test,0.0799524248877,-0.680190300449,0.296747993249,0.309674072783,-0.0129260795339
3770,3820,test,0.0782779405877,-0.686888237649,0.2467848463,0.269663041816,-0.0228781955161
3771,3821,test,0.0779269776255,-0.688292089498,0.238460485926,0.236074947214,0.00238553871194
3772,3822,test,0.0792231071557,-0.683107571377,0.253805101938,0.269373319529,-0.0155682175912
3773,3823,test,0.255403902054,0.021615608217,0.26897439818,0.287923478963,-0.0189490807831
3774,3824,test,0.0863941716518,-0.654423313393,0.229141169252,0.188542692426,0.0405984768255
3775,3825,test,0.198202787866,-0.207188848536,0.205399405555,0.212045813465,-0.00664640790952
3776,3826,test,0.382928303138,0.531713212551,0.416323791383,0.384501521862,0.031822269521
3777,3827,test,0.0975694131172,-0.609722347531,0.317627359752,0.290751138382,0.0268762213699
3778,3828,test,0.115464823438,-0.538140706247,0.253908465178,0.253407908978,0.000500556199698
3779,3829,test,0.359147533535,0.436590134141,0.252965149239,0.280710209722,-0.0277450604835
3780,3830,test,0.480243682712,0.920974730846,0.265965662623,0.308414175153,-0.0424485125302
3781,3831,test,0.0631256164511,-0.747497534196,0.223230764196,0.267695589365,-0.0444648251696
3782,3832,test,0.370577004539,0.482308018155,0.338934310952,0.254493757578,0.0844405533743
3783,3833,test,0.168145436069,-0.327418255723,0.270454740311,0.26605832996,0.00439641035164
3784,3834,test,0.442953851624,0.771815406498,0.350339861937,0.353824284193,-0.00348442225587
3785,3835,test,0.384210358045,0.536841432182,0.476503803263,0.380250893029,0.0962529102345
3786,3836,test,0.105192068467,-0.579231726133,0.333783035039,0.294019393091,0.0397636419485
3787,3837,test,0.252663706631,0.0106548265245,0.295360122686,0.266321085027,0.0290390376596
3788,3838,test,0.126867055382,-0.492531778473,0.302165473906,0.288777376762,0.0133880971435
3789,3839,test,0.066640616367,-0.733437534532,0.285637487594,0.309834252791,-0.0241967651963
3790,3840,test,0.440711425792,0.762845703169,0.272300525677,0.317476275961,-0.0451757502844
3791,3841,test,0.467314537467,0.869258149867,0.48432396103,0.397173233786,0.0871507272447
3792,3842,test,0.229834342601,-0.0806626295945,0.385838054522,0.383844477248,0.00199357727342
3793,3843,test,0.288137544765,0.152550179059,0.473885325702,0.415919972262,0.0579653534406
3794,3844,test,0.2426445287,-0.0294218851989,0.468729685737,0.432641015999,0.0360886697374
3795,3845,test,0.313961874447,0.255847497787,0.378713754009,0.360006002692,0.0187077513172
3796,3846,test,0.330663665776,0.322654663102,0.408631481772,0.372273663084,0.0363578186878
3797,3847,test,0.32330819552,0.29323278208,0.360847713654,0.356747971878,0.00409974177542
3798,3848,test,0.431570022822,0.726280091286,0.320335733738,0.34802798086,-0.0276922471222
3799,3849,test,0.168706691171,-0.325173235318,0.369119517488,0.412705401186,-0.0435858836977
3800,3850,test,0.384481568224,0.537926272897,0.552644326441,0.540631480355,0.0120128460857
3801,3851,test,0.158152303755,-0.36739078498,0.436456671214,0.439657996988,-0.00320132577383
3802,3852,test,0.344174964412,0.376699857649,0.470369882611,0.458616355198,0.0117535274131
3803,3853,test,0.32366608958,0.294664358319,0.458626834793,0.442087158198,0.0165396765958
3804,3854,test,0.450331407009,0.801325628035,0.546541283126,0.507565801302,0.0389754818237
3805,3855,test,0.426628265718,0.706513062873,0.593136962638,0.574328942875,0.0188080197632
3806,3856,test,0.0208936445636,-0.916425421745,0.422025113184,0.395716776515,0.0263083366697
3807,3857,test,0.0396682472586,-0.841327010966,0.347877857005,0.37609827797,-0.0282204209654
3808,3858,test,0.250897417865,0.00358967146125,0.346426014844,0.339068049423,0.00735796542102
3809,3859,test,0.408956370806,0.635825483224,0.518476641897,0.420056953886,0.0984196880101
3810,3860,test,0.49421684072,0.976867362878,0.494434987613,0.529532403858,-0.0350974162457
3811,3861,test,0.288140375335,0.152561501341,0.511656340698,0.556699765576,-0.0450434248773
3812,3862,test,0.105740961464,-0.577036154145,0.425318164169,0.444839052573,-0.019520888404
3813,3863,test,0.43114953049,0.72459812196,0.618030969705,0.630310968637,-0.0122799989323
3814,3864,test,0.282145877353,0.128583509411,0.615033132137,0.603127187785,0.0119059443515
3815,3865,test,0.258610335033,0.0344413401302,0.443064810737,0.449497799328,-0.00643298859134
3816,3866,test,0.264835250164,0.0593410006554,0.353736056549,0.35479239235,-0.00105633580017
3817,3867,test,0.274518759179,0.0980750367145,0.392103977469,0.410728532409,-0.0186245549401
3818,3868,test,0.126054579241,-0.495781683037,0.38746026734,0.400781730532,-0.0133214631923
3819,3869,test,0.012573560632,-0.949705757472,0.317761458181,0.320346555458,-0.00258509727783
3820,3870,test,0.140111999721,-0.439552001116,0.328313695515,0.348940282477,-0.0206265869619
3821,3871,test,0.452349848177,0.809399392707,0.342347519006,0.417817224882,-0.0754697058759
3822,3872,test,0.098551422343,-0.605794310628,0.338729444372,0.408035807116,-0.069306362744
3823,3873,test,0.0711217836934,-0.715512865226,0.301778005193,0.324819635492,-0.0230416302991
3824,3874,test,0.463741684295,0.85496673718,0.428070543755,0.429613023019,-0.00154247926355
3825,3875,test,0.403331812926,0.613327251703,0.466412728704,0.513101285458,-0.0466885567534
3826,3876,test,0.157748681673,-0.369005273308,0.390158167798,0.393908920796,-0.00375075299857
3827,3877,test,0.0275491204257,-0.889803518297,0.294301844516,0.277515429594,0.016786414922
3828,3878,test,0.150133259551,-0.399466961794,0.244027784418,0.225993326551,0.0180344578674
3829,3879,test,0.32168875314,0.28675501256,0.28293500705,0.340320055566,-0.0573850485164
3830,3880,test,0.310525188217,0.242100752867,0.44392003802,0.430228844486,0.0136911935334
3831,3881,test,0.286765657445,0.147062629781,0.353979152566,0.377739901636,-0.0237607490691
3832,3882,test,0.314240608054,0.256962432215,0.302448415189,0.326565702118,-0.0241172869282
3833,3883,test,0.455945606497,0.823782425987,0.560945931024,0.496349530459,0.0645964005654
3834,3884,test,0.28366315067,0.134652602681,0.545559103252,0.500133465909,0.0454256373426
3835,3885,test,0.35016941009,0.400677640362,0.452492224973,0.460157429572,-0.00766520459918
3836,3886,test,0.107353015513,-0.570587937948,0.327758502961,0.323926578463,0.00383192449757
3837,3887,test,0.151371431726,-0.394514273096,0.294827630346,0.275202883711,0.0196247466345
3838,3888,test,0.244913665897,-0.020345336412,0.362775603332,0.33031847963,0.032457123702
3839,3889,test,0.0572970619491,-0.770811752204,0.306763580132,0.29341286214,0.0133507179918
3840,3890,test,0.0114043644996,-0.954382542002,0.257543001153,0.255202669135,0.00234033201801
3841,3891,test,0.229397505724,-0.0824099771055,0.333875587281,0.332051521553,0.00182406572837
3842,3892,test,0.145511445262,-0.417954218952,0.362198662191,0.360428680515,0.00176998167574
3843,3893,test,0.483544508483,0.934178033932,0.483308820565,0.519936840799,-0.0366280202336
3844,3894,test,0.00785054664569,-0.968597813417,0.339183258996,0.362340382764,-0.0231571237684
3845,3895,test,0.263680193128,0.0547207725104,0.303923854216,0.336722698253,-0.0327988440364
3846,3896,test,0.356958057243,0.427832228972,0.323471004987,0.355741563696,-0.032270558709
3847,3897,test,0.0784413366845,-0.686234653262,0.280328765387,0.305607662592,-0.0252788972051
3848,3898,test,0.313600833772,0.254403335088,0.258053572786,0.269376790706,-0.0113232179202
3849,3899,test,0.20214518106,-0.191419275761,0.222790366177,0.222228039568,0.000562326608377
3850,3900,test,0.197194808452,-0.211220766191,0.269944081853,0.285240674182,-0.0152965923288
3851,3901,test,0.253812908295,0.0152516331798,0.279263919063,0.309751787393,-0.0304878683295
3852,3902,test,0.0441444668469,-0.823422132612,0.259397506396,0.280194732375,-0.0207972259798
3853,3903,test,0.114220733715,-0.54311706514,0.218328975224,0.238885812862,-0.0205568376375
3854,3904,test,0.239431207091,-0.0422751716365,0.290269973943,0.305652093617,-0.0153821196743
3855,3905,test,0.166428661785,-0.334285352861,0.315463288541,0.326507048272,-0.0110437597309
3856,3906,test,0.0769480229239,-0.692207908305,0.246553445591,0.253304291116,-0.00675084552457
3857,3907,test,0.0325278422724,-0.86988863091,0.22181708199,0.211254652383,0.0105624296063
3858,3908,test,0.186323888825,-0.254704444701,0.251677117871,0.260642324099,-0.0089652062278
3859,3909,test,0.20169016131,-0.193239354759,0.267571307745,0.310977936717,-0.0434066289717
3860,3910,test,0.490098585157,0.960394340626,0.401917090124,0.376593766298,0.0253233238257
3861,3911,test,0.259049250874,0.0361970034971,0.293037524262,0.286842597186,0.00619492707637
3862,3912,test,0.0963224318687,-0.614710272525,0.244941863225,0.246616051653,-0.00167418842849
3863,3913,test,0.128394135509,-0.486423457962,0.253293731287,0.25768055654,-0.00438682525299
3864,3914,test,0.353846524,0.415386095998,0.299614110991,0.282188169327,0.0174259416647
3865,3915,test,0.135206668099,-0.459173327604,0.247374415322,0.24145435302,0.00592006230137
3866,3916,test,0.294933058928,0.179732235713,0.222341996543,0.240995406187,-0.0186534096433
3867,3917,test,0.123086827585,-0.507652689659,0.231159661646,0.230681737956,0.000477923689979
3868,3918,test,0.284925136657,0.139700546629,0.286903779048,0.261517864875,0.0253859141726
3869,3919,test,0.166527143647,-0.333891425414,0.347916019585,0.309966426675,0.0379495929101
3870,3920,test,0.278154703472,0.112618813886,0.361662483628,0.341257616017,0.0204048676117
3871,3921,test,0.152696179579,-0.389215281684,0.280981037291,0.297597862141,-0.0166168248496
3872,3922,test,0.358028949864,0.432115799454,0.292250362077,0.244100630052,0.0481497320244
3873,3923,test,0.390885376875,0.5635415075,0.436403666216,0.376469981405,0.0599336848102
3874,3924,test,0.0699295393148,-0.720281842741,0.310708237383,0.272443495879,0.0382647415034
3875,3925,test,0.308780357922,0.235121431687,0.37669801263,0.314818855747,0.0618791568829
3876,3926,test,0.314300488742,0.257201954969,0.330312686873,0.321157352705,0.00915533416773
3877,3927,test,0.221246163188,-0.115015347249,0.347410018824,0.344059526414,0.00335049241009
3878,3928,test,0.178054106297,-0.287783574814,0.30725950534,0.301260126349,0.00599937899094
3879,3929,test,0.138938898111,-0.444244407555,0.302252711709,0.271227775285,0.0310249364246
3880,3930,test,0.34200135005,0.368005400199,0.319575215454,0.32267900813,-0.00310379267536
3881,3931,test,0.0265758882045,-0.893696447182,0.262936422663,0.280331083415,-0.0173946607516
3882,3932,test,0.208637455735,-0.165450177059,0.344408837365,0.32851870033,0.0158901370352
3883,3933,test,0.202149072587,-0.191403709654,0.282008176144,0.274322784208,0.00768539193586
3884,3934,test,0.105927647536,-0.576289409854,0.278554654213,0.28708477179,-0.00853011757692
3885,3935,test,0.354619520163,0.418478080652,0.394644112089,0.370468683917,0.0241754281723
3886,3936,test,0.181519032856,-0.273923868574,0.341172327315,0.303042895667,0.0381294316482
3887,3937,test,0.214911313548,-0.140354745806,0.314000647729,0.265013181727,0.0489874660021
3888,3938,test,0.293944478843,0.175777915371,0.304865737205,0.313039180197,-0.00817344299278
3889,3939,test,0.0769883716447,-0.692046513421,0.278886190138,0.267389905398,0.0114962847395
3890,3940,test,0.158352709779,-0.366589160883,0.233499322451,0.207041244819,0.0264580776322
3891,3941,test,0.153207503329,-0.387169986683,0.253430279248,0.254628071804,-0.00119779255579
3892,3942,test,0.165238137154,-0.339047451386,0.264470476992,0.255664093822,0.00880638316956
3893,3943,test,0.25147186772,0.00588747087835,0.258248189792,0.264768468423,-0.00652027863096
3894,3944,test,0.0067702766816,-0.972918893274,0.218802881028,0.205037052528,0.0137658285001
3895,3945,test,0.0951671447662,-0.619331420935,0.222863749297,0.229280205185,-0.006416455888
3896,3946,test,0.0297252315687,-0.881099073725,0.206419404062,0.214520546663,-0.00810114260122
3897,3947,test,0.00541713805846,-0.978331447766,0.190689431875,0.23235106468,-0.0416616328045
3898,3948,test,0.431328420418,0.725313681672,0.230207248422,0.310050606275,-0.0798433578535
3899,3949,test,0.142584972983,-0.429660108068,0.230066126874,0.239395212244,-0.00932908537051
3900,3950,test,0.0961835176981,-0.615265929208,0.217681543086,0.248111336253,-0.0304297931674
3901,3951,test,0.339943948021,0.359775792086,0.274517895528,0.329059667352,-0.054541771824
3902,3952,test,0.350347850145,0.40139140058,0.346270577829,0.330660465194,0.0156101126359
3903,3953,test,0.290827224738,0.163308898953,0.248313826515,0.242123889694,0.00618993682107
3904,3954,test,0.0953763548545,-0.618494580582,0.217730953175,0.267606681877,-0.0498757287023
3905,3955,test,0.103932553217,-0.584269787132,0.195915226402,0.203439122774,-0.00752389637157
3906,3956,test,0.139112411794,-0.443550352823,0.183001520511,0.198282745786,-0.0152812252749
3907,3957,test,0.052897647584,-0.788409409664,0.210484730096,0.204385477501,0.00609925259473
3908,3958,test,0.461846469805,0.847385879219,0.286700017295,0.264501895751,0.0221981215444
3909,3959,test,0.259044144068,0.0361765762718,0.257940805249,0.291216152269,-0.0332753470208
3910,3960,test,0.116808316686,-0.532766733257,0.268394831124,0.303229737211,-0.0348349060873
3911,3961,test,0.329748719541,0.318994878163,0.387213947019,0.383143214728,0.00407073229139
3912,3962,test,0.467112892095,0.868451568378,0.470313787846,0.437118521903,0.033195265943
3913,3963,test,0.380924878885,0.52369951554,0.359694972084,0.322610911565,0.0370840605186
3914,3964,test,0.29829767615,0.193190704601,0.305442510341,0.294295191152,0.0111473191893
3915,3965,test,0.379062460887,0.516249843549,0.315403723043,0.327231769268,-0.0118280462252
3916,3966,test,0.245653630072,-0.0173854797111,0.262126630016,0.298769089575,-0.0366424595587
3917,3967,test,0.164491980702,-0.342032077193,0.333533506711,0.336203821358,-0.00267031464659
3918,3968,test,0.266518638755,0.0660745550216,0.357765432301,0.356494208345,0.00127122395596
3919,3969,test,0.0646949962571,-0.741220014972,0.278015246926,0.324859425335,-0.0468441784097
3920,3970,test,0.405298378907,0.621193515629,0.430273924697,0.417718334465,0.0125555902316
3921,3971,test,0.451138852701,0.804555410802,0.620474621741,0.555522421121,0.0649522006202
3922,3972,test,0.126540539908,-0.493837840368,0.474259010508,0.424916789247,0.0493422212608
3923,3973,test,0.445283320737,0.781133282948,0.530133221844,0.51559563141,0.0145375904339
3924,3974,test,0.445528032949,0.782112131795,0.615937260582,0.651430227658,-0.0354929670763
3925,3975,test,0.178821197061,-0.284715211757,0.480572076376,0.476518865876,0.00405321049968
3926,3976,test,0.440698549722,0.76279419889,0.458228244417,0.45083086312,0.00739738129698
3927,3977,test,0.0107560645365,-0.956975741854,0.346684278905,0.327587944001,0.0190963349041
3928,3978,test,0.0379125267245,-0.848349893102,0.287289071423,0.262890314032,0.0243987573904
3929,3979,test,0.467878459966,0.871513839864,0.535586441416,0.423499128991,0.112087312425
3930,3980,test,0.193555540257,-0.225777838974,0.51964668256,0.456282899804,0.0633637827566
3931,3981,test,0.100226376556,-0.599094493777,0.401421126335,0.330312173322,0.0711089530137
3932,3982,test,0.372590524156,0.490362096625,0.562614399631,0.507384219754,0.0552301798767
3933,3983,test,0.477944113163,0.911776452652,0.721477095301,0.629607105808,0.0918699894921
3934,3984,test,0.457075415587,0.828301662348,0.616869792268,0.604854664486,0.0120151277819
3935,3985,test,0.450106967876,0.800427871505,0.734673577972,0.62424124455,0.110432333422
3936,3986,test,0.161253147985,-0.354987408061,0.513449164293,0.445272931805,0.0681762324882
3937,3987,test,0.315025897843,0.260103591372,0.406466168825,0.389120158155,0.0173460106698
3938,3988,test,0.339306929836,0.357227719346,0.567774697719,0.469538689843,0.0982360078759
3939,3989,test,0.145423987125,-0.418304051499,0.470962385561,0.419653713417,0.0513086721437
3940,3990,test,0.260370894999,0.0414835799969,0.410309002249,0.393357035358,0.0169519668905
3941,3991,test,0.207490402439,-0.170038390244,0.449963017863,0.390676207385,0.0592868104784
3942,3992,test,0.282510105778,0.13004042311,0.560242466532,0.525504385926,0.0347380806055
3943,3993,test,0.0669479653012,-0.732208138795,0.466700488522,0.426061388039,0.0406391004829
3944,3994,test,0.059029086998,-0.763883652008,0.401145958684,0.392843930066,0.00830202861767
3945,3995,test,0.111995237505,-0.55201904998,0.34735234345,0.326800148782,0.0205521946676
3946,3996,test,0.381595782965,0.526383131861,0.464317718766,0.453109988894,0.0112077298717
3947,3997,test,0.0708591768206,-0.716563292717,0.380881470105,0.360868362242,0.0200131078626
3948,3998,test,0.221122873838,-0.115508504648,0.348571834206,0.33398766582,0.0145841683858
