oscillator,frequency_GHz,current_amplitude_A_per_m2,amplitude_nm,classification,host_label,condition,fit_intercept,feature_scaling,train_fraction,test_fraction,train_n,test_n,test_baseline_mean_MSE,feature_rows,feature_cols,NX,NY,NZ,valuedim,z_index,component_used,protocol,protocol_definition,train_noise_sigma_mx,test_noise_sigma_mx,repetition,train_noise_seed,test_noise_seed,noise_pairing_policy,ridge_alpha,train_MSE,test_MSE,dual_coef_l2_norm,readout_weight_l2_norm,readout_weight_max_abs,readout_intercept,prediction_npz
SSO,0.875,100000000000.0,32.940947443562976,large,ws3,sso_1nm_j1e11_f0p875GHz_0K_warm30_record20_40ppc_2000ovf,True,none,0.7,0.3,280,120,0.25,400,8192,128,64,2,3,0,mx,C2C,clean training -> clean testing,0.0,0.0,,,,not applicable (clean),0.001,4.109905315634303e-07,4.0941942589738244e-07,10.727411096388769,3.306371016622257,0.22796772060574513,0.5000270082539993,protocol_comparison_30seeds/analysis_ws3/per_point/sso_1nm_j1e11_f0p875GHz_0K_warm30_record20_40ppc_2000ovf_predictions.npz
SSO,0.875,100000000000.0,32.940947443562976,large,ws3,sso_1nm_j1e11_f0p875GHz_0K_warm30_record20_40ppc_2000ovf,True,none,0.7,0.3,280,120,0.25,400,8192,128,64,2,3,0,mx,C2C,clean training -> clean testing,0.0,0.0,,,,not applicable (clean),1e-06,2.2499050544679777e-11,5.1379426294216446e-11,79.37086521282974,3.342947729333754,0.23275620320086854,0.4998570488871279,protocol_comparison_30seeds/analysis_ws3/per_point/sso_1nm_j1e11_f0p875GHz_0K_warm30_record20_40ppc_2000ovf_predictions.npz
SSO,0.875,100000000000.0,32.940947443562976,large,ws3,sso_1nm_j1e11_f0p875GHz_0K_warm30_record20_40ppc_2000ovf,True,none,0.7,0.3,280,120,0.25,400,8192,128,64,2,3,0,mx,C2C,clean training -> clean testing,0.0,0.0,,,,not applicable (clean),1e-09,8.559941086177582e-12,4.812753783285894e-11,48956.47193881155,3.473405613572897,0.243954613939458,0.6653317558995688,protocol_comparison_30seeds/analysis_ws3/per_point/sso_1nm_j1e11_f0p875GHz_0K_warm30_record20_40ppc_2000ovf_predictions.npz
SSO,0.875,100000000000.0,32.940947443562976,large,ws3,sso_1nm_j1e11_f0p875GHz_0K_warm30_record20_40ppc_2000ovf,True,none,0.7,0.3,280,120,0.25,400,8192,128,64,2,3,0,mx,C2N,clean training -> noisy testing; fixed clean-trained readout,0.0,0.0001,0,,465556074,same test standard-normal draw for C2N/N2N and all alpha; scaled by sigma,0.001,4.109905315634303e-07,5.084288479241421e-07,10.727411096388769,3.306371016622257,0.22796772060574513,0.5000270082539993,protocol_comparison_30seeds/analysis_ws3/per_point/sso_1nm_j1e11_f0p875GHz_0K_warm30_record20_40ppc_2000ovf_predictions.npz
SSO,0.875,100000000000.0,32.940947443562976,large,ws3,sso_1nm_j1e11_f0p875GHz_0K_warm30_record20_40ppc_2000ovf,True,none,0.7,0.3,280,120,0.25,400,8192,128,64,2,3,0,mx,N2N,noisy training -> independently noisy testing; readout refitted for each training-noise realization,0.0001,0.0001,0,3796830937,465556074,independent train/test draws; test draw paired with C2N; draws shared across alpha and scaled by sigma,0.001,4.886733598838647e-07,5.520092986277657e-07,11.697373241862572,3.3069527236965484,0.22794518151889834,0.5063252068775024,protocol_comparison_30seeds/analysis_ws3/per_point/sso_1nm_j1e11_f0p875GHz_0K_warm30_record20_40ppc_2000ovf_predictions.npz
SSO,0.875,100000000000.0,32.940947443562976,large,ws3,sso_1nm_j1e11_f0p875GHz_0K_warm30_record20_40ppc_2000ovf,True,none,0.7,0.3,280,120,0.25,400,8192,128,64,2,3,0,mx,C2N,clean training -> noisy testing; fixed clean-trained readout,0.0,0.0001,0,,465556074,same test standard-normal draw for C2N/N2N and all alpha; scaled by sigma,1e-06,2.2499050544679777e-11,1.1040615183117601e-07,79.37086521282974,3.342947729333754,0.23275620320086854,0.4998570488871279,protocol_comparison_30seeds/analysis_ws3/per_point/sso_1nm_j1e11_f0p875GHz_0K_warm30_record20_40ppc_2000ovf_predictions.npz
SSO,0.875,100000000000.0,32.940947443562976,large,ws3,sso_1nm_j1e11_f0p875GHz_0K_warm30_record20_40ppc_2000ovf,True,none,0.7,0.3,280,120,0.25,400,8192,128,64,2,3,0,mx,N2N,noisy training -> independently noisy testing; readout refitted for each training-noise realization,0.0001,0.0001,0,3796830937,465556074,independent train/test draws; test draw paired with C2N; draws shared across alpha and scaled by sigma,1e-06,1.5103203310762753e-11,1.3346152800176597e-07,65.02996740199882,3.3901185460206005,0.23576781177107256,0.610919178628937,protocol_comparison_30seeds/analysis_ws3/per_point/sso_1nm_j1e11_f0p875GHz_0K_warm30_record20_40ppc_2000ovf_predictions.npz
SSO,0.875,100000000000.0,32.940947443562976,large,ws3,sso_1nm_j1e11_f0p875GHz_0K_warm30_record20_40ppc_2000ovf,True,none,0.7,0.3,280,120,0.25,400,8192,128,64,2,3,0,mx,C2N,clean training -> noisy testing; fixed clean-trained readout,0.0,0.0001,0,,465556074,same test standard-normal draw for C2N/N2N and all alpha; scaled by sigma,1e-09,8.559941086177582e-12,1.2899216118724285e-07,48956.47193881155,3.473405613572897,0.243954613939458,0.6653317558995688,protocol_comparison_30seeds/analysis_ws3/per_point/sso_1nm_j1e11_f0p875GHz_0K_warm30_record20_40ppc_2000ovf_predictions.npz
SSO,0.875,100000000000.0,32.940947443562976,large,ws3,sso_1nm_j1e11_f0p875GHz_0K_warm30_record20_40ppc_2000ovf,True,none,0.7,0.3,280,120,0.25,400,8192,128,64,2,3,0,mx,N2N,noisy training -> independently noisy testing; readout refitted for each training-noise realization,0.0001,0.0001,0,3796830937,465556074,independent train/test draws; test draw paired with C2N; draws shared across alpha and scaled by sigma,1e-09,1.5491760290303954e-17,1.3353810387138066e-07,65.86157137522692,3.3913724343160214,0.2358181934659824,0.6123871494227571,protocol_comparison_30seeds/analysis_ws3/per_point/sso_1nm_j1e11_f0p875GHz_0K_warm30_record20_40ppc_2000ovf_predictions.npz
SSO,0.875,100000000000.0,32.940947443562976,large,ws3,sso_1nm_j1e11_f0p875GHz_0K_warm30_record20_40ppc_2000ovf,True,none,0.7,0.3,280,120,0.25,400,8192,128,64,2,3,0,mx,C2N,clean training -> noisy testing; fixed clean-trained readout,0.0,0.001,0,,465556074,same test standard-normal draw for C2N/N2N and all alpha; scaled by sigma,0.001,4.109905315634303e-07,1.1054013135913216e-05,10.727411096388769,3.306371016622257,0.22796772060574513,0.5000270082539993,protocol_comparison_30seeds/analysis_ws3/per_point/sso_1nm_j1e11_f0p875GHz_0K_warm30_record20_40ppc_2000ovf_predictions.npz
SSO,0.875,100000000000.0,32.940947443562976,large,ws3,sso_1nm_j1e11_f0p875GHz_0K_warm30_record20_40ppc_2000ovf,True,none,0.7,0.3,280,120,0.25,400,8192,128,64,2,3,0,mx,N2N,noisy training -> independently noisy testing; readout refitted for each training-noise realization,0.001,0.001,0,3796830937,465556074,independent train/test draws; test draw paired with C2N; draws shared across alpha and scaled by sigma,0.001,2.768683927550924e-07,2.18461087575049e-05,8.80472316272217,3.2821100823388005,0.21595317112371834,0.5890338690723063,protocol_comparison_30seeds/analysis_ws3/per_point/sso_1nm_j1e11_f0p875GHz_0K_warm30_record20_40ppc_2000ovf_predictions.npz
SSO,0.875,100000000000.0,32.940947443562976,large,ws3,sso_1nm_j1e11_f0p875GHz_0K_warm30_record20_40ppc_2000ovf,True,none,0.7,0.3,280,120,0.25,400,8192,128,64,2,3,0,mx,C2N,clean training -> noisy testing; fixed clean-trained readout,0.0,0.001,0,,465556074,same test standard-normal draw for C2N/N2N and all alpha; scaled by sigma,1e-06,2.2499050544679777e-11,1.0996685409166112e-05,79.37086521282974,3.342947729333754,0.23275620320086854,0.4998570488871279,protocol_comparison_30seeds/analysis_ws3/per_point/sso_1nm_j1e11_f0p875GHz_0K_warm30_record20_40ppc_2000ovf_predictions.npz
SSO,0.875,100000000000.0,32.940947443562976,large,ws3,sso_1nm_j1e11_f0p875GHz_0K_warm30_record20_40ppc_2000ovf,True,none,0.7,0.3,280,120,0.25,400,8192,128,64,2,3,0,mx,N2N,noisy training -> independently noisy testing; readout refitted for each training-noise realization,0.001,0.001,0,3796830937,465556074,independent train/test draws; test draw paired with C2N; draws shared across alpha and scaled by sigma,1e-06,3.2776040225472016e-13,2.0538431636012918e-05,9.579818143706763,3.306637811298829,0.21855566963066675,0.6042619085430299,protocol_comparison_30seeds/analysis_ws3/per_point/sso_1nm_j1e11_f0p875GHz_0K_warm30_record20_40ppc_2000ovf_predictions.npz
SSO,0.875,100000000000.0,32.940947443562976,large,ws3,sso_1nm_j1e11_f0p875GHz_0K_warm30_record20_40ppc_2000ovf,True,none,0.7,0.3,280,120,0.25,400,8192,128,64,2,3,0,mx,C2N,clean training -> noisy testing; fixed clean-trained readout,0.0,0.001,0,,465556074,same test standard-normal draw for C2N/N2N and all alpha; scaled by sigma,1e-09,8.559941086177582e-12,1.2887912701016187e-05,48956.47193881155,3.473405613572897,0.243954613939458,0.6653317558995688,protocol_comparison_30seeds/analysis_ws3/per_point/sso_1nm_j1e11_f0p875GHz_0K_warm30_record20_40ppc_2000ovf_predictions.npz
SSO,0.875,100000000000.0,32.940947443562976,large,ws3,sso_1nm_j1e11_f0p875GHz_0K_warm30_record20_40ppc_2000ovf,True,none,0.7,0.3,280,120,0.25,400,8192,128,64,2,3,0,mx,N2N,noisy training -> independently noisy testing; readout refitted for each training-noise realization,0.001,0.001,0,3796830937,465556074,independent train/test draws; test draw paired with C2N; draws shared across alpha and scaled by sigma,1e-09,3.277988125260909e-19,2.053716075992041e-05,9.580693902050394,3.3066655388416843,0.2185585129016053,0.6042793240968356,protocol_comparison_30seeds/analysis_ws3/per_point/sso_1nm_j1e11_f0p875GHz_0K_warm30_record20_40ppc_2000ovf_predictions.npz
SSO,0.875,100000000000.0,32.940947443562976,large,ws3,sso_1nm_j1e11_f0p875GHz_0K_warm30_record20_40ppc_2000ovf,True,none,0.7,0.3,280,120,0.25,400,8192,128,64,2,3,0,mx,C2N,clean training -> noisy testing; fixed clean-trained readout,0.0,0.0001,1,,2187660801,same test standard-normal draw for C2N/N2N and all alpha; scaled by sigma,0.001,4.109905315634303e-07,5.385779993548203e-07,10.727411096388769,3.306371016622257,0.22796772060574513,0.5000270082539993,protocol_comparison_30seeds/analysis_ws3/per_point/sso_1nm_j1e11_f0p875GHz_0K_warm30_record20_40ppc_2000ovf_predictions.npz
SSO,0.875,100000000000.0,32.940947443562976,large,ws3,sso_1nm_j1e11_f0p875GHz_0K_warm30_record20_40ppc_2000ovf,True,none,0.7,0.3,280,120,0.25,400,8192,128,64,2,3,0,mx,N2N,noisy training -> independently noisy testing; readout refitted for each training-noise realization,0.0001,0.0001,1,1036280412,2187660801,independent train/test draws; test draw paired with C2N; draws shared across alpha and scaled by sigma,0.001,4.812606866721508e-07,6.70945617172578e-07,11.608315652057112,3.3038363778264976,0.22863934175840697,0.5278716948275586,protocol_comparison_30seeds/analysis_ws3/per_point/sso_1nm_j1e11_f0p875GHz_0K_warm30_record20_40ppc_2000ovf_predictions.npz
SSO,0.875,100000000000.0,32.940947443562976,large,ws3,sso_1nm_j1e11_f0p875GHz_0K_warm30_record20_40ppc_2000ovf,True,none,0.7,0.3,280,120,0.25,400,8192,128,64,2,3,0,mx,C2N,clean training -> noisy testing; fixed clean-trained readout,0.0,0.0001,1,,2187660801,same test standard-normal draw for C2N/N2N and all alpha; scaled by sigma,1e-06,2.2499050544679777e-11,1.2168361136287877e-07,79.37086521282974,3.342947729333754,0.23275620320086854,0.4998570488871279,protocol_comparison_30seeds/analysis_ws3/per_point/sso_1nm_j1e11_f0p875GHz_0K_warm30_record20_40ppc_2000ovf_predictions.npz
SSO,0.875,100000000000.0,32.940947443562976,large,ws3,sso_1nm_j1e11_f0p875GHz_0K_warm30_record20_40ppc_2000ovf,True,none,0.7,0.3,280,120,0.25,400,8192,128,64,2,3,0,mx,N2N,noisy training -> independently noisy testing; readout refitted for each training-noise realization,0.0001,0.0001,1,1036280412,2187660801,independent train/test draws; test draw paired with C2N; draws shared across alpha and scaled by sigma,1e-06,1.5474450615211428e-11,1.6625604377339934e-07,65.82436011295032,3.387309393291096,0.2342659800160644,0.5514220031667132,protocol_comparison_30seeds/analysis_ws3/per_point/sso_1nm_j1e11_f0p875GHz_0K_warm30_record20_40ppc_2000ovf_predictions.npz
SSO,0.875,100000000000.0,32.940947443562976,large,ws3,sso_1nm_j1e11_f0p875GHz_0K_warm30_record20_40ppc_2000ovf,True,none,0.7,0.3,280,120,0.25,400,8192,128,64,2,3,0,mx,C2N,clean training -> noisy testing; fixed clean-trained readout,0.0,0.0001,1,,2187660801,same test standard-normal draw for C2N/N2N and all alpha; scaled by sigma,1e-09,8.559941086177582e-12,1.3931042248504451e-07,48956.47193881155,3.473405613572897,0.243954613939458,0.6653317558995688,protocol_comparison_30seeds/analysis_ws3/per_point/sso_1nm_j1e11_f0p875GHz_0K_warm30_record20_40ppc_2000ovf_predictions.npz
SSO,0.875,100000000000.0,32.940947443562976,large,ws3,sso_1nm_j1e11_f0p875GHz_0K_warm30_record20_40ppc_2000ovf,True,none,0.7,0.3,280,120,0.25,400,8192,128,64,2,3,0,mx,N2N,noisy training -> independently noisy testing; readout refitted for each training-noise realization,0.0001,0.0001,1,1036280412,2187660801,independent train/test draws; test draw paired with C2N; draws shared across alpha and scaled by sigma,1e-09,1.58751236797252e-17,1.663172945598098e-07,66.67380806542609,3.388595236691794,0.2343369862030871,0.5516656820418235,protocol_comparison_30seeds/analysis_ws3/per_point/sso_1nm_j1e11_f0p875GHz_0K_warm30_record20_40ppc_2000ovf_predictions.npz
SSO,0.875,100000000000.0,32.940947443562976,large,ws3,sso_1nm_j1e11_f0p875GHz_0K_warm30_record20_40ppc_2000ovf,True,none,0.7,0.3,280,120,0.25,400,8192,128,64,2,3,0,mx,C2N,clean training -> noisy testing; fixed clean-trained readout,0.0,0.001,1,,2187660801,same test standard-normal draw for C2N/N2N and all alpha; scaled by sigma,0.001,4.109905315634303e-07,1.24385742313821e-05,10.727411096388769,3.306371016622257,0.22796772060574513,0.5000270082539993,protocol_comparison_30seeds/analysis_ws3/per_point/sso_1nm_j1e11_f0p875GHz_0K_warm30_record20_40ppc_2000ovf_predictions.npz
SSO,0.875,100000000000.0,32.940947443562976,large,ws3,sso_1nm_j1e11_f0p875GHz_0K_warm30_record20_40ppc_2000ovf,True,none,0.7,0.3,280,120,0.25,400,8192,128,64,2,3,0,mx,N2N,noisy training -> independently noisy testing; readout refitted for each training-noise realization,0.001,0.001,1,1036280412,2187660801,independent train/test draws; test draw paired with C2N; draws shared across alpha and scaled by sigma,0.001,2.5347019761400866e-07,2.797598653564349e-05,8.424467658722842,3.266768734227389,0.21653300461680514,0.6785388582801057,protocol_comparison_30seeds/analysis_ws3/per_point/sso_1nm_j1e11_f0p875GHz_0K_warm30_record20_40ppc_2000ovf_predictions.npz
SSO,0.875,100000000000.0,32.940947443562976,large,ws3,sso_1nm_j1e11_f0p875GHz_0K_warm30_record20_40ppc_2000ovf,True,none,0.7,0.3,280,120,0.25,400,8192,128,64,2,3,0,mx,C2N,clean training -> noisy testing; fixed clean-trained readout,0.0,0.001,1,,2187660801,same test standard-normal draw for C2N/N2N and all alpha; scaled by sigma,1e-06,2.2499050544679777e-11,1.216426981211245e-05,79.37086521282974,3.342947729333754,0.23275620320086854,0.4998570488871279,protocol_comparison_30seeds/analysis_ws3/per_point/sso_1nm_j1e11_f0p875GHz_0K_warm30_record20_40ppc_2000ovf_predictions.npz
SSO,0.875,100000000000.0,32.940947443562976,large,ws3,sso_1nm_j1e11_f0p875GHz_0K_warm30_record20_40ppc_2000ovf,True,none,0.7,0.3,280,120,0.25,400,8192,128,64,2,3,0,mx,N2N,noisy training -> independently noisy testing; readout refitted for each training-noise realization,0.001,0.001,1,1036280412,2187660801,independent train/test draws; test draw paired with C2N; draws shared across alpha and scaled by sigma,1e-06,3.010100621667495e-13,2.644825977361746e-05,9.180567394067538,3.289353219771638,0.21823420519902556,0.6913387606482198,protocol_comparison_30seeds/analysis_ws3/per_point/sso_1nm_j1e11_f0p875GHz_0K_warm30_record20_40ppc_2000ovf_predictions.npz
SSO,0.875,100000000000.0,32.940947443562976,large,ws3,sso_1nm_j1e11_f0p875GHz_0K_warm30_record20_40ppc_2000ovf,True,none,0.7,0.3,280,120,0.25,400,8192,128,64,2,3,0,mx,C2N,clean training -> noisy testing; fixed clean-trained readout,0.0,0.001,1,,2187660801,same test standard-normal draw for C2N/N2N and all alpha; scaled by sigma,1e-09,8.559941086177582e-12,1.3956930220259148e-05,48956.47193881155,3.473405613572897,0.243954613939458,0.6653317558995688,protocol_comparison_30seeds/analysis_ws3/per_point/sso_1nm_j1e11_f0p875GHz_0K_warm30_record20_40ppc_2000ovf_predictions.npz
SSO,0.875,100000000000.0,32.940947443562976,large,ws3,sso_1nm_j1e11_f0p875GHz_0K_warm30_record20_40ppc_2000ovf,True,none,0.7,0.3,280,120,0.25,400,8192,128,64,2,3,0,mx,N2N,noisy training -> independently noisy testing; readout refitted for each training-noise realization,0.001,0.001,1,1036280412,2187660801,independent train/test draws; test draw paired with C2N; draws shared across alpha and scaled by sigma,1e-09,3.0106725812218664e-19,2.64467650153209e-05,9.18142407496286,3.2893788181559374,0.21823599061744034,0.6913526697192096,protocol_comparison_30seeds/analysis_ws3/per_point/sso_1nm_j1e11_f0p875GHz_0K_warm30_record20_40ppc_2000ovf_predictions.npz
SSO,0.875,100000000000.0,32.940947443562976,large,ws3,sso_1nm_j1e11_f0p875GHz_0K_warm30_record20_40ppc_2000ovf,True,none,0.7,0.3,280,120,0.25,400,8192,128,64,2,3,0,mx,C2N,clean training -> noisy testing; fixed clean-trained readout,0.0,0.0001,2,,4159069137,same test standard-normal draw for C2N/N2N and all alpha; scaled by sigma,0.001,4.109905315634303e-07,4.83648714188098e-07,10.727411096388769,3.306371016622257,0.22796772060574513,0.5000270082539993,protocol_comparison_30seeds/analysis_ws3/per_point/sso_1nm_j1e11_f0p875GHz_0K_warm30_record20_40ppc_2000ovf_predictions.npz
SSO,0.875,100000000000.0,32.940947443562976,large,ws3,sso_1nm_j1e11_f0p875GHz_0K_warm30_record20_40ppc_2000ovf,True,none,0.7,0.3,280,120,0.25,400,8192,128,64,2,3,0,mx,N2N,noisy training -> independently noisy testing; readout refitted for each training-noise realization,0.0001,0.0001,2,2189065614,4159069137,independent train/test draws; test draw paired with C2N; draws shared across alpha and scaled by sigma,0.001,4.770296640510536e-07,4.990720289933957e-07,11.557175517575656,3.3077632295801136,0.23036896767267862,0.49293396597777916,protocol_comparison_30seeds/analysis_ws3/per_point/sso_1nm_j1e11_f0p875GHz_0K_warm30_record20_40ppc_2000ovf_predictions.npz
SSO,0.875,100000000000.0,32.940947443562976,large,ws3,sso_1nm_j1e11_f0p875GHz_0K_warm30_record20_40ppc_2000ovf,True,none,0.7,0.3,280,120,0.25,400,8192,128,64,2,3,0,mx,C2N,clean training -> noisy testing; fixed clean-trained readout,0.0,0.0001,2,,4159069137,same test standard-normal draw for C2N/N2N and all alpha; scaled by sigma,1e-06,2.2499050544679777e-11,1.1893408634397797e-07,79.37086521282974,3.342947729333754,0.23275620320086854,0.4998570488871279,protocol_comparison_30seeds/analysis_ws3/per_point/sso_1nm_j1e11_f0p875GHz_0K_warm30_record20_40ppc_2000ovf_predictions.npz
SSO,0.875,100000000000.0,32.940947443562976,large,ws3,sso_1nm_j1e11_f0p875GHz_0K_warm30_record20_40ppc_2000ovf,True,none,0.7,0.3,280,120,0.25,400,8192,128,64,2,3,0,mx,N2N,noisy training -> independently noisy testing; readout refitted for each training-noise realization,0.0001,0.0001,2,2189065614,4159069137,independent train/test draws; test draw paired with C2N; draws shared across alpha and scaled by sigma,1e-06,1.2792501701237774e-11,1.2428908989174246e-07,59.848982178451124,3.383416592163044,0.23923518078111616,0.47191974403704084,protocol_comparison_30seeds/analysis_ws3/per_point/sso_1nm_j1e11_f0p875GHz_0K_warm30_record20_40ppc_2000ovf_predictions.npz
SSO,0.875,100000000000.0,32.940947443562976,large,ws3,sso_1nm_j1e11_f0p875GHz_0K_warm30_record20_40ppc_2000ovf,True,none,0.7,0.3,280,120,0.25,400,8192,128,64,2,3,0,mx,C2N,clean training -> noisy testing; fixed clean-trained readout,0.0,0.0001,2,,4159069137,same test standard-normal draw for C2N/N2N and all alpha; scaled by sigma,1e-09,8.559941086177582e-12,1.3688360024247586e-07,48956.47193881155,3.473405613572897,0.243954613939458,0.6653317558995688,protocol_comparison_30seeds/analysis_ws3/per_point/sso_1nm_j1e11_f0p875GHz_0K_warm30_record20_40ppc_2000ovf_predictions.npz
SSO,0.875,100000000000.0,32.940947443562976,large,ws3,sso_1nm_j1e11_f0p875GHz_0K_warm30_record20_40ppc_2000ovf,True,none,0.7,0.3,280,120,0.25,400,8192,128,64,2,3,0,mx,N2N,noisy training -> independently noisy testing; readout refitted for each training-noise realization,0.0001,0.0001,2,2189065614,4159069137,independent train/test draws; test draw paired with C2N; draws shared across alpha and scaled by sigma,1e-09,1.3123220482312788e-17,1.2436329995011843e-07,60.61710525455681,3.384480800186895,0.23928670439498365,0.4716241927947775,protocol_comparison_30seeds/analysis_ws3/per_point/sso_1nm_j1e11_f0p875GHz_0K_warm30_record20_40ppc_2000ovf_predictions.npz
SSO,0.875,100000000000.0,32.940947443562976,large,ws3,sso_1nm_j1e11_f0p875GHz_0K_warm30_record20_40ppc_2000ovf,True,none,0.7,0.3,280,120,0.25,400,8192,128,64,2,3,0,mx,C2N,clean training -> noisy testing; fixed clean-trained readout,0.0,0.001,2,,4159069137,same test standard-normal draw for C2N/N2N and all alpha; scaled by sigma,0.001,4.109905315634303e-07,1.1558882833650604e-05,10.727411096388769,3.306371016622257,0.22796772060574513,0.5000270082539993,protocol_comparison_30seeds/analysis_ws3/per_point/sso_1nm_j1e11_f0p875GHz_0K_warm30_record20_40ppc_2000ovf_predictions.npz
SSO,0.875,100000000000.0,32.940947443562976,large,ws3,sso_1nm_j1e11_f0p875GHz_0K_warm30_record20_40ppc_2000ovf,True,none,0.7,0.3,280,120,0.25,400,8192,128,64,2,3,0,mx,N2N,noisy training -> independently noisy testing; readout refitted for each training-noise realization,0.001,0.001,2,2189065614,4159069137,independent train/test draws; test draw paired with C2N; draws shared across alpha and scaled by sigma,0.001,2.616860180706298e-07,2.0125289361702213e-05,8.559911509674853,3.2814407803189276,0.22020857398538177,0.45054991883206963,protocol_comparison_30seeds/analysis_ws3/per_point/sso_1nm_j1e11_f0p875GHz_0K_warm30_record20_40ppc_2000ovf_predictions.npz
SSO,0.875,100000000000.0,32.940947443562976,large,ws3,sso_1nm_j1e11_f0p875GHz_0K_warm30_record20_40ppc_2000ovf,True,none,0.7,0.3,280,120,0.25,400,8192,128,64,2,3,0,mx,C2N,clean training -> noisy testing; fixed clean-trained readout,0.0,0.001,2,,4159069137,same test standard-normal draw for C2N/N2N and all alpha; scaled by sigma,1e-06,2.2499050544679777e-11,1.1872021146013159e-05,79.37086521282974,3.342947729333754,0.23275620320086854,0.4998570488871279,protocol_comparison_30seeds/analysis_ws3/per_point/sso_1nm_j1e11_f0p875GHz_0K_warm30_record20_40ppc_2000ovf_predictions.npz
SSO,0.875,100000000000.0,32.940947443562976,large,ws3,sso_1nm_j1e11_f0p875GHz_0K_warm30_record20_40ppc_2000ovf,True,none,0.7,0.3,280,120,0.25,400,8192,128,64,2,3,0,mx,N2N,noisy training -> independently noisy testing; readout refitted for each training-noise realization,0.001,0.001,2,2189065614,4159069137,independent train/test draws; test draw paired with C2N; draws shared across alpha and scaled by sigma,1e-06,3.0692386448545604e-13,1.89043973096828e-05,9.270311739050467,3.304577267066562,0.22293733372523392,0.44815111783105666,protocol_comparison_30seeds/analysis_ws3/per_point/sso_1nm_j1e11_f0p875GHz_0K_warm30_record20_40ppc_2000ovf_predictions.npz
SSO,0.875,100000000000.0,32.940947443562976,large,ws3,sso_1nm_j1e11_f0p875GHz_0K_warm30_record20_40ppc_2000ovf,True,none,0.7,0.3,280,120,0.25,400,8192,128,64,2,3,0,mx,C2N,clean training -> noisy testing; fixed clean-trained readout,0.0,0.001,2,,4159069137,same test standard-normal draw for C2N/N2N and all alpha; scaled by sigma,1e-09,8.559941086177582e-12,1.3641852837919048e-05,48956.47193881155,3.473405613572897,0.243954613939458,0.6653317558995688,protocol_comparison_30seeds/analysis_ws3/per_point/sso_1nm_j1e11_f0p875GHz_0K_warm30_record20_40ppc_2000ovf_predictions.npz
SSO,0.875,100000000000.0,32.940947443562976,large,ws3,sso_1nm_j1e11_f0p875GHz_0K_warm30_record20_40ppc_2000ovf,True,none,0.7,0.3,280,120,0.25,400,8192,128,64,2,3,0,mx,N2N,noisy training -> independently noisy testing; readout refitted for each training-noise realization,0.001,0.001,2,2189065614,4159069137,independent train/test draws; test draw paired with C2N; draws shared across alpha and scaled by sigma,1e-09,3.069792930486375e-19,1.8903204015401437e-05,9.271112553375874,3.3046032480312286,0.22294021846625126,0.44814854736227394,protocol_comparison_30seeds/analysis_ws3/per_point/sso_1nm_j1e11_f0p875GHz_0K_warm30_record20_40ppc_2000ovf_predictions.npz
SSO,0.875,100000000000.0,32.940947443562976,large,ws3,sso_1nm_j1e11_f0p875GHz_0K_warm30_record20_40ppc_2000ovf,True,none,0.7,0.3,280,120,0.25,400,8192,128,64,2,3,0,mx,C2N,clean training -> noisy testing; fixed clean-trained readout,0.0,0.0001,3,,1850318714,same test standard-normal draw for C2N/N2N and all alpha; scaled by sigma,0.001,4.109905315634303e-07,4.7162373745635333e-07,10.727411096388769,3.306371016622257,0.22796772060574513,0.5000270082539993,protocol_comparison_30seeds/analysis_ws3/per_point/sso_1nm_j1e11_f0p875GHz_0K_warm30_record20_40ppc_2000ovf_predictions.npz
SSO,0.875,100000000000.0,32.940947443562976,large,ws3,sso_1nm_j1e11_f0p875GHz_0K_warm30_record20_40ppc_2000ovf,True,none,0.7,0.3,280,120,0.25,400,8192,128,64,2,3,0,mx,N2N,noisy training -> independently noisy testing; readout refitted for each training-noise realization,0.0001,0.0001,3,1577629459,1850318714,independent train/test draws; test draw paired with C2N; draws shared across alpha and scaled by sigma,0.001,4.735159856158034e-07,5.404959613610301e-07,11.514533249463314,3.3059389935974055,0.22786558985371427,0.4939799942206977,protocol_comparison_30seeds/analysis_ws3/per_point/sso_1nm_j1e11_f0p875GHz_0K_warm30_record20_40ppc_2000ovf_predictions.npz
SSO,0.875,100000000000.0,32.940947443562976,large,ws3,sso_1nm_j1e11_f0p875GHz_0K_warm30_record20_40ppc_2000ovf,True,none,0.7,0.3,280,120,0.25,400,8192,128,64,2,3,0,mx,C2N,clean training -> noisy testing; fixed clean-trained readout,0.0,0.0001,3,,1850318714,same test standard-normal draw for C2N/N2N and all alpha; scaled by sigma,1e-06,2.2499050544679777e-11,1.0790849712087357e-07,79.37086521282974,3.342947729333754,0.23275620320086854,0.4998570488871279,protocol_comparison_30seeds/analysis_ws3/per_point/sso_1nm_j1e11_f0p875GHz_0K_warm30_record20_40ppc_2000ovf_predictions.npz
SSO,0.875,100000000000.0,32.940947443562976,large,ws3,sso_1nm_j1e11_f0p875GHz_0K_warm30_record20_40ppc_2000ovf,True,none,0.7,0.3,280,120,0.25,400,8192,128,64,2,3,0,mx,N2N,noisy training -> independently noisy testing; readout refitted for each training-noise realization,0.0001,0.0001,3,1577629459,1850318714,independent train/test draws; test draw paired with C2N; draws shared across alpha and scaled by sigma,1e-06,1.2707411583110157e-11,1.3089720729683168e-07,59.6496034814556,3.3815675505540703,0.239857821788783,0.5077844016371269,protocol_comparison_30seeds/analysis_ws3/per_point/sso_1nm_j1e11_f0p875GHz_0K_warm30_record20_40ppc_2000ovf_predictions.npz
SSO,0.875,100000000000.0,32.940947443562976,large,ws3,sso_1nm_j1e11_f0p875GHz_0K_warm30_record20_40ppc_2000ovf,True,none,0.7,0.3,280,120,0.25,400,8192,128,64,2,3,0,mx,C2N,clean training -> noisy testing; fixed clean-trained readout,0.0,0.0001,3,,1850318714,same test standard-normal draw for C2N/N2N and all alpha; scaled by sigma,1e-09,8.559941086177582e-12,1.1491101350571674e-07,48956.47193881155,3.473405613572897,0.243954613939458,0.6653317558995688,protocol_comparison_30seeds/analysis_ws3/per_point/sso_1nm_j1e11_f0p875GHz_0K_warm30_record20_40ppc_2000ovf_predictions.npz
SSO,0.875,100000000000.0,32.940947443562976,large,ws3,sso_1nm_j1e11_f0p875GHz_0K_warm30_record20_40ppc_2000ovf,True,none,0.7,0.3,280,120,0.25,400,8192,128,64,2,3,0,mx,N2N,noisy training -> independently noisy testing; readout refitted for each training-noise realization,0.0001,0.0001,3,1577629459,1850318714,independent train/test draws; test draw paired with C2N; draws shared across alpha and scaled by sigma,1e-09,1.3031226128550343e-17,1.309894666429113e-07,60.40208176867732,3.382625143945221,0.23997075446721466,0.5080914980989626,protocol_comparison_30seeds/analysis_ws3/per_point/sso_1nm_j1e11_f0p875GHz_0K_warm30_record20_40ppc_2000ovf_predictions.npz
SSO,0.875,100000000000.0,32.940947443562976,large,ws3,sso_1nm_j1e11_f0p875GHz_0K_warm30_record20_40ppc_2000ovf,True,none,0.7,0.3,280,120,0.25,400,8192,128,64,2,3,0,mx,C2N,clean training -> noisy testing; fixed clean-trained readout,0.0,0.001,3,,1850318714,same test standard-normal draw for C2N/N2N and all alpha; scaled by sigma,0.001,4.109905315634303e-07,1.0510437694622492e-05,10.727411096388769,3.306371016622257,0.22796772060574513,0.5000270082539993,protocol_comparison_30seeds/analysis_ws3/per_point/sso_1nm_j1e11_f0p875GHz_0K_warm30_record20_40ppc_2000ovf_predictions.npz
SSO,0.875,100000000000.0,32.940947443562976,large,ws3,sso_1nm_j1e11_f0p875GHz_0K_warm30_record20_40ppc_2000ovf,True,none,0.7,0.3,280,120,0.25,400,8192,128,64,2,3,0,mx,N2N,noisy training -> independently noisy testing; readout refitted for each training-noise realization,0.001,0.001,3,1577629459,1850318714,independent train/test draws; test draw paired with C2N; draws shared across alpha and scaled by sigma,0.001,2.581059551107901e-07,1.9954170629817373e-05,8.501156829084442,3.2746736975001984,0.21781899932259802,0.4579439300638699,protocol_comparison_30seeds/analysis_ws3/per_point/sso_1nm_j1e11_f0p875GHz_0K_warm30_record20_40ppc_2000ovf_predictions.npz
SSO,0.875,100000000000.0,32.940947443562976,large,ws3,sso_1nm_j1e11_f0p875GHz_0K_warm30_record20_40ppc_2000ovf,True,none,0.7,0.3,280,120,0.25,400,8192,128,64,2,3,0,mx,C2N,clean training -> noisy testing; fixed clean-trained readout,0.0,0.001,3,,1850318714,same test standard-normal draw for C2N/N2N and all alpha; scaled by sigma,1e-06,2.2499050544679777e-11,1.0785670978299146e-05,79.37086521282974,3.342947729333754,0.23275620320086854,0.4998570488871279,protocol_comparison_30seeds/analysis_ws3/per_point/sso_1nm_j1e11_f0p875GHz_0K_warm30_record20_40ppc_2000ovf_predictions.npz
SSO,0.875,100000000000.0,32.940947443562976,large,ws3,sso_1nm_j1e11_f0p875GHz_0K_warm30_record20_40ppc_2000ovf,True,none,0.7,0.3,280,120,0.25,400,8192,128,64,2,3,0,mx,N2N,noisy training -> independently noisy testing; readout refitted for each training-noise realization,0.001,0.001,3,1577629459,1850318714,independent train/test draws; test draw paired with C2N; draws shared across alpha and scaled by sigma,1e-06,3.042395663780371e-13,1.865041262449349e-05,9.22968504742586,3.297571473334298,0.2195623855773448,0.4608116643436051,protocol_comparison_30seeds/analysis_ws3/per_point/sso_1nm_j1e11_f0p875GHz_0K_warm30_record20_40ppc_2000ovf_predictions.npz
SSO,0.875,100000000000.0,32.940947443562976,large,ws3,sso_1nm_j1e11_f0p875GHz_0K_warm30_record20_40ppc_2000ovf,True,none,0.7,0.3,280,120,0.25,400,8192,128,64,2,3,0,mx,C2N,clean training -> noisy testing; fixed clean-trained readout,0.0,0.001,3,,1850318714,same test standard-normal draw for C2N/N2N and all alpha; scaled by sigma,1e-09,8.559941086177582e-12,1.1463034707558012e-05,48956.47193881155,3.473405613572897,0.243954613939458,0.6653317558995688,protocol_comparison_30seeds/analysis_ws3/per_point/sso_1nm_j1e11_f0p875GHz_0K_warm30_record20_40ppc_2000ovf_predictions.npz
SSO,0.875,100000000000.0,32.940947443562976,large,ws3,sso_1nm_j1e11_f0p875GHz_0K_warm30_record20_40ppc_2000ovf,True,none,0.7,0.3,280,120,0.25,400,8192,128,64,2,3,0,mx,N2N,noisy training -> independently noisy testing; readout refitted for each training-noise realization,0.001,0.001,3,1577629459,1850318714,independent train/test draws; test draw paired with C2N; draws shared across alpha and scaled by sigma,1e-09,3.043121768301848e-19,1.864913705794134e-05,9.230506287944035,3.2975972818251447,0.21956419208851297,0.46081509015455047,protocol_comparison_30seeds/analysis_ws3/per_point/sso_1nm_j1e11_f0p875GHz_0K_warm30_record20_40ppc_2000ovf_predictions.npz
SSO,0.875,100000000000.0,32.940947443562976,large,ws3,sso_1nm_j1e11_f0p875GHz_0K_warm30_record20_40ppc_2000ovf,True,none,0.7,0.3,280,120,0.25,400,8192,128,64,2,3,0,mx,C2N,clean training -> noisy testing; fixed clean-trained readout,0.0,0.0001,4,,448903409,same test standard-normal draw for C2N/N2N and all alpha; scaled by sigma,0.001,4.109905315634303e-07,4.978054093532403e-07,10.727411096388769,3.306371016622257,0.22796772060574513,0.5000270082539993,protocol_comparison_30seeds/analysis_ws3/per_point/sso_1nm_j1e11_f0p875GHz_0K_warm30_record20_40ppc_2000ovf_predictions.npz
SSO,0.875,100000000000.0,32.940947443562976,large,ws3,sso_1nm_j1e11_f0p875GHz_0K_warm30_record20_40ppc_2000ovf,True,none,0.7,0.3,280,120,0.25,400,8192,128,64,2,3,0,mx,N2N,noisy training -> independently noisy testing; readout refitted for each training-noise realization,0.0001,0.0001,4,584429931,448903409,independent train/test draws; test draw paired with C2N; draws shared across alpha and scaled by sigma,0.001,4.926620032655035e-07,5.519767879704286e-07,11.745014299728725,3.3065299102961485,0.22893669851677845,0.510165661886945,protocol_comparison_30seeds/analysis_ws3/per_point/sso_1nm_j1e11_f0p875GHz_0K_warm30_record20_40ppc_2000ovf_predictions.npz
SSO,0.875,100000000000.0,32.940947443562976,large,ws3,sso_1nm_j1e11_f0p875GHz_0K_warm30_record20_40ppc_2000ovf,True,none,0.7,0.3,280,120,0.25,400,8192,128,64,2,3,0,mx,C2N,clean training -> noisy testing; fixed clean-trained readout,0.0,0.0001,4,,448903409,same test standard-normal draw for C2N/N2N and all alpha; scaled by sigma,1e-06,2.2499050544679777e-11,1.272018751348578e-07,79.37086521282974,3.342947729333754,0.23275620320086854,0.4998570488871279,protocol_comparison_30seeds/analysis_ws3/per_point/sso_1nm_j1e11_f0p875GHz_0K_warm30_record20_40ppc_2000ovf_predictions.npz
SSO,0.875,100000000000.0,32.940947443562976,large,ws3,sso_1nm_j1e11_f0p875GHz_0K_warm30_record20_40ppc_2000ovf,True,none,0.7,0.3,280,120,0.25,400,8192,128,64,2,3,0,mx,N2N,noisy training -> independently noisy testing; readout refitted for each training-noise realization,0.0001,0.0001,4,584429931,448903409,independent train/test draws; test draw paired with C2N; draws shared across alpha and scaled by sigma,1e-06,1.6799766084203658e-11,1.4778563626858772e-07,68.58523574399166,3.3935208407446704,0.23665562694684764,0.45491426849070216,protocol_comparison_30seeds/analysis_ws3/per_point/sso_1nm_j1e11_f0p875GHz_0K_warm30_record20_40ppc_2000ovf_predictions.npz
SSO,0.875,100000000000.0,32.940947443562976,large,ws3,sso_1nm_j1e11_f0p875GHz_0K_warm30_record20_40ppc_2000ovf,True,none,0.7,0.3,280,120,0.25,400,8192,128,64,2,3,0,mx,C2N,clean training -> noisy testing; fixed clean-trained readout,0.0,0.0001,4,,448903409,same test standard-normal draw for C2N/N2N and all alpha; scaled by sigma,1e-09,8.559941086177582e-12,1.3272246576231013e-07,48956.47193881155,3.473405613572897,0.243954613939458,0.6653317558995688,protocol_comparison_30seeds/analysis_ws3/per_point/sso_1nm_j1e11_f0p875GHz_0K_warm30_record20_40ppc_2000ovf_predictions.npz
SSO,0.875,100000000000.0,32.940947443562976,large,ws3,sso_1nm_j1e11_f0p875GHz_0K_warm30_record20_40ppc_2000ovf,True,none,0.7,0.3,280,120,0.25,400,8192,128,64,2,3,0,mx,N2N,noisy training -> independently noisy testing; readout refitted for each training-noise realization,0.0001,0.0001,4,584429931,448903409,independent train/test draws; test draw paired with C2N; draws shared across alpha and scaled by sigma,1e-09,1.7249967772751412e-17,1.4790127231428073e-07,69.49776619128633,3.394914510081494,0.23671121352390387,0.4540725093142539,protocol_comparison_30seeds/analysis_ws3/per_point/sso_1nm_j1e11_f0p875GHz_0K_warm30_record20_40ppc_2000ovf_predictions.npz
SSO,0.875,100000000000.0,32.940947443562976,large,ws3,sso_1nm_j1e11_f0p875GHz_0K_warm30_record20_40ppc_2000ovf,True,none,0.7,0.3,280,120,0.25,400,8192,128,64,2,3,0,mx,C2N,clean training -> noisy testing; fixed clean-trained readout,0.0,0.001,4,,448903409,same test standard-normal draw for C2N/N2N and all alpha; scaled by sigma,0.001,4.109905315634303e-07,1.2496939881571221e-05,10.727411096388769,3.306371016622257,0.22796772060574513,0.5000270082539993,protocol_comparison_30seeds/analysis_ws3/per_point/sso_1nm_j1e11_f0p875GHz_0K_warm30_record20_40ppc_2000ovf_predictions.npz
SSO,0.875,100000000000.0,32.940947443562976,large,ws3,sso_1nm_j1e11_f0p875GHz_0K_warm30_record20_40ppc_2000ovf,True,none,0.7,0.3,280,120,0.25,400,8192,128,64,2,3,0,mx,N2N,noisy training -> independently noisy testing; readout refitted for each training-noise realization,0.001,0.001,4,584429931,448903409,independent train/test draws; test draw paired with C2N; draws shared across alpha and scaled by sigma,0.001,2.935480942650104e-07,2.408641464047907e-05,9.066061239072827,3.2837145179711533,0.2173527107704908,0.5148774484589205,protocol_comparison_30seeds/analysis_ws3/per_point/sso_1nm_j1e11_f0p875GHz_0K_warm30_record20_40ppc_2000ovf_predictions.npz
SSO,0.875,100000000000.0,32.940947443562976,large,ws3,sso_1nm_j1e11_f0p875GHz_0K_warm30_record20_40ppc_2000ovf,True,none,0.7,0.3,280,120,0.25,400,8192,128,64,2,3,0,mx,C2N,clean training -> noisy testing; fixed clean-trained readout,0.0,0.001,4,,448903409,same test standard-normal draw for C2N/N2N and all alpha; scaled by sigma,1e-06,2.2499050544679777e-11,1.2704756453614443e-05,79.37086521282974,3.342947729333754,0.23275620320086854,0.4998570488871279,protocol_comparison_30seeds/analysis_ws3/per_point/sso_1nm_j1e11_f0p875GHz_0K_warm30_record20_40ppc_2000ovf_predictions.npz
SSO,0.875,100000000000.0,32.940947443562976,large,ws3,sso_1nm_j1e11_f0p875GHz_0K_warm30_record20_40ppc_2000ovf,True,none,0.7,0.3,280,120,0.25,400,8192,128,64,2,3,0,mx,N2N,noisy training -> independently noisy testing; readout refitted for each training-noise realization,0.001,0.001,4,584429931,448903409,independent train/test draws; test draw paired with C2N; draws shared across alpha and scaled by sigma,1e-06,3.5126176246133074e-13,2.2738266102754765e-05,9.9173227332901,3.309772949878899,0.2200633960242197,0.5110976856394545,protocol_comparison_30seeds/analysis_ws3/per_point/sso_1nm_j1e11_f0p875GHz_0K_warm30_record20_40ppc_2000ovf_predictions.npz
SSO,0.875,100000000000.0,32.940947443562976,large,ws3,sso_1nm_j1e11_f0p875GHz_0K_warm30_record20_40ppc_2000ovf,True,none,0.7,0.3,280,120,0.25,400,8192,128,64,2,3,0,mx,C2N,clean training -> noisy testing; fixed clean-trained readout,0.0,0.001,4,,448903409,same test standard-normal draw for C2N/N2N and all alpha; scaled by sigma,1e-09,8.559941086177582e-12,1.326381963634517e-05,48956.47193881155,3.473405613572897,0.243954613939458,0.6653317558995688,protocol_comparison_30seeds/analysis_ws3/per_point/sso_1nm_j1e11_f0p875GHz_0K_warm30_record20_40ppc_2000ovf_predictions.npz
SSO,0.875,100000000000.0,32.940947443562976,large,ws3,sso_1nm_j1e11_f0p875GHz_0K_warm30_record20_40ppc_2000ovf,True,none,0.7,0.3,280,120,0.25,400,8192,128,64,2,3,0,mx,N2N,noisy training -> independently noisy testing; readout refitted for each training-noise realization,0.001,0.001,4,584429931,448903409,independent train/test draws; test draw paired with C2N; draws shared across alpha and scaled by sigma,1e-09,3.513058356283384e-19,2.27369553833275e-05,9.918290065191107,3.3098026374987555,0.22006632590430275,0.5110929484802127,protocol_comparison_30seeds/analysis_ws3/per_point/sso_1nm_j1e11_f0p875GHz_0K_warm30_record20_40ppc_2000ovf_predictions.npz
SSO,0.875,100000000000.0,32.940947443562976,large,ws3,sso_1nm_j1e11_f0p875GHz_0K_warm30_record20_40ppc_2000ovf,True,none,0.7,0.3,280,120,0.25,400,8192,128,64,2,3,0,mx,C2N,clean training -> noisy testing; fixed clean-trained readout,0.0,0.0001,5,,2204042586,same test standard-normal draw for C2N/N2N and all alpha; scaled by sigma,0.001,4.109905315634303e-07,5.410146685186801e-07,10.727411096388769,3.306371016622257,0.22796772060574513,0.5000270082539993,protocol_comparison_30seeds/analysis_ws3/per_point/sso_1nm_j1e11_f0p875GHz_0K_warm30_record20_40ppc_2000ovf_predictions.npz
SSO,0.875,100000000000.0,32.940947443562976,large,ws3,sso_1nm_j1e11_f0p875GHz_0K_warm30_record20_40ppc_2000ovf,True,none,0.7,0.3,280,120,0.25,400,8192,128,64,2,3,0,mx,N2N,noisy training -> independently noisy testing; readout refitted for each training-noise realization,0.0001,0.0001,5,4251678694,2204042586,independent train/test draws; test draw paired with C2N; draws shared across alpha and scaled by sigma,0.001,4.785786003925263e-07,6.204454459899949e-07,11.57592363908305,3.3052701198854626,0.22843716713645934,0.5053908482647711,protocol_comparison_30seeds/analysis_ws3/per_point/sso_1nm_j1e11_f0p875GHz_0K_warm30_record20_40ppc_2000ovf_predictions.npz
SSO,0.875,100000000000.0,32.940947443562976,large,ws3,sso_1nm_j1e11_f0p875GHz_0K_warm30_record20_40ppc_2000ovf,True,none,0.7,0.3,280,120,0.25,400,8192,128,64,2,3,0,mx,C2N,clean training -> noisy testing; fixed clean-trained readout,0.0,0.0001,5,,2204042586,same test standard-normal draw for C2N/N2N and all alpha; scaled by sigma,1e-06,2.2499050544679777e-11,9.721345976645606e-08,79.37086521282974,3.342947729333754,0.23275620320086854,0.4998570488871279,protocol_comparison_30seeds/analysis_ws3/per_point/sso_1nm_j1e11_f0p875GHz_0K_warm30_record20_40ppc_2000ovf_predictions.npz
SSO,0.875,100000000000.0,32.940947443562976,large,ws3,sso_1nm_j1e11_f0p875GHz_0K_warm30_record20_40ppc_2000ovf,True,none,0.7,0.3,280,120,0.25,400,8192,128,64,2,3,0,mx,N2N,noisy training -> independently noisy testing; readout refitted for each training-noise realization,0.0001,0.0001,5,4251678694,2204042586,independent train/test draws; test draw paired with C2N; draws shared across alpha and scaled by sigma,1e-06,1.4155744112937494e-11,1.1490736652482854e-07,62.95719567858163,3.3850902526800817,0.2342518986607897,0.5638790211519644,protocol_comparison_30seeds/analysis_ws3/per_point/sso_1nm_j1e11_f0p875GHz_0K_warm30_record20_40ppc_2000ovf_predictions.npz
SSO,0.875,100000000000.0,32.940947443562976,large,ws3,sso_1nm_j1e11_f0p875GHz_0K_warm30_record20_40ppc_2000ovf,True,none,0.7,0.3,280,120,0.25,400,8192,128,64,2,3,0,mx,C2N,clean training -> noisy testing; fixed clean-trained readout,0.0,0.0001,5,,2204042586,same test standard-normal draw for C2N/N2N and all alpha; scaled by sigma,1e-09,8.559941086177582e-12,1.0571871004311201e-07,48956.47193881155,3.473405613572897,0.243954613939458,0.6653317558995688,protocol_comparison_30seeds/analysis_ws3/per_point/sso_1nm_j1e11_f0p875GHz_0K_warm30_record20_40ppc_2000ovf_predictions.npz
SSO,0.875,100000000000.0,32.940947443562976,large,ws3,sso_1nm_j1e11_f0p875GHz_0K_warm30_record20_40ppc_2000ovf,True,none,0.7,0.3,280,120,0.25,400,8192,128,64,2,3,0,mx,N2N,noisy training -> independently noisy testing; readout refitted for each training-noise realization,0.0001,0.0001,5,4251678694,2204042586,independent train/test draws; test draw paired with C2N; draws shared across alpha and scaled by sigma,1e-09,1.4519055257870073e-17,1.1481967364365856e-07,63.761430593186,3.3862672322682217,0.23429199814208762,0.5646602163860528,protocol_comparison_30seeds/analysis_ws3/per_point/sso_1nm_j1e11_f0p875GHz_0K_warm30_record20_40ppc_2000ovf_predictions.npz
SSO,0.875,100000000000.0,32.940947443562976,large,ws3,sso_1nm_j1e11_f0p875GHz_0K_warm30_record20_40ppc_2000ovf,True,none,0.7,0.3,280,120,0.25,400,8192,128,64,2,3,0,mx,C2N,clean training -> noisy testing; fixed clean-trained readout,0.0,0.001,5,,2204042586,same test standard-normal draw for C2N/N2N and all alpha; scaled by sigma,0.001,4.109905315634303e-07,1.0220143044461445e-05,10.727411096388769,3.306371016622257,0.22796772060574513,0.5000270082539993,protocol_comparison_30seeds/analysis_ws3/per_point/sso_1nm_j1e11_f0p875GHz_0K_warm30_record20_40ppc_2000ovf_predictions.npz
SSO,0.875,100000000000.0,32.940947443562976,large,ws3,sso_1nm_j1e11_f0p875GHz_0K_warm30_record20_40ppc_2000ovf,True,none,0.7,0.3,280,120,0.25,400,8192,128,64,2,3,0,mx,N2N,noisy training -> independently noisy testing; readout refitted for each training-noise realization,0.001,0.001,5,4251678694,2204042586,independent train/test draws; test draw paired with C2N; draws shared across alpha and scaled by sigma,0.001,2.4616152490809523e-07,2.3944133683124625e-05,8.302121835526508,3.2685051759343686,0.22020290982124804,0.5798145130876939,protocol_comparison_30seeds/analysis_ws3/per_point/sso_1nm_j1e11_f0p875GHz_0K_warm30_record20_40ppc_2000ovf_predictions.npz
SSO,0.875,100000000000.0,32.940947443562976,large,ws3,sso_1nm_j1e11_f0p875GHz_0K_warm30_record20_40ppc_2000ovf,True,none,0.7,0.3,280,120,0.25,400,8192,128,64,2,3,0,mx,C2N,clean training -> noisy testing; fixed clean-trained readout,0.0,0.001,5,,2204042586,same test standard-normal draw for C2N/N2N and all alpha; scaled by sigma,1e-06,2.2499050544679777e-11,9.732412198030131e-06,79.37086521282974,3.342947729333754,0.23275620320086854,0.4998570488871279,protocol_comparison_30seeds/analysis_ws3/per_point/sso_1nm_j1e11_f0p875GHz_0K_warm30_record20_40ppc_2000ovf_predictions.npz
SSO,0.875,100000000000.0,32.940947443562976,large,ws3,sso_1nm_j1e11_f0p875GHz_0K_warm30_record20_40ppc_2000ovf,True,none,0.7,0.3,280,120,0.25,400,8192,128,64,2,3,0,mx,N2N,noisy training -> independently noisy testing; readout refitted for each training-noise realization,0.001,0.001,5,4251678694,2204042586,independent train/test draws; test draw paired with C2N; draws shared across alpha and scaled by sigma,1e-06,2.900090915178754e-13,2.223619667520545e-05,9.011245713070759,3.29038404888259,0.22235322947051137,0.5856807217014781,protocol_comparison_30seeds/analysis_ws3/per_point/sso_1nm_j1e11_f0p875GHz_0K_warm30_record20_40ppc_2000ovf_predictions.npz
SSO,0.875,100000000000.0,32.940947443562976,large,ws3,sso_1nm_j1e11_f0p875GHz_0K_warm30_record20_40ppc_2000ovf,True,none,0.7,0.3,280,120,0.25,400,8192,128,64,2,3,0,mx,C2N,clean training -> noisy testing; fixed clean-trained readout,0.0,0.001,5,,2204042586,same test standard-normal draw for C2N/N2N and all alpha; scaled by sigma,1e-09,8.559941086177582e-12,1.0578587460127403e-05,48956.47193881155,3.473405613572897,0.243954613939458,0.6653317558995688,protocol_comparison_30seeds/analysis_ws3/per_point/sso_1nm_j1e11_f0p875GHz_0K_warm30_record20_40ppc_2000ovf_predictions.npz
SSO,0.875,100000000000.0,32.940947443562976,large,ws3,sso_1nm_j1e11_f0p875GHz_0K_warm30_record20_40ppc_2000ovf,True,none,0.7,0.3,280,120,0.25,400,8192,128,64,2,3,0,mx,N2N,noisy training -> independently noisy testing; readout refitted for each training-noise realization,0.001,0.001,5,4251678694,2204042586,independent train/test draws; test draw paired with C2N; draws shared across alpha and scaled by sigma,1e-09,2.900639489864605e-19,2.2234499159916486e-05,9.01204699005122,3.2904087039502445,0.22235554127375753,0.5856872539765439,protocol_comparison_30seeds/analysis_ws3/per_point/sso_1nm_j1e11_f0p875GHz_0K_warm30_record20_40ppc_2000ovf_predictions.npz
SSO,0.875,100000000000.0,32.940947443562976,large,ws3,sso_1nm_j1e11_f0p875GHz_0K_warm30_record20_40ppc_2000ovf,True,none,0.7,0.3,280,120,0.25,400,8192,128,64,2,3,0,mx,C2N,clean training -> noisy testing; fixed clean-trained readout,0.0,0.0001,6,,4142675594,same test standard-normal draw for C2N/N2N and all alpha; scaled by sigma,0.001,4.109905315634303e-07,4.94219763051656e-07,10.727411096388769,3.306371016622257,0.22796772060574513,0.5000270082539993,protocol_comparison_30seeds/analysis_ws3/per_point/sso_1nm_j1e11_f0p875GHz_0K_warm30_record20_40ppc_2000ovf_predictions.npz
SSO,0.875,100000000000.0,32.940947443562976,large,ws3,sso_1nm_j1e11_f0p875GHz_0K_warm30_record20_40ppc_2000ovf,True,none,0.7,0.3,280,120,0.25,400,8192,128,64,2,3,0,mx,N2N,noisy training -> independently noisy testing; readout refitted for each training-noise realization,0.0001,0.0001,6,1127310372,4142675594,independent train/test draws; test draw paired with C2N; draws shared across alpha and scaled by sigma,0.001,4.7650802263454996e-07,5.512099423588419e-07,11.550854787445697,3.306525866135419,0.2294413425197766,0.5030466798184137,protocol_comparison_30seeds/analysis_ws3/per_point/sso_1nm_j1e11_f0p875GHz_0K_warm30_record20_40ppc_2000ovf_predictions.npz
SSO,0.875,100000000000.0,32.940947443562976,large,ws3,sso_1nm_j1e11_f0p875GHz_0K_warm30_record20_40ppc_2000ovf,True,none,0.7,0.3,280,120,0.25,400,8192,128,64,2,3,0,mx,C2N,clean training -> noisy testing; fixed clean-trained readout,0.0,0.0001,6,,4142675594,same test standard-normal draw for C2N/N2N and all alpha; scaled by sigma,1e-06,2.2499050544679777e-11,1.2293371234632043e-07,79.37086521282974,3.342947729333754,0.23275620320086854,0.4998570488871279,protocol_comparison_30seeds/analysis_ws3/per_point/sso_1nm_j1e11_f0p875GHz_0K_warm30_record20_40ppc_2000ovf_predictions.npz
SSO,0.875,100000000000.0,32.940947443562976,large,ws3,sso_1nm_j1e11_f0p875GHz_0K_warm30_record20_40ppc_2000ovf,True,none,0.7,0.3,280,120,0.25,400,8192,128,64,2,3,0,mx,N2N,noisy training -> independently noisy testing; readout refitted for each training-noise realization,0.0001,0.0001,6,1127310372,4142675594,independent train/test draws; test draw paired with C2N; draws shared across alpha and scaled by sigma,1e-06,1.2961925992096346e-11,1.490945317713112e-07,60.24399855205226,3.383115569176684,0.23311396479651988,0.5173197472017472,protocol_comparison_30seeds/analysis_ws3/per_point/sso_1nm_j1e11_f0p875GHz_0K_warm30_record20_40ppc_2000ovf_predictions.npz
SSO,0.875,100000000000.0,32.940947443562976,large,ws3,sso_1nm_j1e11_f0p875GHz_0K_warm30_record20_40ppc_2000ovf,True,none,0.7,0.3,280,120,0.25,400,8192,128,64,2,3,0,mx,C2N,clean training -> noisy testing; fixed clean-trained readout,0.0,0.0001,6,,4142675594,same test standard-normal draw for C2N/N2N and all alpha; scaled by sigma,1e-09,8.559941086177582e-12,1.3424711722513688e-07,48956.47193881155,3.473405613572897,0.243954613939458,0.6653317558995688,protocol_comparison_30seeds/analysis_ws3/per_point/sso_1nm_j1e11_f0p875GHz_0K_warm30_record20_40ppc_2000ovf_predictions.npz
SSO,0.875,100000000000.0,32.940947443562976,large,ws3,sso_1nm_j1e11_f0p875GHz_0K_warm30_record20_40ppc_2000ovf,True,none,0.7,0.3,280,120,0.25,400,8192,128,64,2,3,0,mx,N2N,noisy training -> independently noisy testing; readout refitted for each training-noise realization,0.0001,0.0001,6,1127310372,4142675594,independent train/test draws; test draw paired with C2N; draws shared across alpha and scaled by sigma,1e-09,1.3292742324720554e-17,1.4914065456794826e-07,61.00890068121824,3.3841938914844243,0.23307951725060988,0.5176666588539607,protocol_comparison_30seeds/analysis_ws3/per_point/sso_1nm_j1e11_f0p875GHz_0K_warm30_record20_40ppc_2000ovf_predictions.npz
SSO,0.875,100000000000.0,32.940947443562976,large,ws3,sso_1nm_j1e11_f0p875GHz_0K_warm30_record20_40ppc_2000ovf,True,none,0.7,0.3,280,120,0.25,400,8192,128,64,2,3,0,mx,C2N,clean training -> noisy testing; fixed clean-trained readout,0.0,0.001,6,,4142675594,same test standard-normal draw for C2N/N2N and all alpha; scaled by sigma,0.001,4.109905315634303e-07,1.2080121869329618e-05,10.727411096388769,3.306371016622257,0.22796772060574513,0.5000270082539993,protocol_comparison_30seeds/analysis_ws3/per_point/sso_1nm_j1e11_f0p875GHz_0K_warm30_record20_40ppc_2000ovf_predictions.npz
SSO,0.875,100000000000.0,32.940947443562976,large,ws3,sso_1nm_j1e11_f0p875GHz_0K_warm30_record20_40ppc_2000ovf,True,none,0.7,0.3,280,120,0.25,400,8192,128,64,2,3,0,mx,N2N,noisy training -> independently noisy testing; readout refitted for each training-noise realization,0.001,0.001,6,1127310372,4142675594,independent train/test draws; test draw paired with C2N; draws shared across alpha and scaled by sigma,0.001,2.546082599821334e-07,2.2607285934729028e-05,8.443359094240385,3.2741221221108563,0.2192852383963545,0.5201759407992257,protocol_comparison_30seeds/analysis_ws3/per_point/sso_1nm_j1e11_f0p875GHz_0K_warm30_record20_40ppc_2000ovf_predictions.npz
SSO,0.875,100000000000.0,32.940947443562976,large,ws3,sso_1nm_j1e11_f0p875GHz_0K_warm30_record20_40ppc_2000ovf,True,none,0.7,0.3,280,120,0.25,400,8192,128,64,2,3,0,mx,C2N,clean training -> noisy testing; fixed clean-trained readout,0.0,0.001,6,,4142675594,same test standard-normal draw for C2N/N2N and all alpha; scaled by sigma,1e-06,2.2499050544679777e-11,1.2285486715051944e-05,79.37086521282974,3.342947729333754,0.23275620320086854,0.4998570488871279,protocol_comparison_30seeds/analysis_ws3/per_point/sso_1nm_j1e11_f0p875GHz_0K_warm30_record20_40ppc_2000ovf_predictions.npz
SSO,0.875,100000000000.0,32.940947443562976,large,ws3,sso_1nm_j1e11_f0p875GHz_0K_warm30_record20_40ppc_2000ovf,True,none,0.7,0.3,280,120,0.25,400,8192,128,64,2,3,0,mx,N2N,noisy training -> independently noisy testing; readout refitted for each training-noise realization,0.001,0.001,6,1127310372,4142675594,independent train/test draws; test draw paired with C2N; draws shared across alpha and scaled by sigma,1e-06,2.9942621140201513e-13,2.1322728011583072e-05,9.15638269111188,3.2967006517500077,0.221441781333847,0.522397800256535,protocol_comparison_30seeds/analysis_ws3/per_point/sso_1nm_j1e11_f0p875GHz_0K_warm30_record20_40ppc_2000ovf_predictions.npz
SSO,0.875,100000000000.0,32.940947443562976,large,ws3,sso_1nm_j1e11_f0p875GHz_0K_warm30_record20_40ppc_2000ovf,True,none,0.7,0.3,280,120,0.25,400,8192,128,64,2,3,0,mx,C2N,clean training -> noisy testing; fixed clean-trained readout,0.0,0.001,6,,4142675594,same test standard-normal draw for C2N/N2N and all alpha; scaled by sigma,1e-09,8.559941086177582e-12,1.3446047103626492e-05,48956.47193881155,3.473405613572897,0.243954613939458,0.6653317558995688,protocol_comparison_30seeds/analysis_ws3/per_point/sso_1nm_j1e11_f0p875GHz_0K_warm30_record20_40ppc_2000ovf_predictions.npz
SSO,0.875,100000000000.0,32.940947443562976,large,ws3,sso_1nm_j1e11_f0p875GHz_0K_warm30_record20_40ppc_2000ovf,True,none,0.7,0.3,280,120,0.25,400,8192,128,64,2,3,0,mx,N2N,noisy training -> independently noisy testing; readout refitted for each training-noise realization,0.001,0.001,6,1127310372,4142675594,independent train/test draws; test draw paired with C2N; draws shared across alpha and scaled by sigma,1e-09,2.9948216853697084e-19,2.1321479346611528e-05,9.157186885296799,3.296726058622567,0.2214440370030168,0.5224003163855517,protocol_comparison_30seeds/analysis_ws3/per_point/sso_1nm_j1e11_f0p875GHz_0K_warm30_record20_40ppc_2000ovf_predictions.npz
SSO,0.875,100000000000.0,32.940947443562976,large,ws3,sso_1nm_j1e11_f0p875GHz_0K_warm30_record20_40ppc_2000ovf,True,none,0.7,0.3,280,120,0.25,400,8192,128,64,2,3,0,mx,C2N,clean training -> noisy testing; fixed clean-trained readout,0.0,0.0001,7,,1866951393,same test standard-normal draw for C2N/N2N and all alpha; scaled by sigma,0.001,4.109905315634303e-07,5.467265609982437e-07,10.727411096388769,3.306371016622257,0.22796772060574513,0.5000270082539993,protocol_comparison_30seeds/analysis_ws3/per_point/sso_1nm_j1e11_f0p875GHz_0K_warm30_record20_40ppc_2000ovf_predictions.npz
SSO,0.875,100000000000.0,32.940947443562976,large,ws3,sso_1nm_j1e11_f0p875GHz_0K_warm30_record20_40ppc_2000ovf,True,none,0.7,0.3,280,120,0.25,400,8192,128,64,2,3,0,mx,N2N,noisy training -> independently noisy testing; readout refitted for each training-noise realization,0.0001,0.0001,7,2644511905,1866951393,independent train/test draws; test draw paired with C2N; draws shared across alpha and scaled by sigma,0.001,4.916269012280821e-07,5.987870708562555e-07,11.732669446600676,3.306308732276165,0.22804798304174473,0.4985331154428194,protocol_comparison_30seeds/analysis_ws3/per_point/sso_1nm_j1e11_f0p875GHz_0K_warm30_record20_40ppc_2000ovf_predictions.npz
SSO,0.875,100000000000.0,32.940947443562976,large,ws3,sso_1nm_j1e11_f0p875GHz_0K_warm30_record20_40ppc_2000ovf,True,none,0.7,0.3,280,120,0.25,400,8192,128,64,2,3,0,mx,C2N,clean training -> noisy testing; fixed clean-trained readout,0.0,0.0001,7,,1866951393,same test standard-normal draw for C2N/N2N and all alpha; scaled by sigma,1e-06,2.2499050544679777e-11,1.1881240885677652e-07,79.37086521282974,3.342947729333754,0.23275620320086854,0.4998570488871279,protocol_comparison_30seeds/analysis_ws3/per_point/sso_1nm_j1e11_f0p875GHz_0K_warm30_record20_40ppc_2000ovf_predictions.npz
SSO,0.875,100000000000.0,32.940947443562976,large,ws3,sso_1nm_j1e11_f0p875GHz_0K_warm30_record20_40ppc_2000ovf,True,none,0.7,0.3,280,120,0.25,400,8192,128,64,2,3,0,mx,N2N,noisy training -> independently noisy testing; readout refitted for each training-noise realization,0.0001,0.0001,7,2644511905,1866951393,independent train/test draws; test draw paired with C2N; draws shared across alpha and scaled by sigma,1e-06,1.6777171177293082e-11,1.430708097155013e-07,68.53909825783633,3.3939375376824295,0.23228007182177432,0.5130344636112409,protocol_comparison_30seeds/analysis_ws3/per_point/sso_1nm_j1e11_f0p875GHz_0K_warm30_record20_40ppc_2000ovf_predictions.npz
SSO,0.875,100000000000.0,32.940947443562976,large,ws3,sso_1nm_j1e11_f0p875GHz_0K_warm30_record20_40ppc_2000ovf,True,none,0.7,0.3,280,120,0.25,400,8192,128,64,2,3,0,mx,C2N,clean training -> noisy testing; fixed clean-trained readout,0.0,0.0001,7,,1866951393,same test standard-normal draw for C2N/N2N and all alpha; scaled by sigma,1e-09,8.559941086177582e-12,1.2384555835651614e-07,48956.47193881155,3.473405613572897,0.243954613939458,0.6653317558995688,protocol_comparison_30seeds/analysis_ws3/per_point/sso_1nm_j1e11_f0p875GHz_0K_warm30_record20_40ppc_2000ovf_predictions.npz
SSO,0.875,100000000000.0,32.940947443562976,large,ws3,sso_1nm_j1e11_f0p875GHz_0K_warm30_record20_40ppc_2000ovf,True,none,0.7,0.3,280,120,0.25,400,8192,128,64,2,3,0,mx,N2N,noisy training -> independently noisy testing; readout refitted for each training-noise realization,0.0001,0.0001,7,2644511905,1866951393,independent train/test draws; test draw paired with C2N; draws shared across alpha and scaled by sigma,1e-09,1.7215766952460693e-17,1.4318558547324337e-07,69.42971809938864,3.3953289481554783,0.23231283068714176,0.5132480013547207,protocol_comparison_30seeds/analysis_ws3/per_point/sso_1nm_j1e11_f0p875GHz_0K_warm30_record20_40ppc_2000ovf_predictions.npz
SSO,0.875,100000000000.0,32.940947443562976,large,ws3,sso_1nm_j1e11_f0p875GHz_0K_warm30_record20_40ppc_2000ovf,True,none,0.7,0.3,280,120,0.25,400,8192,128,64,2,3,0,mx,C2N,clean training -> noisy testing; fixed clean-trained readout,0.0,0.001,7,,1866951393,same test standard-normal draw for C2N/N2N and all alpha; scaled by sigma,0.001,4.109905315634303e-07,1.229500809708685e-05,10.727411096388769,3.306371016622257,0.22796772060574513,0.5000270082539993,protocol_comparison_30seeds/analysis_ws3/per_point/sso_1nm_j1e11_f0p875GHz_0K_warm30_record20_40ppc_2000ovf_predictions.npz
SSO,0.875,100000000000.0,32.940947443562976,large,ws3,sso_1nm_j1e11_f0p875GHz_0K_warm30_record20_40ppc_2000ovf,True,none,0.7,0.3,280,120,0.25,400,8192,128,64,2,3,0,mx,N2N,noisy training -> independently noisy testing; readout refitted for each training-noise realization,0.001,0.001,7,2644511905,1866951393,independent train/test draws; test draw paired with C2N; draws shared across alpha and scaled by sigma,0.001,2.8439821555895404e-07,2.4421405696316224e-05,8.923648377161596,3.2859549786152993,0.21357984531868937,0.5163093894546151,protocol_comparison_30seeds/analysis_ws3/per_point/sso_1nm_j1e11_f0p875GHz_0K_warm30_record20_40ppc_2000ovf_predictions.npz
SSO,0.875,100000000000.0,32.940947443562976,large,ws3,sso_1nm_j1e11_f0p875GHz_0K_warm30_record20_40ppc_2000ovf,True,none,0.7,0.3,280,120,0.25,400,8192,128,64,2,3,0,mx,C2N,clean training -> noisy testing; fixed clean-trained readout,0.0,0.001,7,,1866951393,same test standard-normal draw for C2N/N2N and all alpha; scaled by sigma,1e-06,2.2499050544679777e-11,1.1900093580562375e-05,79.37086521282974,3.342947729333754,0.23275620320086854,0.4998570488871279,protocol_comparison_30seeds/analysis_ws3/per_point/sso_1nm_j1e11_f0p875GHz_0K_warm30_record20_40ppc_2000ovf_predictions.npz
SSO,0.875,100000000000.0,32.940947443562976,large,ws3,sso_1nm_j1e11_f0p875GHz_0K_warm30_record20_40ppc_2000ovf,True,none,0.7,0.3,280,120,0.25,400,8192,128,64,2,3,0,mx,N2N,noisy training -> independently noisy testing; readout refitted for each training-noise realization,0.001,0.001,7,2644511905,1866951393,independent train/test draws; test draw paired with C2N; draws shared across alpha and scaled by sigma,1e-06,3.390781655509133e-13,2.3055508371861147e-05,9.743812540095162,3.3111635881234216,0.2152766182229945,0.5178079366252015,protocol_comparison_30seeds/analysis_ws3/per_point/sso_1nm_j1e11_f0p875GHz_0K_warm30_record20_40ppc_2000ovf_predictions.npz
SSO,0.875,100000000000.0,32.940947443562976,large,ws3,sso_1nm_j1e11_f0p875GHz_0K_warm30_record20_40ppc_2000ovf,True,none,0.7,0.3,280,120,0.25,400,8192,128,64,2,3,0,mx,C2N,clean training -> noisy testing; fixed clean-trained readout,0.0,0.001,7,,1866951393,same test standard-normal draw for C2N/N2N and all alpha; scaled by sigma,1e-09,8.559941086177582e-12,1.2426043509417844e-05,48956.47193881155,3.473405613572897,0.243954613939458,0.6653317558995688,protocol_comparison_30seeds/analysis_ws3/per_point/sso_1nm_j1e11_f0p875GHz_0K_warm30_record20_40ppc_2000ovf_predictions.npz
SSO,0.875,100000000000.0,32.940947443562976,large,ws3,sso_1nm_j1e11_f0p875GHz_0K_warm30_record20_40ppc_2000ovf,True,none,0.7,0.3,280,120,0.25,400,8192,128,64,2,3,0,mx,N2N,noisy training -> independently noisy testing; readout refitted for each training-noise realization,0.001,0.001,7,2644511905,1866951393,independent train/test draws; test draw paired with C2N; draws shared across alpha and scaled by sigma,1e-09,3.39144234211516e-19,2.305418581430681e-05,9.744743103757498,3.3111922339602686,0.21527832931668547,0.5178097762320963,protocol_comparison_30seeds/analysis_ws3/per_point/sso_1nm_j1e11_f0p875GHz_0K_warm30_record20_40ppc_2000ovf_predictions.npz
SSO,0.875,100000000000.0,32.940947443562976,large,ws3,sso_1nm_j1e11_f0p875GHz_0K_warm30_record20_40ppc_2000ovf,True,none,0.7,0.3,280,120,0.25,400,8192,128,64,2,3,0,mx,C2N,clean training -> noisy testing; fixed clean-trained readout,0.0,0.0001,8,,498860912,same test standard-normal draw for C2N/N2N and all alpha; scaled by sigma,0.001,4.109905315634303e-07,5.587106286356422e-07,10.727411096388769,3.306371016622257,0.22796772060574513,0.5000270082539993,protocol_comparison_30seeds/analysis_ws3/per_point/sso_1nm_j1e11_f0p875GHz_0K_warm30_record20_40ppc_2000ovf_predictions.npz
SSO,0.875,100000000000.0,32.940947443562976,large,ws3,sso_1nm_j1e11_f0p875GHz_0K_warm30_record20_40ppc_2000ovf,True,none,0.7,0.3,280,120,0.25,400,8192,128,64,2,3,0,mx,N2N,noisy training -> independently noisy testing; readout refitted for each training-noise realization,0.0001,0.0001,8,3159316340,498860912,independent train/test draws; test draw paired with C2N; draws shared across alpha and scaled by sigma,0.001,4.869729576779657e-07,6.339229244044048e-07,11.677004245290089,3.305856275979603,0.22863116504469785,0.5068880941055038,protocol_comparison_30seeds/analysis_ws3/per_point/sso_1nm_j1e11_f0p875GHz_0K_warm30_record20_40ppc_2000ovf_predictions.npz
SSO,0.875,100000000000.0,32.940947443562976,large,ws3,sso_1nm_j1e11_f0p875GHz_0K_warm30_record20_40ppc_2000ovf,True,none,0.7,0.3,280,120,0.25,400,8192,128,64,2,3,0,mx,C2N,clean training -> noisy testing; fixed clean-trained readout,0.0,0.0001,8,,498860912,same test standard-normal draw for C2N/N2N and all alpha; scaled by sigma,1e-06,2.2499050544679777e-11,9.629795512633011e-08,79.37086521282974,3.342947729333754,0.23275620320086854,0.4998570488871279,protocol_comparison_30seeds/analysis_ws3/per_point/sso_1nm_j1e11_f0p875GHz_0K_warm30_record20_40ppc_2000ovf_predictions.npz
SSO,0.875,100000000000.0,32.940947443562976,large,ws3,sso_1nm_j1e11_f0p875GHz_0K_warm30_record20_40ppc_2000ovf,True,none,0.7,0.3,280,120,0.25,400,8192,128,64,2,3,0,mx,N2N,noisy training -> independently noisy testing; readout refitted for each training-noise realization,0.0001,0.0001,8,3159316340,498860912,independent train/test draws; test draw paired with C2N; draws shared across alpha and scaled by sigma,1e-06,1.5853197993820347e-11,1.2851828178554346e-07,66.62503525029098,3.3910536438725405,0.24307407174971146,0.561840369141847,protocol_comparison_30seeds/analysis_ws3/per_point/sso_1nm_j1e11_f0p875GHz_0K_warm30_record20_40ppc_2000ovf_predictions.npz
SSO,0.875,100000000000.0,32.940947443562976,large,ws3,sso_1nm_j1e11_f0p875GHz_0K_warm30_record20_40ppc_2000ovf,True,none,0.7,0.3,280,120,0.25,400,8192,128,64,2,3,0,mx,C2N,clean training -> noisy testing; fixed clean-trained readout,0.0,0.0001,8,,498860912,same test standard-normal draw for C2N/N2N and all alpha; scaled by sigma,1e-09,8.559941086177582e-12,1.0038124519219465e-07,48956.47193881155,3.473405613572897,0.243954613939458,0.6653317558995688,protocol_comparison_30seeds/analysis_ws3/per_point/sso_1nm_j1e11_f0p875GHz_0K_warm30_record20_40ppc_2000ovf_predictions.npz
SSO,0.875,100000000000.0,32.940947443562976,large,ws3,sso_1nm_j1e11_f0p875GHz_0K_warm30_record20_40ppc_2000ovf,True,none,0.7,0.3,280,120,0.25,400,8192,128,64,2,3,0,mx,N2N,noisy training -> independently noisy testing; readout refitted for each training-noise realization,0.0001,0.0001,8,3159316340,498860912,independent train/test draws; test draw paired with C2N; draws shared across alpha and scaled by sigma,1e-09,1.6263660794402257e-17,1.2849304698707904e-07,67.4838535289395,3.392369489182402,0.24321454134621592,0.56257870148266,protocol_comparison_30seeds/analysis_ws3/per_point/sso_1nm_j1e11_f0p875GHz_0K_warm30_record20_40ppc_2000ovf_predictions.npz
SSO,0.875,100000000000.0,32.940947443562976,large,ws3,sso_1nm_j1e11_f0p875GHz_0K_warm30_record20_40ppc_2000ovf,True,none,0.7,0.3,280,120,0.25,400,8192,128,64,2,3,0,mx,C2N,clean training -> noisy testing; fixed clean-trained readout,0.0,0.001,8,,498860912,same test standard-normal draw for C2N/N2N and all alpha; scaled by sigma,0.001,4.109905315634303e-07,1.035464919249582e-05,10.727411096388769,3.306371016622257,0.22796772060574513,0.5000270082539993,protocol_comparison_30seeds/analysis_ws3/per_point/sso_1nm_j1e11_f0p875GHz_0K_warm30_record20_40ppc_2000ovf_predictions.npz
SSO,0.875,100000000000.0,32.940947443562976,large,ws3,sso_1nm_j1e11_f0p875GHz_0K_warm30_record20_40ppc_2000ovf,True,none,0.7,0.3,280,120,0.25,400,8192,128,64,2,3,0,mx,N2N,noisy training -> independently noisy testing; readout refitted for each training-noise realization,0.001,0.001,8,3159316340,498860912,independent train/test draws; test draw paired with C2N; draws shared across alpha and scaled by sigma,0.001,2.710915394741799e-07,2.4054053710812057e-05,8.712383775726236,3.2826906534050897,0.21647997389045473,0.5956140991872882,protocol_comparison_30seeds/analysis_ws3/per_point/sso_1nm_j1e11_f0p875GHz_0K_warm30_record20_40ppc_2000ovf_predictions.npz
SSO,0.875,100000000000.0,32.940947443562976,large,ws3,sso_1nm_j1e11_f0p875GHz_0K_warm30_record20_40ppc_2000ovf,True,none,0.7,0.3,280,120,0.25,400,8192,128,64,2,3,0,mx,C2N,clean training -> noisy testing; fixed clean-trained readout,0.0,0.001,8,,498860912,same test standard-normal draw for C2N/N2N and all alpha; scaled by sigma,1e-06,2.2499050544679777e-11,9.610713866845444e-06,79.37086521282974,3.342947729333754,0.23275620320086854,0.4998570488871279,protocol_comparison_30seeds/analysis_ws3/per_point/sso_1nm_j1e11_f0p875GHz_0K_warm30_record20_40ppc_2000ovf_predictions.npz
SSO,0.875,100000000000.0,32.940947443562976,large,ws3,sso_1nm_j1e11_f0p875GHz_0K_warm30_record20_40ppc_2000ovf,True,none,0.7,0.3,280,120,0.25,400,8192,128,64,2,3,0,mx,N2N,noisy training -> independently noisy testing; readout refitted for each training-noise realization,0.001,0.001,8,3159316340,498860912,independent train/test draws; test draw paired with C2N; draws shared across alpha and scaled by sigma,1e-06,3.2184759171791684e-13,2.2542823602916825e-05,9.493014303864177,3.306721246228582,0.21918597449123928,0.6047623617037547,protocol_comparison_30seeds/analysis_ws3/per_point/sso_1nm_j1e11_f0p875GHz_0K_warm30_record20_40ppc_2000ovf_predictions.npz
SSO,0.875,100000000000.0,32.940947443562976,large,ws3,sso_1nm_j1e11_f0p875GHz_0K_warm30_record20_40ppc_2000ovf,True,none,0.7,0.3,280,120,0.25,400,8192,128,64,2,3,0,mx,C2N,clean training -> noisy testing; fixed clean-trained readout,0.0,0.001,8,,498860912,same test standard-normal draw for C2N/N2N and all alpha; scaled by sigma,1e-09,8.559941086177582e-12,1.0053813680742986e-05,48956.47193881155,3.473405613572897,0.243954613939458,0.6653317558995688,protocol_comparison_30seeds/analysis_ws3/per_point/sso_1nm_j1e11_f0p875GHz_0K_warm30_record20_40ppc_2000ovf_predictions.npz
SSO,0.875,100000000000.0,32.940947443562976,large,ws3,sso_1nm_j1e11_f0p875GHz_0K_warm30_record20_40ppc_2000ovf,True,none,0.7,0.3,280,120,0.25,400,8192,128,64,2,3,0,mx,N2N,noisy training -> independently noisy testing; readout refitted for each training-noise realization,0.001,0.001,8,3159316340,498860912,independent train/test draws; test draw paired with C2N; draws shared across alpha and scaled by sigma,1e-09,3.2190398995749914e-19,2.254132796077043e-05,9.49389937018416,3.3067484729030454,0.21918889119836074,0.6047727855763347,protocol_comparison_30seeds/analysis_ws3/per_point/sso_1nm_j1e11_f0p875GHz_0K_warm30_record20_40ppc_2000ovf_predictions.npz
SSO,0.875,100000000000.0,32.940947443562976,large,ws3,sso_1nm_j1e11_f0p875GHz_0K_warm30_record20_40ppc_2000ovf,True,none,0.7,0.3,280,120,0.25,400,8192,128,64,2,3,0,mx,C2N,clean training -> noisy testing; fixed clean-trained readout,0.0,0.0001,9,,2287515611,same test standard-normal draw for C2N/N2N and all alpha; scaled by sigma,0.001,4.109905315634303e-07,4.896912641111686e-07,10.727411096388769,3.306371016622257,0.22796772060574513,0.5000270082539993,protocol_comparison_30seeds/analysis_ws3/per_point/sso_1nm_j1e11_f0p875GHz_0K_warm30_record20_40ppc_2000ovf_predictions.npz
SSO,0.875,100000000000.0,32.940947443562976,large,ws3,sso_1nm_j1e11_f0p875GHz_0K_warm30_record20_40ppc_2000ovf,True,none,0.7,0.3,280,120,0.25,400,8192,128,64,2,3,0,mx,N2N,noisy training -> independently noisy testing; readout refitted for each training-noise realization,0.0001,0.0001,9,1740771569,2287515611,independent train/test draws; test draw paired with C2N; draws shared across alpha and scaled by sigma,0.001,4.75760556758854e-07,5.296600429476505e-07,11.54179171068201,3.3072587401077365,0.22861407099840453,0.4980886721765909,protocol_comparison_30seeds/analysis_ws3/per_point/sso_1nm_j1e11_f0p875GHz_0K_warm30_record20_40ppc_2000ovf_predictions.npz
SSO,0.875,100000000000.0,32.940947443562976,large,ws3,sso_1nm_j1e11_f0p875GHz_0K_warm30_record20_40ppc_2000ovf,True,none,0.7,0.3,280,120,0.25,400,8192,128,64,2,3,0,mx,C2N,clean training -> noisy testing; fixed clean-trained readout,0.0,0.0001,9,,2287515611,same test standard-normal draw for C2N/N2N and all alpha; scaled by sigma,1e-06,2.2499050544679777e-11,9.319860822669064e-08,79.37086521282974,3.342947729333754,0.23275620320086854,0.4998570488871279,protocol_comparison_30seeds/analysis_ws3/per_point/sso_1nm_j1e11_f0p875GHz_0K_warm30_record20_40ppc_2000ovf_predictions.npz
SSO,0.875,100000000000.0,32.940947443562976,large,ws3,sso_1nm_j1e11_f0p875GHz_0K_warm30_record20_40ppc_2000ovf,True,none,0.7,0.3,280,120,0.25,400,8192,128,64,2,3,0,mx,N2N,noisy training -> independently noisy testing; readout refitted for each training-noise realization,0.0001,0.0001,9,1740771569,2287515611,independent train/test draws; test draw paired with C2N; draws shared across alpha and scaled by sigma,1e-06,1.308388372753525e-11,1.1845893195512387e-07,60.526751244552514,3.383688965684706,0.24422416437598635,0.5243655026744911,protocol_comparison_30seeds/analysis_ws3/per_point/sso_1nm_j1e11_f0p875GHz_0K_warm30_record20_40ppc_2000ovf_predictions.npz
SSO,0.875,100000000000.0,32.940947443562976,large,ws3,sso_1nm_j1e11_f0p875GHz_0K_warm30_record20_40ppc_2000ovf,True,none,0.7,0.3,280,120,0.25,400,8192,128,64,2,3,0,mx,C2N,clean training -> noisy testing; fixed clean-trained readout,0.0,0.0001,9,,2287515611,same test standard-normal draw for C2N/N2N and all alpha; scaled by sigma,1e-09,8.559941086177582e-12,1.0593698669235107e-07,48956.47193881155,3.473405613572897,0.243954613939458,0.6653317558995688,protocol_comparison_30seeds/analysis_ws3/per_point/sso_1nm_j1e11_f0p875GHz_0K_warm30_record20_40ppc_2000ovf_predictions.npz
SSO,0.875,100000000000.0,32.940947443562976,large,ws3,sso_1nm_j1e11_f0p875GHz_0K_warm30_record20_40ppc_2000ovf,True,none,0.7,0.3,280,120,0.25,400,8192,128,64,2,3,0,mx,N2N,noisy training -> independently noisy testing; readout refitted for each training-noise realization,0.0001,0.0001,9,1740771569,2287515611,independent train/test draws; test draw paired with C2N; draws shared across alpha and scaled by sigma,1e-09,1.3420670494005825e-17,1.1853843157084725e-07,61.302386016220176,3.3847773117225937,0.24444530259144123,0.5246942957339502,protocol_comparison_30seeds/analysis_ws3/per_point/sso_1nm_j1e11_f0p875GHz_0K_warm30_record20_40ppc_2000ovf_predictions.npz
SSO,0.875,100000000000.0,32.940947443562976,large,ws3,sso_1nm_j1e11_f0p875GHz_0K_warm30_record20_40ppc_2000ovf,True,none,0.7,0.3,280,120,0.25,400,8192,128,64,2,3,0,mx,C2N,clean training -> noisy testing; fixed clean-trained readout,0.0,0.001,9,,2287515611,same test standard-normal draw for C2N/N2N and all alpha; scaled by sigma,0.001,4.109905315634303e-07,9.370421298785478e-06,10.727411096388769,3.306371016622257,0.22796772060574513,0.5000270082539993,protocol_comparison_30seeds/analysis_ws3/per_point/sso_1nm_j1e11_f0p875GHz_0K_warm30_record20_40ppc_2000ovf_predictions.npz
SSO,0.875,100000000000.0,32.940947443562976,large,ws3,sso_1nm_j1e11_f0p875GHz_0K_warm30_record20_40ppc_2000ovf,True,none,0.7,0.3,280,120,0.25,400,8192,128,64,2,3,0,mx,N2N,noisy training -> independently noisy testing; readout refitted for each training-noise realization,0.001,0.001,9,1740771569,2287515611,independent train/test draws; test draw paired with C2N; draws shared across alpha and scaled by sigma,0.001,2.571850414470871e-07,1.9237435749975127e-05,8.485977351132933,3.2822630082913027,0.22391031335177697,0.5276036766376389,protocol_comparison_30seeds/analysis_ws3/per_point/sso_1nm_j1e11_f0p875GHz_0K_warm30_record20_40ppc_2000ovf_predictions.npz
SSO,0.875,100000000000.0,32.940947443562976,large,ws3,sso_1nm_j1e11_f0p875GHz_0K_warm30_record20_40ppc_2000ovf,True,none,0.7,0.3,280,120,0.25,400,8192,128,64,2,3,0,mx,C2N,clean training -> noisy testing; fixed clean-trained readout,0.0,0.001,9,,2287515611,same test standard-normal draw for C2N/N2N and all alpha; scaled by sigma,1e-06,2.2499050544679777e-11,9.340825853927686e-06,79.37086521282974,3.342947729333754,0.23275620320086854,0.4998570488871279,protocol_comparison_30seeds/analysis_ws3/per_point/sso_1nm_j1e11_f0p875GHz_0K_warm30_record20_40ppc_2000ovf_predictions.npz
SSO,0.875,100000000000.0,32.940947443562976,large,ws3,sso_1nm_j1e11_f0p875GHz_0K_warm30_record20_40ppc_2000ovf,True,none,0.7,0.3,280,120,0.25,400,8192,128,64,2,3,0,mx,N2N,noisy training -> independently noisy testing; readout refitted for each training-noise realization,0.001,0.001,9,1740771569,2287515611,independent train/test draws; test draw paired with C2N; draws shared across alpha and scaled by sigma,1e-06,3.0236931810657436e-13,1.809339629335715e-05,9.201272399769682,3.3050112681943067,0.22739042273069243,0.5316547904780624,protocol_comparison_30seeds/analysis_ws3/per_point/sso_1nm_j1e11_f0p875GHz_0K_warm30_record20_40ppc_2000ovf_predictions.npz
SSO,0.875,100000000000.0,32.940947443562976,large,ws3,sso_1nm_j1e11_f0p875GHz_0K_warm30_record20_40ppc_2000ovf,True,none,0.7,0.3,280,120,0.25,400,8192,128,64,2,3,0,mx,C2N,clean training -> noisy testing; fixed clean-trained readout,0.0,0.001,9,,2287515611,same test standard-normal draw for C2N/N2N and all alpha; scaled by sigma,1e-09,8.559941086177582e-12,1.0596004407807921e-05,48956.47193881155,3.473405613572897,0.243954613939458,0.6653317558995688,protocol_comparison_30seeds/analysis_ws3/per_point/sso_1nm_j1e11_f0p875GHz_0K_warm30_record20_40ppc_2000ovf_predictions.npz
SSO,0.875,100000000000.0,32.940947443562976,large,ws3,sso_1nm_j1e11_f0p875GHz_0K_warm30_record20_40ppc_2000ovf,True,none,0.7,0.3,280,120,0.25,400,8192,128,64,2,3,0,mx,N2N,noisy training -> independently noisy testing; readout refitted for each training-noise realization,0.001,0.001,9,1740771569,2287515611,independent train/test draws; test draw paired with C2N; draws shared across alpha and scaled by sigma,1e-09,3.024213119120239e-19,1.809228755562597e-05,9.202079396886658,3.305036860278336,0.22739424919872786,0.5316594713003537,protocol_comparison_30seeds/analysis_ws3/per_point/sso_1nm_j1e11_f0p875GHz_0K_warm30_record20_40ppc_2000ovf_predictions.npz
SSO,0.875,100000000000.0,32.940947443562976,large,ws3,sso_1nm_j1e11_f0p875GHz_0K_warm30_record20_40ppc_2000ovf,True,none,0.7,0.3,280,120,0.25,400,8192,128,64,2,3,0,mx,C2N,clean training -> noisy testing; fixed clean-trained readout,0.0,0.0001,10,,1759674326,same test standard-normal draw for C2N/N2N and all alpha; scaled by sigma,0.001,4.109905315634303e-07,5.102166187093628e-07,10.727411096388769,3.306371016622257,0.22796772060574513,0.5000270082539993,protocol_comparison_30seeds/analysis_ws3/per_point/sso_1nm_j1e11_f0p875GHz_0K_warm30_record20_40ppc_2000ovf_predictions.npz
SSO,0.875,100000000000.0,32.940947443562976,large,ws3,sso_1nm_j1e11_f0p875GHz_0K_warm30_record20_40ppc_2000ovf,True,none,0.7,0.3,280,120,0.25,400,8192,128,64,2,3,0,mx,N2N,noisy training -> independently noisy testing; readout refitted for each training-noise realization,0.0001,0.0001,10,389790514,1759674326,independent train/test draws; test draw paired with C2N; draws shared across alpha and scaled by sigma,0.001,4.803604832919939e-07,5.814533544800163e-07,11.597453828556818,3.305216998234026,0.22773604647192833,0.5074896764452244,protocol_comparison_30seeds/analysis_ws3/per_point/sso_1nm_j1e11_f0p875GHz_0K_warm30_record20_40ppc_2000ovf_predictions.npz
SSO,0.875,100000000000.0,32.940947443562976,large,ws3,sso_1nm_j1e11_f0p875GHz_0K_warm30_record20_40ppc_2000ovf,True,none,0.7,0.3,280,120,0.25,400,8192,128,64,2,3,0,mx,C2N,clean training -> noisy testing; fixed clean-trained readout,0.0,0.0001,10,,1759674326,same test standard-normal draw for C2N/N2N and all alpha; scaled by sigma,1e-06,2.2499050544679777e-11,1.1818571425425059e-07,79.37086521282974,3.342947729333754,0.23275620320086854,0.4998570488871279,protocol_comparison_30seeds/analysis_ws3/per_point/sso_1nm_j1e11_f0p875GHz_0K_warm30_record20_40ppc_2000ovf_predictions.npz
SSO,0.875,100000000000.0,32.940947443562976,large,ws3,sso_1nm_j1e11_f0p875GHz_0K_warm30_record20_40ppc_2000ovf,True,none,0.7,0.3,280,120,0.25,400,8192,128,64,2,3,0,mx,N2N,noisy training -> independently noisy testing; readout refitted for each training-noise realization,0.0001,0.0001,10,389790514,1759674326,independent train/test draws; test draw paired with C2N; draws shared across alpha and scaled by sigma,1e-06,1.4201226196727452e-11,1.4212373088318178e-07,63.05825275098796,3.3855066638833318,0.234071397774348,0.5130030663318486,protocol_comparison_30seeds/analysis_ws3/per_point/sso_1nm_j1e11_f0p875GHz_0K_warm30_record20_40ppc_2000ovf_predictions.npz
SSO,0.875,100000000000.0,32.940947443562976,large,ws3,sso_1nm_j1e11_f0p875GHz_0K_warm30_record20_40ppc_2000ovf,True,none,0.7,0.3,280,120,0.25,400,8192,128,64,2,3,0,mx,C2N,clean training -> noisy testing; fixed clean-trained readout,0.0,0.0001,10,,1759674326,same test standard-normal draw for C2N/N2N and all alpha; scaled by sigma,1e-09,8.559941086177582e-12,1.1653395536813527e-07,48956.47193881155,3.473405613572897,0.243954613939458,0.6653317558995688,protocol_comparison_30seeds/analysis_ws3/per_point/sso_1nm_j1e11_f0p875GHz_0K_warm30_record20_40ppc_2000ovf_predictions.npz
SSO,0.875,100000000000.0,32.940947443562976,large,ws3,sso_1nm_j1e11_f0p875GHz_0K_warm30_record20_40ppc_2000ovf,True,none,0.7,0.3,280,120,0.25,400,8192,128,64,2,3,0,mx,N2N,noisy training -> independently noisy testing; readout refitted for each training-noise realization,0.0001,0.0001,10,389790514,1759674326,independent train/test draws; test draw paired with C2N; draws shared across alpha and scaled by sigma,1e-09,1.456381227990344e-17,1.4225680326410167e-07,63.857618920207656,3.386687222164685,0.2340756039518702,0.5130782265287683,protocol_comparison_30seeds/analysis_ws3/per_point/sso_1nm_j1e11_f0p875GHz_0K_warm30_record20_40ppc_2000ovf_predictions.npz
SSO,0.875,100000000000.0,32.940947443562976,large,ws3,sso_1nm_j1e11_f0p875GHz_0K_warm30_record20_40ppc_2000ovf,True,none,0.7,0.3,280,120,0.25,400,8192,128,64,2,3,0,mx,C2N,clean training -> noisy testing; fixed clean-trained readout,0.0,0.001,10,,1759674326,same test standard-normal draw for C2N/N2N and all alpha; scaled by sigma,0.001,4.109905315634303e-07,1.1789200591255427e-05,10.727411096388769,3.306371016622257,0.22796772060574513,0.5000270082539993,protocol_comparison_30seeds/analysis_ws3/per_point/sso_1nm_j1e11_f0p875GHz_0K_warm30_record20_40ppc_2000ovf_predictions.npz
SSO,0.875,100000000000.0,32.940947443562976,large,ws3,sso_1nm_j1e11_f0p875GHz_0K_warm30_record20_40ppc_2000ovf,True,none,0.7,0.3,280,120,0.25,400,8192,128,64,2,3,0,mx,N2N,noisy training -> independently noisy testing; readout refitted for each training-noise realization,0.001,0.001,10,389790514,1759674326,independent train/test draws; test draw paired with C2N; draws shared across alpha and scaled by sigma,0.001,2.533766105331462e-07,2.4125812367148066e-05,8.422912260403919,3.2668074102144806,0.20947638150399506,0.5514652562962112,protocol_comparison_30seeds/analysis_ws3/per_point/sso_1nm_j1e11_f0p875GHz_0K_warm30_record20_40ppc_2000ovf_predictions.npz
SSO,0.875,100000000000.0,32.940947443562976,large,ws3,sso_1nm_j1e11_f0p875GHz_0K_warm30_record20_40ppc_2000ovf,True,none,0.7,0.3,280,120,0.25,400,8192,128,64,2,3,0,mx,C2N,clean training -> noisy testing; fixed clean-trained readout,0.0,0.001,10,,1759674326,same test standard-normal draw for C2N/N2N and all alpha; scaled by sigma,1e-06,2.2499050544679777e-11,1.1772856031552464e-05,79.37086521282974,3.342947729333754,0.23275620320086854,0.4998570488871279,protocol_comparison_30seeds/analysis_ws3/per_point/sso_1nm_j1e11_f0p875GHz_0K_warm30_record20_40ppc_2000ovf_predictions.npz
SSO,0.875,100000000000.0,32.940947443562976,large,ws3,sso_1nm_j1e11_f0p875GHz_0K_warm30_record20_40ppc_2000ovf,True,none,0.7,0.3,280,120,0.25,400,8192,128,64,2,3,0,mx,N2N,noisy training -> independently noisy testing; readout refitted for each training-noise realization,0.001,0.001,10,389790514,1759674326,independent train/test draws; test draw paired with C2N; draws shared across alpha and scaled by sigma,1e-06,2.994291743656818e-13,2.269199078844044e-05,9.15642764929117,3.289355275423608,0.2110726469698203,0.556861082161723,protocol_comparison_30seeds/analysis_ws3/per_point/sso_1nm_j1e11_f0p875GHz_0K_warm30_record20_40ppc_2000ovf_predictions.npz
SSO,0.875,100000000000.0,32.940947443562976,large,ws3,sso_1nm_j1e11_f0p875GHz_0K_warm30_record20_40ppc_2000ovf,True,none,0.7,0.3,280,120,0.25,400,8192,128,64,2,3,0,mx,C2N,clean training -> noisy testing; fixed clean-trained readout,0.0,0.001,10,,1759674326,same test standard-normal draw for C2N/N2N and all alpha; scaled by sigma,1e-09,8.559941086177582e-12,1.1616092077116348e-05,48956.47193881155,3.473405613572897,0.243954613939458,0.6653317558995688,protocol_comparison_30seeds/analysis_ws3/per_point/sso_1nm_j1e11_f0p875GHz_0K_warm30_record20_40ppc_2000ovf_predictions.npz
SSO,0.875,100000000000.0,32.940947443562976,large,ws3,sso_1nm_j1e11_f0p875GHz_0K_warm30_record20_40ppc_2000ovf,True,none,0.7,0.3,280,120,0.25,400,8192,128,64,2,3,0,mx,N2N,noisy training -> independently noisy testing; readout refitted for each training-noise realization,0.001,0.001,10,389790514,1759674326,independent train/test draws; test draw paired with C2N; draws shared across alpha and scaled by sigma,1e-09,2.9949101113580074e-19,2.2690588487153656e-05,9.157256208793301,3.289380739315109,0.21107429872980865,0.5568671148246649,protocol_comparison_30seeds/analysis_ws3/per_point/sso_1nm_j1e11_f0p875GHz_0K_warm30_record20_40ppc_2000ovf_predictions.npz
SSO,0.875,100000000000.0,32.940947443562976,large,ws3,sso_1nm_j1e11_f0p875GHz_0K_warm30_record20_40ppc_2000ovf,True,none,0.7,0.3,280,120,0.25,400,8192,128,64,2,3,0,mx,C2N,clean training -> noisy testing; fixed clean-trained readout,0.0,0.0001,11,,4248648565,same test standard-normal draw for C2N/N2N and all alpha; scaled by sigma,0.001,4.109905315634303e-07,5.24664673298918e-07,10.727411096388769,3.306371016622257,0.22796772060574513,0.5000270082539993,protocol_comparison_30seeds/analysis_ws3/per_point/sso_1nm_j1e11_f0p875GHz_0K_warm30_record20_40ppc_2000ovf_predictions.npz
SSO,0.875,100000000000.0,32.940947443562976,large,ws3,sso_1nm_j1e11_f0p875GHz_0K_warm30_record20_40ppc_2000ovf,True,none,0.7,0.3,280,120,0.25,400,8192,128,64,2,3,0,mx,N2N,noisy training -> independently noisy testing; readout refitted for each training-noise realization,0.0001,0.0001,11,3435491759,4248648565,independent train/test draws; test draw paired with C2N; draws shared across alpha and scaled by sigma,0.001,4.804426315986041e-07,5.971233978289266e-07,11.598445449666722,3.305550429042414,0.22606055061710525,0.5052607559535138,protocol_comparison_30seeds/analysis_ws3/per_point/sso_1nm_j1e11_f0p875GHz_0K_warm30_record20_40ppc_2000ovf_predictions.npz
SSO,0.875,100000000000.0,32.940947443562976,large,ws3,sso_1nm_j1e11_f0p875GHz_0K_warm30_record20_40ppc_2000ovf,True,none,0.7,0.3,280,120,0.25,400,8192,128,64,2,3,0,mx,C2N,clean training -> noisy testing; fixed clean-trained readout,0.0,0.0001,11,,4248648565,same test standard-normal draw for C2N/N2N and all alpha; scaled by sigma,1e-06,2.2499050544679777e-11,1.2518443789182568e-07,79.37086521282974,3.342947729333754,0.23275620320086854,0.4998570488871279,protocol_comparison_30seeds/analysis_ws3/per_point/sso_1nm_j1e11_f0p875GHz_0K_warm30_record20_40ppc_2000ovf_predictions.npz
SSO,0.875,100000000000.0,32.940947443562976,large,ws3,sso_1nm_j1e11_f0p875GHz_0K_warm30_record20_40ppc_2000ovf,True,none,0.7,0.3,280,120,0.25,400,8192,128,64,2,3,0,mx,N2N,noisy training -> independently noisy testing; readout refitted for each training-noise realization,0.0001,0.0001,11,3435491759,4248648565,independent train/test draws; test draw paired with C2N; draws shared across alpha and scaled by sigma,1e-06,1.4194229135829341e-11,1.4476510832606915e-07,63.04271631183893,3.3857736204845694,0.23203617621280834,0.472637317296428,protocol_comparison_30seeds/analysis_ws3/per_point/sso_1nm_j1e11_f0p875GHz_0K_warm30_record20_40ppc_2000ovf_predictions.npz
SSO,0.875,100000000000.0,32.940947443562976,large,ws3,sso_1nm_j1e11_f0p875GHz_0K_warm30_record20_40ppc_2000ovf,True,none,0.7,0.3,280,120,0.25,400,8192,128,64,2,3,0,mx,C2N,clean training -> noisy testing; fixed clean-trained readout,0.0,0.0001,11,,4248648565,same test standard-normal draw for C2N/N2N and all alpha; scaled by sigma,1e-09,8.559941086177582e-12,1.3829853596369932e-07,48956.47193881155,3.473405613572897,0.243954613939458,0.6653317558995688,protocol_comparison_30seeds/analysis_ws3/per_point/sso_1nm_j1e11_f0p875GHz_0K_warm30_record20_40ppc_2000ovf_predictions.npz
SSO,0.875,100000000000.0,32.940947443562976,large,ws3,sso_1nm_j1e11_f0p875GHz_0K_warm30_record20_40ppc_2000ovf,True,none,0.7,0.3,280,120,0.25,400,8192,128,64,2,3,0,mx,N2N,noisy training -> independently noisy testing; readout refitted for each training-noise realization,0.0001,0.0001,11,3435491759,4248648565,independent train/test draws; test draw paired with C2N; draws shared across alpha and scaled by sigma,1e-09,1.4558267332026307e-17,1.447262532485576e-07,63.84596981606922,3.3869535418732175,0.23210922658810842,0.4720679369589982,protocol_comparison_30seeds/analysis_ws3/per_point/sso_1nm_j1e11_f0p875GHz_0K_warm30_record20_40ppc_2000ovf_predictions.npz
SSO,0.875,100000000000.0,32.940947443562976,large,ws3,sso_1nm_j1e11_f0p875GHz_0K_warm30_record20_40ppc_2000ovf,True,none,0.7,0.3,280,120,0.25,400,8192,128,64,2,3,0,mx,C2N,clean training -> noisy testing; fixed clean-trained readout,0.0,0.001,11,,4248648565,same test standard-normal draw for C2N/N2N and all alpha; scaled by sigma,0.001,4.109905315634303e-07,1.2664758572355442e-05,10.727411096388769,3.306371016622257,0.22796772060574513,0.5000270082539993,protocol_comparison_30seeds/analysis_ws3/per_point/sso_1nm_j1e11_f0p875GHz_0K_warm30_record20_40ppc_2000ovf_predictions.npz
SSO,0.875,100000000000.0,32.940947443562976,large,ws3,sso_1nm_j1e11_f0p875GHz_0K_warm30_record20_40ppc_2000ovf,True,none,0.7,0.3,280,120,0.25,400,8192,128,64,2,3,0,mx,N2N,noisy training -> independently noisy testing; readout refitted for each training-noise realization,0.001,0.001,11,3435491759,4248648565,independent train/test draws; test draw paired with C2N; draws shared across alpha and scaled by sigma,0.001,2.559039527465454e-07,2.5205834405703457e-05,8.464815814533818,3.2723934956957925,0.21401484591933576,0.5096079351783043,protocol_comparison_30seeds/analysis_ws3/per_point/sso_1nm_j1e11_f0p875GHz_0K_warm30_record20_40ppc_2000ovf_predictions.npz
SSO,0.875,100000000000.0,32.940947443562976,large,ws3,sso_1nm_j1e11_f0p875GHz_0K_warm30_record20_40ppc_2000ovf,True,none,0.7,0.3,280,120,0.25,400,8192,128,64,2,3,0,mx,C2N,clean training -> noisy testing; fixed clean-trained readout,0.0,0.001,11,,4248648565,same test standard-normal draw for C2N/N2N and all alpha; scaled by sigma,1e-06,2.2499050544679777e-11,1.2548181616817594e-05,79.37086521282974,3.342947729333754,0.23275620320086854,0.4998570488871279,protocol_comparison_30seeds/analysis_ws3/per_point/sso_1nm_j1e11_f0p875GHz_0K_warm30_record20_40ppc_2000ovf_predictions.npz
SSO,0.875,100000000000.0,32.940947443562976,large,ws3,sso_1nm_j1e11_f0p875GHz_0K_warm30_record20_40ppc_2000ovf,True,none,0.7,0.3,280,120,0.25,400,8192,128,64,2,3,0,mx,N2N,noisy training -> independently noisy testing; readout refitted for each training-noise realization,0.001,0.001,11,3435491759,4248648565,independent train/test draws; test draw paired with C2N; draws shared across alpha and scaled by sigma,1e-06,3.026549035271909e-13,2.3838427397144126e-05,9.205616158290686,3.295131234909147,0.21580541255492397,0.506390204167279,protocol_comparison_30seeds/analysis_ws3/per_point/sso_1nm_j1e11_f0p875GHz_0K_warm30_record20_40ppc_2000ovf_predictions.npz
SSO,0.875,100000000000.0,32.940947443562976,large,ws3,sso_1nm_j1e11_f0p875GHz_0K_warm30_record20_40ppc_2000ovf,True,none,0.7,0.3,280,120,0.25,400,8192,128,64,2,3,0,mx,C2N,clean training -> noisy testing; fixed clean-trained readout,0.0,0.001,11,,4248648565,same test standard-normal draw for C2N/N2N and all alpha; scaled by sigma,1e-09,8.559941086177582e-12,1.384740447614386e-05,48956.47193881155,3.473405613572897,0.243954613939458,0.6653317558995688,protocol_comparison_30seeds/analysis_ws3/per_point/sso_1nm_j1e11_f0p875GHz_0K_warm30_record20_40ppc_2000ovf_predictions.npz
SSO,0.875,100000000000.0,32.940947443562976,large,ws3,sso_1nm_j1e11_f0p875GHz_0K_warm30_record20_40ppc_2000ovf,True,none,0.7,0.3,280,120,0.25,400,8192,128,64,2,3,0,mx,N2N,noisy training -> independently noisy testing; readout refitted for each training-noise realization,0.001,0.001,11,3435491759,4248648565,independent train/test draws; test draw paired with C2N; draws shared across alpha and scaled by sigma,1e-09,3.0271300608754764e-19,2.3837075534429106e-05,9.206453958146373,3.295156928010443,0.21580734121961387,0.5063864153965507,protocol_comparison_30seeds/analysis_ws3/per_point/sso_1nm_j1e11_f0p875GHz_0K_warm30_record20_40ppc_2000ovf_predictions.npz
SSO,0.875,100000000000.0,32.940947443562976,large,ws3,sso_1nm_j1e11_f0p875GHz_0K_warm30_record20_40ppc_2000ovf,True,none,0.7,0.3,280,120,0.25,400,8192,128,64,2,3,0,mx,C2N,clean training -> noisy testing; fixed clean-trained readout,0.0,0.0001,12,,2362175077,same test standard-normal draw for C2N/N2N and all alpha; scaled by sigma,0.001,4.109905315634303e-07,4.769028609236057e-07,10.727411096388769,3.306371016622257,0.22796772060574513,0.5000270082539993,protocol_comparison_30seeds/analysis_ws3/per_point/sso_1nm_j1e11_f0p875GHz_0K_warm30_record20_40ppc_2000ovf_predictions.npz
SSO,0.875,100000000000.0,32.940947443562976,large,ws3,sso_1nm_j1e11_f0p875GHz_0K_warm30_record20_40ppc_2000ovf,True,none,0.7,0.3,280,120,0.25,400,8192,128,64,2,3,0,mx,N2N,noisy training -> independently noisy testing; readout refitted for each training-noise realization,0.0001,0.0001,12,2005880317,2362175077,independent train/test draws; test draw paired with C2N; draws shared across alpha and scaled by sigma,0.001,4.871510274618627e-07,5.964521470969785e-07,11.679138995754546,3.3043944969812182,0.22794990346006053,0.50573427571254,protocol_comparison_30seeds/analysis_ws3/per_point/sso_1nm_j1e11_f0p875GHz_0K_warm30_record20_40ppc_2000ovf_predictions.npz
SSO,0.875,100000000000.0,32.940947443562976,large,ws3,sso_1nm_j1e11_f0p875GHz_0K_warm30_record20_40ppc_2000ovf,True,none,0.7,0.3,280,120,0.25,400,8192,128,64,2,3,0,mx,C2N,clean training -> noisy testing; fixed clean-trained readout,0.0,0.0001,12,,2362175077,same test standard-normal draw for C2N/N2N and all alpha; scaled by sigma,1e-06,2.2499050544679777e-11,9.175362215299642e-08,79.37086521282974,3.342947729333754,0.23275620320086854,0.4998570488871279,protocol_comparison_30seeds/analysis_ws3/per_point/sso_1nm_j1e11_f0p875GHz_0K_warm30_record20_40ppc_2000ovf_predictions.npz
SSO,0.875,100000000000.0,32.940947443562976,large,ws3,sso_1nm_j1e11_f0p875GHz_0K_warm30_record20_40ppc_2000ovf,True,none,0.7,0.3,280,120,0.25,400,8192,128,64,2,3,0,mx,N2N,noisy training -> independently noisy testing; readout refitted for each training-noise realization,0.0001,0.0001,12,2005880317,2362175077,independent train/test draws; test draw paired with C2N; draws shared across alpha and scaled by sigma,1e-06,1.6745282114095136e-11,1.4278851338834746e-07,68.47393025390664,3.391571384461153,0.22880394398210113,0.6168759484165973,protocol_comparison_30seeds/analysis_ws3/per_point/sso_1nm_j1e11_f0p875GHz_0K_warm30_record20_40ppc_2000ovf_predictions.npz
SSO,0.875,100000000000.0,32.940947443562976,large,ws3,sso_1nm_j1e11_f0p875GHz_0K_warm30_record20_40ppc_2000ovf,True,none,0.7,0.3,280,120,0.25,400,8192,128,64,2,3,0,mx,C2N,clean training -> noisy testing; fixed clean-trained readout,0.0,0.0001,12,,2362175077,same test standard-normal draw for C2N/N2N and all alpha; scaled by sigma,1e-09,8.559941086177582e-12,1.0518946432458303e-07,48956.47193881155,3.473405613572897,0.243954613939458,0.6653317558995688,protocol_comparison_30seeds/analysis_ws3/per_point/sso_1nm_j1e11_f0p875GHz_0K_warm30_record20_40ppc_2000ovf_predictions.npz
SSO,0.875,100000000000.0,32.940947443562976,large,ws3,sso_1nm_j1e11_f0p875GHz_0K_warm30_record20_40ppc_2000ovf,True,none,0.7,0.3,280,120,0.25,400,8192,128,64,2,3,0,mx,N2N,noisy training -> independently noisy testing; readout refitted for each training-noise realization,0.0001,0.0001,12,2005880317,2362175077,independent train/test draws; test draw paired with C2N; draws shared across alpha and scaled by sigma,1e-09,1.7184660501548487e-17,1.429103486436496e-07,69.36672570381748,3.392961149618067,0.2288257088897998,0.6185290964637511,protocol_comparison_30seeds/analysis_ws3/per_point/sso_1nm_j1e11_f0p875GHz_0K_warm30_record20_40ppc_2000ovf_predictions.npz
SSO,0.875,100000000000.0,32.940947443562976,large,ws3,sso_1nm_j1e11_f0p875GHz_0K_warm30_record20_40ppc_2000ovf,True,none,0.7,0.3,280,120,0.25,400,8192,128,64,2,3,0,mx,C2N,clean training -> noisy testing; fixed clean-trained readout,0.0,0.001,12,,2362175077,same test standard-normal draw for C2N/N2N and all alpha; scaled by sigma,0.001,4.109905315634303e-07,9.086755161623916e-06,10.727411096388769,3.306371016622257,0.22796772060574513,0.5000270082539993,protocol_comparison_30seeds/analysis_ws3/per_point/sso_1nm_j1e11_f0p875GHz_0K_warm30_record20_40ppc_2000ovf_predictions.npz
SSO,0.875,100000000000.0,32.940947443562976,large,ws3,sso_1nm_j1e11_f0p875GHz_0K_warm30_record20_40ppc_2000ovf,True,none,0.7,0.3,280,120,0.25,400,8192,128,64,2,3,0,mx,N2N,noisy training -> independently noisy testing; readout refitted for each training-noise realization,0.001,0.001,12,2005880317,2362175077,independent train/test draws; test draw paired with C2N; draws shared across alpha and scaled by sigma,0.001,2.7288049870319066e-07,2.3321252795287862e-05,8.741083435976952,3.272661711680469,0.2129745795811112,0.5804962401378322,protocol_comparison_30seeds/analysis_ws3/per_point/sso_1nm_j1e11_f0p875GHz_0K_warm30_record20_40ppc_2000ovf_predictions.npz
SSO,0.875,100000000000.0,32.940947443562976,large,ws3,sso_1nm_j1e11_f0p875GHz_0K_warm30_record20_40ppc_2000ovf,True,none,0.7,0.3,280,120,0.25,400,8192,128,64,2,3,0,mx,C2N,clean training -> noisy testing; fixed clean-trained readout,0.0,0.001,12,,2362175077,same test standard-normal draw for C2N/N2N and all alpha; scaled by sigma,1e-06,2.2499050544679777e-11,9.132220533964173e-06,79.37086521282974,3.342947729333754,0.23275620320086854,0.4998570488871279,protocol_comparison_30seeds/analysis_ws3/per_point/sso_1nm_j1e11_f0p875GHz_0K_warm30_record20_40ppc_2000ovf_predictions.npz
SSO,0.875,100000000000.0,32.940947443562976,large,ws3,sso_1nm_j1e11_f0p875GHz_0K_warm30_record20_40ppc_2000ovf,True,none,0.7,0.3,280,120,0.25,400,8192,128,64,2,3,0,mx,N2N,noisy training -> independently noisy testing; readout refitted for each training-noise realization,0.001,0.001,12,2005880317,2362175077,independent train/test draws; test draw paired with C2N; draws shared across alpha and scaled by sigma,1e-06,3.263794676415803e-13,2.196424786268418e-05,9.559615565291557,3.2969701665933626,0.21428262859785158,0.5921355515876825,protocol_comparison_30seeds/analysis_ws3/per_point/sso_1nm_j1e11_f0p875GHz_0K_warm30_record20_40ppc_2000ovf_predictions.npz
SSO,0.875,100000000000.0,32.940947443562976,large,ws3,sso_1nm_j1e11_f0p875GHz_0K_warm30_record20_40ppc_2000ovf,True,none,0.7,0.3,280,120,0.25,400,8192,128,64,2,3,0,mx,C2N,clean training -> noisy testing; fixed clean-trained readout,0.0,0.001,12,,2362175077,same test standard-normal draw for C2N/N2N and all alpha; scaled by sigma,1e-09,8.559941086177582e-12,1.0494304197279442e-05,48956.47193881155,3.473405613572897,0.243954613939458,0.6653317558995688,protocol_comparison_30seeds/analysis_ws3/per_point/sso_1nm_j1e11_f0p875GHz_0K_warm30_record20_40ppc_2000ovf_predictions.npz
SSO,0.875,100000000000.0,32.940947443562976,large,ws3,sso_1nm_j1e11_f0p875GHz_0K_warm30_record20_40ppc_2000ovf,True,none,0.7,0.3,280,120,0.25,400,8192,128,64,2,3,0,mx,N2N,noisy training -> independently noisy testing; readout refitted for each training-noise realization,0.001,0.001,12,2005880317,2362175077,independent train/test draws; test draw paired with C2N; draws shared across alpha and scaled by sigma,1e-09,3.264309228047643e-19,2.1962930370556374e-05,9.560546299327003,3.2969978583562147,0.21428400965795547,0.592149149627929,protocol_comparison_30seeds/analysis_ws3/per_point/sso_1nm_j1e11_f0p875GHz_0K_warm30_record20_40ppc_2000ovf_predictions.npz
SSO,0.875,100000000000.0,32.940947443562976,large,ws3,sso_1nm_j1e11_f0p875GHz_0K_warm30_record20_40ppc_2000ovf,True,none,0.7,0.3,280,120,0.25,400,8192,128,64,2,3,0,mx,C2N,clean training -> noisy testing; fixed clean-trained readout,0.0,0.0001,13,,292073990,same test standard-normal draw for C2N/N2N and all alpha; scaled by sigma,0.001,4.109905315634303e-07,5.340867139872426e-07,10.727411096388769,3.306371016622257,0.22796772060574513,0.5000270082539993,protocol_comparison_30seeds/analysis_ws3/per_point/sso_1nm_j1e11_f0p875GHz_0K_warm30_record20_40ppc_2000ovf_predictions.npz
SSO,0.875,100000000000.0,32.940947443562976,large,ws3,sso_1nm_j1e11_f0p875GHz_0K_warm30_record20_40ppc_2000ovf,True,none,0.7,0.3,280,120,0.25,400,8192,128,64,2,3,0,mx,N2N,noisy training -> independently noisy testing; readout refitted for each training-noise realization,0.0001,0.0001,13,2902599288,292073990,independent train/test draws; test draw paired with C2N; draws shared across alpha and scaled by sigma,0.001,4.847514360887658e-07,6.320451078583955e-07,11.650339140845302,3.304803455642966,0.22921646599064327,0.5039289902266921,protocol_comparison_30seeds/analysis_ws3/per_point/sso_1nm_j1e11_f0p875GHz_0K_warm30_record20_40ppc_2000ovf_predictions.npz
SSO,0.875,100000000000.0,32.940947443562976,large,ws3,sso_1nm_j1e11_f0p875GHz_0K_warm30_record20_40ppc_2000ovf,True,none,0.7,0.3,280,120,0.25,400,8192,128,64,2,3,0,mx,C2N,clean training -> noisy testing; fixed clean-trained readout,0.0,0.0001,13,,292073990,same test standard-normal draw for C2N/N2N and all alpha; scaled by sigma,1e-06,2.2499050544679777e-11,1.2055979104326888e-07,79.37086521282974,3.342947729333754,0.23275620320086854,0.4998570488871279,protocol_comparison_30seeds/analysis_ws3/per_point/sso_1nm_j1e11_f0p875GHz_0K_warm30_record20_40ppc_2000ovf_predictions.npz
SSO,0.875,100000000000.0,32.940947443562976,large,ws3,sso_1nm_j1e11_f0p875GHz_0K_warm30_record20_40ppc_2000ovf,True,none,0.7,0.3,280,120,0.25,400,8192,128,64,2,3,0,mx,N2N,noisy training -> independently noisy testing; readout refitted for each training-noise realization,0.0001,0.0001,13,2902599288,292073990,independent train/test draws; test draw paired with C2N; draws shared across alpha and scaled by sigma,1e-06,1.521125965168204e-11,1.3926545978380572e-07,65.2621847352667,3.3882275687811934,0.24396765116044017,0.5470303922906059,protocol_comparison_30seeds/analysis_ws3/per_point/sso_1nm_j1e11_f0p875GHz_0K_warm30_record20_40ppc_2000ovf_predictions.npz
SSO,0.875,100000000000.0,32.940947443562976,large,ws3,sso_1nm_j1e11_f0p875GHz_0K_warm30_record20_40ppc_2000ovf,True,none,0.7,0.3,280,120,0.25,400,8192,128,64,2,3,0,mx,C2N,clean training -> noisy testing; fixed clean-trained readout,0.0,0.0001,13,,292073990,same test standard-normal draw for C2N/N2N and all alpha; scaled by sigma,1e-09,8.559941086177582e-12,1.310617587240679e-07,48956.47193881155,3.473405613572897,0.243954613939458,0.6653317558995688,protocol_comparison_30seeds/analysis_ws3/per_point/sso_1nm_j1e11_f0p875GHz_0K_warm30_record20_40ppc_2000ovf_predictions.npz
SSO,0.875,100000000000.0,32.940947443562976,large,ws3,sso_1nm_j1e11_f0p875GHz_0K_warm30_record20_40ppc_2000ovf,True,none,0.7,0.3,280,120,0.25,400,8192,128,64,2,3,0,mx,N2N,noisy training -> independently noisy testing; readout refitted for each training-noise realization,0.0001,0.0001,13,2902599288,292073990,independent train/test draws; test draw paired with C2N; draws shared across alpha and scaled by sigma,1e-09,1.5599844696148923e-17,1.3917134594810945e-07,66.09117623332399,3.3894910774702756,0.24408104499740776,0.547540547844654,protocol_comparison_30seeds/analysis_ws3/per_point/sso_1nm_j1e11_f0p875GHz_0K_warm30_record20_40ppc_2000ovf_predictions.npz
SSO,0.875,100000000000.0,32.940947443562976,large,ws3,sso_1nm_j1e11_f0p875GHz_0K_warm30_record20_40ppc_2000ovf,True,none,0.7,0.3,280,120,0.25,400,8192,128,64,2,3,0,mx,C2N,clean training -> noisy testing; fixed clean-trained readout,0.0,0.001,13,,292073990,same test standard-normal draw for C2N/N2N and all alpha; scaled by sigma,0.001,4.109905315634303e-07,1.2293645748824681e-05,10.727411096388769,3.306371016622257,0.22796772060574513,0.5000270082539993,protocol_comparison_30seeds/analysis_ws3/per_point/sso_1nm_j1e11_f0p875GHz_0K_warm30_record20_40ppc_2000ovf_predictions.npz
SSO,0.875,100000000000.0,32.940947443562976,large,ws3,sso_1nm_j1e11_f0p875GHz_0K_warm30_record20_40ppc_2000ovf,True,none,0.7,0.3,280,120,0.25,400,8192,128,64,2,3,0,mx,N2N,noisy training -> independently noisy testing; readout refitted for each training-noise realization,0.001,0.001,13,2902599288,292073990,independent train/test draws; test draw paired with C2N; draws shared across alpha and scaled by sigma,0.001,2.6090123389642274e-07,2.647326833024737e-05,8.547066484136598,3.26810156657512,0.2287586345381353,0.5554885763740773,protocol_comparison_30seeds/analysis_ws3/per_point/sso_1nm_j1e11_f0p875GHz_0K_warm30_record20_40ppc_2000ovf_predictions.npz
SSO,0.875,100000000000.0,32.940947443562976,large,ws3,sso_1nm_j1e11_f0p875GHz_0K_warm30_record20_40ppc_2000ovf,True,none,0.7,0.3,280,120,0.25,400,8192,128,64,2,3,0,mx,C2N,clean training -> noisy testing; fixed clean-trained readout,0.0,0.001,13,,292073990,same test standard-normal draw for C2N/N2N and all alpha; scaled by sigma,1e-06,2.2499050544679777e-11,1.2116525762978893e-05,79.37086521282974,3.342947729333754,0.23275620320086854,0.4998570488871279,protocol_comparison_30seeds/analysis_ws3/per_point/sso_1nm_j1e11_f0p875GHz_0K_warm30_record20_40ppc_2000ovf_predictions.npz
SSO,0.875,100000000000.0,32.940947443562976,large,ws3,sso_1nm_j1e11_f0p875GHz_0K_warm30_record20_40ppc_2000ovf,True,none,0.7,0.3,280,120,0.25,400,8192,128,64,2,3,0,mx,N2N,noisy training -> independently noisy testing; readout refitted for each training-noise realization,0.001,0.001,13,2902599288,292073990,independent train/test draws; test draw paired with C2N; draws shared across alpha and scaled by sigma,1e-06,3.0947085714024095e-13,2.4796460842968967e-05,9.308697078588159,3.2913299412910275,0.23155961187269108,0.5644452157300175,protocol_comparison_30seeds/analysis_ws3/per_point/sso_1nm_j1e11_f0p875GHz_0K_warm30_record20_40ppc_2000ovf_predictions.npz
SSO,0.875,100000000000.0,32.940947443562976,large,ws3,sso_1nm_j1e11_f0p875GHz_0K_warm30_record20_40ppc_2000ovf,True,none,0.7,0.3,280,120,0.25,400,8192,128,64,2,3,0,mx,C2N,clean training -> noisy testing; fixed clean-trained readout,0.0,0.001,13,,292073990,same test standard-normal draw for C2N/N2N and all alpha; scaled by sigma,1e-09,8.559941086177582e-12,1.3137958177952498e-05,48956.47193881155,3.473405613572897,0.243954613939458,0.6653317558995688,protocol_comparison_30seeds/analysis_ws3/per_point/sso_1nm_j1e11_f0p875GHz_0K_warm30_record20_40ppc_2000ovf_predictions.npz
SSO,0.875,100000000000.0,32.940947443562976,large,ws3,sso_1nm_j1e11_f0p875GHz_0K_warm30_record20_40ppc_2000ovf,True,none,0.7,0.3,280,120,0.25,400,8192,128,64,2,3,0,mx,N2N,noisy training -> independently noisy testing; readout refitted for each training-noise realization,0.001,0.001,13,2902599288,292073990,independent train/test draws; test draw paired with C2N; draws shared across alpha and scaled by sigma,1e-09,3.095304025313208e-19,2.479479729800976e-05,9.309558237939502,3.291356243376204,0.23156263577744204,0.5644553033249393,protocol_comparison_30seeds/analysis_ws3/per_point/sso_1nm_j1e11_f0p875GHz_0K_warm30_record20_40ppc_2000ovf_predictions.npz
SSO,0.875,100000000000.0,32.940947443562976,large,ws3,sso_1nm_j1e11_f0p875GHz_0K_warm30_record20_40ppc_2000ovf,True,none,0.7,0.3,280,120,0.25,400,8192,128,64,2,3,0,mx,C2N,clean training -> noisy testing; fixed clean-trained readout,0.0,0.0001,14,,1709214341,same test standard-normal draw for C2N/N2N and all alpha; scaled by sigma,0.001,4.109905315634303e-07,5.34691577794491e-07,10.727411096388769,3.306371016622257,0.22796772060574513,0.5000270082539993,protocol_comparison_30seeds/analysis_ws3/per_point/sso_1nm_j1e11_f0p875GHz_0K_warm30_record20_40ppc_2000ovf_predictions.npz
SSO,0.875,100000000000.0,32.940947443562976,large,ws3,sso_1nm_j1e11_f0p875GHz_0K_warm30_record20_40ppc_2000ovf,True,none,0.7,0.3,280,120,0.25,400,8192,128,64,2,3,0,mx,N2N,noisy training -> independently noisy testing; readout refitted for each training-noise realization,0.0001,0.0001,14,3623166144,1709214341,independent train/test draws; test draw paired with C2N; draws shared across alpha and scaled by sigma,0.001,4.885081296383486e-07,6.275084063490828e-07,11.695395517236998,3.3048770726114745,0.22828407155137542,0.498235907010945,protocol_comparison_30seeds/analysis_ws3/per_point/sso_1nm_j1e11_f0p875GHz_0K_warm30_record20_40ppc_2000ovf_predictions.npz
SSO,0.875,100000000000.0,32.940947443562976,large,ws3,sso_1nm_j1e11_f0p875GHz_0K_warm30_record20_40ppc_2000ovf,True,none,0.7,0.3,280,120,0.25,400,8192,128,64,2,3,0,mx,C2N,clean training -> noisy testing; fixed clean-trained readout,0.0,0.0001,14,,1709214341,same test standard-normal draw for C2N/N2N and all alpha; scaled by sigma,1e-06,2.2499050544679777e-11,1.2142199931376108e-07,79.37086521282974,3.342947729333754,0.23275620320086854,0.4998570488871279,protocol_comparison_30seeds/analysis_ws3/per_point/sso_1nm_j1e11_f0p875GHz_0K_warm30_record20_40ppc_2000ovf_predictions.npz
SSO,0.875,100000000000.0,32.940947443562976,large,ws3,sso_1nm_j1e11_f0p875GHz_0K_warm30_record20_40ppc_2000ovf,True,none,0.7,0.3,280,120,0.25,400,8192,128,64,2,3,0,mx,N2N,noisy training -> independently noisy testing; readout refitted for each training-noise realization,0.0001,0.0001,14,3623166144,1709214341,independent train/test draws; test draw paired with C2N; draws shared across alpha and scaled by sigma,1e-06,1.6531202007012914e-11,1.521717653140891e-07,68.03481859437022,3.3917885036624478,0.22893064000316662,0.39594156942703473,protocol_comparison_30seeds/analysis_ws3/per_point/sso_1nm_j1e11_f0p875GHz_0K_warm30_record20_40ppc_2000ovf_predictions.npz
SSO,0.875,100000000000.0,32.940947443562976,large,ws3,sso_1nm_j1e11_f0p875GHz_0K_warm30_record20_40ppc_2000ovf,True,none,0.7,0.3,280,120,0.25,400,8192,128,64,2,3,0,mx,C2N,clean training -> noisy testing; fixed clean-trained readout,0.0,0.0001,14,,1709214341,same test standard-normal draw for C2N/N2N and all alpha; scaled by sigma,1e-09,8.559941086177582e-12,1.244581495693652e-07,48956.47193881155,3.473405613572897,0.243954613939458,0.6653317558995688,protocol_comparison_30seeds/analysis_ws3/per_point/sso_1nm_j1e11_f0p875GHz_0K_warm30_record20_40ppc_2000ovf_predictions.npz
SSO,0.875,100000000000.0,32.940947443562976,large,ws3,sso_1nm_j1e11_f0p875GHz_0K_warm30_record20_40ppc_2000ovf,True,none,0.7,0.3,280,120,0.25,400,8192,128,64,2,3,0,mx,N2N,noisy training -> independently noisy testing; readout refitted for each training-noise realization,0.0001,0.0001,14,3623166144,1709214341,independent train/test draws; test draw paired with C2N; draws shared across alpha and scaled by sigma,1e-09,1.695968206357821e-17,1.5224256045804798e-07,68.91210179477103,3.393160319585323,0.22899890534478454,0.3945397002524238,protocol_comparison_30seeds/analysis_ws3/per_point/sso_1nm_j1e11_f0p875GHz_0K_warm30_record20_40ppc_2000ovf_predictions.npz
SSO,0.875,100000000000.0,32.940947443562976,large,ws3,sso_1nm_j1e11_f0p875GHz_0K_warm30_record20_40ppc_2000ovf,True,none,0.7,0.3,280,120,0.25,400,8192,128,64,2,3,0,mx,C2N,clean training -> noisy testing; fixed clean-trained readout,0.0,0.001,14,,1709214341,same test standard-normal draw for C2N/N2N and all alpha; scaled by sigma,0.001,4.109905315634303e-07,1.2381826882267202e-05,10.727411096388769,3.306371016622257,0.22796772060574513,0.5000270082539993,protocol_comparison_30seeds/analysis_ws3/per_point/sso_1nm_j1e11_f0p875GHz_0K_warm30_record20_40ppc_2000ovf_predictions.npz
SSO,0.875,100000000000.0,32.940947443562976,large,ws3,sso_1nm_j1e11_f0p875GHz_0K_warm30_record20_40ppc_2000ovf,True,none,0.7,0.3,280,120,0.25,400,8192,128,64,2,3,0,mx,N2N,noisy training -> independently noisy testing; readout refitted for each training-noise realization,0.001,0.001,14,3623166144,1709214341,independent train/test draws; test draw paired with C2N; draws shared across alpha and scaled by sigma,0.001,2.7086255528314626e-07,2.6703639269941465e-05,8.708703432663913,3.2724449845910333,0.2068207008965561,0.4341153617945679,protocol_comparison_30seeds/analysis_ws3/per_point/sso_1nm_j1e11_f0p875GHz_0K_warm30_record20_40ppc_2000ovf_predictions.npz
SSO,0.875,100000000000.0,32.940947443562976,large,ws3,sso_1nm_j1e11_f0p875GHz_0K_warm30_record20_40ppc_2000ovf,True,none,0.7,0.3,280,120,0.25,400,8192,128,64,2,3,0,mx,C2N,clean training -> noisy testing; fixed clean-trained readout,0.0,0.001,14,,1709214341,same test standard-normal draw for C2N/N2N and all alpha; scaled by sigma,1e-06,2.2499050544679777e-11,1.2110398796762555e-05,79.37086521282974,3.342947729333754,0.23275620320086854,0.4998570488871279,protocol_comparison_30seeds/analysis_ws3/per_point/sso_1nm_j1e11_f0p875GHz_0K_warm30_record20_40ppc_2000ovf_predictions.npz
SSO,0.875,100000000000.0,32.940947443562976,large,ws3,sso_1nm_j1e11_f0p875GHz_0K_warm30_record20_40ppc_2000ovf,True,none,0.7,0.3,280,120,0.25,400,8192,128,64,2,3,0,mx,N2N,noisy training -> independently noisy testing; readout refitted for each training-noise realization,0.001,0.001,14,3623166144,1709214341,independent train/test draws; test draw paired with C2N; draws shared across alpha and scaled by sigma,1e-06,3.219759881104955e-13,2.535252323677469e-05,9.49490798651462,3.296538207921291,0.208402450340486,0.4244467179186162,protocol_comparison_30seeds/analysis_ws3/per_point/sso_1nm_j1e11_f0p875GHz_0K_warm30_record20_40ppc_2000ovf_predictions.npz
SSO,0.875,100000000000.0,32.940947443562976,large,ws3,sso_1nm_j1e11_f0p875GHz_0K_warm30_record20_40ppc_2000ovf,True,none,0.7,0.3,280,120,0.25,400,8192,128,64,2,3,0,mx,C2N,clean training -> noisy testing; fixed clean-trained readout,0.0,0.001,14,,1709214341,same test standard-normal draw for C2N/N2N and all alpha; scaled by sigma,1e-09,8.559941086177582e-12,1.240196654143049e-05,48956.47193881155,3.473405613572897,0.243954613939458,0.6653317558995688,protocol_comparison_30seeds/analysis_ws3/per_point/sso_1nm_j1e11_f0p875GHz_0K_warm30_record20_40ppc_2000ovf_predictions.npz
SSO,0.875,100000000000.0,32.940947443562976,large,ws3,sso_1nm_j1e11_f0p875GHz_0K_warm30_record20_40ppc_2000ovf,True,none,0.7,0.3,280,120,0.25,400,8192,128,64,2,3,0,mx,N2N,noisy training -> independently noisy testing; readout refitted for each training-noise realization,0.001,0.001,14,3623166144,1709214341,independent train/test draws; test draw paired with C2N; draws shared across alpha and scaled by sigma,1e-09,3.2205097565229156e-19,2.5351210590283454e-05,9.49579844904649,3.2965655296018412,0.2084040980025917,0.424435534080734,protocol_comparison_30seeds/analysis_ws3/per_point/sso_1nm_j1e11_f0p875GHz_0K_warm30_record20_40ppc_2000ovf_predictions.npz
SSO,0.875,100000000000.0,32.940947443562976,large,ws3,sso_1nm_j1e11_f0p875GHz_0K_warm30_record20_40ppc_2000ovf,True,none,0.7,0.3,280,120,0.25,400,8192,128,64,2,3,0,mx,C2N,clean training -> noisy testing; fixed clean-trained readout,0.0,0.0001,15,,4413158,same test standard-normal draw for C2N/N2N and all alpha; scaled by sigma,0.001,4.109905315634303e-07,4.922705234741891e-07,10.727411096388769,3.306371016622257,0.22796772060574513,0.5000270082539993,protocol_comparison_30seeds/analysis_ws3/per_point/sso_1nm_j1e11_f0p875GHz_0K_warm30_record20_40ppc_2000ovf_predictions.npz
SSO,0.875,100000000000.0,32.940947443562976,large,ws3,sso_1nm_j1e11_f0p875GHz_0K_warm30_record20_40ppc_2000ovf,True,none,0.7,0.3,280,120,0.25,400,8192,128,64,2,3,0,mx,N2N,noisy training -> independently noisy testing; readout refitted for each training-noise realization,0.0001,0.0001,15,207505477,4413158,independent train/test draws; test draw paired with C2N; draws shared across alpha and scaled by sigma,0.001,4.912408841899796e-07,5.53829254511615e-07,11.728062396624741,3.306375976773919,0.22677312980491812,0.5073205663832148,protocol_comparison_30seeds/analysis_ws3/per_point/sso_1nm_j1e11_f0p875GHz_0K_warm30_record20_40ppc_2000ovf_predictions.npz
SSO,0.875,100000000000.0,32.940947443562976,large,ws3,sso_1nm_j1e11_f0p875GHz_0K_warm30_record20_40ppc_2000ovf,True,none,0.7,0.3,280,120,0.25,400,8192,128,64,2,3,0,mx,C2N,clean training -> noisy testing; fixed clean-trained readout,0.0,0.0001,15,,4413158,same test standard-normal draw for C2N/N2N and all alpha; scaled by sigma,1e-06,2.2499050544679777e-11,1.1327910213911913e-07,79.37086521282974,3.342947729333754,0.23275620320086854,0.4998570488871279,protocol_comparison_30seeds/analysis_ws3/per_point/sso_1nm_j1e11_f0p875GHz_0K_warm30_record20_40ppc_2000ovf_predictions.npz
SSO,0.875,100000000000.0,32.940947443562976,large,ws3,sso_1nm_j1e11_f0p875GHz_0K_warm30_record20_40ppc_2000ovf,True,none,0.7,0.3,280,120,0.25,400,8192,128,64,2,3,0,mx,N2N,noisy training -> independently noisy testing; readout refitted for each training-noise realization,0.0001,0.0001,15,207505477,4413158,independent train/test draws; test draw paired with C2N; draws shared across alpha and scaled by sigma,1e-06,1.576573006953908e-11,1.392150498647866e-07,66.44098518129996,3.3917514947563814,0.22921213121601108,0.5023748662074008,protocol_comparison_30seeds/analysis_ws3/per_point/sso_1nm_j1e11_f0p875GHz_0K_warm30_record20_40ppc_2000ovf_predictions.npz
SSO,0.875,100000000000.0,32.940947443562976,large,ws3,sso_1nm_j1e11_f0p875GHz_0K_warm30_record20_40ppc_2000ovf,True,none,0.7,0.3,280,120,0.25,400,8192,128,64,2,3,0,mx,C2N,clean training -> noisy testing; fixed clean-trained readout,0.0,0.0001,15,,4413158,same test standard-normal draw for C2N/N2N and all alpha; scaled by sigma,1e-09,8.559941086177582e-12,1.2536296129848255e-07,48956.47193881155,3.473405613572897,0.243954613939458,0.6653317558995688,protocol_comparison_30seeds/analysis_ws3/per_point/sso_1nm_j1e11_f0p875GHz_0K_warm30_record20_40ppc_2000ovf_predictions.npz
SSO,0.875,100000000000.0,32.940947443562976,large,ws3,sso_1nm_j1e11_f0p875GHz_0K_warm30_record20_40ppc_2000ovf,True,none,0.7,0.3,280,120,0.25,400,8192,128,64,2,3,0,mx,N2N,noisy training -> independently noisy testing; readout refitted for each training-noise realization,0.0001,0.0001,15,207505477,4413158,independent train/test draws; test draw paired with C2N; draws shared across alpha and scaled by sigma,1e-09,1.617256259922684e-17,1.3927774932134328e-07,67.29220449651908,3.3930597614997757,0.22917841184482565,0.5024420873273845,protocol_comparison_30seeds/analysis_ws3/per_point/sso_1nm_j1e11_f0p875GHz_0K_warm30_record20_40ppc_2000ovf_predictions.npz
SSO,0.875,100000000000.0,32.940947443562976,large,ws3,sso_1nm_j1e11_f0p875GHz_0K_warm30_record20_40ppc_2000ovf,True,none,0.7,0.3,280,120,0.25,400,8192,128,64,2,3,0,mx,C2N,clean training -> noisy testing; fixed clean-trained readout,0.0,0.001,15,,4413158,same test standard-normal draw for C2N/N2N and all alpha; scaled by sigma,0.001,4.109905315634303e-07,1.119177512431795e-05,10.727411096388769,3.306371016622257,0.22796772060574513,0.5000270082539993,protocol_comparison_30seeds/analysis_ws3/per_point/sso_1nm_j1e11_f0p875GHz_0K_warm30_record20_40ppc_2000ovf_predictions.npz
SSO,0.875,100000000000.0,32.940947443562976,large,ws3,sso_1nm_j1e11_f0p875GHz_0K_warm30_record20_40ppc_2000ovf,True,none,0.7,0.3,280,120,0.25,400,8192,128,64,2,3,0,mx,N2N,noisy training -> independently noisy testing; readout refitted for each training-noise realization,0.001,0.001,15,207505477,4413158,independent train/test draws; test draw paired with C2N; draws shared across alpha and scaled by sigma,0.001,2.732600570443244e-07,2.323697316615977e-05,8.747160452045764,3.2785203500768922,0.21074890165024,0.5693952386035275,protocol_comparison_30seeds/analysis_ws3/per_point/sso_1nm_j1e11_f0p875GHz_0K_warm30_record20_40ppc_2000ovf_predictions.npz
SSO,0.875,100000000000.0,32.940947443562976,large,ws3,sso_1nm_j1e11_f0p875GHz_0K_warm30_record20_40ppc_2000ovf,True,none,0.7,0.3,280,120,0.25,400,8192,128,64,2,3,0,mx,C2N,clean training -> noisy testing; fixed clean-trained readout,0.0,0.001,15,,4413158,same test standard-normal draw for C2N/N2N and all alpha; scaled by sigma,1e-06,2.2499050544679777e-11,1.1328766373220382e-05,79.37086521282974,3.342947729333754,0.23275620320086854,0.4998570488871279,protocol_comparison_30seeds/analysis_ws3/per_point/sso_1nm_j1e11_f0p875GHz_0K_warm30_record20_40ppc_2000ovf_predictions.npz
SSO,0.875,100000000000.0,32.940947443562976,large,ws3,sso_1nm_j1e11_f0p875GHz_0K_warm30_record20_40ppc_2000ovf,True,none,0.7,0.3,280,120,0.25,400,8192,128,64,2,3,0,mx,N2N,noisy training -> independently noisy testing; readout refitted for each training-noise realization,0.001,0.001,15,207505477,4413158,independent train/test draws; test draw paired with C2N; draws shared across alpha and scaled by sigma,1e-06,3.2355345073486727e-13,2.171057521021107e-05,9.51813883041989,3.3027568689918088,0.21223283458384218,0.5718139459392553,protocol_comparison_30seeds/analysis_ws3/per_point/sso_1nm_j1e11_f0p875GHz_0K_warm30_record20_40ppc_2000ovf_predictions.npz
SSO,0.875,100000000000.0,32.940947443562976,large,ws3,sso_1nm_j1e11_f0p875GHz_0K_warm30_record20_40ppc_2000ovf,True,none,0.7,0.3,280,120,0.25,400,8192,128,64,2,3,0,mx,C2N,clean training -> noisy testing; fixed clean-trained readout,0.0,0.001,15,,4413158,same test standard-normal draw for C2N/N2N and all alpha; scaled by sigma,1e-09,8.559941086177582e-12,1.2526008125435605e-05,48956.47193881155,3.473405613572897,0.243954613939458,0.6653317558995688,protocol_comparison_30seeds/analysis_ws3/per_point/sso_1nm_j1e11_f0p875GHz_0K_warm30_record20_40ppc_2000ovf_predictions.npz
SSO,0.875,100000000000.0,32.940947443562976,large,ws3,sso_1nm_j1e11_f0p875GHz_0K_warm30_record20_40ppc_2000ovf,True,none,0.7,0.3,280,120,0.25,400,8192,128,64,2,3,0,mx,N2N,noisy training -> independently noisy testing; readout refitted for each training-noise realization,0.001,0.001,15,207505477,4413158,independent train/test draws; test draw paired with C2N; draws shared across alpha and scaled by sigma,1e-09,3.236091700803045e-19,2.1709077532469457e-05,9.519010718738919,3.3027842728059906,0.21223439358381713,0.5718167593929624,protocol_comparison_30seeds/analysis_ws3/per_point/sso_1nm_j1e11_f0p875GHz_0K_warm30_record20_40ppc_2000ovf_predictions.npz
SSO,0.875,100000000000.0,32.940947443562976,large,ws3,sso_1nm_j1e11_f0p875GHz_0K_warm30_record20_40ppc_2000ovf,True,none,0.7,0.3,280,120,0.25,400,8192,128,64,2,3,0,mx,C2N,clean training -> noisy testing; fixed clean-trained readout,0.0,0.0001,16,,2311464182,same test standard-normal draw for C2N/N2N and all alpha; scaled by sigma,0.001,4.109905315634303e-07,5.207009041966511e-07,10.727411096388769,3.306371016622257,0.22796772060574513,0.5000270082539993,protocol_comparison_30seeds/analysis_ws3/per_point/sso_1nm_j1e11_f0p875GHz_0K_warm30_record20_40ppc_2000ovf_predictions.npz
SSO,0.875,100000000000.0,32.940947443562976,large,ws3,sso_1nm_j1e11_f0p875GHz_0K_warm30_record20_40ppc_2000ovf,True,none,0.7,0.3,280,120,0.25,400,8192,128,64,2,3,0,mx,N2N,noisy training -> independently noisy testing; readout refitted for each training-noise realization,0.0001,0.0001,16,3088610183,2311464182,independent train/test draws; test draw paired with C2N; draws shared across alpha and scaled by sigma,0.001,4.822915703388897e-07,5.593313134625552e-07,11.620741787898032,3.306515427506135,0.22860182227862338,0.5020761415383945,protocol_comparison_30seeds/analysis_ws3/per_point/sso_1nm_j1e11_f0p875GHz_0K_warm30_record20_40ppc_2000ovf_predictions.npz
SSO,0.875,100000000000.0,32.940947443562976,large,ws3,sso_1nm_j1e11_f0p875GHz_0K_warm30_record20_40ppc_2000ovf,True,none,0.7,0.3,280,120,0.25,400,8192,128,64,2,3,0,mx,C2N,clean training -> noisy testing; fixed clean-trained readout,0.0,0.0001,16,,2311464182,same test standard-normal draw for C2N/N2N and all alpha; scaled by sigma,1e-06,2.2499050544679777e-11,1.0945314752220447e-07,79.37086521282974,3.342947729333754,0.23275620320086854,0.4998570488871279,protocol_comparison_30seeds/analysis_ws3/per_point/sso_1nm_j1e11_f0p875GHz_0K_warm30_record20_40ppc_2000ovf_predictions.npz
SSO,0.875,100000000000.0,32.940947443562976,large,ws3,sso_1nm_j1e11_f0p875GHz_0K_warm30_record20_40ppc_2000ovf,True,none,0.7,0.3,280,120,0.25,400,8192,128,64,2,3,0,mx,N2N,noisy training -> independently noisy testing; readout refitted for each training-noise realization,0.0001,0.0001,16,3088610183,2311464182,independent train/test draws; test draw paired with C2N; draws shared across alpha and scaled by sigma,1e-06,1.413836572799435e-11,1.2028128528733305e-07,62.918537289646245,3.3869417148502334,0.23720680125710988,0.4659012585172231,protocol_comparison_30seeds/analysis_ws3/per_point/sso_1nm_j1e11_f0p875GHz_0K_warm30_record20_40ppc_2000ovf_predictions.npz
SSO,0.875,100000000000.0,32.940947443562976,large,ws3,sso_1nm_j1e11_f0p875GHz_0K_warm30_record20_40ppc_2000ovf,True,none,0.7,0.3,280,120,0.25,400,8192,128,64,2,3,0,mx,C2N,clean training -> noisy testing; fixed clean-trained readout,0.0,0.0001,16,,2311464182,same test standard-normal draw for C2N/N2N and all alpha; scaled by sigma,1e-09,8.559941086177582e-12,1.2528206846089565e-07,48956.47193881155,3.473405613572897,0.243954613939458,0.6653317558995688,protocol_comparison_30seeds/analysis_ws3/per_point/sso_1nm_j1e11_f0p875GHz_0K_warm30_record20_40ppc_2000ovf_predictions.npz
SSO,0.875,100000000000.0,32.940947443562976,large,ws3,sso_1nm_j1e11_f0p875GHz_0K_warm30_record20_40ppc_2000ovf,True,none,0.7,0.3,280,120,0.25,400,8192,128,64,2,3,0,mx,N2N,noisy training -> independently noisy testing; readout refitted for each training-noise realization,0.0001,0.0001,16,3088610183,2311464182,independent train/test draws; test draw paired with C2N; draws shared across alpha and scaled by sigma,1e-09,1.449866020555489e-17,1.2037771111521893e-07,63.714737498923256,3.3881165374117903,0.23726226946726384,0.4653265437808687,protocol_comparison_30seeds/analysis_ws3/per_point/sso_1nm_j1e11_f0p875GHz_0K_warm30_record20_40ppc_2000ovf_predictions.npz
SSO,0.875,100000000000.0,32.940947443562976,large,ws3,sso_1nm_j1e11_f0p875GHz_0K_warm30_record20_40ppc_2000ovf,True,none,0.7,0.3,280,120,0.25,400,8192,128,64,2,3,0,mx,C2N,clean training -> noisy testing; fixed clean-trained readout,0.0,0.001,16,,2311464182,same test standard-normal draw for C2N/N2N and all alpha; scaled by sigma,0.001,4.109905315634303e-07,1.1181698525528032e-05,10.727411096388769,3.306371016622257,0.22796772060574513,0.5000270082539993,protocol_comparison_30seeds/analysis_ws3/per_point/sso_1nm_j1e11_f0p875GHz_0K_warm30_record20_40ppc_2000ovf_predictions.npz
SSO,0.875,100000000000.0,32.940947443562976,large,ws3,sso_1nm_j1e11_f0p875GHz_0K_warm30_record20_40ppc_2000ovf,True,none,0.7,0.3,280,120,0.25,400,8192,128,64,2,3,0,mx,N2N,noisy training -> independently noisy testing; readout refitted for each training-noise realization,0.001,0.001,16,3088610183,2311464182,independent train/test draws; test draw paired with C2N; draws shared across alpha and scaled by sigma,0.001,2.604364278375879e-07,2.3081689483917285e-05,8.539449618943424,3.2784282488900134,0.22053676310787723,0.5050535226732624,protocol_comparison_30seeds/analysis_ws3/per_point/sso_1nm_j1e11_f0p875GHz_0K_warm30_record20_40ppc_2000ovf_predictions.npz
SSO,0.875,100000000000.0,32.940947443562976,large,ws3,sso_1nm_j1e11_f0p875GHz_0K_warm30_record20_40ppc_2000ovf,True,none,0.7,0.3,280,120,0.25,400,8192,128,64,2,3,0,mx,C2N,clean training -> noisy testing; fixed clean-trained readout,0.0,0.001,16,,2311464182,same test standard-normal draw for C2N/N2N and all alpha; scaled by sigma,1e-06,2.2499050544679777e-11,1.0966627996492546e-05,79.37086521282974,3.342947729333754,0.23275620320086854,0.4998570488871279,protocol_comparison_30seeds/analysis_ws3/per_point/sso_1nm_j1e11_f0p875GHz_0K_warm30_record20_40ppc_2000ovf_predictions.npz
SSO,0.875,100000000000.0,32.940947443562976,large,ws3,sso_1nm_j1e11_f0p875GHz_0K_warm30_record20_40ppc_2000ovf,True,none,0.7,0.3,280,120,0.25,400,8192,128,64,2,3,0,mx,N2N,noisy training -> independently noisy testing; readout refitted for each training-noise realization,0.001,0.001,16,3088610183,2311464182,independent train/test draws; test draw paired with C2N; draws shared across alpha and scaled by sigma,1e-06,3.0723467387077337e-13,2.163478655112872e-05,9.275004736611184,3.3015097551540236,0.22328593289595863,0.4998996955849666,protocol_comparison_30seeds/analysis_ws3/per_point/sso_1nm_j1e11_f0p875GHz_0K_warm30_record20_40ppc_2000ovf_predictions.npz
SSO,0.875,100000000000.0,32.940947443562976,large,ws3,sso_1nm_j1e11_f0p875GHz_0K_warm30_record20_40ppc_2000ovf,True,none,0.7,0.3,280,120,0.25,400,8192,128,64,2,3,0,mx,C2N,clean training -> noisy testing; fixed clean-trained readout,0.0,0.001,16,,2311464182,same test standard-normal draw for C2N/N2N and all alpha; scaled by sigma,1e-09,8.559941086177582e-12,1.2538990995982116e-05,48956.47193881155,3.473405613572897,0.243954613939458,0.6653317558995688,protocol_comparison_30seeds/analysis_ws3/per_point/sso_1nm_j1e11_f0p875GHz_0K_warm30_record20_40ppc_2000ovf_predictions.npz
SSO,0.875,100000000000.0,32.940947443562976,large,ws3,sso_1nm_j1e11_f0p875GHz_0K_warm30_record20_40ppc_2000ovf,True,none,0.7,0.3,280,120,0.25,400,8192,128,64,2,3,0,mx,N2N,noisy training -> independently noisy testing; readout refitted for each training-noise realization,0.001,0.001,16,3088610183,2311464182,independent train/test draws; test draw paired with C2N; draws shared across alpha and scaled by sigma,1e-09,3.0726716730253456e-19,2.1633374158899025e-05,9.275836292160704,3.3015357866368564,0.2232889212830643,0.4998936545038346,protocol_comparison_30seeds/analysis_ws3/per_point/sso_1nm_j1e11_f0p875GHz_0K_warm30_record20_40ppc_2000ovf_predictions.npz
SSO,0.875,100000000000.0,32.940947443562976,large,ws3,sso_1nm_j1e11_f0p875GHz_0K_warm30_record20_40ppc_2000ovf,True,none,0.7,0.3,280,120,0.25,400,8192,128,64,2,3,0,mx,C2N,clean training -> noisy testing; fixed clean-trained readout,0.0,0.0001,17,,342546773,same test standard-normal draw for C2N/N2N and all alpha; scaled by sigma,0.001,4.109905315634303e-07,5.840992707994711e-07,10.727411096388769,3.306371016622257,0.22796772060574513,0.5000270082539993,protocol_comparison_30seeds/analysis_ws3/per_point/sso_1nm_j1e11_f0p875GHz_0K_warm30_record20_40ppc_2000ovf_predictions.npz
SSO,0.875,100000000000.0,32.940947443562976,large,ws3,sso_1nm_j1e11_f0p875GHz_0K_warm30_record20_40ppc_2000ovf,True,none,0.7,0.3,280,120,0.25,400,8192,128,64,2,3,0,mx,N2N,noisy training -> independently noisy testing; readout refitted for each training-noise realization,0.0001,0.0001,17,1823128842,342546773,independent train/test draws; test draw paired with C2N; draws shared across alpha and scaled by sigma,0.001,4.851410179704099e-07,6.813366089038029e-07,11.655019735476953,3.304851660650272,0.22804629417020883,0.5025159574914153,protocol_comparison_30seeds/analysis_ws3/per_point/sso_1nm_j1e11_f0p875GHz_0K_warm30_record20_40ppc_2000ovf_predictions.npz
SSO,0.875,100000000000.0,32.940947443562976,large,ws3,sso_1nm_j1e11_f0p875GHz_0K_warm30_record20_40ppc_2000ovf,True,none,0.7,0.3,280,120,0.25,400,8192,128,64,2,3,0,mx,C2N,clean training -> noisy testing; fixed clean-trained readout,0.0,0.0001,17,,342546773,same test standard-normal draw for C2N/N2N and all alpha; scaled by sigma,1e-06,2.2499050544679777e-11,1.2508378855199425e-07,79.37086521282974,3.342947729333754,0.23275620320086854,0.4998570488871279,protocol_comparison_30seeds/analysis_ws3/per_point/sso_1nm_j1e11_f0p875GHz_0K_warm30_record20_40ppc_2000ovf_predictions.npz
SSO,0.875,100000000000.0,32.940947443562976,large,ws3,sso_1nm_j1e11_f0p875GHz_0K_warm30_record20_40ppc_2000ovf,True,none,0.7,0.3,280,120,0.25,400,8192,128,64,2,3,0,mx,N2N,noisy training -> independently noisy testing; readout refitted for each training-noise realization,0.0001,0.0001,17,1823128842,342546773,independent train/test draws; test draw paired with C2N; draws shared across alpha and scaled by sigma,1e-06,1.5413977206168712e-11,1.494732007499487e-07,65.69561369236935,3.3887704287487845,0.2361684755258064,0.4665694191062906,protocol_comparison_30seeds/analysis_ws3/per_point/sso_1nm_j1e11_f0p875GHz_0K_warm30_record20_40ppc_2000ovf_predictions.npz
SSO,0.875,100000000000.0,32.940947443562976,large,ws3,sso_1nm_j1e11_f0p875GHz_0K_warm30_record20_40ppc_2000ovf,True,none,0.7,0.3,280,120,0.25,400,8192,128,64,2,3,0,mx,C2N,clean training -> noisy testing; fixed clean-trained readout,0.0,0.0001,17,,342546773,same test standard-normal draw for C2N/N2N and all alpha; scaled by sigma,1e-09,8.559941086177582e-12,1.2436369100430603e-07,48956.47193881155,3.473405613572897,0.243954613939458,0.6653317558995688,protocol_comparison_30seeds/analysis_ws3/per_point/sso_1nm_j1e11_f0p875GHz_0K_warm30_record20_40ppc_2000ovf_predictions.npz
SSO,0.875,100000000000.0,32.940947443562976,large,ws3,sso_1nm_j1e11_f0p875GHz_0K_warm30_record20_40ppc_2000ovf,True,none,0.7,0.3,280,120,0.25,400,8192,128,64,2,3,0,mx,N2N,noisy training -> independently noisy testing; readout refitted for each training-noise realization,0.0001,0.0001,17,1823128842,342546773,independent train/test draws; test draw paired with C2N; draws shared across alpha and scaled by sigma,1e-09,1.581181354642889e-17,1.4937183610850138e-07,66.53773669744636,3.39005064120009,0.23624187046504522,0.4660578282802048,protocol_comparison_30seeds/analysis_ws3/per_point/sso_1nm_j1e11_f0p875GHz_0K_warm30_record20_40ppc_2000ovf_predictions.npz
SSO,0.875,100000000000.0,32.940947443562976,large,ws3,sso_1nm_j1e11_f0p875GHz_0K_warm30_record20_40ppc_2000ovf,True,none,0.7,0.3,280,120,0.25,400,8192,128,64,2,3,0,mx,C2N,clean training -> noisy testing; fixed clean-trained readout,0.0,0.001,17,,342546773,same test standard-normal draw for C2N/N2N and all alpha; scaled by sigma,0.001,4.109905315634303e-07,1.3160805629725784e-05,10.727411096388769,3.306371016622257,0.22796772060574513,0.5000270082539993,protocol_comparison_30seeds/analysis_ws3/per_point/sso_1nm_j1e11_f0p875GHz_0K_warm30_record20_40ppc_2000ovf_predictions.npz
SSO,0.875,100000000000.0,32.940947443562976,large,ws3,sso_1nm_j1e11_f0p875GHz_0K_warm30_record20_40ppc_2000ovf,True,none,0.7,0.3,280,120,0.25,400,8192,128,64,2,3,0,mx,N2N,noisy training -> independently noisy testing; readout refitted for each training-noise realization,0.001,0.001,17,1823128842,342546773,independent train/test draws; test draw paired with C2N; draws shared across alpha and scaled by sigma,0.001,2.66766230935034e-07,2.7313960601558785e-05,8.642600572971926,3.2713601205634593,0.21222167613404466,0.49358464126050516,protocol_comparison_30seeds/analysis_ws3/per_point/sso_1nm_j1e11_f0p875GHz_0K_warm30_record20_40ppc_2000ovf_predictions.npz
SSO,0.875,100000000000.0,32.940947443562976,large,ws3,sso_1nm_j1e11_f0p875GHz_0K_warm30_record20_40ppc_2000ovf,True,none,0.7,0.3,280,120,0.25,400,8192,128,64,2,3,0,mx,C2N,clean training -> noisy testing; fixed clean-trained readout,0.0,0.001,17,,342546773,same test standard-normal draw for C2N/N2N and all alpha; scaled by sigma,1e-06,2.2499050544679777e-11,1.2463302597063303e-05,79.37086521282974,3.342947729333754,0.23275620320086854,0.4998570488871279,protocol_comparison_30seeds/analysis_ws3/per_point/sso_1nm_j1e11_f0p875GHz_0K_warm30_record20_40ppc_2000ovf_predictions.npz
SSO,0.875,100000000000.0,32.940947443562976,large,ws3,sso_1nm_j1e11_f0p875GHz_0K_warm30_record20_40ppc_2000ovf,True,none,0.7,0.3,280,120,0.25,400,8192,128,64,2,3,0,mx,N2N,noisy training -> independently noisy testing; readout refitted for each training-noise realization,0.001,0.001,17,1823128842,342546773,independent train/test draws; test draw paired with C2N; draws shared across alpha and scaled by sigma,1e-06,3.1708844433942044e-13,2.56156181205865e-05,9.422566685422769,3.295097408512344,0.2141653328676109,0.49184476012581024,protocol_comparison_30seeds/analysis_ws3/per_point/sso_1nm_j1e11_f0p875GHz_0K_warm30_record20_40ppc_2000ovf_predictions.npz
SSO,0.875,100000000000.0,32.940947443562976,large,ws3,sso_1nm_j1e11_f0p875GHz_0K_warm30_record20_40ppc_2000ovf,True,none,0.7,0.3,280,120,0.25,400,8192,128,64,2,3,0,mx,C2N,clean training -> noisy testing; fixed clean-trained readout,0.0,0.001,17,,342546773,same test standard-normal draw for C2N/N2N and all alpha; scaled by sigma,1e-09,8.559941086177582e-12,1.2419347122685331e-05,48956.47193881155,3.473405613572897,0.243954613939458,0.6653317558995688,protocol_comparison_30seeds/analysis_ws3/per_point/sso_1nm_j1e11_f0p875GHz_0K_warm30_record20_40ppc_2000ovf_predictions.npz
SSO,0.875,100000000000.0,32.940947443562976,large,ws3,sso_1nm_j1e11_f0p875GHz_0K_warm30_record20_40ppc_2000ovf,True,none,0.7,0.3,280,120,0.25,400,8192,128,64,2,3,0,mx,N2N,noisy training -> independently noisy testing; readout refitted for each training-noise realization,0.001,0.001,17,1823128842,342546773,independent train/test draws; test draw paired with C2N; draws shared across alpha and scaled by sigma,1e-09,3.1712516164498764e-19,2.5613922605571144e-05,9.423450903447845,3.2951243272226503,0.2141674021870485,0.49184268318326896,protocol_comparison_30seeds/analysis_ws3/per_point/sso_1nm_j1e11_f0p875GHz_0K_warm30_record20_40ppc_2000ovf_predictions.npz
SSO,0.875,100000000000.0,32.940947443562976,large,ws3,sso_1nm_j1e11_f0p875GHz_0K_warm30_record20_40ppc_2000ovf,True,none,0.7,0.3,280,120,0.25,400,8192,128,64,2,3,0,mx,C2N,clean training -> noisy testing; fixed clean-trained readout,0.0,0.0001,18,,1658213892,same test standard-normal draw for C2N/N2N and all alpha; scaled by sigma,0.001,4.109905315634303e-07,5.37380566142266e-07,10.727411096388769,3.306371016622257,0.22796772060574513,0.5000270082539993,protocol_comparison_30seeds/analysis_ws3/per_point/sso_1nm_j1e11_f0p875GHz_0K_warm30_record20_40ppc_2000ovf_predictions.npz
SSO,0.875,100000000000.0,32.940947443562976,large,ws3,sso_1nm_j1e11_f0p875GHz_0K_warm30_record20_40ppc_2000ovf,True,none,0.7,0.3,280,120,0.25,400,8192,128,64,2,3,0,mx,N2N,noisy training -> independently noisy testing; readout refitted for each training-noise realization,0.0001,0.0001,18,1295673367,1658213892,independent train/test draws; test draw paired with C2N; draws shared across alpha and scaled by sigma,0.001,4.82167995730376e-07,6.495093577984977e-07,11.6192529366518,3.3047562208817567,0.22828292883433834,0.5043064061452194,protocol_comparison_30seeds/analysis_ws3/per_point/sso_1nm_j1e11_f0p875GHz_0K_warm30_record20_40ppc_2000ovf_predictions.npz
SSO,0.875,100000000000.0,32.940947443562976,large,ws3,sso_1nm_j1e11_f0p875GHz_0K_warm30_record20_40ppc_2000ovf,True,none,0.7,0.3,280,120,0.25,400,8192,128,64,2,3,0,mx,C2N,clean training -> noisy testing; fixed clean-trained readout,0.0,0.0001,18,,1658213892,same test standard-normal draw for C2N/N2N and all alpha; scaled by sigma,1e-06,2.2499050544679777e-11,1.3345026243358507e-07,79.37086521282974,3.342947729333754,0.23275620320086854,0.4998570488871279,protocol_comparison_30seeds/analysis_ws3/per_point/sso_1nm_j1e11_f0p875GHz_0K_warm30_record20_40ppc_2000ovf_predictions.npz
SSO,0.875,100000000000.0,32.940947443562976,large,ws3,sso_1nm_j1e11_f0p875GHz_0K_warm30_record20_40ppc_2000ovf,True,none,0.7,0.3,280,120,0.25,400,8192,128,64,2,3,0,mx,N2N,noisy training -> independently noisy testing; readout refitted for each training-noise realization,0.0001,0.0001,18,1295673367,1658213892,independent train/test draws; test draw paired with C2N; draws shared across alpha and scaled by sigma,1e-06,1.4398227614139373e-11,1.7124219572705577e-07,63.49412257259817,3.3861354339447503,0.23522223262805406,0.5255927019458702,protocol_comparison_30seeds/analysis_ws3/per_point/sso_1nm_j1e11_f0p875GHz_0K_warm30_record20_40ppc_2000ovf_predictions.npz
SSO,0.875,100000000000.0,32.940947443562976,large,ws3,sso_1nm_j1e11_f0p875GHz_0K_warm30_record20_40ppc_2000ovf,True,none,0.7,0.3,280,120,0.25,400,8192,128,64,2,3,0,mx,C2N,clean training -> noisy testing; fixed clean-trained readout,0.0,0.0001,18,,1658213892,same test standard-normal draw for C2N/N2N and all alpha; scaled by sigma,1e-09,8.559941086177582e-12,1.5108295702896186e-07,48956.47193881155,3.473405613572897,0.243954613939458,0.6653317558995688,protocol_comparison_30seeds/analysis_ws3/per_point/sso_1nm_j1e11_f0p875GHz_0K_warm30_record20_40ppc_2000ovf_predictions.npz
SSO,0.875,100000000000.0,32.940947443562976,large,ws3,sso_1nm_j1e11_f0p875GHz_0K_warm30_record20_40ppc_2000ovf,True,none,0.7,0.3,280,120,0.25,400,8192,128,64,2,3,0,mx,N2N,noisy training -> independently noisy testing; readout refitted for each training-noise realization,0.0001,0.0001,18,1295673367,1658213892,independent train/test draws; test draw paired with C2N; draws shared across alpha and scaled by sigma,1e-09,1.4761289079326487e-17,1.7117488759474e-07,64.29113569952362,3.387332070408473,0.23525171331126205,0.5259843166555997,protocol_comparison_30seeds/analysis_ws3/per_point/sso_1nm_j1e11_f0p875GHz_0K_warm30_record20_40ppc_2000ovf_predictions.npz
SSO,0.875,100000000000.0,32.940947443562976,large,ws3,sso_1nm_j1e11_f0p875GHz_0K_warm30_record20_40ppc_2000ovf,True,none,0.7,0.3,280,120,0.25,400,8192,128,64,2,3,0,mx,C2N,clean training -> noisy testing; fixed clean-trained readout,0.0,0.001,18,,1658213892,same test standard-normal draw for C2N/N2N and all alpha; scaled by sigma,0.001,4.109905315634303e-07,1.3401189899363806e-05,10.727411096388769,3.306371016622257,0.22796772060574513,0.5000270082539993,protocol_comparison_30seeds/analysis_ws3/per_point/sso_1nm_j1e11_f0p875GHz_0K_warm30_record20_40ppc_2000ovf_predictions.npz
SSO,0.875,100000000000.0,32.940947443562976,large,ws3,sso_1nm_j1e11_f0p875GHz_0K_warm30_record20_40ppc_2000ovf,True,none,0.7,0.3,280,120,0.25,400,8192,128,64,2,3,0,mx,N2N,noisy training -> independently noisy testing; readout refitted for each training-noise realization,0.001,0.001,18,1295673367,1658213892,independent train/test draws; test draw paired with C2N; draws shared across alpha and scaled by sigma,0.001,2.570024607281612e-07,3.065072390310095e-05,8.482964635101615,3.2676963645820516,0.21223803291187482,0.5256541136911741,protocol_comparison_30seeds/analysis_ws3/per_point/sso_1nm_j1e11_f0p875GHz_0K_warm30_record20_40ppc_2000ovf_predictions.npz
SSO,0.875,100000000000.0,32.940947443562976,large,ws3,sso_1nm_j1e11_f0p875GHz_0K_warm30_record20_40ppc_2000ovf,True,none,0.7,0.3,280,120,0.25,400,8192,128,64,2,3,0,mx,C2N,clean training -> noisy testing; fixed clean-trained readout,0.0,0.001,18,,1658213892,same test standard-normal draw for C2N/N2N and all alpha; scaled by sigma,1e-06,2.2499050544679777e-11,1.3267163475491612e-05,79.37086521282974,3.342947729333754,0.23275620320086854,0.4998570488871279,protocol_comparison_30seeds/analysis_ws3/per_point/sso_1nm_j1e11_f0p875GHz_0K_warm30_record20_40ppc_2000ovf_predictions.npz
SSO,0.875,100000000000.0,32.940947443562976,large,ws3,sso_1nm_j1e11_f0p875GHz_0K_warm30_record20_40ppc_2000ovf,True,none,0.7,0.3,280,120,0.25,400,8192,128,64,2,3,0,mx,N2N,noisy training -> independently noisy testing; readout refitted for each training-noise realization,0.001,0.001,18,1295673367,1658213892,independent train/test draws; test draw paired with C2N; draws shared across alpha and scaled by sigma,1e-06,3.042630944658024e-13,2.888468266689159e-05,9.230041727425137,3.2905701395315674,0.21474146103219205,0.5298681754531396,protocol_comparison_30seeds/analysis_ws3/per_point/sso_1nm_j1e11_f0p875GHz_0K_warm30_record20_40ppc_2000ovf_predictions.npz
SSO,0.875,100000000000.0,32.940947443562976,large,ws3,sso_1nm_j1e11_f0p875GHz_0K_warm30_record20_40ppc_2000ovf,True,none,0.7,0.3,280,120,0.25,400,8192,128,64,2,3,0,mx,C2N,clean training -> noisy testing; fixed clean-trained readout,0.0,0.001,18,,1658213892,same test standard-normal draw for C2N/N2N and all alpha; scaled by sigma,1e-09,8.559941086177582e-12,1.5026319466946227e-05,48956.47193881155,3.473405613572897,0.243954613939458,0.6653317558995688,protocol_comparison_30seeds/analysis_ws3/per_point/sso_1nm_j1e11_f0p875GHz_0K_warm30_record20_40ppc_2000ovf_predictions.npz
SSO,0.875,100000000000.0,32.940947443562976,large,ws3,sso_1nm_j1e11_f0p875GHz_0K_warm30_record20_40ppc_2000ovf,True,none,0.7,0.3,280,120,0.25,400,8192,128,64,2,3,0,mx,N2N,noisy training -> independently noisy testing; readout refitted for each training-noise realization,0.001,0.001,18,1295673367,1658213892,independent train/test draws; test draw paired with C2N; draws shared across alpha and scaled by sigma,1e-09,3.042951740586941e-19,2.8882932334703292e-05,9.230886444922323,3.2905960049662664,0.21474413441185694,0.5298729503938073,protocol_comparison_30seeds/analysis_ws3/per_point/sso_1nm_j1e11_f0p875GHz_0K_warm30_record20_40ppc_2000ovf_predictions.npz
SSO,0.875,100000000000.0,32.940947443562976,large,ws3,sso_1nm_j1e11_f0p875GHz_0K_warm30_record20_40ppc_2000ovf,True,none,0.7,0.3,280,120,0.25,400,8192,128,64,2,3,0,mx,C2N,clean training -> noisy testing; fixed clean-trained readout,0.0,0.0001,19,,4214852199,same test standard-normal draw for C2N/N2N and all alpha; scaled by sigma,0.001,4.109905315634303e-07,5.489170819300804e-07,10.727411096388769,3.306371016622257,0.22796772060574513,0.5000270082539993,protocol_comparison_30seeds/analysis_ws3/per_point/sso_1nm_j1e11_f0p875GHz_0K_warm30_record20_40ppc_2000ovf_predictions.npz
SSO,0.875,100000000000.0,32.940947443562976,large,ws3,sso_1nm_j1e11_f0p875GHz_0K_warm30_record20_40ppc_2000ovf,True,none,0.7,0.3,280,120,0.25,400,8192,128,64,2,3,0,mx,N2N,noisy training -> independently noisy testing; readout refitted for each training-noise realization,0.0001,0.0001,19,2462630042,4214852199,independent train/test draws; test draw paired with C2N; draws shared across alpha and scaled by sigma,0.001,4.7214882667415705e-07,6.616739908568098e-07,11.497898567918922,3.304683039297646,0.22942134524636218,0.4942062822750952,protocol_comparison_30seeds/analysis_ws3/per_point/sso_1nm_j1e11_f0p875GHz_0K_warm30_record20_40ppc_2000ovf_predictions.npz
SSO,0.875,100000000000.0,32.940947443562976,large,ws3,sso_1nm_j1e11_f0p875GHz_0K_warm30_record20_40ppc_2000ovf,True,none,0.7,0.3,280,120,0.25,400,8192,128,64,2,3,0,mx,C2N,clean training -> noisy testing; fixed clean-trained readout,0.0,0.0001,19,,4214852199,same test standard-normal draw for C2N/N2N and all alpha; scaled by sigma,1e-06,2.2499050544679777e-11,1.245027619302618e-07,79.37086521282974,3.342947729333754,0.23275620320086854,0.4998570488871279,protocol_comparison_30seeds/analysis_ws3/per_point/sso_1nm_j1e11_f0p875GHz_0K_warm30_record20_40ppc_2000ovf_predictions.npz
SSO,0.875,100000000000.0,32.940947443562976,large,ws3,sso_1nm_j1e11_f0p875GHz_0K_warm30_record20_40ppc_2000ovf,True,none,0.7,0.3,280,120,0.25,400,8192,128,64,2,3,0,mx,N2N,noisy training -> independently noisy testing; readout refitted for each training-noise realization,0.0001,0.0001,19,2462630042,4214852199,independent train/test draws; test draw paired with C2N; draws shared across alpha and scaled by sigma,1e-06,1.2740054429875046e-11,1.6735281065224406e-07,59.726169750573874,3.3807074928182894,0.23718668267825843,0.4562831154987603,protocol_comparison_30seeds/analysis_ws3/per_point/sso_1nm_j1e11_f0p875GHz_0K_warm30_record20_40ppc_2000ovf_predictions.npz
SSO,0.875,100000000000.0,32.940947443562976,large,ws3,sso_1nm_j1e11_f0p875GHz_0K_warm30_record20_40ppc_2000ovf,True,none,0.7,0.3,280,120,0.25,400,8192,128,64,2,3,0,mx,C2N,clean training -> noisy testing; fixed clean-trained readout,0.0,0.0001,19,,4214852199,same test standard-normal draw for C2N/N2N and all alpha; scaled by sigma,1e-09,8.559941086177582e-12,1.3696293802465535e-07,48956.47193881155,3.473405613572897,0.243954613939458,0.6653317558995688,protocol_comparison_30seeds/analysis_ws3/per_point/sso_1nm_j1e11_f0p875GHz_0K_warm30_record20_40ppc_2000ovf_predictions.npz
SSO,0.875,100000000000.0,32.940947443562976,large,ws3,sso_1nm_j1e11_f0p875GHz_0K_warm30_record20_40ppc_2000ovf,True,none,0.7,0.3,280,120,0.25,400,8192,128,64,2,3,0,mx,N2N,noisy training -> independently noisy testing; readout refitted for each training-noise realization,0.0001,0.0001,19,2462630042,4214852199,independent train/test draws; test draw paired with C2N; draws shared across alpha and scaled by sigma,1e-09,1.306056769712465e-17,1.6729718091667455e-07,60.473411272726985,3.3817680174555225,0.2372521129982139,0.45586917586982256,protocol_comparison_30seeds/analysis_ws3/per_point/sso_1nm_j1e11_f0p875GHz_0K_warm30_record20_40ppc_2000ovf_predictions.npz
SSO,0.875,100000000000.0,32.940947443562976,large,ws3,sso_1nm_j1e11_f0p875GHz_0K_warm30_record20_40ppc_2000ovf,True,none,0.7,0.3,280,120,0.25,400,8192,128,64,2,3,0,mx,C2N,clean training -> noisy testing; fixed clean-trained readout,0.0,0.001,19,,4214852199,same test standard-normal draw for C2N/N2N and all alpha; scaled by sigma,0.001,4.109905315634303e-07,1.2690663920424392e-05,10.727411096388769,3.306371016622257,0.22796772060574513,0.5000270082539993,protocol_comparison_30seeds/analysis_ws3/per_point/sso_1nm_j1e11_f0p875GHz_0K_warm30_record20_40ppc_2000ovf_predictions.npz
SSO,0.875,100000000000.0,32.940947443562976,large,ws3,sso_1nm_j1e11_f0p875GHz_0K_warm30_record20_40ppc_2000ovf,True,none,0.7,0.3,280,120,0.25,400,8192,128,64,2,3,0,mx,N2N,noisy training -> independently noisy testing; readout refitted for each training-noise realization,0.001,0.001,19,2462630042,4214852199,independent train/test draws; test draw paired with C2N; draws shared across alpha and scaled by sigma,0.001,2.409285615644639e-07,2.746463698215521e-05,8.213403511150704,3.2642558834891706,0.21741605590772903,0.45639193245842935,protocol_comparison_30seeds/analysis_ws3/per_point/sso_1nm_j1e11_f0p875GHz_0K_warm30_record20_40ppc_2000ovf_predictions.npz
SSO,0.875,100000000000.0,32.940947443562976,large,ws3,sso_1nm_j1e11_f0p875GHz_0K_warm30_record20_40ppc_2000ovf,True,none,0.7,0.3,280,120,0.25,400,8192,128,64,2,3,0,mx,C2N,clean training -> noisy testing; fixed clean-trained readout,0.0,0.001,19,,4214852199,same test standard-normal draw for C2N/N2N and all alpha; scaled by sigma,1e-06,2.2499050544679777e-11,1.240292641705519e-05,79.37086521282974,3.342947729333754,0.23275620320086854,0.4998570488871279,protocol_comparison_30seeds/analysis_ws3/per_point/sso_1nm_j1e11_f0p875GHz_0K_warm30_record20_40ppc_2000ovf_predictions.npz
SSO,0.875,100000000000.0,32.940947443562976,large,ws3,sso_1nm_j1e11_f0p875GHz_0K_warm30_record20_40ppc_2000ovf,True,none,0.7,0.3,280,120,0.25,400,8192,128,64,2,3,0,mx,N2N,noisy training -> independently noisy testing; readout refitted for each training-noise realization,0.001,0.001,19,2462630042,4214852199,independent train/test draws; test draw paired with C2N; draws shared across alpha and scaled by sigma,1e-06,2.836042506707631e-13,2.600549449997024e-05,8.9111833707375,3.2856940025132744,0.21975829970890903,0.4512550295103237,protocol_comparison_30seeds/analysis_ws3/per_point/sso_1nm_j1e11_f0p875GHz_0K_warm30_record20_40ppc_2000ovf_predictions.npz
SSO,0.875,100000000000.0,32.940947443562976,large,ws3,sso_1nm_j1e11_f0p875GHz_0K_warm30_record20_40ppc_2000ovf,True,none,0.7,0.3,280,120,0.25,400,8192,128,64,2,3,0,mx,C2N,clean training -> noisy testing; fixed clean-trained readout,0.0,0.001,19,,4214852199,same test standard-normal draw for C2N/N2N and all alpha; scaled by sigma,1e-09,8.559941086177582e-12,1.366725039428336e-05,48956.47193881155,3.473405613572897,0.243954613939458,0.6653317558995688,protocol_comparison_30seeds/analysis_ws3/per_point/sso_1nm_j1e11_f0p875GHz_0K_warm30_record20_40ppc_2000ovf_predictions.npz
SSO,0.875,100000000000.0,32.940947443562976,large,ws3,sso_1nm_j1e11_f0p875GHz_0K_warm30_record20_40ppc_2000ovf,True,none,0.7,0.3,280,120,0.25,400,8192,128,64,2,3,0,mx,N2N,noisy training -> independently noisy testing; readout refitted for each training-noise realization,0.001,0.001,19,2462630042,4214852199,independent train/test draws; test draw paired with C2N; draws shared across alpha and scaled by sigma,1e-09,2.836854198362571e-19,2.6004057149615224e-05,8.911972144699709,3.285718147486069,0.21976080296892223,0.45124943808367224,protocol_comparison_30seeds/analysis_ws3/per_point/sso_1nm_j1e11_f0p875GHz_0K_warm30_record20_40ppc_2000ovf_predictions.npz
SSO,0.875,100000000000.0,32.940947443562976,large,ws3,sso_1nm_j1e11_f0p875GHz_0K_warm30_record20_40ppc_2000ovf,True,none,0.7,0.3,280,120,0.25,400,8192,128,64,2,3,0,mx,C2N,clean training -> noisy testing; fixed clean-trained readout,0.0,0.0001,20,,3684457492,same test standard-normal draw for C2N/N2N and all alpha; scaled by sigma,0.001,4.109905315634303e-07,5.729177623908795e-07,10.727411096388769,3.306371016622257,0.22796772060574513,0.5000270082539993,protocol_comparison_30seeds/analysis_ws3/per_point/sso_1nm_j1e11_f0p875GHz_0K_warm30_record20_40ppc_2000ovf_predictions.npz
SSO,0.875,100000000000.0,32.940947443562976,large,ws3,sso_1nm_j1e11_f0p875GHz_0K_warm30_record20_40ppc_2000ovf,True,none,0.7,0.3,280,120,0.25,400,8192,128,64,2,3,0,mx,N2N,noisy training -> independently noisy testing; readout refitted for each training-noise realization,0.0001,0.0001,20,1805442445,3684457492,independent train/test draws; test draw paired with C2N; draws shared across alpha and scaled by sigma,0.001,4.816673730693625e-07,6.428481268605852e-07,11.613219384083646,3.306202406596175,0.2276213653211649,0.5033636891180748,protocol_comparison_30seeds/analysis_ws3/per_point/sso_1nm_j1e11_f0p875GHz_0K_warm30_record20_40ppc_2000ovf_predictions.npz
SSO,0.875,100000000000.0,32.940947443562976,large,ws3,sso_1nm_j1e11_f0p875GHz_0K_warm30_record20_40ppc_2000ovf,True,none,0.7,0.3,280,120,0.25,400,8192,128,64,2,3,0,mx,C2N,clean training -> noisy testing; fixed clean-trained readout,0.0,0.0001,20,,3684457492,same test standard-normal draw for C2N/N2N and all alpha; scaled by sigma,1e-06,2.2499050544679777e-11,9.212523383706873e-08,79.37086521282974,3.342947729333754,0.23275620320086854,0.4998570488871279,protocol_comparison_30seeds/analysis_ws3/per_point/sso_1nm_j1e11_f0p875GHz_0K_warm30_record20_40ppc_2000ovf_predictions.npz
SSO,0.875,100000000000.0,32.940947443562976,large,ws3,sso_1nm_j1e11_f0p875GHz_0K_warm30_record20_40ppc_2000ovf,True,none,0.7,0.3,280,120,0.25,400,8192,128,64,2,3,0,mx,N2N,noisy training -> independently noisy testing; readout refitted for each training-noise realization,0.0001,0.0001,20,1805442445,3684457492,independent train/test draws; test draw paired with C2N; draws shared across alpha and scaled by sigma,1e-06,1.4358698801599862e-11,1.1715267825974351e-07,63.40690574753842,3.3862657905652664,0.24243673425883164,0.5770574302024876,protocol_comparison_30seeds/analysis_ws3/per_point/sso_1nm_j1e11_f0p875GHz_0K_warm30_record20_40ppc_2000ovf_predictions.npz
SSO,0.875,100000000000.0,32.940947443562976,large,ws3,sso_1nm_j1e11_f0p875GHz_0K_warm30_record20_40ppc_2000ovf,True,none,0.7,0.3,280,120,0.25,400,8192,128,64,2,3,0,mx,C2N,clean training -> noisy testing; fixed clean-trained readout,0.0,0.0001,20,,3684457492,same test standard-normal draw for C2N/N2N and all alpha; scaled by sigma,1e-09,8.559941086177582e-12,1.0939490915400528e-07,48956.47193881155,3.473405613572897,0.243954613939458,0.6653317558995688,protocol_comparison_30seeds/analysis_ws3/per_point/sso_1nm_j1e11_f0p875GHz_0K_warm30_record20_40ppc_2000ovf_predictions.npz
SSO,0.875,100000000000.0,32.940947443562976,large,ws3,sso_1nm_j1e11_f0p875GHz_0K_warm30_record20_40ppc_2000ovf,True,none,0.7,0.3,280,120,0.25,400,8192,128,64,2,3,0,mx,N2N,noisy training -> independently noisy testing; readout refitted for each training-noise realization,0.0001,0.0001,20,1805442445,3684457492,independent train/test draws; test draw paired with C2N; draws shared across alpha and scaled by sigma,1e-09,1.473729574931258e-17,1.17034405063597e-07,64.23764697433842,3.387459420661937,0.2425936308350509,0.5780767076569204,protocol_comparison_30seeds/analysis_ws3/per_point/sso_1nm_j1e11_f0p875GHz_0K_warm30_record20_40ppc_2000ovf_predictions.npz
SSO,0.875,100000000000.0,32.940947443562976,large,ws3,sso_1nm_j1e11_f0p875GHz_0K_warm30_record20_40ppc_2000ovf,True,none,0.7,0.3,280,120,0.25,400,8192,128,64,2,3,0,mx,C2N,clean training -> noisy testing; fixed clean-trained readout,0.0,0.001,20,,3684457492,same test standard-normal draw for C2N/N2N and all alpha; scaled by sigma,0.001,4.109905315634303e-07,1.0218737970447198e-05,10.727411096388769,3.306371016622257,0.22796772060574513,0.5000270082539993,protocol_comparison_30seeds/analysis_ws3/per_point/sso_1nm_j1e11_f0p875GHz_0K_warm30_record20_40ppc_2000ovf_predictions.npz
SSO,0.875,100000000000.0,32.940947443562976,large,ws3,sso_1nm_j1e11_f0p875GHz_0K_warm30_record20_40ppc_2000ovf,True,none,0.7,0.3,280,120,0.25,400,8192,128,64,2,3,0,mx,N2N,noisy training -> independently noisy testing; readout refitted for each training-noise realization,0.001,0.001,20,1805442445,3684457492,independent train/test draws; test draw paired with C2N; draws shared across alpha and scaled by sigma,0.001,2.6487252121686706e-07,2.7653795149069643e-05,8.61187006034039,3.2726524813156996,0.21887236038615915,0.5384157163407308,protocol_comparison_30seeds/analysis_ws3/per_point/sso_1nm_j1e11_f0p875GHz_0K_warm30_record20_40ppc_2000ovf_predictions.npz
SSO,0.875,100000000000.0,32.940947443562976,large,ws3,sso_1nm_j1e11_f0p875GHz_0K_warm30_record20_40ppc_2000ovf,True,none,0.7,0.3,280,120,0.25,400,8192,128,64,2,3,0,mx,C2N,clean training -> noisy testing; fixed clean-trained readout,0.0,0.001,20,,3684457492,same test standard-normal draw for C2N/N2N and all alpha; scaled by sigma,1e-06,2.2499050544679777e-11,9.24406251837175e-06,79.37086521282974,3.342947729333754,0.23275620320086854,0.4998570488871279,protocol_comparison_30seeds/analysis_ws3/per_point/sso_1nm_j1e11_f0p875GHz_0K_warm30_record20_40ppc_2000ovf_predictions.npz
SSO,0.875,100000000000.0,32.940947443562976,large,ws3,sso_1nm_j1e11_f0p875GHz_0K_warm30_record20_40ppc_2000ovf,True,none,0.7,0.3,280,120,0.25,400,8192,128,64,2,3,0,mx,N2N,noisy training -> independently noisy testing; readout refitted for each training-noise realization,0.001,0.001,20,1805442445,3684457492,independent train/test draws; test draw paired with C2N; draws shared across alpha and scaled by sigma,1e-06,3.1451851813734675e-13,2.5788589258641862e-05,9.38430529709436,3.2962058973708186,0.22140075879681537,0.5499997579373574,protocol_comparison_30seeds/analysis_ws3/per_point/sso_1nm_j1e11_f0p875GHz_0K_warm30_record20_40ppc_2000ovf_predictions.npz
SSO,0.875,100000000000.0,32.940947443562976,large,ws3,sso_1nm_j1e11_f0p875GHz_0K_warm30_record20_40ppc_2000ovf,True,none,0.7,0.3,280,120,0.25,400,8192,128,64,2,3,0,mx,C2N,clean training -> noisy testing; fixed clean-trained readout,0.0,0.001,20,,3684457492,same test standard-normal draw for C2N/N2N and all alpha; scaled by sigma,1e-09,8.559941086177582e-12,1.1014697451198369e-05,48956.47193881155,3.473405613572897,0.243954613939458,0.6653317558995688,protocol_comparison_30seeds/analysis_ws3/per_point/sso_1nm_j1e11_f0p875GHz_0K_warm30_record20_40ppc_2000ovf_predictions.npz
SSO,0.875,100000000000.0,32.940947443562976,large,ws3,sso_1nm_j1e11_f0p875GHz_0K_warm30_record20_40ppc_2000ovf,True,none,0.7,0.3,280,120,0.25,400,8192,128,64,2,3,0,mx,N2N,noisy training -> independently noisy testing; readout refitted for each training-noise realization,0.001,0.001,20,1805442445,3684457492,independent train/test draws; test draw paired with C2N; draws shared across alpha and scaled by sigma,1e-09,3.1459434056488913e-19,2.5786734896880238e-05,9.385182248533747,3.2962325889269257,0.22140351870469396,0.5500129059806946,protocol_comparison_30seeds/analysis_ws3/per_point/sso_1nm_j1e11_f0p875GHz_0K_warm30_record20_40ppc_2000ovf_predictions.npz
SSO,0.875,100000000000.0,32.940947443562976,large,ws3,sso_1nm_j1e11_f0p875GHz_0K_warm30_record20_40ppc_2000ovf,True,none,0.7,0.3,280,120,0.25,400,8192,128,64,2,3,0,mx,C2N,clean training -> noisy testing; fixed clean-trained readout,0.0,0.0001,21,,1123524663,same test standard-normal draw for C2N/N2N and all alpha; scaled by sigma,0.001,4.109905315634303e-07,4.792204357529577e-07,10.727411096388769,3.306371016622257,0.22796772060574513,0.5000270082539993,protocol_comparison_30seeds/analysis_ws3/per_point/sso_1nm_j1e11_f0p875GHz_0K_warm30_record20_40ppc_2000ovf_predictions.npz
SSO,0.875,100000000000.0,32.940947443562976,large,ws3,sso_1nm_j1e11_f0p875GHz_0K_warm30_record20_40ppc_2000ovf,True,none,0.7,0.3,280,120,0.25,400,8192,128,64,2,3,0,mx,N2N,noisy training -> independently noisy testing; readout refitted for each training-noise realization,0.0001,0.0001,21,3106313992,1123524663,independent train/test draws; test draw paired with C2N; draws shared across alpha and scaled by sigma,0.001,4.951143243956219e-07,4.997612396438136e-07,11.774209562344726,3.3074969431964463,0.228428686482252,0.4959947535732805,protocol_comparison_30seeds/analysis_ws3/per_point/sso_1nm_j1e11_f0p875GHz_0K_warm30_record20_40ppc_2000ovf_predictions.npz
SSO,0.875,100000000000.0,32.940947443562976,large,ws3,sso_1nm_j1e11_f0p875GHz_0K_warm30_record20_40ppc_2000ovf,True,none,0.7,0.3,280,120,0.25,400,8192,128,64,2,3,0,mx,C2N,clean training -> noisy testing; fixed clean-trained readout,0.0,0.0001,21,,1123524663,same test standard-normal draw for C2N/N2N and all alpha; scaled by sigma,1e-06,2.2499050544679777e-11,1.036605529933254e-07,79.37086521282974,3.342947729333754,0.23275620320086854,0.4998570488871279,protocol_comparison_30seeds/analysis_ws3/per_point/sso_1nm_j1e11_f0p875GHz_0K_warm30_record20_40ppc_2000ovf_predictions.npz
SSO,0.875,100000000000.0,32.940947443562976,large,ws3,sso_1nm_j1e11_f0p875GHz_0K_warm30_record20_40ppc_2000ovf,True,none,0.7,0.3,280,120,0.25,400,8192,128,64,2,3,0,mx,N2N,noisy training -> independently noisy testing; readout refitted for each training-noise realization,0.0001,0.0001,21,3106313992,1123524663,independent train/test draws; test draw paired with C2N; draws shared across alpha and scaled by sigma,1e-06,1.701569632734522e-11,1.1853427405891613e-07,69.02459636376244,3.3953720490365065,0.2403349478906756,0.5507251017141512,protocol_comparison_30seeds/analysis_ws3/per_point/sso_1nm_j1e11_f0p875GHz_0K_warm30_record20_40ppc_2000ovf_predictions.npz
SSO,0.875,100000000000.0,32.940947443562976,large,ws3,sso_1nm_j1e11_f0p875GHz_0K_warm30_record20_40ppc_2000ovf,True,none,0.7,0.3,280,120,0.25,400,8192,128,64,2,3,0,mx,C2N,clean training -> noisy testing; fixed clean-trained readout,0.0,0.0001,21,,1123524663,same test standard-normal draw for C2N/N2N and all alpha; scaled by sigma,1e-09,8.559941086177582e-12,1.1194973006417926e-07,48956.47193881155,3.473405613572897,0.243954613939458,0.6653317558995688,protocol_comparison_30seeds/analysis_ws3/per_point/sso_1nm_j1e11_f0p875GHz_0K_warm30_record20_40ppc_2000ovf_predictions.npz
SSO,0.875,100000000000.0,32.940947443562976,large,ws3,sso_1nm_j1e11_f0p875GHz_0K_warm30_record20_40ppc_2000ovf,True,none,0.7,0.3,280,120,0.25,400,8192,128,64,2,3,0,mx,N2N,noisy training -> independently noisy testing; readout refitted for each training-noise realization,0.0001,0.0001,21,3106313992,1123524663,independent train/test draws; test draw paired with C2N; draws shared across alpha and scaled by sigma,1e-09,1.7469298091741566e-17,1.1873591162675267e-07,69.93945346421948,3.396782822865953,0.24044128722292843,0.5513755325537024,protocol_comparison_30seeds/analysis_ws3/per_point/sso_1nm_j1e11_f0p875GHz_0K_warm30_record20_40ppc_2000ovf_predictions.npz
SSO,0.875,100000000000.0,32.940947443562976,large,ws3,sso_1nm_j1e11_f0p875GHz_0K_warm30_record20_40ppc_2000ovf,True,none,0.7,0.3,280,120,0.25,400,8192,128,64,2,3,0,mx,C2N,clean training -> noisy testing; fixed clean-trained readout,0.0,0.001,21,,1123524663,same test standard-normal draw for C2N/N2N and all alpha; scaled by sigma,0.001,4.109905315634303e-07,1.0234614617569493e-05,10.727411096388769,3.306371016622257,0.22796772060574513,0.5000270082539993,protocol_comparison_30seeds/analysis_ws3/per_point/sso_1nm_j1e11_f0p875GHz_0K_warm30_record20_40ppc_2000ovf_predictions.npz
SSO,0.875,100000000000.0,32.940947443562976,large,ws3,sso_1nm_j1e11_f0p875GHz_0K_warm30_record20_40ppc_2000ovf,True,none,0.7,0.3,280,120,0.25,400,8192,128,64,2,3,0,mx,N2N,noisy training -> independently noisy testing; readout refitted for each training-noise realization,0.001,0.001,21,3106313992,1123524663,independent train/test draws; test draw paired with C2N; draws shared across alpha and scaled by sigma,0.001,2.949080004470196e-07,1.9232223603493917e-05,9.087036927422865,3.291414092104839,0.21974812305371572,0.5168935138740265,protocol_comparison_30seeds/analysis_ws3/per_point/sso_1nm_j1e11_f0p875GHz_0K_warm30_record20_40ppc_2000ovf_predictions.npz
SSO,0.875,100000000000.0,32.940947443562976,large,ws3,sso_1nm_j1e11_f0p875GHz_0K_warm30_record20_40ppc_2000ovf,True,none,0.7,0.3,280,120,0.25,400,8192,128,64,2,3,0,mx,C2N,clean training -> noisy testing; fixed clean-trained readout,0.0,0.001,21,,1123524663,same test standard-normal draw for C2N/N2N and all alpha; scaled by sigma,1e-06,2.2499050544679777e-11,1.0357442589530295e-05,79.37086521282974,3.342947729333754,0.23275620320086854,0.4998570488871279,protocol_comparison_30seeds/analysis_ws3/per_point/sso_1nm_j1e11_f0p875GHz_0K_warm30_record20_40ppc_2000ovf_predictions.npz
SSO,0.875,100000000000.0,32.940947443562976,large,ws3,sso_1nm_j1e11_f0p875GHz_0K_warm30_record20_40ppc_2000ovf,True,none,0.7,0.3,280,120,0.25,400,8192,128,64,2,3,0,mx,N2N,noisy training -> independently noisy testing; readout refitted for each training-noise realization,0.001,0.001,21,3106313992,1123524663,independent train/test draws; test draw paired with C2N; draws shared across alpha and scaled by sigma,1e-06,3.515053126356414e-13,1.805308036822424e-05,9.920760308788088,3.317505585127335,0.22254787345039012,0.5186908667627821,protocol_comparison_30seeds/analysis_ws3/per_point/sso_1nm_j1e11_f0p875GHz_0K_warm30_record20_40ppc_2000ovf_predictions.npz
SSO,0.875,100000000000.0,32.940947443562976,large,ws3,sso_1nm_j1e11_f0p875GHz_0K_warm30_record20_40ppc_2000ovf,True,none,0.7,0.3,280,120,0.25,400,8192,128,64,2,3,0,mx,C2N,clean training -> noisy testing; fixed clean-trained readout,0.0,0.001,21,,1123524663,same test standard-normal draw for C2N/N2N and all alpha; scaled by sigma,1e-09,8.559941086177582e-12,1.1166730403905887e-05,48956.47193881155,3.473405613572897,0.243954613939458,0.6653317558995688,protocol_comparison_30seeds/analysis_ws3/per_point/sso_1nm_j1e11_f0p875GHz_0K_warm30_record20_40ppc_2000ovf_predictions.npz
SSO,0.875,100000000000.0,32.940947443562976,large,ws3,sso_1nm_j1e11_f0p875GHz_0K_warm30_record20_40ppc_2000ovf,True,none,0.7,0.3,280,120,0.25,400,8192,128,64,2,3,0,mx,N2N,noisy training -> independently noisy testing; readout refitted for each training-noise realization,0.001,0.001,21,3106313992,1123524663,independent train/test draws; test draw paired with C2N; draws shared across alpha and scaled by sigma,1e-09,3.51569177542132e-19,1.805194230737832e-05,9.921706264307147,3.317535224053974,0.22255093534931106,0.518692967814554,protocol_comparison_30seeds/analysis_ws3/per_point/sso_1nm_j1e11_f0p875GHz_0K_warm30_record20_40ppc_2000ovf_predictions.npz
SSO,0.875,100000000000.0,32.940947443562976,large,ws3,sso_1nm_j1e11_f0p875GHz_0K_warm30_record20_40ppc_2000ovf,True,none,0.7,0.3,280,120,0.25,400,8192,128,64,2,3,0,mx,C2N,clean training -> noisy testing; fixed clean-trained readout,0.0,0.0001,22,,932303271,same test standard-normal draw for C2N/N2N and all alpha; scaled by sigma,0.001,4.109905315634303e-07,5.206293906309425e-07,10.727411096388769,3.306371016622257,0.22796772060574513,0.5000270082539993,protocol_comparison_30seeds/analysis_ws3/per_point/sso_1nm_j1e11_f0p875GHz_0K_warm30_record20_40ppc_2000ovf_predictions.npz
SSO,0.875,100000000000.0,32.940947443562976,large,ws3,sso_1nm_j1e11_f0p875GHz_0K_warm30_record20_40ppc_2000ovf,True,none,0.7,0.3,280,120,0.25,400,8192,128,64,2,3,0,mx,N2N,noisy training -> independently noisy testing; readout refitted for each training-noise realization,0.0001,0.0001,22,191900354,932303271,independent train/test draws; test draw paired with C2N; draws shared across alpha and scaled by sigma,0.001,4.794119314470713e-07,5.996964125066621e-07,11.585997617702986,3.305182233033363,0.22877570617701296,0.4992843935707152,protocol_comparison_30seeds/analysis_ws3/per_point/sso_1nm_j1e11_f0p875GHz_0K_warm30_record20_40ppc_2000ovf_predictions.npz
SSO,0.875,100000000000.0,32.940947443562976,large,ws3,sso_1nm_j1e11_f0p875GHz_0K_warm30_record20_40ppc_2000ovf,True,none,0.7,0.3,280,120,0.25,400,8192,128,64,2,3,0,mx,C2N,clean training -> noisy testing; fixed clean-trained readout,0.0,0.0001,22,,932303271,same test standard-normal draw for C2N/N2N and all alpha; scaled by sigma,1e-06,2.2499050544679777e-11,1.2284521517124968e-07,79.37086521282974,3.342947729333754,0.23275620320086854,0.4998570488871279,protocol_comparison_30seeds/analysis_ws3/per_point/sso_1nm_j1e11_f0p875GHz_0K_warm30_record20_40ppc_2000ovf_predictions.npz
SSO,0.875,100000000000.0,32.940947443562976,large,ws3,sso_1nm_j1e11_f0p875GHz_0K_warm30_record20_40ppc_2000ovf,True,none,0.7,0.3,280,120,0.25,400,8192,128,64,2,3,0,mx,N2N,noisy training -> independently noisy testing; readout refitted for each training-noise realization,0.0001,0.0001,22,191900354,932303271,independent train/test draws; test draw paired with C2N; draws shared across alpha and scaled by sigma,1e-06,1.4105025559813877e-11,1.4794375005322137e-07,62.844310819465406,3.385280552899434,0.24226230216288616,0.4722722678944171,protocol_comparison_30seeds/analysis_ws3/per_point/sso_1nm_j1e11_f0p875GHz_0K_warm30_record20_40ppc_2000ovf_predictions.npz
SSO,0.875,100000000000.0,32.940947443562976,large,ws3,sso_1nm_j1e11_f0p875GHz_0K_warm30_record20_40ppc_2000ovf,True,none,0.7,0.3,280,120,0.25,400,8192,128,64,2,3,0,mx,C2N,clean training -> noisy testing; fixed clean-trained readout,0.0,0.0001,22,,932303271,same test standard-normal draw for C2N/N2N and all alpha; scaled by sigma,1e-09,8.559941086177582e-12,1.3892479824615576e-07,48956.47193881155,3.473405613572897,0.243954613939458,0.6653317558995688,protocol_comparison_30seeds/analysis_ws3/per_point/sso_1nm_j1e11_f0p875GHz_0K_warm30_record20_40ppc_2000ovf_predictions.npz
SSO,0.875,100000000000.0,32.940947443562976,large,ws3,sso_1nm_j1e11_f0p875GHz_0K_warm30_record20_40ppc_2000ovf,True,none,0.7,0.3,280,120,0.25,400,8192,128,64,2,3,0,mx,N2N,noisy training -> independently noisy testing; readout refitted for each training-noise realization,0.0001,0.0001,22,191900354,932303271,independent train/test draws; test draw paired with C2N; draws shared across alpha and scaled by sigma,1e-09,1.446423739518515e-17,1.4802350569239483e-07,63.63950906115565,3.3864531800619093,0.24239566183322311,0.471920412106527,protocol_comparison_30seeds/analysis_ws3/per_point/sso_1nm_j1e11_f0p875GHz_0K_warm30_record20_40ppc_2000ovf_predictions.npz
SSO,0.875,100000000000.0,32.940947443562976,large,ws3,sso_1nm_j1e11_f0p875GHz_0K_warm30_record20_40ppc_2000ovf,True,none,0.7,0.3,280,120,0.25,400,8192,128,64,2,3,0,mx,C2N,clean training -> noisy testing; fixed clean-trained readout,0.0,0.001,22,,932303271,same test standard-normal draw for C2N/N2N and all alpha; scaled by sigma,0.001,4.109905315634303e-07,1.2308633549562489e-05,10.727411096388769,3.306371016622257,0.22796772060574513,0.5000270082539993,protocol_comparison_30seeds/analysis_ws3/per_point/sso_1nm_j1e11_f0p875GHz_0K_warm30_record20_40ppc_2000ovf_predictions.npz
SSO,0.875,100000000000.0,32.940947443562976,large,ws3,sso_1nm_j1e11_f0p875GHz_0K_warm30_record20_40ppc_2000ovf,True,none,0.7,0.3,280,120,0.25,400,8192,128,64,2,3,0,mx,N2N,noisy training -> independently noisy testing; readout refitted for each training-noise realization,0.001,0.001,22,191900354,932303271,independent train/test draws; test draw paired with C2N; draws shared across alpha and scaled by sigma,0.001,2.5334245361829035e-07,2.397393493341978e-05,8.42234450806482,3.271767373904912,0.2178244985499413,0.48743332968762365,protocol_comparison_30seeds/analysis_ws3/per_point/sso_1nm_j1e11_f0p875GHz_0K_warm30_record20_40ppc_2000ovf_predictions.npz
SSO,0.875,100000000000.0,32.940947443562976,large,ws3,sso_1nm_j1e11_f0p875GHz_0K_warm30_record20_40ppc_2000ovf,True,none,0.7,0.3,280,120,0.25,400,8192,128,64,2,3,0,mx,C2N,clean training -> noisy testing; fixed clean-trained readout,0.0,0.001,22,,932303271,same test standard-normal draw for C2N/N2N and all alpha; scaled by sigma,1e-06,2.2499050544679777e-11,1.2258791523767464e-05,79.37086521282974,3.342947729333754,0.23275620320086854,0.4998570488871279,protocol_comparison_30seeds/analysis_ws3/per_point/sso_1nm_j1e11_f0p875GHz_0K_warm30_record20_40ppc_2000ovf_predictions.npz
SSO,0.875,100000000000.0,32.940947443562976,large,ws3,sso_1nm_j1e11_f0p875GHz_0K_warm30_record20_40ppc_2000ovf,True,none,0.7,0.3,280,120,0.25,400,8192,128,64,2,3,0,mx,N2N,noisy training -> independently noisy testing; readout refitted for each training-noise realization,0.001,0.001,22,191900354,932303271,independent train/test draws; test draw paired with C2N; draws shared across alpha and scaled by sigma,1e-06,2.9955206393409303e-13,2.2662084147549433e-05,9.158306281957824,3.294281281742265,0.22074218654594163,0.48935728434822257,protocol_comparison_30seeds/analysis_ws3/per_point/sso_1nm_j1e11_f0p875GHz_0K_warm30_record20_40ppc_2000ovf_predictions.npz
SSO,0.875,100000000000.0,32.940947443562976,large,ws3,sso_1nm_j1e11_f0p875GHz_0K_warm30_record20_40ppc_2000ovf,True,none,0.7,0.3,280,120,0.25,400,8192,128,64,2,3,0,mx,C2N,clean training -> noisy testing; fixed clean-trained readout,0.0,0.001,22,,932303271,same test standard-normal draw for C2N/N2N and all alpha; scaled by sigma,1e-09,8.559941086177582e-12,1.3890911615980944e-05,48956.47193881155,3.473405613572897,0.243954613939458,0.6653317558995688,protocol_comparison_30seeds/analysis_ws3/per_point/sso_1nm_j1e11_f0p875GHz_0K_warm30_record20_40ppc_2000ovf_predictions.npz
SSO,0.875,100000000000.0,32.940947443562976,large,ws3,sso_1nm_j1e11_f0p875GHz_0K_warm30_record20_40ppc_2000ovf,True,none,0.7,0.3,280,120,0.25,400,8192,128,64,2,3,0,mx,N2N,noisy training -> independently noisy testing; readout refitted for each training-noise realization,0.001,0.001,22,191900354,932303271,independent train/test draws; test draw paired with C2N; draws shared across alpha and scaled by sigma,1e-09,2.9960460386415963e-19,2.266079502719856e-05,9.159138187667905,3.294306717995501,0.2207454035103793,0.4893594868359481,protocol_comparison_30seeds/analysis_ws3/per_point/sso_1nm_j1e11_f0p875GHz_0K_warm30_record20_40ppc_2000ovf_predictions.npz
SSO,0.875,100000000000.0,32.940947443562976,large,ws3,sso_1nm_j1e11_f0p875GHz_0K_warm30_record20_40ppc_2000ovf,True,none,0.7,0.3,280,120,0.25,400,8192,128,64,2,3,0,mx,C2N,clean training -> noisy testing; fixed clean-trained readout,0.0,0.0001,23,,2939096516,same test standard-normal draw for C2N/N2N and all alpha; scaled by sigma,0.001,4.109905315634303e-07,5.400271853484374e-07,10.727411096388769,3.306371016622257,0.22796772060574513,0.5000270082539993,protocol_comparison_30seeds/analysis_ws3/per_point/sso_1nm_j1e11_f0p875GHz_0K_warm30_record20_40ppc_2000ovf_predictions.npz
SSO,0.875,100000000000.0,32.940947443562976,large,ws3,sso_1nm_j1e11_f0p875GHz_0K_warm30_record20_40ppc_2000ovf,True,none,0.7,0.3,280,120,0.25,400,8192,128,64,2,3,0,mx,N2N,noisy training -> independently noisy testing; readout refitted for each training-noise realization,0.0001,0.0001,23,3638755903,2939096516,independent train/test draws; test draw paired with C2N; draws shared across alpha and scaled by sigma,0.001,4.811273105793937e-07,6.949184556852609e-07,11.606706982106504,3.3036834828140926,0.22806313158524388,0.5076934067257695,protocol_comparison_30seeds/analysis_ws3/per_point/sso_1nm_j1e11_f0p875GHz_0K_warm30_record20_40ppc_2000ovf_predictions.npz
SSO,0.875,100000000000.0,32.940947443562976,large,ws3,sso_1nm_j1e11_f0p875GHz_0K_warm30_record20_40ppc_2000ovf,True,none,0.7,0.3,280,120,0.25,400,8192,128,64,2,3,0,mx,C2N,clean training -> noisy testing; fixed clean-trained readout,0.0,0.0001,23,,2939096516,same test standard-normal draw for C2N/N2N and all alpha; scaled by sigma,1e-06,2.2499050544679777e-11,1.1892502049143614e-07,79.37086521282974,3.342947729333754,0.23275620320086854,0.4998570488871279,protocol_comparison_30seeds/analysis_ws3/per_point/sso_1nm_j1e11_f0p875GHz_0K_warm30_record20_40ppc_2000ovf_predictions.npz
SSO,0.875,100000000000.0,32.940947443562976,large,ws3,sso_1nm_j1e11_f0p875GHz_0K_warm30_record20_40ppc_2000ovf,True,none,0.7,0.3,280,120,0.25,400,8192,128,64,2,3,0,mx,N2N,noisy training -> independently noisy testing; readout refitted for each training-noise realization,0.0001,0.0001,23,3638755903,2939096516,independent train/test draws; test draw paired with C2N; draws shared across alpha and scaled by sigma,1e-06,1.5369094719205507e-11,1.7629614397045697e-07,65.59989844001687,3.387139269450519,0.2397549947030372,0.5532921111828293,protocol_comparison_30seeds/analysis_ws3/per_point/sso_1nm_j1e11_f0p875GHz_0K_warm30_record20_40ppc_2000ovf_predictions.npz
SSO,0.875,100000000000.0,32.940947443562976,large,ws3,sso_1nm_j1e11_f0p875GHz_0K_warm30_record20_40ppc_2000ovf,True,none,0.7,0.3,280,120,0.25,400,8192,128,64,2,3,0,mx,C2N,clean training -> noisy testing; fixed clean-trained readout,0.0,0.0001,23,,2939096516,same test standard-normal draw for C2N/N2N and all alpha; scaled by sigma,1e-09,8.559941086177582e-12,1.3194575334845764e-07,48956.47193881155,3.473405613572897,0.243954613939458,0.6653317558995688,protocol_comparison_30seeds/analysis_ws3/per_point/sso_1nm_j1e11_f0p875GHz_0K_warm30_record20_40ppc_2000ovf_predictions.npz
SSO,0.875,100000000000.0,32.940947443562976,large,ws3,sso_1nm_j1e11_f0p875GHz_0K_warm30_record20_40ppc_2000ovf,True,none,0.7,0.3,280,120,0.25,400,8192,128,64,2,3,0,mx,N2N,noisy training -> independently noisy testing; readout refitted for each training-noise realization,0.0001,0.0001,23,3638755903,2939096516,independent train/test draws; test draw paired with C2N; draws shared across alpha and scaled by sigma,1e-09,1.5765687993322162e-17,1.762246820051239e-07,66.44077347991586,3.3884163691347093,0.23983394838807778,0.5538057874133149,protocol_comparison_30seeds/analysis_ws3/per_point/sso_1nm_j1e11_f0p875GHz_0K_warm30_record20_40ppc_2000ovf_predictions.npz
SSO,0.875,100000000000.0,32.940947443562976,large,ws3,sso_1nm_j1e11_f0p875GHz_0K_warm30_record20_40ppc_2000ovf,True,none,0.7,0.3,280,120,0.25,400,8192,128,64,2,3,0,mx,C2N,clean training -> noisy testing; fixed clean-trained readout,0.0,0.001,23,,2939096516,same test standard-normal draw for C2N/N2N and all alpha; scaled by sigma,0.001,4.109905315634303e-07,1.2144233240181664e-05,10.727411096388769,3.306371016622257,0.22796772060574513,0.5000270082539993,protocol_comparison_30seeds/analysis_ws3/per_point/sso_1nm_j1e11_f0p875GHz_0K_warm30_record20_40ppc_2000ovf_predictions.npz
SSO,0.875,100000000000.0,32.940947443562976,large,ws3,sso_1nm_j1e11_f0p875GHz_0K_warm30_record20_40ppc_2000ovf,True,none,0.7,0.3,280,120,0.25,400,8192,128,64,2,3,0,mx,N2N,noisy training -> independently noisy testing; readout refitted for each training-noise realization,0.001,0.001,23,3638755903,2939096516,independent train/test draws; test draw paired with C2N; draws shared across alpha and scaled by sigma,0.001,2.483048466788458e-07,2.8696633598963552e-05,8.338186677668094,3.2648247547607743,0.21604826913085648,0.5907607521247815,protocol_comparison_30seeds/analysis_ws3/per_point/sso_1nm_j1e11_f0p875GHz_0K_warm30_record20_40ppc_2000ovf_predictions.npz
SSO,0.875,100000000000.0,32.940947443562976,large,ws3,sso_1nm_j1e11_f0p875GHz_0K_warm30_record20_40ppc_2000ovf,True,none,0.7,0.3,280,120,0.25,400,8192,128,64,2,3,0,mx,C2N,clean training -> noisy testing; fixed clean-trained readout,0.0,0.001,23,,2939096516,same test standard-normal draw for C2N/N2N and all alpha; scaled by sigma,1e-06,2.2499050544679777e-11,1.1884858912576738e-05,79.37086521282974,3.342947729333754,0.23275620320086854,0.4998570488871279,protocol_comparison_30seeds/analysis_ws3/per_point/sso_1nm_j1e11_f0p875GHz_0K_warm30_record20_40ppc_2000ovf_predictions.npz
SSO,0.875,100000000000.0,32.940947443562976,large,ws3,sso_1nm_j1e11_f0p875GHz_0K_warm30_record20_40ppc_2000ovf,True,none,0.7,0.3,280,120,0.25,400,8192,128,64,2,3,0,mx,N2N,noisy training -> independently noisy testing; readout refitted for each training-noise realization,0.001,0.001,23,3638755903,2939096516,independent train/test draws; test draw paired with C2N; draws shared across alpha and scaled by sigma,1e-06,2.943726774440197e-13,2.7318617557257548e-05,9.078785711375643,3.286954025420704,0.21848359156059566,0.5986519398984702,protocol_comparison_30seeds/analysis_ws3/per_point/sso_1nm_j1e11_f0p875GHz_0K_warm30_record20_40ppc_2000ovf_predictions.npz
SSO,0.875,100000000000.0,32.940947443562976,large,ws3,sso_1nm_j1e11_f0p875GHz_0K_warm30_record20_40ppc_2000ovf,True,none,0.7,0.3,280,120,0.25,400,8192,128,64,2,3,0,mx,C2N,clean training -> noisy testing; fixed clean-trained readout,0.0,0.001,23,,2939096516,same test standard-normal draw for C2N/N2N and all alpha; scaled by sigma,1e-09,8.559941086177582e-12,1.3171409707127543e-05,48956.47193881155,3.473405613572897,0.243954613939458,0.6653317558995688,protocol_comparison_30seeds/analysis_ws3/per_point/sso_1nm_j1e11_f0p875GHz_0K_warm30_record20_40ppc_2000ovf_predictions.npz
SSO,0.875,100000000000.0,32.940947443562976,large,ws3,sso_1nm_j1e11_f0p875GHz_0K_warm30_record20_40ppc_2000ovf,True,none,0.7,0.3,280,120,0.25,400,8192,128,64,2,3,0,mx,N2N,noisy training -> independently noisy testing; readout refitted for each training-noise realization,0.001,0.001,23,3638755903,2939096516,independent train/test draws; test draw paired with C2N; draws shared across alpha and scaled by sigma,1e-09,2.9443124029936224e-19,2.731725969938218e-05,9.079623959414674,3.2869790776136165,0.2184861982079484,0.5986605866911452,protocol_comparison_30seeds/analysis_ws3/per_point/sso_1nm_j1e11_f0p875GHz_0K_warm30_record20_40ppc_2000ovf_predictions.npz
SSO,0.875,100000000000.0,32.940947443562976,large,ws3,sso_1nm_j1e11_f0p875GHz_0K_warm30_record20_40ppc_2000ovf,True,none,0.7,0.3,280,120,0.25,400,8192,128,64,2,3,0,mx,C2N,clean training -> noisy testing; fixed clean-trained readout,0.0,0.0001,24,,3667277639,same test standard-normal draw for C2N/N2N and all alpha; scaled by sigma,0.001,4.109905315634303e-07,5.572510976032027e-07,10.727411096388769,3.306371016622257,0.22796772060574513,0.5000270082539993,protocol_comparison_30seeds/analysis_ws3/per_point/sso_1nm_j1e11_f0p875GHz_0K_warm30_record20_40ppc_2000ovf_predictions.npz
SSO,0.875,100000000000.0,32.940947443562976,large,ws3,sso_1nm_j1e11_f0p875GHz_0K_warm30_record20_40ppc_2000ovf,True,none,0.7,0.3,280,120,0.25,400,8192,128,64,2,3,0,mx,N2N,noisy training -> independently noisy testing; readout refitted for each training-noise realization,0.0001,0.0001,24,2886992887,3667277639,independent train/test draws; test draw paired with C2N; draws shared across alpha and scaled by sigma,0.001,4.81516687754977e-07,6.386808038434188e-07,11.611402696379912,3.3049927985493426,0.2259143405462664,0.48894494389244914,protocol_comparison_30seeds/analysis_ws3/per_point/sso_1nm_j1e11_f0p875GHz_0K_warm30_record20_40ppc_2000ovf_predictions.npz
SSO,0.875,100000000000.0,32.940947443562976,large,ws3,sso_1nm_j1e11_f0p875GHz_0K_warm30_record20_40ppc_2000ovf,True,none,0.7,0.3,280,120,0.25,400,8192,128,64,2,3,0,mx,C2N,clean training -> noisy testing; fixed clean-trained readout,0.0,0.0001,24,,3667277639,same test standard-normal draw for C2N/N2N and all alpha; scaled by sigma,1e-06,2.2499050544679777e-11,1.3331588537190086e-07,79.37086521282974,3.342947729333754,0.23275620320086854,0.4998570488871279,protocol_comparison_30seeds/analysis_ws3/per_point/sso_1nm_j1e11_f0p875GHz_0K_warm30_record20_40ppc_2000ovf_predictions.npz
SSO,0.875,100000000000.0,32.940947443562976,large,ws3,sso_1nm_j1e11_f0p875GHz_0K_warm30_record20_40ppc_2000ovf,True,none,0.7,0.3,280,120,0.25,400,8192,128,64,2,3,0,mx,N2N,noisy training -> independently noisy testing; readout refitted for each training-noise realization,0.0001,0.0001,24,2886992887,3667277639,independent train/test draws; test draw paired with C2N; draws shared across alpha and scaled by sigma,1e-06,1.507487685390933e-11,1.4622484337888172e-07,64.96895860858983,3.3878298926987767,0.23365609105976437,0.4643616200697249,protocol_comparison_30seeds/analysis_ws3/per_point/sso_1nm_j1e11_f0p875GHz_0K_warm30_record20_40ppc_2000ovf_predictions.npz
SSO,0.875,100000000000.0,32.940947443562976,large,ws3,sso_1nm_j1e11_f0p875GHz_0K_warm30_record20_40ppc_2000ovf,True,none,0.7,0.3,280,120,0.25,400,8192,128,64,2,3,0,mx,C2N,clean training -> noisy testing; fixed clean-trained readout,0.0,0.0001,24,,3667277639,same test standard-normal draw for C2N/N2N and all alpha; scaled by sigma,1e-09,8.559941086177582e-12,1.4293225473424148e-07,48956.47193881155,3.473405613572897,0.243954613939458,0.6653317558995688,protocol_comparison_30seeds/analysis_ws3/per_point/sso_1nm_j1e11_f0p875GHz_0K_warm30_record20_40ppc_2000ovf_predictions.npz
SSO,0.875,100000000000.0,32.940947443562976,large,ws3,sso_1nm_j1e11_f0p875GHz_0K_warm30_record20_40ppc_2000ovf,True,none,0.7,0.3,280,120,0.25,400,8192,128,64,2,3,0,mx,N2N,noisy training -> independently noisy testing; readout refitted for each training-noise realization,0.0001,0.0001,24,2886992887,3667277639,independent train/test draws; test draw paired with C2N; draws shared across alpha and scaled by sigma,1e-09,1.5459758140929708e-17,1.4617307125878068e-07,65.79390008794232,3.3890822187446576,0.23371914772011915,0.4639301824863089,protocol_comparison_30seeds/analysis_ws3/per_point/sso_1nm_j1e11_f0p875GHz_0K_warm30_record20_40ppc_2000ovf_predictions.npz
SSO,0.875,100000000000.0,32.940947443562976,large,ws3,sso_1nm_j1e11_f0p875GHz_0K_warm30_record20_40ppc_2000ovf,True,none,0.7,0.3,280,120,0.25,400,8192,128,64,2,3,0,mx,C2N,clean training -> noisy testing; fixed clean-trained readout,0.0,0.001,24,,3667277639,same test standard-normal draw for C2N/N2N and all alpha; scaled by sigma,0.001,4.109905315634303e-07,1.3640192313518522e-05,10.727411096388769,3.306371016622257,0.22796772060574513,0.5000270082539993,protocol_comparison_30seeds/analysis_ws3/per_point/sso_1nm_j1e11_f0p875GHz_0K_warm30_record20_40ppc_2000ovf_predictions.npz
SSO,0.875,100000000000.0,32.940947443562976,large,ws3,sso_1nm_j1e11_f0p875GHz_0K_warm30_record20_40ppc_2000ovf,True,none,0.7,0.3,280,120,0.25,400,8192,128,64,2,3,0,mx,N2N,noisy training -> independently noisy testing; readout refitted for each training-noise realization,0.001,0.001,24,2886992887,3667277639,independent train/test draws; test draw paired with C2N; draws shared across alpha and scaled by sigma,0.001,2.565378432678523e-07,2.5346180913155968e-05,8.475293276001315,3.27536281602169,0.2145175045498594,0.4477498451993853,protocol_comparison_30seeds/analysis_ws3/per_point/sso_1nm_j1e11_f0p875GHz_0K_warm30_record20_40ppc_2000ovf_predictions.npz
SSO,0.875,100000000000.0,32.940947443562976,large,ws3,sso_1nm_j1e11_f0p875GHz_0K_warm30_record20_40ppc_2000ovf,True,none,0.7,0.3,280,120,0.25,400,8192,128,64,2,3,0,mx,C2N,clean training -> noisy testing; fixed clean-trained readout,0.0,0.001,24,,3667277639,same test standard-normal draw for C2N/N2N and all alpha; scaled by sigma,1e-06,2.2499050544679777e-11,1.3342433233744706e-05,79.37086521282974,3.342947729333754,0.23275620320086854,0.4998570488871279,protocol_comparison_30seeds/analysis_ws3/per_point/sso_1nm_j1e11_f0p875GHz_0K_warm30_record20_40ppc_2000ovf_predictions.npz
SSO,0.875,100000000000.0,32.940947443562976,large,ws3,sso_1nm_j1e11_f0p875GHz_0K_warm30_record20_40ppc_2000ovf,True,none,0.7,0.3,280,120,0.25,400,8192,128,64,2,3,0,mx,N2N,noisy training -> independently noisy testing; readout refitted for each training-noise realization,0.001,0.001,24,2886992887,3667277639,independent train/test draws; test draw paired with C2N; draws shared across alpha and scaled by sigma,1e-06,3.043206184712168e-13,2.390453129211948e-05,9.230914428382563,3.2981535361597016,0.21607359163702605,0.442225397668754,protocol_comparison_30seeds/analysis_ws3/per_point/sso_1nm_j1e11_f0p875GHz_0K_warm30_record20_40ppc_2000ovf_predictions.npz
SSO,0.875,100000000000.0,32.940947443562976,large,ws3,sso_1nm_j1e11_f0p875GHz_0K_warm30_record20_40ppc_2000ovf,True,none,0.7,0.3,280,120,0.25,400,8192,128,64,2,3,0,mx,C2N,clean training -> noisy testing; fixed clean-trained readout,0.0,0.001,24,,3667277639,same test standard-normal draw for C2N/N2N and all alpha; scaled by sigma,1e-09,8.559941086177582e-12,1.4310087644312472e-05,48956.47193881155,3.473405613572897,0.243954613939458,0.6653317558995688,protocol_comparison_30seeds/analysis_ws3/per_point/sso_1nm_j1e11_f0p875GHz_0K_warm30_record20_40ppc_2000ovf_predictions.npz
SSO,0.875,100000000000.0,32.940947443562976,large,ws3,sso_1nm_j1e11_f0p875GHz_0K_warm30_record20_40ppc_2000ovf,True,none,0.7,0.3,280,120,0.25,400,8192,128,64,2,3,0,mx,N2N,noisy training -> independently noisy testing; readout refitted for each training-noise realization,0.001,0.001,24,2886992887,3667277639,independent train/test draws; test draw paired with C2N; draws shared across alpha and scaled by sigma,1e-09,3.043857768876547e-19,2.3903103750277857e-05,9.231770694946894,3.298179347019197,0.21607521310586794,0.442219283759552,protocol_comparison_30seeds/analysis_ws3/per_point/sso_1nm_j1e11_f0p875GHz_0K_warm30_record20_40ppc_2000ovf_predictions.npz
SSO,0.875,100000000000.0,32.940947443562976,large,ws3,sso_1nm_j1e11_f0p875GHz_0K_warm30_record20_40ppc_2000ovf,True,none,0.7,0.3,280,120,0.25,400,8192,128,64,2,3,0,mx,C2N,clean training -> noisy testing; fixed clean-trained readout,0.0,0.0001,25,,1140419364,same test standard-normal draw for C2N/N2N and all alpha; scaled by sigma,0.001,4.109905315634303e-07,5.260354447144589e-07,10.727411096388769,3.306371016622257,0.22796772060574513,0.5000270082539993,protocol_comparison_30seeds/analysis_ws3/per_point/sso_1nm_j1e11_f0p875GHz_0K_warm30_record20_40ppc_2000ovf_predictions.npz
SSO,0.875,100000000000.0,32.940947443562976,large,ws3,sso_1nm_j1e11_f0p875GHz_0K_warm30_record20_40ppc_2000ovf,True,none,0.7,0.3,280,120,0.25,400,8192,128,64,2,3,0,mx,N2N,noisy training -> independently noisy testing; readout refitted for each training-noise realization,0.0001,0.0001,25,2021469306,1140419364,independent train/test draws; test draw paired with C2N; draws shared across alpha and scaled by sigma,0.001,4.867121678283765e-07,6.590380516494212e-07,11.67387711889282,3.304564987038447,0.22824382549707037,0.505190646202015,protocol_comparison_30seeds/analysis_ws3/per_point/sso_1nm_j1e11_f0p875GHz_0K_warm30_record20_40ppc_2000ovf_predictions.npz
SSO,0.875,100000000000.0,32.940947443562976,large,ws3,sso_1nm_j1e11_f0p875GHz_0K_warm30_record20_40ppc_2000ovf,True,none,0.7,0.3,280,120,0.25,400,8192,128,64,2,3,0,mx,C2N,clean training -> noisy testing; fixed clean-trained readout,0.0,0.0001,25,,1140419364,same test standard-normal draw for C2N/N2N and all alpha; scaled by sigma,1e-06,2.2499050544679777e-11,1.1347028484781057e-07,79.37086521282974,3.342947729333754,0.23275620320086854,0.4998570488871279,protocol_comparison_30seeds/analysis_ws3/per_point/sso_1nm_j1e11_f0p875GHz_0K_warm30_record20_40ppc_2000ovf_predictions.npz
SSO,0.875,100000000000.0,32.940947443562976,large,ws3,sso_1nm_j1e11_f0p875GHz_0K_warm30_record20_40ppc_2000ovf,True,none,0.7,0.3,280,120,0.25,400,8192,128,64,2,3,0,mx,N2N,noisy training -> independently noisy testing; readout refitted for each training-noise realization,0.0001,0.0001,25,2021469306,1140419364,independent train/test draws; test draw paired with C2N; draws shared across alpha and scaled by sigma,1e-06,1.623079549123051e-11,1.6751172669701172e-07,67.41381811987077,3.3904489836002396,0.24047602957053735,0.43253627314585175,protocol_comparison_30seeds/analysis_ws3/per_point/sso_1nm_j1e11_f0p875GHz_0K_warm30_record20_40ppc_2000ovf_predictions.npz
SSO,0.875,100000000000.0,32.940947443562976,large,ws3,sso_1nm_j1e11_f0p875GHz_0K_warm30_record20_40ppc_2000ovf,True,none,0.7,0.3,280,120,0.25,400,8192,128,64,2,3,0,mx,C2N,clean training -> noisy testing; fixed clean-trained readout,0.0,0.0001,25,,1140419364,same test standard-normal draw for C2N/N2N and all alpha; scaled by sigma,1e-09,8.559941086177582e-12,1.229752595403417e-07,48956.47193881155,3.473405613572897,0.243954613939458,0.6653317558995688,protocol_comparison_30seeds/analysis_ws3/per_point/sso_1nm_j1e11_f0p875GHz_0K_warm30_record20_40ppc_2000ovf_predictions.npz
SSO,0.875,100000000000.0,32.940947443562976,large,ws3,sso_1nm_j1e11_f0p875GHz_0K_warm30_record20_40ppc_2000ovf,True,none,0.7,0.3,280,120,0.25,400,8192,128,64,2,3,0,mx,N2N,noisy training -> independently noisy testing; readout refitted for each training-noise realization,0.0001,0.0001,25,2021469306,1140419364,independent train/test draws; test draw paired with C2N; draws shared across alpha and scaled by sigma,1e-09,1.6653507794411833e-17,1.6746948442339814e-07,68.28641486954257,3.391796440389481,0.24063830553254437,0.43156697791903564,protocol_comparison_30seeds/analysis_ws3/per_point/sso_1nm_j1e11_f0p875GHz_0K_warm30_record20_40ppc_2000ovf_predictions.npz
SSO,0.875,100000000000.0,32.940947443562976,large,ws3,sso_1nm_j1e11_f0p875GHz_0K_warm30_record20_40ppc_2000ovf,True,none,0.7,0.3,280,120,0.25,400,8192,128,64,2,3,0,mx,C2N,clean training -> noisy testing; fixed clean-trained readout,0.0,0.001,25,,1140419364,same test standard-normal draw for C2N/N2N and all alpha; scaled by sigma,0.001,4.109905315634303e-07,1.1596067590685013e-05,10.727411096388769,3.306371016622257,0.22796772060574513,0.5000270082539993,protocol_comparison_30seeds/analysis_ws3/per_point/sso_1nm_j1e11_f0p875GHz_0K_warm30_record20_40ppc_2000ovf_predictions.npz
SSO,0.875,100000000000.0,32.940947443562976,large,ws3,sso_1nm_j1e11_f0p875GHz_0K_warm30_record20_40ppc_2000ovf,True,none,0.7,0.3,280,120,0.25,400,8192,128,64,2,3,0,mx,N2N,noisy training -> independently noisy testing; readout refitted for each training-noise realization,0.001,0.001,25,2021469306,1140419364,independent train/test draws; test draw paired with C2N; draws shared across alpha and scaled by sigma,0.001,2.657725521978001e-07,2.7001220746924393e-05,8.626489124470634,3.2715955807417423,0.22242567373687866,0.49181702847265285,protocol_comparison_30seeds/analysis_ws3/per_point/sso_1nm_j1e11_f0p875GHz_0K_warm30_record20_40ppc_2000ovf_predictions.npz
SSO,0.875,100000000000.0,32.940947443562976,large,ws3,sso_1nm_j1e11_f0p875GHz_0K_warm30_record20_40ppc_2000ovf,True,none,0.7,0.3,280,120,0.25,400,8192,128,64,2,3,0,mx,C2N,clean training -> noisy testing; fixed clean-trained readout,0.0,0.001,25,,1140419364,same test standard-normal draw for C2N/N2N and all alpha; scaled by sigma,1e-06,2.2499050544679777e-11,1.1356800189919125e-05,79.37086521282974,3.342947729333754,0.23275620320086854,0.4998570488871279,protocol_comparison_30seeds/analysis_ws3/per_point/sso_1nm_j1e11_f0p875GHz_0K_warm30_record20_40ppc_2000ovf_predictions.npz
SSO,0.875,100000000000.0,32.940947443562976,large,ws3,sso_1nm_j1e11_f0p875GHz_0K_warm30_record20_40ppc_2000ovf,True,none,0.7,0.3,280,120,0.25,400,8192,128,64,2,3,0,mx,N2N,noisy training -> independently noisy testing; readout refitted for each training-noise realization,0.001,0.001,25,2021469306,1140419364,independent train/test draws; test draw paired with C2N; draws shared across alpha and scaled by sigma,1e-06,3.165149929066922e-13,2.5761156206834383e-05,9.414042549118616,3.2952548765494667,0.22519821440711696,0.48614832582630085,protocol_comparison_30seeds/analysis_ws3/per_point/sso_1nm_j1e11_f0p875GHz_0K_warm30_record20_40ppc_2000ovf_predictions.npz
SSO,0.875,100000000000.0,32.940947443562976,large,ws3,sso_1nm_j1e11_f0p875GHz_0K_warm30_record20_40ppc_2000ovf,True,none,0.7,0.3,280,120,0.25,400,8192,128,64,2,3,0,mx,C2N,clean training -> noisy testing; fixed clean-trained readout,0.0,0.001,25,,1140419364,same test standard-normal draw for C2N/N2N and all alpha; scaled by sigma,1e-09,8.559941086177582e-12,1.2298243222370958e-05,48956.47193881155,3.473405613572897,0.243954613939458,0.6653317558995688,protocol_comparison_30seeds/analysis_ws3/per_point/sso_1nm_j1e11_f0p875GHz_0K_warm30_record20_40ppc_2000ovf_predictions.npz
SSO,0.875,100000000000.0,32.940947443562976,large,ws3,sso_1nm_j1e11_f0p875GHz_0K_warm30_record20_40ppc_2000ovf,True,none,0.7,0.3,280,120,0.25,400,8192,128,64,2,3,0,mx,N2N,noisy training -> independently noisy testing; readout refitted for each training-noise realization,0.001,0.001,25,2021469306,1140419364,independent train/test draws; test draw paired with C2N; draws shared across alpha and scaled by sigma,1e-09,3.165641626363262e-19,2.5759941968426425e-05,9.414935816533577,3.2952817453071668,0.22520125548682032,0.48614176513632,protocol_comparison_30seeds/analysis_ws3/per_point/sso_1nm_j1e11_f0p875GHz_0K_warm30_record20_40ppc_2000ovf_predictions.npz
SSO,0.875,100000000000.0,32.940947443562976,large,ws3,sso_1nm_j1e11_f0p875GHz_0K_warm30_record20_40ppc_2000ovf,True,none,0.7,0.3,280,120,0.25,400,8192,128,64,2,3,0,mx,C2N,clean training -> noisy testing; fixed clean-trained readout,0.0,0.0001,26,,915388596,same test standard-normal draw for C2N/N2N and all alpha; scaled by sigma,0.001,4.109905315634303e-07,5.578435626151437e-07,10.727411096388769,3.306371016622257,0.22796772060574513,0.5000270082539993,protocol_comparison_30seeds/analysis_ws3/per_point/sso_1nm_j1e11_f0p875GHz_0K_warm30_record20_40ppc_2000ovf_predictions.npz
SSO,0.875,100000000000.0,32.940947443562976,large,ws3,sso_1nm_j1e11_f0p875GHz_0K_warm30_record20_40ppc_2000ovf,True,none,0.7,0.3,280,120,0.25,400,8192,128,64,2,3,0,mx,N2N,noisy training -> independently noisy testing; readout refitted for each training-noise realization,0.0001,0.0001,26,3417805104,915388596,independent train/test draws; test draw paired with C2N; draws shared across alpha and scaled by sigma,0.001,4.749759142747849e-07,6.672545495251101e-07,11.532270201222525,3.305091888491359,0.22836992922550695,0.4975156373605927,protocol_comparison_30seeds/analysis_ws3/per_point/sso_1nm_j1e11_f0p875GHz_0K_warm30_record20_40ppc_2000ovf_predictions.npz
SSO,0.875,100000000000.0,32.940947443562976,large,ws3,sso_1nm_j1e11_f0p875GHz_0K_warm30_record20_40ppc_2000ovf,True,none,0.7,0.3,280,120,0.25,400,8192,128,64,2,3,0,mx,C2N,clean training -> noisy testing; fixed clean-trained readout,0.0,0.0001,26,,915388596,same test standard-normal draw for C2N/N2N and all alpha; scaled by sigma,1e-06,2.2499050544679777e-11,1.1629625147369076e-07,79.37086521282974,3.342947729333754,0.23275620320086854,0.4998570488871279,protocol_comparison_30seeds/analysis_ws3/per_point/sso_1nm_j1e11_f0p875GHz_0K_warm30_record20_40ppc_2000ovf_predictions.npz
SSO,0.875,100000000000.0,32.940947443562976,large,ws3,sso_1nm_j1e11_f0p875GHz_0K_warm30_record20_40ppc_2000ovf,True,none,0.7,0.3,280,120,0.25,400,8192,128,64,2,3,0,mx,N2N,noisy training -> independently noisy testing; readout refitted for each training-noise realization,0.0001,0.0001,26,3417805104,915388596,independent train/test draws; test draw paired with C2N; draws shared across alpha and scaled by sigma,1e-06,1.2965401902883978e-11,1.638987375473219e-07,60.25207466178032,3.3817454855075266,0.23570425357756308,0.4962303614610257,protocol_comparison_30seeds/analysis_ws3/per_point/sso_1nm_j1e11_f0p875GHz_0K_warm30_record20_40ppc_2000ovf_predictions.npz
SSO,0.875,100000000000.0,32.940947443562976,large,ws3,sso_1nm_j1e11_f0p875GHz_0K_warm30_record20_40ppc_2000ovf,True,none,0.7,0.3,280,120,0.25,400,8192,128,64,2,3,0,mx,C2N,clean training -> noisy testing; fixed clean-trained readout,0.0,0.0001,26,,915388596,same test standard-normal draw for C2N/N2N and all alpha; scaled by sigma,1e-09,8.559941086177582e-12,1.2605508856134493e-07,48956.47193881155,3.473405613572897,0.243954613939458,0.6653317558995688,protocol_comparison_30seeds/analysis_ws3/per_point/sso_1nm_j1e11_f0p875GHz_0K_warm30_record20_40ppc_2000ovf_predictions.npz
SSO,0.875,100000000000.0,32.940947443562976,large,ws3,sso_1nm_j1e11_f0p875GHz_0K_warm30_record20_40ppc_2000ovf,True,none,0.7,0.3,280,120,0.25,400,8192,128,64,2,3,0,mx,N2N,noisy training -> independently noisy testing; readout refitted for each training-noise realization,0.0001,0.0001,26,3417805104,915388596,independent train/test draws; test draw paired with C2N; draws shared across alpha and scaled by sigma,1e-09,1.3293767377485992e-17,1.638647706864868e-07,61.010487742594,3.38282447553345,0.23573143029845306,0.4962082091913089,protocol_comparison_30seeds/analysis_ws3/per_point/sso_1nm_j1e11_f0p875GHz_0K_warm30_record20_40ppc_2000ovf_predictions.npz
SSO,0.875,100000000000.0,32.940947443562976,large,ws3,sso_1nm_j1e11_f0p875GHz_0K_warm30_record20_40ppc_2000ovf,True,none,0.7,0.3,280,120,0.25,400,8192,128,64,2,3,0,mx,C2N,clean training -> noisy testing; fixed clean-trained readout,0.0,0.001,26,,915388596,same test standard-normal draw for C2N/N2N and all alpha; scaled by sigma,0.001,4.109905315634303e-07,1.2138085464860977e-05,10.727411096388769,3.306371016622257,0.22796772060574513,0.5000270082539993,protocol_comparison_30seeds/analysis_ws3/per_point/sso_1nm_j1e11_f0p875GHz_0K_warm30_record20_40ppc_2000ovf_predictions.npz
SSO,0.875,100000000000.0,32.940947443562976,large,ws3,sso_1nm_j1e11_f0p875GHz_0K_warm30_record20_40ppc_2000ovf,True,none,0.7,0.3,280,120,0.25,400,8192,128,64,2,3,0,mx,N2N,noisy training -> independently noisy testing; readout refitted for each training-noise realization,0.001,0.001,26,3417805104,915388596,independent train/test draws; test draw paired with C2N; draws shared across alpha and scaled by sigma,0.001,2.4919045407734155e-07,2.841588271765378e-05,8.353042986975488,3.266189154397636,0.21121379649929478,0.4867649276049031,protocol_comparison_30seeds/analysis_ws3/per_point/sso_1nm_j1e11_f0p875GHz_0K_warm30_record20_40ppc_2000ovf_predictions.npz
SSO,0.875,100000000000.0,32.940947443562976,large,ws3,sso_1nm_j1e11_f0p875GHz_0K_warm30_record20_40ppc_2000ovf,True,none,0.7,0.3,280,120,0.25,400,8192,128,64,2,3,0,mx,C2N,clean training -> noisy testing; fixed clean-trained readout,0.0,0.001,26,,915388596,same test standard-normal draw for C2N/N2N and all alpha; scaled by sigma,1e-06,2.2499050544679777e-11,1.1607896935626688e-05,79.37086521282974,3.342947729333754,0.23275620320086854,0.4998570488871279,protocol_comparison_30seeds/analysis_ws3/per_point/sso_1nm_j1e11_f0p875GHz_0K_warm30_record20_40ppc_2000ovf_predictions.npz
SSO,0.875,100000000000.0,32.940947443562976,large,ws3,sso_1nm_j1e11_f0p875GHz_0K_warm30_record20_40ppc_2000ovf,True,none,0.7,0.3,280,120,0.25,400,8192,128,64,2,3,0,mx,N2N,noisy training -> independently noisy testing; readout refitted for each training-noise realization,0.001,0.001,26,3417805104,915388596,independent train/test draws; test draw paired with C2N; draws shared across alpha and scaled by sigma,1e-06,2.9424190650154177e-13,2.6803853923398552e-05,9.07676896118415,3.288365128390823,0.21302725491808963,0.48507305409063606,protocol_comparison_30seeds/analysis_ws3/per_point/sso_1nm_j1e11_f0p875GHz_0K_warm30_record20_40ppc_2000ovf_predictions.npz
SSO,0.875,100000000000.0,32.940947443562976,large,ws3,sso_1nm_j1e11_f0p875GHz_0K_warm30_record20_40ppc_2000ovf,True,none,0.7,0.3,280,120,0.25,400,8192,128,64,2,3,0,mx,C2N,clean training -> noisy testing; fixed clean-trained readout,0.0,0.001,26,,915388596,same test standard-normal draw for C2N/N2N and all alpha; scaled by sigma,1e-09,8.559941086177582e-12,1.2591830352968205e-05,48956.47193881155,3.473405613572897,0.243954613939458,0.6653317558995688,protocol_comparison_30seeds/analysis_ws3/per_point/sso_1nm_j1e11_f0p875GHz_0K_warm30_record20_40ppc_2000ovf_predictions.npz
SSO,0.875,100000000000.0,32.940947443562976,large,ws3,sso_1nm_j1e11_f0p875GHz_0K_warm30_record20_40ppc_2000ovf,True,none,0.7,0.3,280,120,0.25,400,8192,128,64,2,3,0,mx,N2N,noisy training -> independently noisy testing; readout refitted for each training-noise realization,0.001,0.001,26,3417805104,915388596,independent train/test draws; test draw paired with C2N; draws shared across alpha and scaled by sigma,1e-09,2.942780063653254e-19,2.6802259527895477e-05,9.077586587524436,3.288390158681383,0.21302915616376192,0.4850711727112522,protocol_comparison_30seeds/analysis_ws3/per_point/sso_1nm_j1e11_f0p875GHz_0K_warm30_record20_40ppc_2000ovf_predictions.npz
SSO,0.875,100000000000.0,32.940947443562976,large,ws3,sso_1nm_j1e11_f0p875GHz_0K_warm30_record20_40ppc_2000ovf,True,none,0.7,0.3,280,120,0.25,400,8192,128,64,2,3,0,mx,C2N,clean training -> noisy testing; fixed clean-trained readout,0.0,0.0001,27,,2956264599,same test standard-normal draw for C2N/N2N and all alpha; scaled by sigma,0.001,4.109905315634303e-07,5.628346503806843e-07,10.727411096388769,3.306371016622257,0.22796772060574513,0.5000270082539993,protocol_comparison_30seeds/analysis_ws3/per_point/sso_1nm_j1e11_f0p875GHz_0K_warm30_record20_40ppc_2000ovf_predictions.npz
SSO,0.875,100000000000.0,32.940947443562976,large,ws3,sso_1nm_j1e11_f0p875GHz_0K_warm30_record20_40ppc_2000ovf,True,none,0.7,0.3,280,120,0.25,400,8192,128,64,2,3,0,mx,N2N,noisy training -> independently noisy testing; readout refitted for each training-noise realization,0.0001,0.0001,27,407492533,2956264599,independent train/test draws; test draw paired with C2N; draws shared across alpha and scaled by sigma,0.001,5.012499342241948e-07,6.300238102381093e-07,11.846939755914848,3.305862108851717,0.22535675807663116,0.489647851418606,protocol_comparison_30seeds/analysis_ws3/per_point/sso_1nm_j1e11_f0p875GHz_0K_warm30_record20_40ppc_2000ovf_predictions.npz
SSO,0.875,100000000000.0,32.940947443562976,large,ws3,sso_1nm_j1e11_f0p875GHz_0K_warm30_record20_40ppc_2000ovf,True,none,0.7,0.3,280,120,0.25,400,8192,128,64,2,3,0,mx,C2N,clean training -> noisy testing; fixed clean-trained readout,0.0,0.0001,27,,2956264599,same test standard-normal draw for C2N/N2N and all alpha; scaled by sigma,1e-06,2.2499050544679777e-11,1.1114354726888472e-07,79.37086521282974,3.342947729333754,0.23275620320086854,0.4998570488871279,protocol_comparison_30seeds/analysis_ws3/per_point/sso_1nm_j1e11_f0p875GHz_0K_warm30_record20_40ppc_2000ovf_predictions.npz
SSO,0.875,100000000000.0,32.940947443562976,large,ws3,sso_1nm_j1e11_f0p875GHz_0K_warm30_record20_40ppc_2000ovf,True,none,0.7,0.3,280,120,0.25,400,8192,128,64,2,3,0,mx,N2N,noisy training -> independently noisy testing; readout refitted for each training-noise realization,0.0001,0.0001,27,407492533,2956264599,independent train/test draws; test draw paired with C2N; draws shared across alpha and scaled by sigma,1e-06,1.8149661996865314e-11,1.390012660806416e-07,71.28748522350979,3.3986457126498277,0.23600978013815244,0.4551825495634425,protocol_comparison_30seeds/analysis_ws3/per_point/sso_1nm_j1e11_f0p875GHz_0K_warm30_record20_40ppc_2000ovf_predictions.npz
SSO,0.875,100000000000.0,32.940947443562976,large,ws3,sso_1nm_j1e11_f0p875GHz_0K_warm30_record20_40ppc_2000ovf,True,none,0.7,0.3,280,120,0.25,400,8192,128,64,2,3,0,mx,C2N,clean training -> noisy testing; fixed clean-trained readout,0.0,0.0001,27,,2956264599,same test standard-normal draw for C2N/N2N and all alpha; scaled by sigma,1e-09,8.559941086177582e-12,1.1388166413271357e-07,48956.47193881155,3.473405613572897,0.243954613939458,0.6653317558995688,protocol_comparison_30seeds/analysis_ws3/per_point/sso_1nm_j1e11_f0p875GHz_0K_warm30_record20_40ppc_2000ovf_predictions.npz
SSO,0.875,100000000000.0,32.940947443562976,large,ws3,sso_1nm_j1e11_f0p875GHz_0K_warm30_record20_40ppc_2000ovf,True,none,0.7,0.3,280,120,0.25,400,8192,128,64,2,3,0,mx,N2N,noisy training -> independently noisy testing; readout refitted for each training-noise realization,0.0001,0.0001,27,407492533,2956264599,independent train/test draws; test draw paired with C2N; draws shared across alpha and scaled by sigma,1e-09,1.861898615990186e-17,1.3910178771336196e-07,72.20335731532715,3.4001487315848142,0.23613598955531764,0.454828047368659,protocol_comparison_30seeds/analysis_ws3/per_point/sso_1nm_j1e11_f0p875GHz_0K_warm30_record20_40ppc_2000ovf_predictions.npz
SSO,0.875,100000000000.0,32.940947443562976,large,ws3,sso_1nm_j1e11_f0p875GHz_0K_warm30_record20_40ppc_2000ovf,True,none,0.7,0.3,280,120,0.25,400,8192,128,64,2,3,0,mx,C2N,clean training -> noisy testing; fixed clean-trained readout,0.0,0.001,27,,2956264599,same test standard-normal draw for C2N/N2N and all alpha; scaled by sigma,0.001,4.109905315634303e-07,1.1750484138957966e-05,10.727411096388769,3.306371016622257,0.22796772060574513,0.5000270082539993,protocol_comparison_30seeds/analysis_ws3/per_point/sso_1nm_j1e11_f0p875GHz_0K_warm30_record20_40ppc_2000ovf_predictions.npz
SSO,0.875,100000000000.0,32.940947443562976,large,ws3,sso_1nm_j1e11_f0p875GHz_0K_warm30_record20_40ppc_2000ovf,True,none,0.7,0.3,280,120,0.25,400,8192,128,64,2,3,0,mx,N2N,noisy training -> independently noisy testing; readout refitted for each training-noise realization,0.001,0.001,27,407492533,2956264599,independent train/test draws; test draw paired with C2N; draws shared across alpha and scaled by sigma,0.001,2.850316365448108e-07,2.68817300629147e-05,8.933580370303387,3.282158130319752,0.2200371317589772,0.4280701726633547,protocol_comparison_30seeds/analysis_ws3/per_point/sso_1nm_j1e11_f0p875GHz_0K_warm30_record20_40ppc_2000ovf_predictions.npz
SSO,0.875,100000000000.0,32.940947443562976,large,ws3,sso_1nm_j1e11_f0p875GHz_0K_warm30_record20_40ppc_2000ovf,True,none,0.7,0.3,280,120,0.25,400,8192,128,64,2,3,0,mx,C2N,clean training -> noisy testing; fixed clean-trained readout,0.0,0.001,27,,2956264599,same test standard-normal draw for C2N/N2N and all alpha; scaled by sigma,1e-06,2.2499050544679777e-11,1.1100898619096652e-05,79.37086521282974,3.342947729333754,0.23275620320086854,0.4998570488871279,protocol_comparison_30seeds/analysis_ws3/per_point/sso_1nm_j1e11_f0p875GHz_0K_warm30_record20_40ppc_2000ovf_predictions.npz
SSO,0.875,100000000000.0,32.940947443562976,large,ws3,sso_1nm_j1e11_f0p875GHz_0K_warm30_record20_40ppc_2000ovf,True,none,0.7,0.3,280,120,0.25,400,8192,128,64,2,3,0,mx,N2N,noisy training -> independently noisy testing; readout refitted for each training-noise realization,0.001,0.001,27,407492533,2956264599,independent train/test draws; test draw paired with C2N; draws shared across alpha and scaled by sigma,1e-06,3.39509411097969e-13,2.537568707491334e-05,9.750006858417196,3.3074454932234345,0.22314399140475308,0.42383439059918104,protocol_comparison_30seeds/analysis_ws3/per_point/sso_1nm_j1e11_f0p875GHz_0K_warm30_record20_40ppc_2000ovf_predictions.npz
SSO,0.875,100000000000.0,32.940947443562976,large,ws3,sso_1nm_j1e11_f0p875GHz_0K_warm30_record20_40ppc_2000ovf,True,none,0.7,0.3,280,120,0.25,400,8192,128,64,2,3,0,mx,C2N,clean training -> noisy testing; fixed clean-trained readout,0.0,0.001,27,,2956264599,same test standard-normal draw for C2N/N2N and all alpha; scaled by sigma,1e-09,8.559941086177582e-12,1.140365412000058e-05,48956.47193881155,3.473405613572897,0.243954613939458,0.6653317558995688,protocol_comparison_30seeds/analysis_ws3/per_point/sso_1nm_j1e11_f0p875GHz_0K_warm30_record20_40ppc_2000ovf_predictions.npz
SSO,0.875,100000000000.0,32.940947443562976,large,ws3,sso_1nm_j1e11_f0p875GHz_0K_warm30_record20_40ppc_2000ovf,True,none,0.7,0.3,280,120,0.25,400,8192,128,64,2,3,0,mx,N2N,noisy training -> independently noisy testing; readout refitted for each training-noise realization,0.001,0.001,27,407492533,2956264599,independent train/test draws; test draw paired with C2N; draws shared across alpha and scaled by sigma,1e-09,3.395513166255671e-19,2.537421695810265e-05,9.750932746072921,3.307474207728522,0.22314742231555754,0.4238299242104153,protocol_comparison_30seeds/analysis_ws3/per_point/sso_1nm_j1e11_f0p875GHz_0K_warm30_record20_40ppc_2000ovf_predictions.npz
SSO,0.875,100000000000.0,32.940947443562976,large,ws3,sso_1nm_j1e11_f0p875GHz_0K_warm30_record20_40ppc_2000ovf,True,none,0.7,0.3,280,120,0.25,400,8192,128,64,2,3,0,mx,C2N,clean training -> noisy testing; fixed clean-trained readout,0.0,0.0001,28,,3718277574,same test standard-normal draw for C2N/N2N and all alpha; scaled by sigma,0.001,4.109905315634303e-07,5.453429472297741e-07,10.727411096388769,3.306371016622257,0.22796772060574513,0.5000270082539993,protocol_comparison_30seeds/analysis_ws3/per_point/sso_1nm_j1e11_f0p875GHz_0K_warm30_record20_40ppc_2000ovf_predictions.npz
SSO,0.875,100000000000.0,32.940947443562976,large,ws3,sso_1nm_j1e11_f0p875GHz_0K_warm30_record20_40ppc_2000ovf,True,none,0.7,0.3,280,120,0.25,400,8192,128,64,2,3,0,mx,N2N,noisy training -> independently noisy testing; readout refitted for each training-noise realization,0.0001,0.0001,28,832146656,3718277574,independent train/test draws; test draw paired with C2N; draws shared across alpha and scaled by sigma,0.001,4.793948314554809e-07,6.18206154977682e-07,11.58579098767942,3.305862403874203,0.2270373147552297,0.5173940763566081,protocol_comparison_30seeds/analysis_ws3/per_point/sso_1nm_j1e11_f0p875GHz_0K_warm30_record20_40ppc_2000ovf_predictions.npz
SSO,0.875,100000000000.0,32.940947443562976,large,ws3,sso_1nm_j1e11_f0p875GHz_0K_warm30_record20_40ppc_2000ovf,True,none,0.7,0.3,280,120,0.25,400,8192,128,64,2,3,0,mx,C2N,clean training -> noisy testing; fixed clean-trained readout,0.0,0.0001,28,,3718277574,same test standard-normal draw for C2N/N2N and all alpha; scaled by sigma,1e-06,2.2499050544679777e-11,1.052534463366304e-07,79.37086521282974,3.342947729333754,0.23275620320086854,0.4998570488871279,protocol_comparison_30seeds/analysis_ws3/per_point/sso_1nm_j1e11_f0p875GHz_0K_warm30_record20_40ppc_2000ovf_predictions.npz
SSO,0.875,100000000000.0,32.940947443562976,large,ws3,sso_1nm_j1e11_f0p875GHz_0K_warm30_record20_40ppc_2000ovf,True,none,0.7,0.3,280,120,0.25,400,8192,128,64,2,3,0,mx,N2N,noisy training -> independently noisy testing; readout refitted for each training-noise realization,0.0001,0.0001,28,832146656,3718277574,independent train/test draws; test draw paired with C2N; draws shared across alpha and scaled by sigma,1e-06,1.4367025337559111e-11,1.3162242066959376e-07,63.425288510476506,3.385959765905308,0.24099611368122728,0.5875043896145118,protocol_comparison_30seeds/analysis_ws3/per_point/sso_1nm_j1e11_f0p875GHz_0K_warm30_record20_40ppc_2000ovf_predictions.npz
SSO,0.875,100000000000.0,32.940947443562976,large,ws3,sso_1nm_j1e11_f0p875GHz_0K_warm30_record20_40ppc_2000ovf,True,none,0.7,0.3,280,120,0.25,400,8192,128,64,2,3,0,mx,C2N,clean training -> noisy testing; fixed clean-trained readout,0.0,0.0001,28,,3718277574,same test standard-normal draw for C2N/N2N and all alpha; scaled by sigma,1e-09,8.559941086177582e-12,1.0442243757663232e-07,48956.47193881155,3.473405613572897,0.243954613939458,0.6653317558995688,protocol_comparison_30seeds/analysis_ws3/per_point/sso_1nm_j1e11_f0p875GHz_0K_warm30_record20_40ppc_2000ovf_predictions.npz
SSO,0.875,100000000000.0,32.940947443562976,large,ws3,sso_1nm_j1e11_f0p875GHz_0K_warm30_record20_40ppc_2000ovf,True,none,0.7,0.3,280,120,0.25,400,8192,128,64,2,3,0,mx,N2N,noisy training -> independently noisy testing; readout refitted for each training-noise realization,0.0001,0.0001,28,832146656,3718277574,independent train/test draws; test draw paired with C2N; draws shared across alpha and scaled by sigma,1e-09,1.474141108945638e-17,1.316762085781056e-07,64.24769082955993,3.3871541163000214,0.24113469919718356,0.5884533834213734,protocol_comparison_30seeds/analysis_ws3/per_point/sso_1nm_j1e11_f0p875GHz_0K_warm30_record20_40ppc_2000ovf_predictions.npz
SSO,0.875,100000000000.0,32.940947443562976,large,ws3,sso_1nm_j1e11_f0p875GHz_0K_warm30_record20_40ppc_2000ovf,True,none,0.7,0.3,280,120,0.25,400,8192,128,64,2,3,0,mx,C2N,clean training -> noisy testing; fixed clean-trained readout,0.0,0.001,28,,3718277574,same test standard-normal draw for C2N/N2N and all alpha; scaled by sigma,0.001,4.109905315634303e-07,1.106614421898627e-05,10.727411096388769,3.306371016622257,0.22796772060574513,0.5000270082539993,protocol_comparison_30seeds/analysis_ws3/per_point/sso_1nm_j1e11_f0p875GHz_0K_warm30_record20_40ppc_2000ovf_predictions.npz
SSO,0.875,100000000000.0,32.940947443562976,large,ws3,sso_1nm_j1e11_f0p875GHz_0K_warm30_record20_40ppc_2000ovf,True,none,0.7,0.3,280,120,0.25,400,8192,128,64,2,3,0,mx,N2N,noisy training -> independently noisy testing; readout refitted for each training-noise realization,0.001,0.001,28,832146656,3718277574,independent train/test draws; test draw paired with C2N; draws shared across alpha and scaled by sigma,0.001,2.6088819028136767e-07,2.596838780098379e-05,8.546852828946713,3.2758595416285146,0.2147421640401318,0.6440536133978036,protocol_comparison_30seeds/analysis_ws3/per_point/sso_1nm_j1e11_f0p875GHz_0K_warm30_record20_40ppc_2000ovf_predictions.npz
SSO,0.875,100000000000.0,32.940947443562976,large,ws3,sso_1nm_j1e11_f0p875GHz_0K_warm30_record20_40ppc_2000ovf,True,none,0.7,0.3,280,120,0.25,400,8192,128,64,2,3,0,mx,C2N,clean training -> noisy testing; fixed clean-trained readout,0.0,0.001,28,,3718277574,same test standard-normal draw for C2N/N2N and all alpha; scaled by sigma,1e-06,2.2499050544679777e-11,1.0545547398041281e-05,79.37086521282974,3.342947729333754,0.23275620320086854,0.4998570488871279,protocol_comparison_30seeds/analysis_ws3/per_point/sso_1nm_j1e11_f0p875GHz_0K_warm30_record20_40ppc_2000ovf_predictions.npz
SSO,0.875,100000000000.0,32.940947443562976,large,ws3,sso_1nm_j1e11_f0p875GHz_0K_warm30_record20_40ppc_2000ovf,True,none,0.7,0.3,280,120,0.25,400,8192,128,64,2,3,0,mx,N2N,noisy training -> independently noisy testing; readout refitted for each training-noise realization,0.001,0.001,28,832146656,3718277574,independent train/test draws; test draw paired with C2N; draws shared across alpha and scaled by sigma,1e-06,3.0964001599580546e-13,2.4276225170297483e-05,9.311240777795247,3.2990345571295943,0.21703259593035115,0.6559600852544152,protocol_comparison_30seeds/analysis_ws3/per_point/sso_1nm_j1e11_f0p875GHz_0K_warm30_record20_40ppc_2000ovf_predictions.npz
SSO,0.875,100000000000.0,32.940947443562976,large,ws3,sso_1nm_j1e11_f0p875GHz_0K_warm30_record20_40ppc_2000ovf,True,none,0.7,0.3,280,120,0.25,400,8192,128,64,2,3,0,mx,C2N,clean training -> noisy testing; fixed clean-trained readout,0.0,0.001,28,,3718277574,same test standard-normal draw for C2N/N2N and all alpha; scaled by sigma,1e-09,8.559941086177582e-12,1.0472085062985817e-05,48956.47193881155,3.473405613572897,0.243954613939458,0.6653317558995688,protocol_comparison_30seeds/analysis_ws3/per_point/sso_1nm_j1e11_f0p875GHz_0K_warm30_record20_40ppc_2000ovf_predictions.npz
SSO,0.875,100000000000.0,32.940947443562976,large,ws3,sso_1nm_j1e11_f0p875GHz_0K_warm30_record20_40ppc_2000ovf,True,none,0.7,0.3,280,120,0.25,400,8192,128,64,2,3,0,mx,N2N,noisy training -> independently noisy testing; readout refitted for each training-noise realization,0.001,0.001,28,832146656,3718277574,independent train/test draws; test draw paired with C2N; draws shared across alpha and scaled by sigma,1e-09,3.0968409374647722e-19,2.427456079427077e-05,9.3121082282371,3.2990608121406497,0.2170350843713101,0.6559735114649621,protocol_comparison_30seeds/analysis_ws3/per_point/sso_1nm_j1e11_f0p875GHz_0K_warm30_record20_40ppc_2000ovf_predictions.npz
SSO,0.875,100000000000.0,32.940947443562976,large,ws3,sso_1nm_j1e11_f0p875GHz_0K_warm30_record20_40ppc_2000ovf,True,none,0.7,0.3,280,120,0.25,400,8192,128,64,2,3,0,mx,C2N,clean training -> noisy testing; fixed clean-trained readout,0.0,0.0001,29,,1224947109,same test standard-normal draw for C2N/N2N and all alpha; scaled by sigma,0.001,4.109905315634303e-07,4.73991380525448e-07,10.727411096388769,3.306371016622257,0.22796772060574513,0.5000270082539993,protocol_comparison_30seeds/analysis_ws3/per_point/sso_1nm_j1e11_f0p875GHz_0K_warm30_record20_40ppc_2000ovf_predictions.npz
SSO,0.875,100000000000.0,32.940947443562976,large,ws3,sso_1nm_j1e11_f0p875GHz_0K_warm30_record20_40ppc_2000ovf,True,none,0.7,0.3,280,120,0.25,400,8192,128,64,2,3,0,mx,N2N,noisy training -> independently noisy testing; readout refitted for each training-noise realization,0.0001,0.0001,29,4012368997,1224947109,independent train/test draws; test draw paired with C2N; draws shared across alpha and scaled by sigma,0.001,4.7324056647034237e-07,5.508032629825008e-07,11.511184066605107,3.3051508723991923,0.22727871088063806,0.4973248351826711,protocol_comparison_30seeds/analysis_ws3/per_point/sso_1nm_j1e11_f0p875GHz_0K_warm30_record20_40ppc_2000ovf_predictions.npz
SSO,0.875,100000000000.0,32.940947443562976,large,ws3,sso_1nm_j1e11_f0p875GHz_0K_warm30_record20_40ppc_2000ovf,True,none,0.7,0.3,280,120,0.25,400,8192,128,64,2,3,0,mx,C2N,clean training -> noisy testing; fixed clean-trained readout,0.0,0.0001,29,,1224947109,same test standard-normal draw for C2N/N2N and all alpha; scaled by sigma,1e-06,2.2499050544679777e-11,1.0396275773884318e-07,79.37086521282974,3.342947729333754,0.23275620320086854,0.4998570488871279,protocol_comparison_30seeds/analysis_ws3/per_point/sso_1nm_j1e11_f0p875GHz_0K_warm30_record20_40ppc_2000ovf_predictions.npz
SSO,0.875,100000000000.0,32.940947443562976,large,ws3,sso_1nm_j1e11_f0p875GHz_0K_warm30_record20_40ppc_2000ovf,True,none,0.7,0.3,280,120,0.25,400,8192,128,64,2,3,0,mx,N2N,noisy training -> independently noisy testing; readout refitted for each training-noise realization,0.0001,0.0001,29,4012368997,1224947109,independent train/test draws; test draw paired with C2N; draws shared across alpha and scaled by sigma,1e-06,1.3235182503616424e-11,1.1583842613487653e-07,60.87570207443817,3.381703622080154,0.23662816294942327,0.46424750267044756,protocol_comparison_30seeds/analysis_ws3/per_point/sso_1nm_j1e11_f0p875GHz_0K_warm30_record20_40ppc_2000ovf_predictions.npz
SSO,0.875,100000000000.0,32.940947443562976,large,ws3,sso_1nm_j1e11_f0p875GHz_0K_warm30_record20_40ppc_2000ovf,True,none,0.7,0.3,280,120,0.25,400,8192,128,64,2,3,0,mx,C2N,clean training -> noisy testing; fixed clean-trained readout,0.0,0.0001,29,,1224947109,same test standard-normal draw for C2N/N2N and all alpha; scaled by sigma,1e-09,8.559941086177582e-12,1.1271537866344052e-07,48956.47193881155,3.473405613572897,0.243954613939458,0.6653317558995688,protocol_comparison_30seeds/analysis_ws3/per_point/sso_1nm_j1e11_f0p875GHz_0K_warm30_record20_40ppc_2000ovf_predictions.npz
SSO,0.875,100000000000.0,32.940947443562976,large,ws3,sso_1nm_j1e11_f0p875GHz_0K_warm30_record20_40ppc_2000ovf,True,none,0.7,0.3,280,120,0.25,400,8192,128,64,2,3,0,mx,N2N,noisy training -> independently noisy testing; readout refitted for each training-noise realization,0.0001,0.0001,29,4012368997,1224947109,independent train/test draws; test draw paired with C2N; draws shared across alpha and scaled by sigma,1e-09,1.357793384065463e-17,1.1582888347612673e-07,61.660446517963344,3.3828052391341314,0.23669308127358285,0.4637522042570641,protocol_comparison_30seeds/analysis_ws3/per_point/sso_1nm_j1e11_f0p875GHz_0K_warm30_record20_40ppc_2000ovf_predictions.npz
SSO,0.875,100000000000.0,32.940947443562976,large,ws3,sso_1nm_j1e11_f0p875GHz_0K_warm30_record20_40ppc_2000ovf,True,none,0.7,0.3,280,120,0.25,400,8192,128,64,2,3,0,mx,C2N,clean training -> noisy testing; fixed clean-trained readout,0.0,0.001,29,,1224947109,same test standard-normal draw for C2N/N2N and all alpha; scaled by sigma,0.001,4.109905315634303e-07,1.0230633799101774e-05,10.727411096388769,3.306371016622257,0.22796772060574513,0.5000270082539993,protocol_comparison_30seeds/analysis_ws3/per_point/sso_1nm_j1e11_f0p875GHz_0K_warm30_record20_40ppc_2000ovf_predictions.npz
SSO,0.875,100000000000.0,32.940947443562976,large,ws3,sso_1nm_j1e11_f0p875GHz_0K_warm30_record20_40ppc_2000ovf,True,none,0.7,0.3,280,120,0.25,400,8192,128,64,2,3,0,mx,N2N,noisy training -> independently noisy testing; readout refitted for each training-noise realization,0.001,0.001,29,4012368997,1224947109,independent train/test draws; test draw paired with C2N; draws shared across alpha and scaled by sigma,0.001,2.509870964102049e-07,1.9946299943037833e-05,8.383101275256282,3.2662931927303034,0.21501473659355944,0.5017994319852004,protocol_comparison_30seeds/analysis_ws3/per_point/sso_1nm_j1e11_f0p875GHz_0K_warm30_record20_40ppc_2000ovf_predictions.npz
SSO,0.875,100000000000.0,32.940947443562976,large,ws3,sso_1nm_j1e11_f0p875GHz_0K_warm30_record20_40ppc_2000ovf,True,none,0.7,0.3,280,120,0.25,400,8192,128,64,2,3,0,mx,C2N,clean training -> noisy testing; fixed clean-trained readout,0.0,0.001,29,,1224947109,same test standard-normal draw for C2N/N2N and all alpha; scaled by sigma,1e-06,2.2499050544679777e-11,1.0435178918348286e-05,79.37086521282974,3.342947729333754,0.23275620320086854,0.4998570488871279,protocol_comparison_30seeds/analysis_ws3/per_point/sso_1nm_j1e11_f0p875GHz_0K_warm30_record20_40ppc_2000ovf_predictions.npz
SSO,0.875,100000000000.0,32.940947443562976,large,ws3,sso_1nm_j1e11_f0p875GHz_0K_warm30_record20_40ppc_2000ovf,True,none,0.7,0.3,280,120,0.25,400,8192,128,64,2,3,0,mx,N2N,noisy training -> independently noisy testing; readout refitted for each training-noise realization,0.001,0.001,29,4012368997,1224947109,independent train/test draws; test draw paired with C2N; draws shared across alpha and scaled by sigma,1e-06,2.9650440538995266e-13,1.856546293800102e-05,9.111599141256724,3.288630155963648,0.21727463778277356,0.4964891635724187,protocol_comparison_30seeds/analysis_ws3/per_point/sso_1nm_j1e11_f0p875GHz_0K_warm30_record20_40ppc_2000ovf_predictions.npz
SSO,0.875,100000000000.0,32.940947443562976,large,ws3,sso_1nm_j1e11_f0p875GHz_0K_warm30_record20_40ppc_2000ovf,True,none,0.7,0.3,280,120,0.25,400,8192,128,64,2,3,0,mx,C2N,clean training -> noisy testing; fixed clean-trained readout,0.0,0.001,29,,1224947109,same test standard-normal draw for C2N/N2N and all alpha; scaled by sigma,1e-09,8.559941086177582e-12,1.1291378498711322e-05,48956.47193881155,3.473405613572897,0.243954613939458,0.6653317558995688,protocol_comparison_30seeds/analysis_ws3/per_point/sso_1nm_j1e11_f0p875GHz_0K_warm30_record20_40ppc_2000ovf_predictions.npz
SSO,0.875,100000000000.0,32.940947443562976,large,ws3,sso_1nm_j1e11_f0p875GHz_0K_warm30_record20_40ppc_2000ovf,True,none,0.7,0.3,280,120,0.25,400,8192,128,64,2,3,0,mx,N2N,noisy training -> independently noisy testing; readout refitted for each training-noise realization,0.001,0.001,29,4012368997,1224947109,independent train/test draws; test draw paired with C2N; draws shared across alpha and scaled by sigma,1e-09,2.965542452227117e-19,1.8564102891687016e-05,9.112423342231564,3.2886553766905147,0.2172770390040346,0.49648319221067205,protocol_comparison_30seeds/analysis_ws3/per_point/sso_1nm_j1e11_f0p875GHz_0K_warm30_record20_40ppc_2000ovf_predictions.npz
