oscillator,frequency_GHz,current_amplitude_A_per_m2,amplitude_nm,classification,host_label,condition,fit_intercept,feature_scaling,train_fraction,test_fraction,train_n,test_n,test_baseline_mean_MSE,feature_rows,feature_cols,NX,NY,NZ,valuedim,z_index,component_used,protocol,protocol_definition,train_noise_sigma_mx,test_noise_sigma_mx,repetition,train_noise_seed,test_noise_seed,noise_pairing_policy,ridge_alpha,train_MSE,test_MSE,dual_coef_l2_norm,readout_weight_l2_norm,readout_weight_max_abs,readout_intercept,prediction_npz
SSO,0.88,100000000000.0,11.395071655847056,small,ws1,sso_1nm_j1e11_f0p88GHz_0K_warm30_record20_40ppc_2000ovf,True,none,0.7,0.3,280,120,0.25,400,8192,128,64,2,3,0,mx,C2C,clean training -> clean testing,0.0,0.0,,,,not applicable (clean),0.001,0.004000965929973453,0.004013099272105774,1058.4282972129672,15.413309433675154,1.6038278907401378,0.4850794435326618,protocol_comparison_30seeds/analysis_ws1/per_point/sso_1nm_j1e11_f0p88GHz_0K_warm30_record20_40ppc_2000ovf_predictions.npz
SSO,0.88,100000000000.0,11.395071655847056,small,ws1,sso_1nm_j1e11_f0p88GHz_0K_warm30_record20_40ppc_2000ovf,True,none,0.7,0.3,280,120,0.25,400,8192,128,64,2,3,0,mx,C2C,clean training -> clean testing,0.0,0.0,,,,not applicable (clean),1e-06,0.00045112913333492,0.00045281708578916456,355409.84915197437,331.68233946389245,32.879078219434604,-4.586712141816346,protocol_comparison_30seeds/analysis_ws1/per_point/sso_1nm_j1e11_f0p88GHz_0K_warm30_record20_40ppc_2000ovf_predictions.npz
SSO,0.88,100000000000.0,11.395071655847056,small,ws1,sso_1nm_j1e11_f0p88GHz_0K_warm30_record20_40ppc_2000ovf,True,none,0.7,0.3,280,120,0.25,400,8192,128,64,2,3,0,mx,C2C,clean training -> clean testing,0.0,0.0,,,,not applicable (clean),1e-09,2.3709718060617644e-07,3.952931626352464e-07,8148875.102438648,1030.6129952977521,128.8704327157931,-60.27634539789759,protocol_comparison_30seeds/analysis_ws1/per_point/sso_1nm_j1e11_f0p88GHz_0K_warm30_record20_40ppc_2000ovf_predictions.npz
SSO,0.88,100000000000.0,11.395071655847056,small,ws1,sso_1nm_j1e11_f0p88GHz_0K_warm30_record20_40ppc_2000ovf,True,none,0.7,0.3,280,120,0.25,400,8192,128,64,2,3,0,mx,C2N,clean training -> noisy testing; fixed clean-trained readout,0.0,0.0001,0,,325544455,same test standard-normal draw for C2N/N2N and all alpha; scaled by sigma,0.001,0.004000965929973453,0.0040570446473550525,1058.4282972129672,15.413309433675154,1.6038278907401378,0.4850794435326618,protocol_comparison_30seeds/analysis_ws1/per_point/sso_1nm_j1e11_f0p88GHz_0K_warm30_record20_40ppc_2000ovf_predictions.npz
SSO,0.88,100000000000.0,11.395071655847056,small,ws1,sso_1nm_j1e11_f0p88GHz_0K_warm30_record20_40ppc_2000ovf,True,none,0.7,0.3,280,120,0.25,400,8192,128,64,2,3,0,mx,N2N,noisy training -> independently noisy testing; readout refitted for each training-noise realization,0.0001,0.0001,0,3724473794,325544455,independent train/test draws; test draw paired with C2N; draws shared across alpha and scaled by sigma,0.001,0.003487784956904565,0.004122463305735818,988.2205158138861,17.344409402493387,1.5545637476247418,0.4161098692310273,protocol_comparison_30seeds/analysis_ws1/per_point/sso_1nm_j1e11_f0p88GHz_0K_warm30_record20_40ppc_2000ovf_predictions.npz
SSO,0.88,100000000000.0,11.395071655847056,small,ws1,sso_1nm_j1e11_f0p88GHz_0K_warm30_record20_40ppc_2000ovf,True,none,0.7,0.3,280,120,0.25,400,8192,128,64,2,3,0,mx,C2N,clean training -> noisy testing; fixed clean-trained readout,0.0,0.0001,0,,325544455,same test standard-normal draw for C2N/N2N and all alpha; scaled by sigma,1e-06,0.00045112913333492,0.0013735462680597073,355409.84915197437,331.68233946389245,32.879078219434604,-4.586712141816346,protocol_comparison_30seeds/analysis_ws1/per_point/sso_1nm_j1e11_f0p88GHz_0K_warm30_record20_40ppc_2000ovf_predictions.npz
SSO,0.88,100000000000.0,11.395071655847056,small,ws1,sso_1nm_j1e11_f0p88GHz_0K_warm30_record20_40ppc_2000ovf,True,none,0.7,0.3,280,120,0.25,400,8192,128,64,2,3,0,mx,N2N,noisy training -> independently noisy testing; readout refitted for each training-noise realization,0.0001,0.0001,0,3724473794,325544455,independent train/test draws; test draw paired with C2N; draws shared across alpha and scaled by sigma,1e-06,4.238731844178211e-07,0.0030039782039886277,10894.24143368218,104.52156064240971,6.229198233421749,-1.6292347451682394,protocol_comparison_30seeds/analysis_ws1/per_point/sso_1nm_j1e11_f0p88GHz_0K_warm30_record20_40ppc_2000ovf_predictions.npz
SSO,0.88,100000000000.0,11.395071655847056,small,ws1,sso_1nm_j1e11_f0p88GHz_0K_warm30_record20_40ppc_2000ovf,True,none,0.7,0.3,280,120,0.25,400,8192,128,64,2,3,0,mx,C2N,clean training -> noisy testing; fixed clean-trained readout,0.0,0.0001,0,,325544455,same test standard-normal draw for C2N/N2N and all alpha; scaled by sigma,1e-09,2.3709718060617644e-07,0.010582706766458222,8148875.102438648,1030.6129952977521,128.8704327157931,-60.27634539789759,protocol_comparison_30seeds/analysis_ws1/per_point/sso_1nm_j1e11_f0p88GHz_0K_warm30_record20_40ppc_2000ovf_predictions.npz
SSO,0.88,100000000000.0,11.395071655847056,small,ws1,sso_1nm_j1e11_f0p88GHz_0K_warm30_record20_40ppc_2000ovf,True,none,0.7,0.3,280,120,0.25,400,8192,128,64,2,3,0,mx,N2N,noisy training -> independently noisy testing; readout refitted for each training-noise realization,0.0001,0.0001,0,3724473794,325544455,independent train/test draws; test draw paired with C2N; draws shared across alpha and scaled by sigma,1e-09,4.3436045135678844e-13,0.0030030660064084874,11028.276486979985,105.65672520758794,6.2718806269658876,-1.645784892195313,protocol_comparison_30seeds/analysis_ws1/per_point/sso_1nm_j1e11_f0p88GHz_0K_warm30_record20_40ppc_2000ovf_predictions.npz
SSO,0.88,100000000000.0,11.395071655847056,small,ws1,sso_1nm_j1e11_f0p88GHz_0K_warm30_record20_40ppc_2000ovf,True,none,0.7,0.3,280,120,0.25,400,8192,128,64,2,3,0,mx,C2N,clean training -> noisy testing; fixed clean-trained readout,0.0,0.001,0,,325544455,same test standard-normal draw for C2N/N2N and all alpha; scaled by sigma,0.001,0.004000965929973453,0.0047179279441034545,1058.4282972129672,15.413309433675154,1.6038278907401378,0.4850794435326618,protocol_comparison_30seeds/analysis_ws1/per_point/sso_1nm_j1e11_f0p88GHz_0K_warm30_record20_40ppc_2000ovf_predictions.npz
SSO,0.88,100000000000.0,11.395071655847056,small,ws1,sso_1nm_j1e11_f0p88GHz_0K_warm30_record20_40ppc_2000ovf,True,none,0.7,0.3,280,120,0.25,400,8192,128,64,2,3,0,mx,N2N,noisy training -> independently noisy testing; readout refitted for each training-noise realization,0.001,0.001,0,3724473794,325544455,independent train/test draws; test draw paired with C2N; draws shared across alpha and scaled by sigma,0.001,7.878917089478978e-05,0.006211557951477992,148.529350126238,14.45190652538096,1.0294376969468824,0.32917451299466116,protocol_comparison_30seeds/analysis_ws1/per_point/sso_1nm_j1e11_f0p88GHz_0K_warm30_record20_40ppc_2000ovf_predictions.npz
SSO,0.88,100000000000.0,11.395071655847056,small,ws1,sso_1nm_j1e11_f0p88GHz_0K_warm30_record20_40ppc_2000ovf,True,none,0.7,0.3,280,120,0.25,400,8192,128,64,2,3,0,mx,C2N,clean training -> noisy testing; fixed clean-trained readout,0.0,0.001,0,,325544455,same test standard-normal draw for C2N/N2N and all alpha; scaled by sigma,1e-06,0.00045112913333492,0.09051187773874865,355409.84915197437,331.68233946389245,32.879078219434604,-4.586712141816346,protocol_comparison_30seeds/analysis_ws1/per_point/sso_1nm_j1e11_f0p88GHz_0K_warm30_record20_40ppc_2000ovf_predictions.npz
SSO,0.88,100000000000.0,11.395071655847056,small,ws1,sso_1nm_j1e11_f0p88GHz_0K_warm30_record20_40ppc_2000ovf,True,none,0.7,0.3,280,120,0.25,400,8192,128,64,2,3,0,mx,N2N,noisy training -> independently noisy testing; readout refitted for each training-noise realization,0.001,0.001,0,3724473794,325544455,independent train/test draws; test draw paired with C2N; draws shared across alpha and scaled by sigma,1e-06,9.97822288240426e-11,0.006173938687655859,167.14970441321015,15.990042917348296,1.0977387329084929,0.3730266139375836,protocol_comparison_30seeds/analysis_ws1/per_point/sso_1nm_j1e11_f0p88GHz_0K_warm30_record20_40ppc_2000ovf_predictions.npz
SSO,0.88,100000000000.0,11.395071655847056,small,ws1,sso_1nm_j1e11_f0p88GHz_0K_warm30_record20_40ppc_2000ovf,True,none,0.7,0.3,280,120,0.25,400,8192,128,64,2,3,0,mx,C2N,clean training -> noisy testing; fixed clean-trained readout,0.0,0.001,0,,325544455,same test standard-normal draw for C2N/N2N and all alpha; scaled by sigma,1e-09,2.3709718060617644e-07,1.055517811713514,8148875.102438648,1030.6129952977521,128.8704327157931,-60.27634539789759,protocol_comparison_30seeds/analysis_ws1/per_point/sso_1nm_j1e11_f0p88GHz_0K_warm30_record20_40ppc_2000ovf_predictions.npz
SSO,0.88,100000000000.0,11.395071655847056,small,ws1,sso_1nm_j1e11_f0p88GHz_0K_warm30_record20_40ppc_2000ovf,True,none,0.7,0.3,280,120,0.25,400,8192,128,64,2,3,0,mx,N2N,noisy training -> independently noisy testing; readout refitted for each training-noise realization,0.001,0.001,0,3724473794,325544455,independent train/test draws; test draw paired with C2N; draws shared across alpha and scaled by sigma,1e-09,9.981143682275027e-17,0.006173910456785534,167.17090683217802,15.991788461550886,1.0978137159403283,0.3730850535357995,protocol_comparison_30seeds/analysis_ws1/per_point/sso_1nm_j1e11_f0p88GHz_0K_warm30_record20_40ppc_2000ovf_predictions.npz
SSO,0.88,100000000000.0,11.395071655847056,small,ws1,sso_1nm_j1e11_f0p88GHz_0K_warm30_record20_40ppc_2000ovf,True,none,0.7,0.3,280,120,0.25,400,8192,128,64,2,3,0,mx,C2N,clean training -> noisy testing; fixed clean-trained readout,0.0,0.0001,1,,2328639076,same test standard-normal draw for C2N/N2N and all alpha; scaled by sigma,0.001,0.004000965929973453,0.004008193554760387,1058.4282972129672,15.413309433675154,1.6038278907401378,0.4850794435326618,protocol_comparison_30seeds/analysis_ws1/per_point/sso_1nm_j1e11_f0p88GHz_0K_warm30_record20_40ppc_2000ovf_predictions.npz
SSO,0.88,100000000000.0,11.395071655847056,small,ws1,sso_1nm_j1e11_f0p88GHz_0K_warm30_record20_40ppc_2000ovf,True,none,0.7,0.3,280,120,0.25,400,8192,128,64,2,3,0,mx,N2N,noisy training -> independently noisy testing; readout refitted for each training-noise realization,0.0001,0.0001,1,43269951,2328639076,independent train/test draws; test draw paired with C2N; draws shared across alpha and scaled by sigma,0.001,0.0034775838486569353,0.004070386030550665,986.7742789772615,17.30772076339641,1.554898814088749,1.6869343712085692,protocol_comparison_30seeds/analysis_ws1/per_point/sso_1nm_j1e11_f0p88GHz_0K_warm30_record20_40ppc_2000ovf_predictions.npz
SSO,0.88,100000000000.0,11.395071655847056,small,ws1,sso_1nm_j1e11_f0p88GHz_0K_warm30_record20_40ppc_2000ovf,True,none,0.7,0.3,280,120,0.25,400,8192,128,64,2,3,0,mx,C2N,clean training -> noisy testing; fixed clean-trained readout,0.0,0.0001,1,,2328639076,same test standard-normal draw for C2N/N2N and all alpha; scaled by sigma,1e-06,0.00045112913333492,0.0016904223912562022,355409.84915197437,331.68233946389245,32.879078219434604,-4.586712141816346,protocol_comparison_30seeds/analysis_ws1/per_point/sso_1nm_j1e11_f0p88GHz_0K_warm30_record20_40ppc_2000ovf_predictions.npz
SSO,0.88,100000000000.0,11.395071655847056,small,ws1,sso_1nm_j1e11_f0p88GHz_0K_warm30_record20_40ppc_2000ovf,True,none,0.7,0.3,280,120,0.25,400,8192,128,64,2,3,0,mx,N2N,noisy training -> independently noisy testing; readout refitted for each training-noise realization,0.0001,0.0001,1,43269951,2328639076,independent train/test draws; test draw paired with C2N; draws shared across alpha and scaled by sigma,1e-06,4.200434267318838e-07,0.002692119339600845,10844.913493697792,104.37941537515773,6.275847728356671,3.7936489732847365,protocol_comparison_30seeds/analysis_ws1/per_point/sso_1nm_j1e11_f0p88GHz_0K_warm30_record20_40ppc_2000ovf_predictions.npz
SSO,0.88,100000000000.0,11.395071655847056,small,ws1,sso_1nm_j1e11_f0p88GHz_0K_warm30_record20_40ppc_2000ovf,True,none,0.7,0.3,280,120,0.25,400,8192,128,64,2,3,0,mx,C2N,clean training -> noisy testing; fixed clean-trained readout,0.0,0.0001,1,,2328639076,same test standard-normal draw for C2N/N2N and all alpha; scaled by sigma,1e-09,2.3709718060617644e-07,0.011582559149567916,8148875.102438648,1030.6129952977521,128.8704327157931,-60.27634539789759,protocol_comparison_30seeds/analysis_ws1/per_point/sso_1nm_j1e11_f0p88GHz_0K_warm30_record20_40ppc_2000ovf_predictions.npz
SSO,0.88,100000000000.0,11.395071655847056,small,ws1,sso_1nm_j1e11_f0p88GHz_0K_warm30_record20_40ppc_2000ovf,True,none,0.7,0.3,280,120,0.25,400,8192,128,64,2,3,0,mx,N2N,noisy training -> independently noisy testing; readout refitted for each training-noise realization,0.0001,0.0001,1,43269951,2328639076,independent train/test draws; test draw paired with C2N; draws shared across alpha and scaled by sigma,1e-09,4.3033098296923973e-13,0.0026875525646083373,10976.69651422507,105.50580957703586,6.334433335872232,3.78828352319828,protocol_comparison_30seeds/analysis_ws1/per_point/sso_1nm_j1e11_f0p88GHz_0K_warm30_record20_40ppc_2000ovf_predictions.npz
SSO,0.88,100000000000.0,11.395071655847056,small,ws1,sso_1nm_j1e11_f0p88GHz_0K_warm30_record20_40ppc_2000ovf,True,none,0.7,0.3,280,120,0.25,400,8192,128,64,2,3,0,mx,C2N,clean training -> noisy testing; fixed clean-trained readout,0.0,0.001,1,,2328639076,same test standard-normal draw for C2N/N2N and all alpha; scaled by sigma,0.001,0.004000965929973453,0.00419655687457198,1058.4282972129672,15.413309433675154,1.6038278907401378,0.4850794435326618,protocol_comparison_30seeds/analysis_ws1/per_point/sso_1nm_j1e11_f0p88GHz_0K_warm30_record20_40ppc_2000ovf_predictions.npz
SSO,0.88,100000000000.0,11.395071655847056,small,ws1,sso_1nm_j1e11_f0p88GHz_0K_warm30_record20_40ppc_2000ovf,True,none,0.7,0.3,280,120,0.25,400,8192,128,64,2,3,0,mx,N2N,noisy training -> independently noisy testing; readout refitted for each training-noise realization,0.001,0.001,1,43269951,2328639076,independent train/test draws; test draw paired with C2N; draws shared across alpha and scaled by sigma,0.001,7.278465274513488e-05,0.005722088581203609,142.7574963671182,14.171702113044445,0.8818342288301412,1.7928164190992264,protocol_comparison_30seeds/analysis_ws1/per_point/sso_1nm_j1e11_f0p88GHz_0K_warm30_record20_40ppc_2000ovf_predictions.npz
SSO,0.88,100000000000.0,11.395071655847056,small,ws1,sso_1nm_j1e11_f0p88GHz_0K_warm30_record20_40ppc_2000ovf,True,none,0.7,0.3,280,120,0.25,400,8192,128,64,2,3,0,mx,C2N,clean training -> noisy testing; fixed clean-trained readout,0.0,0.001,1,,2328639076,same test standard-normal draw for C2N/N2N and all alpha; scaled by sigma,1e-06,0.00045112913333492,0.12186637823040698,355409.84915197437,331.68233946389245,32.879078219434604,-4.586712141816346,protocol_comparison_30seeds/analysis_ws1/per_point/sso_1nm_j1e11_f0p88GHz_0K_warm30_record20_40ppc_2000ovf_predictions.npz
SSO,0.88,100000000000.0,11.395071655847056,small,ws1,sso_1nm_j1e11_f0p88GHz_0K_warm30_record20_40ppc_2000ovf,True,none,0.7,0.3,280,120,0.25,400,8192,128,64,2,3,0,mx,N2N,noisy training -> independently noisy testing; readout refitted for each training-noise realization,0.001,0.001,1,43269951,2328639076,independent train/test draws; test draw paired with C2N; draws shared across alpha and scaled by sigma,1e-06,9.158973994907052e-11,0.00564315384376762,160.140955984471,15.62112171951812,0.9356872338381277,1.9034289829186406,protocol_comparison_30seeds/analysis_ws1/per_point/sso_1nm_j1e11_f0p88GHz_0K_warm30_record20_40ppc_2000ovf_predictions.npz
SSO,0.88,100000000000.0,11.395071655847056,small,ws1,sso_1nm_j1e11_f0p88GHz_0K_warm30_record20_40ppc_2000ovf,True,none,0.7,0.3,280,120,0.25,400,8192,128,64,2,3,0,mx,C2N,clean training -> noisy testing; fixed clean-trained readout,0.0,0.001,1,,2328639076,same test standard-normal draw for C2N/N2N and all alpha; scaled by sigma,1e-09,2.3709718060617644e-07,1.1588068222358534,8148875.102438648,1030.6129952977521,128.8704327157931,-60.27634539789759,protocol_comparison_30seeds/analysis_ws1/per_point/sso_1nm_j1e11_f0p88GHz_0K_warm30_record20_40ppc_2000ovf_predictions.npz
SSO,0.88,100000000000.0,11.395071655847056,small,ws1,sso_1nm_j1e11_f0p88GHz_0K_warm30_record20_40ppc_2000ovf,True,none,0.7,0.3,280,120,0.25,400,8192,128,64,2,3,0,mx,N2N,noisy training -> independently noisy testing; readout refitted for each training-noise realization,0.001,0.001,1,43269951,2328639076,independent train/test draws; test draw paired with C2N; draws shared across alpha and scaled by sigma,1e-09,9.160873876959315e-17,0.005643077300447546,160.16069537474957,15.622761788126471,0.9357461942866271,1.9035473595962473,protocol_comparison_30seeds/analysis_ws1/per_point/sso_1nm_j1e11_f0p88GHz_0K_warm30_record20_40ppc_2000ovf_predictions.npz
SSO,0.88,100000000000.0,11.395071655847056,small,ws1,sso_1nm_j1e11_f0p88GHz_0K_warm30_record20_40ppc_2000ovf,True,none,0.7,0.3,280,120,0.25,400,8192,128,64,2,3,0,mx,C2N,clean training -> noisy testing; fixed clean-trained readout,0.0,0.0001,2,,4282319732,same test standard-normal draw for C2N/N2N and all alpha; scaled by sigma,0.001,0.004000965929973453,0.004033645491247993,1058.4282972129672,15.413309433675154,1.6038278907401378,0.4850794435326618,protocol_comparison_30seeds/analysis_ws1/per_point/sso_1nm_j1e11_f0p88GHz_0K_warm30_record20_40ppc_2000ovf_predictions.npz
SSO,0.88,100000000000.0,11.395071655847056,small,ws1,sso_1nm_j1e11_f0p88GHz_0K_warm30_record20_40ppc_2000ovf,True,none,0.7,0.3,280,120,0.25,400,8192,128,64,2,3,0,mx,N2N,noisy training -> independently noisy testing; readout refitted for each training-noise realization,0.0001,0.0001,2,3184173709,4282319732,independent train/test draws; test draw paired with C2N; draws shared across alpha and scaled by sigma,0.001,0.0034688388229567758,0.004107349141389789,985.5327850311944,17.342090179210597,1.5799534179180645,-0.9227862661348183,protocol_comparison_30seeds/analysis_ws1/per_point/sso_1nm_j1e11_f0p88GHz_0K_warm30_record20_40ppc_2000ovf_predictions.npz
SSO,0.88,100000000000.0,11.395071655847056,small,ws1,sso_1nm_j1e11_f0p88GHz_0K_warm30_record20_40ppc_2000ovf,True,none,0.7,0.3,280,120,0.25,400,8192,128,64,2,3,0,mx,C2N,clean training -> noisy testing; fixed clean-trained readout,0.0,0.0001,2,,4282319732,same test standard-normal draw for C2N/N2N and all alpha; scaled by sigma,1e-06,0.00045112913333492,0.0015543707564995523,355409.84915197437,331.68233946389245,32.879078219434604,-4.586712141816346,protocol_comparison_30seeds/analysis_ws1/per_point/sso_1nm_j1e11_f0p88GHz_0K_warm30_record20_40ppc_2000ovf_predictions.npz
SSO,0.88,100000000000.0,11.395071655847056,small,ws1,sso_1nm_j1e11_f0p88GHz_0K_warm30_record20_40ppc_2000ovf,True,none,0.7,0.3,280,120,0.25,400,8192,128,64,2,3,0,mx,N2N,noisy training -> independently noisy testing; readout refitted for each training-noise realization,0.0001,0.0001,2,3184173709,4282319732,independent train/test draws; test draw paired with C2N; draws shared across alpha and scaled by sigma,1e-06,4.211991775638111e-07,0.002912133550938033,10859.823566477431,104.30105509175846,5.883390939044379,-14.411105848640098,protocol_comparison_30seeds/analysis_ws1/per_point/sso_1nm_j1e11_f0p88GHz_0K_warm30_record20_40ppc_2000ovf_predictions.npz
SSO,0.88,100000000000.0,11.395071655847056,small,ws1,sso_1nm_j1e11_f0p88GHz_0K_warm30_record20_40ppc_2000ovf,True,none,0.7,0.3,280,120,0.25,400,8192,128,64,2,3,0,mx,C2N,clean training -> noisy testing; fixed clean-trained readout,0.0,0.0001,2,,4282319732,same test standard-normal draw for C2N/N2N and all alpha; scaled by sigma,1e-09,2.3709718060617644e-07,0.011914390539599747,8148875.102438648,1030.6129952977521,128.8704327157931,-60.27634539789759,protocol_comparison_30seeds/analysis_ws1/per_point/sso_1nm_j1e11_f0p88GHz_0K_warm30_record20_40ppc_2000ovf_predictions.npz
SSO,0.88,100000000000.0,11.395071655847056,small,ws1,sso_1nm_j1e11_f0p88GHz_0K_warm30_record20_40ppc_2000ovf,True,none,0.7,0.3,280,120,0.25,400,8192,128,64,2,3,0,mx,N2N,noisy training -> independently noisy testing; readout refitted for each training-noise realization,0.0001,0.0001,2,3184173709,4282319732,independent train/test draws; test draw paired with C2N; draws shared across alpha and scaled by sigma,1e-09,4.315635458907507e-13,0.0029099702880103014,10992.387658795265,105.43140240265241,5.929696046862925,-14.559129432042411,protocol_comparison_30seeds/analysis_ws1/per_point/sso_1nm_j1e11_f0p88GHz_0K_warm30_record20_40ppc_2000ovf_predictions.npz
SSO,0.88,100000000000.0,11.395071655847056,small,ws1,sso_1nm_j1e11_f0p88GHz_0K_warm30_record20_40ppc_2000ovf,True,none,0.7,0.3,280,120,0.25,400,8192,128,64,2,3,0,mx,C2N,clean training -> noisy testing; fixed clean-trained readout,0.0,0.001,2,,4282319732,same test standard-normal draw for C2N/N2N and all alpha; scaled by sigma,0.001,0.004000965929973453,0.004437115003247469,1058.4282972129672,15.413309433675154,1.6038278907401378,0.4850794435326618,protocol_comparison_30seeds/analysis_ws1/per_point/sso_1nm_j1e11_f0p88GHz_0K_warm30_record20_40ppc_2000ovf_predictions.npz
SSO,0.88,100000000000.0,11.395071655847056,small,ws1,sso_1nm_j1e11_f0p88GHz_0K_warm30_record20_40ppc_2000ovf,True,none,0.7,0.3,280,120,0.25,400,8192,128,64,2,3,0,mx,N2N,noisy training -> independently noisy testing; readout refitted for each training-noise realization,0.001,0.001,2,3184173709,4282319732,independent train/test draws; test draw paired with C2N; draws shared across alpha and scaled by sigma,0.001,7.240697325087532e-05,0.006366786247813501,142.38663037745775,14.164225961414246,0.8104399766475591,-1.1746877705735663,protocol_comparison_30seeds/analysis_ws1/per_point/sso_1nm_j1e11_f0p88GHz_0K_warm30_record20_40ppc_2000ovf_predictions.npz
SSO,0.88,100000000000.0,11.395071655847056,small,ws1,sso_1nm_j1e11_f0p88GHz_0K_warm30_record20_40ppc_2000ovf,True,none,0.7,0.3,280,120,0.25,400,8192,128,64,2,3,0,mx,C2N,clean training -> noisy testing; fixed clean-trained readout,0.0,0.001,2,,4282319732,same test standard-normal draw for C2N/N2N and all alpha; scaled by sigma,1e-06,0.00045112913333492,0.11487236850664546,355409.84915197437,331.68233946389245,32.879078219434604,-4.586712141816346,protocol_comparison_30seeds/analysis_ws1/per_point/sso_1nm_j1e11_f0p88GHz_0K_warm30_record20_40ppc_2000ovf_predictions.npz
SSO,0.88,100000000000.0,11.395071655847056,small,ws1,sso_1nm_j1e11_f0p88GHz_0K_warm30_record20_40ppc_2000ovf,True,none,0.7,0.3,280,120,0.25,400,8192,128,64,2,3,0,mx,N2N,noisy training -> independently noisy testing; readout refitted for each training-noise realization,0.001,0.001,2,3184173709,4282319732,independent train/test draws; test draw paired with C2N; draws shared across alpha and scaled by sigma,1e-06,9.095489649577344e-11,0.006332553165034643,159.58500841261198,15.606532446629316,0.8649990826029489,-1.400551934864658,protocol_comparison_30seeds/analysis_ws1/per_point/sso_1nm_j1e11_f0p88GHz_0K_warm30_record20_40ppc_2000ovf_predictions.npz
SSO,0.88,100000000000.0,11.395071655847056,small,ws1,sso_1nm_j1e11_f0p88GHz_0K_warm30_record20_40ppc_2000ovf,True,none,0.7,0.3,280,120,0.25,400,8192,128,64,2,3,0,mx,C2N,clean training -> noisy testing; fixed clean-trained readout,0.0,0.001,2,,4282319732,same test standard-normal draw for C2N/N2N and all alpha; scaled by sigma,1e-09,2.3709718060617644e-07,1.1912313599254027,8148875.102438648,1030.6129952977521,128.8704327157931,-60.27634539789759,protocol_comparison_30seeds/analysis_ws1/per_point/sso_1nm_j1e11_f0p88GHz_0K_warm30_record20_40ppc_2000ovf_predictions.npz
SSO,0.88,100000000000.0,11.395071655847056,small,ws1,sso_1nm_j1e11_f0p88GHz_0K_warm30_record20_40ppc_2000ovf,True,none,0.7,0.3,280,120,0.25,400,8192,128,64,2,3,0,mx,N2N,noisy training -> independently noisy testing; readout refitted for each training-noise realization,0.001,0.001,2,3184173709,4282319732,independent train/test draws; test draw paired with C2N; draws shared across alpha and scaled by sigma,1e-09,9.098355361978488e-17,0.006332527349285553,159.60451848060345,15.608162669704432,0.8650593310068687,-1.4008080564014178,protocol_comparison_30seeds/analysis_ws1/per_point/sso_1nm_j1e11_f0p88GHz_0K_warm30_record20_40ppc_2000ovf_predictions.npz
SSO,0.88,100000000000.0,11.395071655847056,small,ws1,sso_1nm_j1e11_f0p88GHz_0K_warm30_record20_40ppc_2000ovf,True,none,0.7,0.3,280,120,0.25,400,8192,128,64,2,3,0,mx,C2N,clean training -> noisy testing; fixed clean-trained readout,0.0,0.0001,3,,1726068695,same test standard-normal draw for C2N/N2N and all alpha; scaled by sigma,0.001,0.004000965929973453,0.0040074132404530095,1058.4282972129672,15.413309433675154,1.6038278907401378,0.4850794435326618,protocol_comparison_30seeds/analysis_ws1/per_point/sso_1nm_j1e11_f0p88GHz_0K_warm30_record20_40ppc_2000ovf_predictions.npz
SSO,0.88,100000000000.0,11.395071655847056,small,ws1,sso_1nm_j1e11_f0p88GHz_0K_warm30_record20_40ppc_2000ovf,True,none,0.7,0.3,280,120,0.25,400,8192,128,64,2,3,0,mx,N2N,noisy training -> independently noisy testing; readout refitted for each training-noise realization,0.0001,0.0001,3,1647888904,1726068695,independent train/test draws; test draw paired with C2N; draws shared across alpha and scaled by sigma,0.001,0.0034789330727160706,0.0040759387765973215,986.9656835166265,17.29212729827227,1.7256031843556352,-0.2295143963129227,protocol_comparison_30seeds/analysis_ws1/per_point/sso_1nm_j1e11_f0p88GHz_0K_warm30_record20_40ppc_2000ovf_predictions.npz
SSO,0.88,100000000000.0,11.395071655847056,small,ws1,sso_1nm_j1e11_f0p88GHz_0K_warm30_record20_40ppc_2000ovf,True,none,0.7,0.3,280,120,0.25,400,8192,128,64,2,3,0,mx,C2N,clean training -> noisy testing; fixed clean-trained readout,0.0,0.0001,3,,1726068695,same test standard-normal draw for C2N/N2N and all alpha; scaled by sigma,1e-06,0.00045112913333492,0.0019485904337770078,355409.84915197437,331.68233946389245,32.879078219434604,-4.586712141816346,protocol_comparison_30seeds/analysis_ws1/per_point/sso_1nm_j1e11_f0p88GHz_0K_warm30_record20_40ppc_2000ovf_predictions.npz
SSO,0.88,100000000000.0,11.395071655847056,small,ws1,sso_1nm_j1e11_f0p88GHz_0K_warm30_record20_40ppc_2000ovf,True,none,0.7,0.3,280,120,0.25,400,8192,128,64,2,3,0,mx,N2N,noisy training -> independently noisy testing; readout refitted for each training-noise realization,0.0001,0.0001,3,1647888904,1726068695,independent train/test draws; test draw paired with C2N; draws shared across alpha and scaled by sigma,1e-06,4.398209202858167e-07,0.002821449779215208,11097.290298604312,105.32603133806691,6.4352724828150105,-5.516383439233515,protocol_comparison_30seeds/analysis_ws1/per_point/sso_1nm_j1e11_f0p88GHz_0K_warm30_record20_40ppc_2000ovf_predictions.npz
SSO,0.88,100000000000.0,11.395071655847056,small,ws1,sso_1nm_j1e11_f0p88GHz_0K_warm30_record20_40ppc_2000ovf,True,none,0.7,0.3,280,120,0.25,400,8192,128,64,2,3,0,mx,C2N,clean training -> noisy testing; fixed clean-trained readout,0.0,0.0001,3,,1726068695,same test standard-normal draw for C2N/N2N and all alpha; scaled by sigma,1e-09,2.3709718060617644e-07,0.01283038225095786,8148875.102438648,1030.6129952977521,128.8704327157931,-60.27634539789759,protocol_comparison_30seeds/analysis_ws1/per_point/sso_1nm_j1e11_f0p88GHz_0K_warm30_record20_40ppc_2000ovf_predictions.npz
SSO,0.88,100000000000.0,11.395071655847056,small,ws1,sso_1nm_j1e11_f0p88GHz_0K_warm30_record20_40ppc_2000ovf,True,none,0.7,0.3,280,120,0.25,400,8192,128,64,2,3,0,mx,N2N,noisy training -> independently noisy testing; readout refitted for each training-noise realization,0.0001,0.0001,3,1647888904,1726068695,independent train/test draws; test draw paired with C2N; draws shared across alpha and scaled by sigma,1e-09,4.5087896487207713e-13,0.002819184026061851,11236.258977312094,106.49489805132997,6.484044067439573,-5.615134513413061,protocol_comparison_30seeds/analysis_ws1/per_point/sso_1nm_j1e11_f0p88GHz_0K_warm30_record20_40ppc_2000ovf_predictions.npz
SSO,0.88,100000000000.0,11.395071655847056,small,ws1,sso_1nm_j1e11_f0p88GHz_0K_warm30_record20_40ppc_2000ovf,True,none,0.7,0.3,280,120,0.25,400,8192,128,64,2,3,0,mx,C2N,clean training -> noisy testing; fixed clean-trained readout,0.0,0.001,3,,1726068695,same test standard-normal draw for C2N/N2N and all alpha; scaled by sigma,0.001,0.004000965929973453,0.00416188872010306,1058.4282972129672,15.413309433675154,1.6038278907401378,0.4850794435326618,protocol_comparison_30seeds/analysis_ws1/per_point/sso_1nm_j1e11_f0p88GHz_0K_warm30_record20_40ppc_2000ovf_predictions.npz
SSO,0.88,100000000000.0,11.395071655847056,small,ws1,sso_1nm_j1e11_f0p88GHz_0K_warm30_record20_40ppc_2000ovf,True,none,0.7,0.3,280,120,0.25,400,8192,128,64,2,3,0,mx,N2N,noisy training -> independently noisy testing; readout refitted for each training-noise realization,0.001,0.001,3,1647888904,1726068695,independent train/test draws; test draw paired with C2N; draws shared across alpha and scaled by sigma,0.001,7.48143931992526e-05,0.006023263058481895,144.7343431772398,14.248799026416531,0.8985786977506734,-0.577224374797294,protocol_comparison_30seeds/analysis_ws1/per_point/sso_1nm_j1e11_f0p88GHz_0K_warm30_record20_40ppc_2000ovf_predictions.npz
SSO,0.88,100000000000.0,11.395071655847056,small,ws1,sso_1nm_j1e11_f0p88GHz_0K_warm30_record20_40ppc_2000ovf,True,none,0.7,0.3,280,120,0.25,400,8192,128,64,2,3,0,mx,C2N,clean training -> noisy testing; fixed clean-trained readout,0.0,0.001,3,,1726068695,same test standard-normal draw for C2N/N2N and all alpha; scaled by sigma,1e-06,0.00045112913333492,0.13605111541501103,355409.84915197437,331.68233946389245,32.879078219434604,-4.586712141816346,protocol_comparison_30seeds/analysis_ws1/per_point/sso_1nm_j1e11_f0p88GHz_0K_warm30_record20_40ppc_2000ovf_predictions.npz
SSO,0.88,100000000000.0,11.395071655847056,small,ws1,sso_1nm_j1e11_f0p88GHz_0K_warm30_record20_40ppc_2000ovf,True,none,0.7,0.3,280,120,0.25,400,8192,128,64,2,3,0,mx,N2N,noisy training -> independently noisy testing; readout refitted for each training-noise realization,0.001,0.001,3,1647888904,1726068695,independent train/test draws; test draw paired with C2N; draws shared across alpha and scaled by sigma,1e-06,9.438194910894503e-11,0.005960700907190217,162.56366292003258,15.730377883330041,0.9563721176917077,-0.6726175561688388,protocol_comparison_30seeds/analysis_ws1/per_point/sso_1nm_j1e11_f0p88GHz_0K_warm30_record20_40ppc_2000ovf_predictions.npz
SSO,0.88,100000000000.0,11.395071655847056,small,ws1,sso_1nm_j1e11_f0p88GHz_0K_warm30_record20_40ppc_2000ovf,True,none,0.7,0.3,280,120,0.25,400,8192,128,64,2,3,0,mx,C2N,clean training -> noisy testing; fixed clean-trained readout,0.0,0.001,3,,1726068695,same test standard-normal draw for C2N/N2N and all alpha; scaled by sigma,1e-09,2.3709718060617644e-07,1.283620691225276,8148875.102438648,1030.6129952977521,128.8704327157931,-60.27634539789759,protocol_comparison_30seeds/analysis_ws1/per_point/sso_1nm_j1e11_f0p88GHz_0K_warm30_record20_40ppc_2000ovf_predictions.npz
SSO,0.88,100000000000.0,11.395071655847056,small,ws1,sso_1nm_j1e11_f0p88GHz_0K_warm30_record20_40ppc_2000ovf,True,none,0.7,0.3,280,120,0.25,400,8192,128,64,2,3,0,mx,N2N,noisy training -> independently noisy testing; readout refitted for each training-noise realization,0.001,0.001,3,1647888904,1726068695,independent train/test draws; test draw paired with C2N; draws shared across alpha and scaled by sigma,1e-09,9.441351539175727e-17,0.005960643392917712,162.58392175000944,15.732056212400675,0.9564353392558761,-0.6727212212754377,protocol_comparison_30seeds/analysis_ws1/per_point/sso_1nm_j1e11_f0p88GHz_0K_warm30_record20_40ppc_2000ovf_predictions.npz
SSO,0.88,100000000000.0,11.395071655847056,small,ws1,sso_1nm_j1e11_f0p88GHz_0K_warm30_record20_40ppc_2000ovf,True,none,0.7,0.3,280,120,0.25,400,8192,128,64,2,3,0,mx,C2N,clean training -> noisy testing; fixed clean-trained readout,0.0,0.0001,4,,308912468,same test standard-normal draw for C2N/N2N and all alpha; scaled by sigma,0.001,0.004000965929973453,0.003991639211492325,1058.4282972129672,15.413309433675154,1.6038278907401378,0.4850794435326618,protocol_comparison_30seeds/analysis_ws1/per_point/sso_1nm_j1e11_f0p88GHz_0K_warm30_record20_40ppc_2000ovf_predictions.npz
SSO,0.88,100000000000.0,11.395071655847056,small,ws1,sso_1nm_j1e11_f0p88GHz_0K_warm30_record20_40ppc_2000ovf,True,none,0.7,0.3,280,120,0.25,400,8192,128,64,2,3,0,mx,N2N,noisy training -> independently noisy testing; readout refitted for each training-noise realization,0.0001,0.0001,4,497404976,308912468,independent train/test draws; test draw paired with C2N; draws shared across alpha and scaled by sigma,0.001,0.003483603827357802,0.00407963813338334,987.628002676056,17.297786965493792,1.6367618216658602,0.21879989384794674,protocol_comparison_30seeds/analysis_ws1/per_point/sso_1nm_j1e11_f0p88GHz_0K_warm30_record20_40ppc_2000ovf_predictions.npz
SSO,0.88,100000000000.0,11.395071655847056,small,ws1,sso_1nm_j1e11_f0p88GHz_0K_warm30_record20_40ppc_2000ovf,True,none,0.7,0.3,280,120,0.25,400,8192,128,64,2,3,0,mx,C2N,clean training -> noisy testing; fixed clean-trained readout,0.0,0.0001,4,,308912468,same test standard-normal draw for C2N/N2N and all alpha; scaled by sigma,1e-06,0.00045112913333492,0.0015482003940194213,355409.84915197437,331.68233946389245,32.879078219434604,-4.586712141816346,protocol_comparison_30seeds/analysis_ws1/per_point/sso_1nm_j1e11_f0p88GHz_0K_warm30_record20_40ppc_2000ovf_predictions.npz
SSO,0.88,100000000000.0,11.395071655847056,small,ws1,sso_1nm_j1e11_f0p88GHz_0K_warm30_record20_40ppc_2000ovf,True,none,0.7,0.3,280,120,0.25,400,8192,128,64,2,3,0,mx,N2N,noisy training -> independently noisy testing; readout refitted for each training-noise realization,0.0001,0.0001,4,497404976,308912468,independent train/test draws; test draw paired with C2N; draws shared across alpha and scaled by sigma,1e-06,4.457731726026317e-07,0.0029183403872633444,11172.129181946833,105.63265383546711,5.709723894761826,1.8109809744526602,protocol_comparison_30seeds/analysis_ws1/per_point/sso_1nm_j1e11_f0p88GHz_0K_warm30_record20_40ppc_2000ovf_predictions.npz
SSO,0.88,100000000000.0,11.395071655847056,small,ws1,sso_1nm_j1e11_f0p88GHz_0K_warm30_record20_40ppc_2000ovf,True,none,0.7,0.3,280,120,0.25,400,8192,128,64,2,3,0,mx,C2N,clean training -> noisy testing; fixed clean-trained readout,0.0,0.0001,4,,308912468,same test standard-normal draw for C2N/N2N and all alpha; scaled by sigma,1e-09,2.3709718060617644e-07,0.008630306227820432,8148875.102438648,1030.6129952977521,128.8704327157931,-60.27634539789759,protocol_comparison_30seeds/analysis_ws1/per_point/sso_1nm_j1e11_f0p88GHz_0K_warm30_record20_40ppc_2000ovf_predictions.npz
SSO,0.88,100000000000.0,11.395071655847056,small,ws1,sso_1nm_j1e11_f0p88GHz_0K_warm30_record20_40ppc_2000ovf,True,none,0.7,0.3,280,120,0.25,400,8192,128,64,2,3,0,mx,N2N,noisy training -> independently noisy testing; readout refitted for each training-noise realization,0.0001,0.0001,4,497404976,308912468,independent train/test draws; test draw paired with C2N; draws shared across alpha and scaled by sigma,1e-09,4.571489868667049e-13,0.002916781161733694,11313.520843841708,106.8139278872765,5.7562741312518595,1.857881466600844,protocol_comparison_30seeds/analysis_ws1/per_point/sso_1nm_j1e11_f0p88GHz_0K_warm30_record20_40ppc_2000ovf_predictions.npz
SSO,0.88,100000000000.0,11.395071655847056,small,ws1,sso_1nm_j1e11_f0p88GHz_0K_warm30_record20_40ppc_2000ovf,True,none,0.7,0.3,280,120,0.25,400,8192,128,64,2,3,0,mx,C2N,clean training -> noisy testing; fixed clean-trained readout,0.0,0.001,4,,308912468,same test standard-normal draw for C2N/N2N and all alpha; scaled by sigma,0.001,0.004000965929973453,0.004017483275844078,1058.4282972129672,15.413309433675154,1.6038278907401378,0.4850794435326618,protocol_comparison_30seeds/analysis_ws1/per_point/sso_1nm_j1e11_f0p88GHz_0K_warm30_record20_40ppc_2000ovf_predictions.npz
SSO,0.88,100000000000.0,11.395071655847056,small,ws1,sso_1nm_j1e11_f0p88GHz_0K_warm30_record20_40ppc_2000ovf,True,none,0.7,0.3,280,120,0.25,400,8192,128,64,2,3,0,mx,N2N,noisy training -> independently noisy testing; readout refitted for each training-noise realization,0.001,0.001,4,497404976,308912468,independent train/test draws; test draw paired with C2N; draws shared across alpha and scaled by sigma,0.001,7.273904240461158e-05,0.00618084846228011,142.71276001974095,14.19364753395716,0.8114071598584757,-0.20269595544115182,protocol_comparison_30seeds/analysis_ws1/per_point/sso_1nm_j1e11_f0p88GHz_0K_warm30_record20_40ppc_2000ovf_predictions.npz
SSO,0.88,100000000000.0,11.395071655847056,small,ws1,sso_1nm_j1e11_f0p88GHz_0K_warm30_record20_40ppc_2000ovf,True,none,0.7,0.3,280,120,0.25,400,8192,128,64,2,3,0,mx,C2N,clean training -> noisy testing; fixed clean-trained readout,0.0,0.001,4,,308912468,same test standard-normal draw for C2N/N2N and all alpha; scaled by sigma,1e-06,0.00045112913333492,0.09479324216955844,355409.84915197437,331.68233946389245,32.879078219434604,-4.586712141816346,protocol_comparison_30seeds/analysis_ws1/per_point/sso_1nm_j1e11_f0p88GHz_0K_warm30_record20_40ppc_2000ovf_predictions.npz
SSO,0.88,100000000000.0,11.395071655847056,small,ws1,sso_1nm_j1e11_f0p88GHz_0K_warm30_record20_40ppc_2000ovf,True,none,0.7,0.3,280,120,0.25,400,8192,128,64,2,3,0,mx,N2N,noisy training -> independently noisy testing; readout refitted for each training-noise realization,0.001,0.001,4,497404976,308912468,independent train/test draws; test draw paired with C2N; draws shared across alpha and scaled by sigma,1e-06,9.137220684573426e-11,0.006141703340418298,159.95067347306838,15.639534604908214,0.878262259397444,-0.22430158716058912,protocol_comparison_30seeds/analysis_ws1/per_point/sso_1nm_j1e11_f0p88GHz_0K_warm30_record20_40ppc_2000ovf_predictions.npz
SSO,0.88,100000000000.0,11.395071655847056,small,ws1,sso_1nm_j1e11_f0p88GHz_0K_warm30_record20_40ppc_2000ovf,True,none,0.7,0.3,280,120,0.25,400,8192,128,64,2,3,0,mx,C2N,clean training -> noisy testing; fixed clean-trained readout,0.0,0.001,4,,308912468,same test standard-normal draw for C2N/N2N and all alpha; scaled by sigma,1e-09,2.3709718060617644e-07,0.8632977602482467,8148875.102438648,1030.6129952977521,128.8704327157931,-60.27634539789759,protocol_comparison_30seeds/analysis_ws1/per_point/sso_1nm_j1e11_f0p88GHz_0K_warm30_record20_40ppc_2000ovf_predictions.npz
SSO,0.88,100000000000.0,11.395071655847056,small,ws1,sso_1nm_j1e11_f0p88GHz_0K_warm30_record20_40ppc_2000ovf,True,none,0.7,0.3,280,120,0.25,400,8192,128,64,2,3,0,mx,N2N,noisy training -> independently noisy testing; readout refitted for each training-noise realization,0.001,0.001,4,497404976,308912468,independent train/test draws; test draw paired with C2N; draws shared across alpha and scaled by sigma,1e-09,9.138652075047723e-17,0.006141671580616097,159.97023070770533,15.641168851626977,0.87833711283804,-0.22432502339615634,protocol_comparison_30seeds/analysis_ws1/per_point/sso_1nm_j1e11_f0p88GHz_0K_warm30_record20_40ppc_2000ovf_predictions.npz
SSO,0.88,100000000000.0,11.395071655847056,small,ws1,sso_1nm_j1e11_f0p88GHz_0K_warm30_record20_40ppc_2000ovf,True,none,0.7,0.3,280,120,0.25,400,8192,128,64,2,3,0,mx,C2N,clean training -> noisy testing; fixed clean-trained readout,0.0,0.0001,5,,2345032951,same test standard-normal draw for C2N/N2N and all alpha; scaled by sigma,0.001,0.004000965929973453,0.004009973354466814,1058.4282972129672,15.413309433675154,1.6038278907401378,0.4850794435326618,protocol_comparison_30seeds/analysis_ws1/per_point/sso_1nm_j1e11_f0p88GHz_0K_warm30_record20_40ppc_2000ovf_predictions.npz
SSO,0.88,100000000000.0,11.395071655847056,small,ws1,sso_1nm_j1e11_f0p88GHz_0K_warm30_record20_40ppc_2000ovf,True,none,0.7,0.3,280,120,0.25,400,8192,128,64,2,3,0,mx,N2N,noisy training -> independently noisy testing; readout refitted for each training-noise realization,0.0001,0.0001,5,3273368757,2345032951,independent train/test draws; test draw paired with C2N; draws shared across alpha and scaled by sigma,0.001,0.003469036695255347,0.004063902989002189,985.5608934190271,17.38271960131803,1.635063067024421,1.2308576792244323,protocol_comparison_30seeds/analysis_ws1/per_point/sso_1nm_j1e11_f0p88GHz_0K_warm30_record20_40ppc_2000ovf_predictions.npz
SSO,0.88,100000000000.0,11.395071655847056,small,ws1,sso_1nm_j1e11_f0p88GHz_0K_warm30_record20_40ppc_2000ovf,True,none,0.7,0.3,280,120,0.25,400,8192,128,64,2,3,0,mx,C2N,clean training -> noisy testing; fixed clean-trained readout,0.0,0.0001,5,,2345032951,same test standard-normal draw for C2N/N2N and all alpha; scaled by sigma,1e-06,0.00045112913333492,0.001422432992615307,355409.84915197437,331.68233946389245,32.879078219434604,-4.586712141816346,protocol_comparison_30seeds/analysis_ws1/per_point/sso_1nm_j1e11_f0p88GHz_0K_warm30_record20_40ppc_2000ovf_predictions.npz
SSO,0.88,100000000000.0,11.395071655847056,small,ws1,sso_1nm_j1e11_f0p88GHz_0K_warm30_record20_40ppc_2000ovf,True,none,0.7,0.3,280,120,0.25,400,8192,128,64,2,3,0,mx,N2N,noisy training -> independently noisy testing; readout refitted for each training-noise realization,0.0001,0.0001,5,3273368757,2345032951,independent train/test draws; test draw paired with C2N; draws shared across alpha and scaled by sigma,1e-06,4.036693983388234e-07,0.0026015787588415896,10631.436346982648,103.35553220241077,6.1227351872336495,2.598921346015884,protocol_comparison_30seeds/analysis_ws1/per_point/sso_1nm_j1e11_f0p88GHz_0K_warm30_record20_40ppc_2000ovf_predictions.npz
SSO,0.88,100000000000.0,11.395071655847056,small,ws1,sso_1nm_j1e11_f0p88GHz_0K_warm30_record20_40ppc_2000ovf,True,none,0.7,0.3,280,120,0.25,400,8192,128,64,2,3,0,mx,C2N,clean training -> noisy testing; fixed clean-trained readout,0.0,0.0001,5,,2345032951,same test standard-normal draw for C2N/N2N and all alpha; scaled by sigma,1e-09,2.3709718060617644e-07,0.010506105839564508,8148875.102438648,1030.6129952977521,128.8704327157931,-60.27634539789759,protocol_comparison_30seeds/analysis_ws1/per_point/sso_1nm_j1e11_f0p88GHz_0K_warm30_record20_40ppc_2000ovf_predictions.npz
SSO,0.88,100000000000.0,11.395071655847056,small,ws1,sso_1nm_j1e11_f0p88GHz_0K_warm30_record20_40ppc_2000ovf,True,none,0.7,0.3,280,120,0.25,400,8192,128,64,2,3,0,mx,N2N,noisy training -> independently noisy testing; readout refitted for each training-noise realization,0.0001,0.0001,5,3273368757,2345032951,independent train/test draws; test draw paired with C2N; draws shared across alpha and scaled by sigma,1e-09,4.1339946942678473e-13,0.0025976000903000875,10758.625780940567,104.44875566308085,6.176041351883451,2.603963203846148,protocol_comparison_30seeds/analysis_ws1/per_point/sso_1nm_j1e11_f0p88GHz_0K_warm30_record20_40ppc_2000ovf_predictions.npz
SSO,0.88,100000000000.0,11.395071655847056,small,ws1,sso_1nm_j1e11_f0p88GHz_0K_warm30_record20_40ppc_2000ovf,True,none,0.7,0.3,280,120,0.25,400,8192,128,64,2,3,0,mx,C2N,clean training -> noisy testing; fixed clean-trained readout,0.0,0.001,5,,2345032951,same test standard-normal draw for C2N/N2N and all alpha; scaled by sigma,0.001,0.004000965929973453,0.004227148993376003,1058.4282972129672,15.413309433675154,1.6038278907401378,0.4850794435326618,protocol_comparison_30seeds/analysis_ws1/per_point/sso_1nm_j1e11_f0p88GHz_0K_warm30_record20_40ppc_2000ovf_predictions.npz
SSO,0.88,100000000000.0,11.395071655847056,small,ws1,sso_1nm_j1e11_f0p88GHz_0K_warm30_record20_40ppc_2000ovf,True,none,0.7,0.3,280,120,0.25,400,8192,128,64,2,3,0,mx,N2N,noisy training -> independently noisy testing; readout refitted for each training-noise realization,0.001,0.001,5,3273368757,2345032951,independent train/test draws; test draw paired with C2N; draws shared across alpha and scaled by sigma,0.001,7.291882480148873e-05,0.006138282535474163,142.8890161750601,14.223645235490281,0.8000373435058133,2.0520271018401544,protocol_comparison_30seeds/analysis_ws1/per_point/sso_1nm_j1e11_f0p88GHz_0K_warm30_record20_40ppc_2000ovf_predictions.npz
SSO,0.88,100000000000.0,11.395071655847056,small,ws1,sso_1nm_j1e11_f0p88GHz_0K_warm30_record20_40ppc_2000ovf,True,none,0.7,0.3,280,120,0.25,400,8192,128,64,2,3,0,mx,C2N,clean training -> noisy testing; fixed clean-trained readout,0.0,0.001,5,,2345032951,same test standard-normal draw for C2N/N2N and all alpha; scaled by sigma,1e-06,0.00045112913333492,0.1074744261294252,355409.84915197437,331.68233946389245,32.879078219434604,-4.586712141816346,protocol_comparison_30seeds/analysis_ws1/per_point/sso_1nm_j1e11_f0p88GHz_0K_warm30_record20_40ppc_2000ovf_predictions.npz
SSO,0.88,100000000000.0,11.395071655847056,small,ws1,sso_1nm_j1e11_f0p88GHz_0K_warm30_record20_40ppc_2000ovf,True,none,0.7,0.3,280,120,0.25,400,8192,128,64,2,3,0,mx,N2N,noisy training -> independently noisy testing; readout refitted for each training-noise realization,0.001,0.001,5,3273368757,2345032951,independent train/test draws; test draw paired with C2N; draws shared across alpha and scaled by sigma,1e-06,9.135207119553737e-11,0.006072033749870992,159.93304373748552,15.669223974571185,0.8615623083994772,2.218584613071233,protocol_comparison_30seeds/analysis_ws1/per_point/sso_1nm_j1e11_f0p88GHz_0K_warm30_record20_40ppc_2000ovf_predictions.npz
SSO,0.88,100000000000.0,11.395071655847056,small,ws1,sso_1nm_j1e11_f0p88GHz_0K_warm30_record20_40ppc_2000ovf,True,none,0.7,0.3,280,120,0.25,400,8192,128,64,2,3,0,mx,C2N,clean training -> noisy testing; fixed clean-trained readout,0.0,0.001,5,,2345032951,same test standard-normal draw for C2N/N2N and all alpha; scaled by sigma,1e-09,2.3709718060617644e-07,1.051313972130264,8148875.102438648,1030.6129952977521,128.8704327157931,-60.27634539789759,protocol_comparison_30seeds/analysis_ws1/per_point/sso_1nm_j1e11_f0p88GHz_0K_warm30_record20_40ppc_2000ovf_predictions.npz
SSO,0.88,100000000000.0,11.395071655847056,small,ws1,sso_1nm_j1e11_f0p88GHz_0K_warm30_record20_40ppc_2000ovf,True,none,0.7,0.3,280,120,0.25,400,8192,128,64,2,3,0,mx,N2N,noisy training -> independently noisy testing; readout refitted for each training-noise realization,0.001,0.001,5,3273368757,2345032951,independent train/test draws; test draw paired with C2N; draws shared across alpha and scaled by sigma,1e-09,9.137956495694844e-17,0.006071971525733979,159.95233189041141,15.670854764176811,0.861630876996626,2.21877331650257,protocol_comparison_30seeds/analysis_ws1/per_point/sso_1nm_j1e11_f0p88GHz_0K_warm30_record20_40ppc_2000ovf_predictions.npz
SSO,0.88,100000000000.0,11.395071655847056,small,ws1,sso_1nm_j1e11_f0p88GHz_0K_warm30_record20_40ppc_2000ovf,True,none,0.7,0.3,280,120,0.25,400,8192,128,64,2,3,0,mx,C2N,clean training -> noisy testing; fixed clean-trained readout,0.0,0.0001,6,,4265938663,same test standard-normal draw for C2N/N2N and all alpha; scaled by sigma,0.001,0.004000965929973453,0.003971203729217836,1058.4282972129672,15.413309433675154,1.6038278907401378,0.4850794435326618,protocol_comparison_30seeds/analysis_ws1/per_point/sso_1nm_j1e11_f0p88GHz_0K_warm30_record20_40ppc_2000ovf_predictions.npz
SSO,0.88,100000000000.0,11.395071655847056,small,ws1,sso_1nm_j1e11_f0p88GHz_0K_warm30_record20_40ppc_2000ovf,True,none,0.7,0.3,280,120,0.25,400,8192,128,64,2,3,0,mx,N2N,noisy training -> independently noisy testing; readout refitted for each training-noise realization,0.0001,0.0001,6,2103523575,4265938663,independent train/test draws; test draw paired with C2N; draws shared across alpha and scaled by sigma,0.001,0.0034591893619834524,0.0040497707570901174,984.1610748512873,17.341545055311666,1.6478750065303365,0.13252606216020596,protocol_comparison_30seeds/analysis_ws1/per_point/sso_1nm_j1e11_f0p88GHz_0K_warm30_record20_40ppc_2000ovf_predictions.npz
SSO,0.88,100000000000.0,11.395071655847056,small,ws1,sso_1nm_j1e11_f0p88GHz_0K_warm30_record20_40ppc_2000ovf,True,none,0.7,0.3,280,120,0.25,400,8192,128,64,2,3,0,mx,C2N,clean training -> noisy testing; fixed clean-trained readout,0.0,0.0001,6,,4265938663,same test standard-normal draw for C2N/N2N and all alpha; scaled by sigma,1e-06,0.00045112913333492,0.001540293659867543,355409.84915197437,331.68233946389245,32.879078219434604,-4.586712141816346,protocol_comparison_30seeds/analysis_ws1/per_point/sso_1nm_j1e11_f0p88GHz_0K_warm30_record20_40ppc_2000ovf_predictions.npz
SSO,0.88,100000000000.0,11.395071655847056,small,ws1,sso_1nm_j1e11_f0p88GHz_0K_warm30_record20_40ppc_2000ovf,True,none,0.7,0.3,280,120,0.25,400,8192,128,64,2,3,0,mx,N2N,noisy training -> independently noisy testing; readout refitted for each training-noise realization,0.0001,0.0001,6,2103523575,4265938663,independent train/test draws; test draw paired with C2N; draws shared across alpha and scaled by sigma,1e-06,4.2692587937904153e-07,0.0028777777140736108,10933.40085169494,104.4667734728003,5.4602720613752105,-9.103860295012932,protocol_comparison_30seeds/analysis_ws1/per_point/sso_1nm_j1e11_f0p88GHz_0K_warm30_record20_40ppc_2000ovf_predictions.npz
SSO,0.88,100000000000.0,11.395071655847056,small,ws1,sso_1nm_j1e11_f0p88GHz_0K_warm30_record20_40ppc_2000ovf,True,none,0.7,0.3,280,120,0.25,400,8192,128,64,2,3,0,mx,C2N,clean training -> noisy testing; fixed clean-trained readout,0.0,0.0001,6,,4265938663,same test standard-normal draw for C2N/N2N and all alpha; scaled by sigma,1e-09,2.3709718060617644e-07,0.009742872877936442,8148875.102438648,1030.6129952977521,128.8704327157931,-60.27634539789759,protocol_comparison_30seeds/analysis_ws1/per_point/sso_1nm_j1e11_f0p88GHz_0K_warm30_record20_40ppc_2000ovf_predictions.npz
SSO,0.88,100000000000.0,11.395071655847056,small,ws1,sso_1nm_j1e11_f0p88GHz_0K_warm30_record20_40ppc_2000ovf,True,none,0.7,0.3,280,120,0.25,400,8192,128,64,2,3,0,mx,N2N,noisy training -> independently noisy testing; readout refitted for each training-noise realization,0.0001,0.0001,6,2103523575,4265938663,independent train/test draws; test draw paired with C2N; draws shared across alpha and scaled by sigma,1e-09,4.3750720421522846e-13,0.0028769445792362156,11068.642378160888,105.61069979849302,5.531339801088953,-9.237343130855354,protocol_comparison_30seeds/analysis_ws1/per_point/sso_1nm_j1e11_f0p88GHz_0K_warm30_record20_40ppc_2000ovf_predictions.npz
SSO,0.88,100000000000.0,11.395071655847056,small,ws1,sso_1nm_j1e11_f0p88GHz_0K_warm30_record20_40ppc_2000ovf,True,none,0.7,0.3,280,120,0.25,400,8192,128,64,2,3,0,mx,C2N,clean training -> noisy testing; fixed clean-trained readout,0.0,0.001,6,,4265938663,same test standard-normal draw for C2N/N2N and all alpha; scaled by sigma,0.001,0.004000965929973453,0.0037957580859415345,1058.4282972129672,15.413309433675154,1.6038278907401378,0.4850794435326618,protocol_comparison_30seeds/analysis_ws1/per_point/sso_1nm_j1e11_f0p88GHz_0K_warm30_record20_40ppc_2000ovf_predictions.npz
SSO,0.88,100000000000.0,11.395071655847056,small,ws1,sso_1nm_j1e11_f0p88GHz_0K_warm30_record20_40ppc_2000ovf,True,none,0.7,0.3,280,120,0.25,400,8192,128,64,2,3,0,mx,N2N,noisy training -> independently noisy testing; readout refitted for each training-noise realization,0.001,0.001,6,2103523575,4265938663,independent train/test draws; test draw paired with C2N; draws shared across alpha and scaled by sigma,0.001,7.331239528029749e-05,0.006048942254182643,143.2741102899068,14.183914579572145,0.8967015852501193,0.24468325079017328,protocol_comparison_30seeds/analysis_ws1/per_point/sso_1nm_j1e11_f0p88GHz_0K_warm30_record20_40ppc_2000ovf_predictions.npz
SSO,0.88,100000000000.0,11.395071655847056,small,ws1,sso_1nm_j1e11_f0p88GHz_0K_warm30_record20_40ppc_2000ovf,True,none,0.7,0.3,280,120,0.25,400,8192,128,64,2,3,0,mx,C2N,clean training -> noisy testing; fixed clean-trained readout,0.0,0.001,6,,4265938663,same test standard-normal draw for C2N/N2N and all alpha; scaled by sigma,1e-06,0.00045112913333492,0.1065494954902024,355409.84915197437,331.68233946389245,32.879078219434604,-4.586712141816346,protocol_comparison_30seeds/analysis_ws1/per_point/sso_1nm_j1e11_f0p88GHz_0K_warm30_record20_40ppc_2000ovf_predictions.npz
SSO,0.88,100000000000.0,11.395071655847056,small,ws1,sso_1nm_j1e11_f0p88GHz_0K_warm30_record20_40ppc_2000ovf,True,none,0.7,0.3,280,120,0.25,400,8192,128,64,2,3,0,mx,N2N,noisy training -> independently noisy testing; readout refitted for each training-noise realization,0.001,0.001,6,2103523575,4265938663,independent train/test draws; test draw paired with C2N; draws shared across alpha and scaled by sigma,1e-06,9.228487761568686e-11,0.0060037940063753055,160.74752072665052,15.642345646095528,0.9670836361941532,0.19644916938873547,protocol_comparison_30seeds/analysis_ws1/per_point/sso_1nm_j1e11_f0p88GHz_0K_warm30_record20_40ppc_2000ovf_predictions.npz
SSO,0.88,100000000000.0,11.395071655847056,small,ws1,sso_1nm_j1e11_f0p88GHz_0K_warm30_record20_40ppc_2000ovf,True,none,0.7,0.3,280,120,0.25,400,8192,128,64,2,3,0,mx,C2N,clean training -> noisy testing; fixed clean-trained readout,0.0,0.001,6,,4265938663,same test standard-normal draw for C2N/N2N and all alpha; scaled by sigma,1e-09,2.3709718060617644e-07,0.9722082281285441,8148875.102438648,1030.6129952977521,128.8704327157931,-60.27634539789759,protocol_comparison_30seeds/analysis_ws1/per_point/sso_1nm_j1e11_f0p88GHz_0K_warm30_record20_40ppc_2000ovf_predictions.npz
SSO,0.88,100000000000.0,11.395071655847056,small,ws1,sso_1nm_j1e11_f0p88GHz_0K_warm30_record20_40ppc_2000ovf,True,none,0.7,0.3,280,120,0.25,400,8192,128,64,2,3,0,mx,N2N,noisy training -> independently noisy testing; readout refitted for each training-noise realization,0.001,0.001,6,2103523575,4265938663,independent train/test draws; test draw paired with C2N; draws shared across alpha and scaled by sigma,1e-09,9.231106743547141e-17,0.006003756639315203,160.7673589662021,15.64399591991728,0.9671619451029744,0.1963927108866259,protocol_comparison_30seeds/analysis_ws1/per_point/sso_1nm_j1e11_f0p88GHz_0K_warm30_record20_40ppc_2000ovf_predictions.npz
SSO,0.88,100000000000.0,11.395071655847056,small,ws1,sso_1nm_j1e11_f0p88GHz_0K_warm30_record20_40ppc_2000ovf,True,none,0.7,0.3,280,120,0.25,400,8192,128,64,2,3,0,mx,C2N,clean training -> noisy testing; fixed clean-trained readout,0.0,0.0001,7,,1742721668,same test standard-normal draw for C2N/N2N and all alpha; scaled by sigma,0.001,0.004000965929973453,0.0040256382361490714,1058.4282972129672,15.413309433675154,1.6038278907401378,0.4850794435326618,protocol_comparison_30seeds/analysis_ws1/per_point/sso_1nm_j1e11_f0p88GHz_0K_warm30_record20_40ppc_2000ovf_predictions.npz
SSO,0.88,100000000000.0,11.395071655847056,small,ws1,sso_1nm_j1e11_f0p88GHz_0K_warm30_record20_40ppc_2000ovf,True,none,0.7,0.3,280,120,0.25,400,8192,128,64,2,3,0,mx,N2N,noisy training -> independently noisy testing; readout refitted for each training-noise realization,0.0001,0.0001,7,2733633402,1742721668,independent train/test draws; test draw paired with C2N; draws shared across alpha and scaled by sigma,0.001,0.0034566351297913517,0.004084515085148929,983.797660320459,17.379487852229786,1.618570723325425,-0.38974523945384376,protocol_comparison_30seeds/analysis_ws1/per_point/sso_1nm_j1e11_f0p88GHz_0K_warm30_record20_40ppc_2000ovf_predictions.npz
SSO,0.88,100000000000.0,11.395071655847056,small,ws1,sso_1nm_j1e11_f0p88GHz_0K_warm30_record20_40ppc_2000ovf,True,none,0.7,0.3,280,120,0.25,400,8192,128,64,2,3,0,mx,C2N,clean training -> noisy testing; fixed clean-trained readout,0.0,0.0001,7,,1742721668,same test standard-normal draw for C2N/N2N and all alpha; scaled by sigma,1e-06,0.00045112913333492,0.0017655993222854785,355409.84915197437,331.68233946389245,32.879078219434604,-4.586712141816346,protocol_comparison_30seeds/analysis_ws1/per_point/sso_1nm_j1e11_f0p88GHz_0K_warm30_record20_40ppc_2000ovf_predictions.npz
SSO,0.88,100000000000.0,11.395071655847056,small,ws1,sso_1nm_j1e11_f0p88GHz_0K_warm30_record20_40ppc_2000ovf,True,none,0.7,0.3,280,120,0.25,400,8192,128,64,2,3,0,mx,N2N,noisy training -> independently noisy testing; readout refitted for each training-noise realization,0.0001,0.0001,7,2733633402,1742721668,independent train/test draws; test draw paired with C2N; draws shared across alpha and scaled by sigma,1e-06,4.2595778408469577e-07,0.002712425597615024,10920.996653905868,104.27485265270697,5.653694082220217,-13.814732020854843,protocol_comparison_30seeds/analysis_ws1/per_point/sso_1nm_j1e11_f0p88GHz_0K_warm30_record20_40ppc_2000ovf_predictions.npz
SSO,0.88,100000000000.0,11.395071655847056,small,ws1,sso_1nm_j1e11_f0p88GHz_0K_warm30_record20_40ppc_2000ovf,True,none,0.7,0.3,280,120,0.25,400,8192,128,64,2,3,0,mx,C2N,clean training -> noisy testing; fixed clean-trained readout,0.0,0.0001,7,,1742721668,same test standard-normal draw for C2N/N2N and all alpha; scaled by sigma,1e-09,2.3709718060617644e-07,0.012892091949184973,8148875.102438648,1030.6129952977521,128.8704327157931,-60.27634539789759,protocol_comparison_30seeds/analysis_ws1/per_point/sso_1nm_j1e11_f0p88GHz_0K_warm30_record20_40ppc_2000ovf_predictions.npz
SSO,0.88,100000000000.0,11.395071655847056,small,ws1,sso_1nm_j1e11_f0p88GHz_0K_warm30_record20_40ppc_2000ovf,True,none,0.7,0.3,280,120,0.25,400,8192,128,64,2,3,0,mx,N2N,noisy training -> independently noisy testing; readout refitted for each training-noise realization,0.0001,0.0001,7,2733633402,1742721668,independent train/test draws; test draw paired with C2N; draws shared across alpha and scaled by sigma,1e-09,4.365889493980391e-13,0.0027084766142007324,11056.662147987923,105.41830655498362,5.706887475261924,-14.03234165179044,protocol_comparison_30seeds/analysis_ws1/per_point/sso_1nm_j1e11_f0p88GHz_0K_warm30_record20_40ppc_2000ovf_predictions.npz
SSO,0.88,100000000000.0,11.395071655847056,small,ws1,sso_1nm_j1e11_f0p88GHz_0K_warm30_record20_40ppc_2000ovf,True,none,0.7,0.3,280,120,0.25,400,8192,128,64,2,3,0,mx,C2N,clean training -> noisy testing; fixed clean-trained readout,0.0,0.001,7,,1742721668,same test standard-normal draw for C2N/N2N and all alpha; scaled by sigma,0.001,0.004000965929973453,0.004322076120599259,1058.4282972129672,15.413309433675154,1.6038278907401378,0.4850794435326618,protocol_comparison_30seeds/analysis_ws1/per_point/sso_1nm_j1e11_f0p88GHz_0K_warm30_record20_40ppc_2000ovf_predictions.npz
SSO,0.88,100000000000.0,11.395071655847056,small,ws1,sso_1nm_j1e11_f0p88GHz_0K_warm30_record20_40ppc_2000ovf,True,none,0.7,0.3,280,120,0.25,400,8192,128,64,2,3,0,mx,N2N,noisy training -> independently noisy testing; readout refitted for each training-noise realization,0.001,0.001,7,2733633402,1742721668,independent train/test draws; test draw paired with C2N; draws shared across alpha and scaled by sigma,0.001,7.322019966995056e-05,0.00622126963236461,143.1839931994923,14.189704502629109,0.8849113779917904,-1.1304986827503796,protocol_comparison_30seeds/analysis_ws1/per_point/sso_1nm_j1e11_f0p88GHz_0K_warm30_record20_40ppc_2000ovf_predictions.npz
SSO,0.88,100000000000.0,11.395071655847056,small,ws1,sso_1nm_j1e11_f0p88GHz_0K_warm30_record20_40ppc_2000ovf,True,none,0.7,0.3,280,120,0.25,400,8192,128,64,2,3,0,mx,C2N,clean training -> noisy testing; fixed clean-trained readout,0.0,0.001,7,,1742721668,same test standard-normal draw for C2N/N2N and all alpha; scaled by sigma,1e-06,0.00045112913333492,0.13804115059292585,355409.84915197437,331.68233946389245,32.879078219434604,-4.586712141816346,protocol_comparison_30seeds/analysis_ws1/per_point/sso_1nm_j1e11_f0p88GHz_0K_warm30_record20_40ppc_2000ovf_predictions.npz
SSO,0.88,100000000000.0,11.395071655847056,small,ws1,sso_1nm_j1e11_f0p88GHz_0K_warm30_record20_40ppc_2000ovf,True,none,0.7,0.3,280,120,0.25,400,8192,128,64,2,3,0,mx,N2N,noisy training -> independently noisy testing; readout refitted for each training-noise realization,0.001,0.001,7,2733633402,1742721668,independent train/test draws; test draw paired with C2N; draws shared across alpha and scaled by sigma,1e-06,9.215743156789756e-11,0.006158461042110322,160.6364842274516,15.64578947128814,0.940982075784671,-1.3408199101939526,protocol_comparison_30seeds/analysis_ws1/per_point/sso_1nm_j1e11_f0p88GHz_0K_warm30_record20_40ppc_2000ovf_predictions.npz
SSO,0.88,100000000000.0,11.395071655847056,small,ws1,sso_1nm_j1e11_f0p88GHz_0K_warm30_record20_40ppc_2000ovf,True,none,0.7,0.3,280,120,0.25,400,8192,128,64,2,3,0,mx,C2N,clean training -> noisy testing; fixed clean-trained readout,0.0,0.001,7,,1742721668,same test standard-normal draw for C2N/N2N and all alpha; scaled by sigma,1e-09,2.3709718060617644e-07,1.2896746166384918,8148875.102438648,1030.6129952977521,128.8704327157931,-60.27634539789759,protocol_comparison_30seeds/analysis_ws1/per_point/sso_1nm_j1e11_f0p88GHz_0K_warm30_record20_40ppc_2000ovf_predictions.npz
SSO,0.88,100000000000.0,11.395071655847056,small,ws1,sso_1nm_j1e11_f0p88GHz_0K_warm30_record20_40ppc_2000ovf,True,none,0.7,0.3,280,120,0.25,400,8192,128,64,2,3,0,mx,N2N,noisy training -> independently noisy testing; readout refitted for each training-noise realization,0.001,0.001,7,2733633402,1742721668,independent train/test draws; test draw paired with C2N; draws shared across alpha and scaled by sigma,1e-09,9.217796934004117e-17,0.006158402012831568,160.65630736459036,15.64743710347181,0.941043304392345,-1.3410605716568154,protocol_comparison_30seeds/analysis_ws1/per_point/sso_1nm_j1e11_f0p88GHz_0K_warm30_record20_40ppc_2000ovf_predictions.npz
SSO,0.88,100000000000.0,11.395071655847056,small,ws1,sso_1nm_j1e11_f0p88GHz_0K_warm30_record20_40ppc_2000ovf,True,none,0.7,0.3,280,120,0.25,400,8192,128,64,2,3,0,mx,C2N,clean training -> noisy testing; fixed clean-trained readout,0.0,0.0001,8,,359881685,same test standard-normal draw for C2N/N2N and all alpha; scaled by sigma,0.001,0.004000965929973453,0.004021447367935355,1058.4282972129672,15.413309433675154,1.6038278907401378,0.4850794435326618,protocol_comparison_30seeds/analysis_ws1/per_point/sso_1nm_j1e11_f0p88GHz_0K_warm30_record20_40ppc_2000ovf_predictions.npz
SSO,0.88,100000000000.0,11.395071655847056,small,ws1,sso_1nm_j1e11_f0p88GHz_0K_warm30_record20_40ppc_2000ovf,True,none,0.7,0.3,280,120,0.25,400,8192,128,64,2,3,0,mx,N2N,noisy training -> independently noisy testing; readout refitted for each training-noise realization,0.0001,0.0001,8,2281653415,359881685,independent train/test draws; test draw paired with C2N; draws shared across alpha and scaled by sigma,0.001,0.0034661775211991897,0.0040822318501626004,985.1546609156046,17.351487052286497,1.6444287142066354,-0.974060453571205,protocol_comparison_30seeds/analysis_ws1/per_point/sso_1nm_j1e11_f0p88GHz_0K_warm30_record20_40ppc_2000ovf_predictions.npz
SSO,0.88,100000000000.0,11.395071655847056,small,ws1,sso_1nm_j1e11_f0p88GHz_0K_warm30_record20_40ppc_2000ovf,True,none,0.7,0.3,280,120,0.25,400,8192,128,64,2,3,0,mx,C2N,clean training -> noisy testing; fixed clean-trained readout,0.0,0.0001,8,,359881685,same test standard-normal draw for C2N/N2N and all alpha; scaled by sigma,1e-06,0.00045112913333492,0.0012666801634383259,355409.84915197437,331.68233946389245,32.879078219434604,-4.586712141816346,protocol_comparison_30seeds/analysis_ws1/per_point/sso_1nm_j1e11_f0p88GHz_0K_warm30_record20_40ppc_2000ovf_predictions.npz
SSO,0.88,100000000000.0,11.395071655847056,small,ws1,sso_1nm_j1e11_f0p88GHz_0K_warm30_record20_40ppc_2000ovf,True,none,0.7,0.3,280,120,0.25,400,8192,128,64,2,3,0,mx,N2N,noisy training -> independently noisy testing; readout refitted for each training-noise realization,0.0001,0.0001,8,2281653415,359881685,independent train/test draws; test draw paired with C2N; draws shared across alpha and scaled by sigma,1e-06,4.0566890986515794e-07,0.0027770397822703555,10657.735199334591,103.50215551973164,6.169032004590826,-18.07846646274883,protocol_comparison_30seeds/analysis_ws1/per_point/sso_1nm_j1e11_f0p88GHz_0K_warm30_record20_40ppc_2000ovf_predictions.npz
SSO,0.88,100000000000.0,11.395071655847056,small,ws1,sso_1nm_j1e11_f0p88GHz_0K_warm30_record20_40ppc_2000ovf,True,none,0.7,0.3,280,120,0.25,400,8192,128,64,2,3,0,mx,C2N,clean training -> noisy testing; fixed clean-trained readout,0.0,0.0001,8,,359881685,same test standard-normal draw for C2N/N2N and all alpha; scaled by sigma,1e-09,2.3709718060617644e-07,0.009811730093813042,8148875.102438648,1030.6129952977521,128.8704327157931,-60.27634539789759,protocol_comparison_30seeds/analysis_ws1/per_point/sso_1nm_j1e11_f0p88GHz_0K_warm30_record20_40ppc_2000ovf_predictions.npz
SSO,0.88,100000000000.0,11.395071655847056,small,ws1,sso_1nm_j1e11_f0p88GHz_0K_warm30_record20_40ppc_2000ovf,True,none,0.7,0.3,280,120,0.25,400,8192,128,64,2,3,0,mx,N2N,noisy training -> independently noisy testing; readout refitted for each training-noise realization,0.0001,0.0001,8,2281653415,359881685,independent train/test draws; test draw paired with C2N; draws shared across alpha and scaled by sigma,1e-09,4.154262290501653e-13,0.002773857643727601,10785.135282009289,104.59922058098246,6.212224117054407,-18.28740196085374,protocol_comparison_30seeds/analysis_ws1/per_point/sso_1nm_j1e11_f0p88GHz_0K_warm30_record20_40ppc_2000ovf_predictions.npz
SSO,0.88,100000000000.0,11.395071655847056,small,ws1,sso_1nm_j1e11_f0p88GHz_0K_warm30_record20_40ppc_2000ovf,True,none,0.7,0.3,280,120,0.25,400,8192,128,64,2,3,0,mx,C2N,clean training -> noisy testing; fixed clean-trained readout,0.0,0.001,8,,359881685,same test standard-normal draw for C2N/N2N and all alpha; scaled by sigma,0.001,0.004000965929973453,0.004280362550075649,1058.4282972129672,15.413309433675154,1.6038278907401378,0.4850794435326618,protocol_comparison_30seeds/analysis_ws1/per_point/sso_1nm_j1e11_f0p88GHz_0K_warm30_record20_40ppc_2000ovf_predictions.npz
SSO,0.88,100000000000.0,11.395071655847056,small,ws1,sso_1nm_j1e11_f0p88GHz_0K_warm30_record20_40ppc_2000ovf,True,none,0.7,0.3,280,120,0.25,400,8192,128,64,2,3,0,mx,N2N,noisy training -> independently noisy testing; readout refitted for each training-noise realization,0.001,0.001,8,2281653415,359881685,independent train/test draws; test draw paired with C2N; draws shared across alpha and scaled by sigma,0.001,7.44933329710341e-05,0.006028716906228826,144.4234511212785,14.233512375154866,0.8796941092032209,-1.1036529871620233,protocol_comparison_30seeds/analysis_ws1/per_point/sso_1nm_j1e11_f0p88GHz_0K_warm30_record20_40ppc_2000ovf_predictions.npz
SSO,0.88,100000000000.0,11.395071655847056,small,ws1,sso_1nm_j1e11_f0p88GHz_0K_warm30_record20_40ppc_2000ovf,True,none,0.7,0.3,280,120,0.25,400,8192,128,64,2,3,0,mx,C2N,clean training -> noisy testing; fixed clean-trained readout,0.0,0.001,8,,359881685,same test standard-normal draw for C2N/N2N and all alpha; scaled by sigma,1e-06,0.00045112913333492,0.09145861614010466,355409.84915197437,331.68233946389245,32.879078219434604,-4.586712141816346,protocol_comparison_30seeds/analysis_ws1/per_point/sso_1nm_j1e11_f0p88GHz_0K_warm30_record20_40ppc_2000ovf_predictions.npz
SSO,0.88,100000000000.0,11.395071655847056,small,ws1,sso_1nm_j1e11_f0p88GHz_0K_warm30_record20_40ppc_2000ovf,True,none,0.7,0.3,280,120,0.25,400,8192,128,64,2,3,0,mx,N2N,noisy training -> independently noisy testing; readout refitted for each training-noise realization,0.001,0.001,8,2281653415,359881685,independent train/test draws; test draw paired with C2N; draws shared across alpha and scaled by sigma,1e-06,9.398652436119281e-11,0.005958934613182163,162.22276018796794,15.710498417170388,0.942608175340099,-1.2764961769754,protocol_comparison_30seeds/analysis_ws1/per_point/sso_1nm_j1e11_f0p88GHz_0K_warm30_record20_40ppc_2000ovf_predictions.npz
SSO,0.88,100000000000.0,11.395071655847056,small,ws1,sso_1nm_j1e11_f0p88GHz_0K_warm30_record20_40ppc_2000ovf,True,none,0.7,0.3,280,120,0.25,400,8192,128,64,2,3,0,mx,C2N,clean training -> noisy testing; fixed clean-trained readout,0.0,0.001,8,,359881685,same test standard-normal draw for C2N/N2N and all alpha; scaled by sigma,1e-09,2.3709718060617644e-07,0.9811905341356882,8148875.102438648,1030.6129952977521,128.8704327157931,-60.27634539789759,protocol_comparison_30seeds/analysis_ws1/per_point/sso_1nm_j1e11_f0p88GHz_0K_warm30_record20_40ppc_2000ovf_predictions.npz
SSO,0.88,100000000000.0,11.395071655847056,small,ws1,sso_1nm_j1e11_f0p88GHz_0K_warm30_record20_40ppc_2000ovf,True,none,0.7,0.3,280,120,0.25,400,8192,128,64,2,3,0,mx,N2N,noisy training -> independently noisy testing; readout refitted for each training-noise realization,0.001,0.001,8,2281653415,359881685,independent train/test draws; test draw paired with C2N; draws shared across alpha and scaled by sigma,1e-09,9.401116541904285e-17,0.005958868337563307,162.24299089038212,15.712171829591558,0.9426779055652535,-1.276691186926324,protocol_comparison_30seeds/analysis_ws1/per_point/sso_1nm_j1e11_f0p88GHz_0K_warm30_record20_40ppc_2000ovf_predictions.npz
SSO,0.88,100000000000.0,11.395071655847056,small,ws1,sso_1nm_j1e11_f0p88GHz_0K_warm30_record20_40ppc_2000ovf,True,none,0.7,0.3,280,120,0.25,400,8192,128,64,2,3,0,mx,C2N,clean training -> noisy testing; fixed clean-trained readout,0.0,0.0001,9,,2429591414,same test standard-normal draw for C2N/N2N and all alpha; scaled by sigma,0.001,0.004000965929973453,0.0040543178648274995,1058.4282972129672,15.413309433675154,1.6038278907401378,0.4850794435326618,protocol_comparison_30seeds/analysis_ws1/per_point/sso_1nm_j1e11_f0p88GHz_0K_warm30_record20_40ppc_2000ovf_predictions.npz
SSO,0.88,100000000000.0,11.395071655847056,small,ws1,sso_1nm_j1e11_f0p88GHz_0K_warm30_record20_40ppc_2000ovf,True,none,0.7,0.3,280,120,0.25,400,8192,128,64,2,3,0,mx,N2N,noisy training -> independently noisy testing; readout refitted for each training-noise realization,0.0001,0.0001,9,1553067050,2429591414,independent train/test draws; test draw paired with C2N; draws shared across alpha and scaled by sigma,0.001,0.0034635777054992625,0.004110077366893285,984.7851326712457,17.35538568753163,1.704789253937234,-0.33454560908188435,protocol_comparison_30seeds/analysis_ws1/per_point/sso_1nm_j1e11_f0p88GHz_0K_warm30_record20_40ppc_2000ovf_predictions.npz
SSO,0.88,100000000000.0,11.395071655847056,small,ws1,sso_1nm_j1e11_f0p88GHz_0K_warm30_record20_40ppc_2000ovf,True,none,0.7,0.3,280,120,0.25,400,8192,128,64,2,3,0,mx,C2N,clean training -> noisy testing; fixed clean-trained readout,0.0,0.0001,9,,2429591414,same test standard-normal draw for C2N/N2N and all alpha; scaled by sigma,1e-06,0.00045112913333492,0.001312661061770785,355409.84915197437,331.68233946389245,32.879078219434604,-4.586712141816346,protocol_comparison_30seeds/analysis_ws1/per_point/sso_1nm_j1e11_f0p88GHz_0K_warm30_record20_40ppc_2000ovf_predictions.npz
SSO,0.88,100000000000.0,11.395071655847056,small,ws1,sso_1nm_j1e11_f0p88GHz_0K_warm30_record20_40ppc_2000ovf,True,none,0.7,0.3,280,120,0.25,400,8192,128,64,2,3,0,mx,N2N,noisy training -> independently noisy testing; readout refitted for each training-noise realization,0.0001,0.0001,9,1553067050,2429591414,independent train/test draws; test draw paired with C2N; draws shared across alpha and scaled by sigma,1e-06,4.111968349733606e-07,0.0027915145969285853,10730.102733995498,103.7771446161199,6.619458458585184,-8.172300728662705,protocol_comparison_30seeds/analysis_ws1/per_point/sso_1nm_j1e11_f0p88GHz_0K_warm30_record20_40ppc_2000ovf_predictions.npz
SSO,0.88,100000000000.0,11.395071655847056,small,ws1,sso_1nm_j1e11_f0p88GHz_0K_warm30_record20_40ppc_2000ovf,True,none,0.7,0.3,280,120,0.25,400,8192,128,64,2,3,0,mx,C2N,clean training -> noisy testing; fixed clean-trained readout,0.0,0.0001,9,,2429591414,same test standard-normal draw for C2N/N2N and all alpha; scaled by sigma,1e-09,2.3709718060617644e-07,0.010000962890880712,8148875.102438648,1030.6129952977521,128.8704327157931,-60.27634539789759,protocol_comparison_30seeds/analysis_ws1/per_point/sso_1nm_j1e11_f0p88GHz_0K_warm30_record20_40ppc_2000ovf_predictions.npz
SSO,0.88,100000000000.0,11.395071655847056,small,ws1,sso_1nm_j1e11_f0p88GHz_0K_warm30_record20_40ppc_2000ovf,True,none,0.7,0.3,280,120,0.25,400,8192,128,64,2,3,0,mx,N2N,noisy training -> independently noisy testing; readout refitted for each training-noise realization,0.0001,0.0001,9,1553067050,2429591414,independent train/test draws; test draw paired with C2N; draws shared across alpha and scaled by sigma,1e-09,4.2115977247855085e-13,0.0027877264905511994,10859.52571014768,104.88622297710131,6.673292680983565,-8.27164834572775,protocol_comparison_30seeds/analysis_ws1/per_point/sso_1nm_j1e11_f0p88GHz_0K_warm30_record20_40ppc_2000ovf_predictions.npz
SSO,0.88,100000000000.0,11.395071655847056,small,ws1,sso_1nm_j1e11_f0p88GHz_0K_warm30_record20_40ppc_2000ovf,True,none,0.7,0.3,280,120,0.25,400,8192,128,64,2,3,0,mx,C2N,clean training -> noisy testing; fixed clean-trained readout,0.0,0.001,9,,2429591414,same test standard-normal draw for C2N/N2N and all alpha; scaled by sigma,0.001,0.004000965929973453,0.004691472858412717,1058.4282972129672,15.413309433675154,1.6038278907401378,0.4850794435326618,protocol_comparison_30seeds/analysis_ws1/per_point/sso_1nm_j1e11_f0p88GHz_0K_warm30_record20_40ppc_2000ovf_predictions.npz
SSO,0.88,100000000000.0,11.395071655847056,small,ws1,sso_1nm_j1e11_f0p88GHz_0K_warm30_record20_40ppc_2000ovf,True,none,0.7,0.3,280,120,0.25,400,8192,128,64,2,3,0,mx,N2N,noisy training -> independently noisy testing; readout refitted for each training-noise realization,0.001,0.001,9,1553067050,2429591414,independent train/test draws; test draw paired with C2N; draws shared across alpha and scaled by sigma,0.001,7.408077606313352e-05,0.0060961822003120615,144.02297489233726,14.232051352543198,0.8580343264159012,-0.7790356587114897,protocol_comparison_30seeds/analysis_ws1/per_point/sso_1nm_j1e11_f0p88GHz_0K_warm30_record20_40ppc_2000ovf_predictions.npz
SSO,0.88,100000000000.0,11.395071655847056,small,ws1,sso_1nm_j1e11_f0p88GHz_0K_warm30_record20_40ppc_2000ovf,True,none,0.7,0.3,280,120,0.25,400,8192,128,64,2,3,0,mx,C2N,clean training -> noisy testing; fixed clean-trained readout,0.0,0.001,9,,2429591414,same test standard-normal draw for C2N/N2N and all alpha; scaled by sigma,1e-06,0.00045112913333492,0.09388690046129997,355409.84915197437,331.68233946389245,32.879078219434604,-4.586712141816346,protocol_comparison_30seeds/analysis_ws1/per_point/sso_1nm_j1e11_f0p88GHz_0K_warm30_record20_40ppc_2000ovf_predictions.npz
SSO,0.88,100000000000.0,11.395071655847056,small,ws1,sso_1nm_j1e11_f0p88GHz_0K_warm30_record20_40ppc_2000ovf,True,none,0.7,0.3,280,120,0.25,400,8192,128,64,2,3,0,mx,N2N,noisy training -> independently noisy testing; readout refitted for each training-noise realization,0.001,0.001,9,1553067050,2429591414,independent train/test draws; test draw paired with C2N; draws shared across alpha and scaled by sigma,1e-06,9.334815217720189e-11,0.0060187603427134025,161.67090725692356,15.700898447725422,0.9180928855247971,-0.9557364069916878,protocol_comparison_30seeds/analysis_ws1/per_point/sso_1nm_j1e11_f0p88GHz_0K_warm30_record20_40ppc_2000ovf_predictions.npz
SSO,0.88,100000000000.0,11.395071655847056,small,ws1,sso_1nm_j1e11_f0p88GHz_0K_warm30_record20_40ppc_2000ovf,True,none,0.7,0.3,280,120,0.25,400,8192,128,64,2,3,0,mx,C2N,clean training -> noisy testing; fixed clean-trained readout,0.0,0.001,9,,2429591414,same test standard-normal draw for C2N/N2N and all alpha; scaled by sigma,1e-09,2.3709718060617644e-07,0.9991796071133827,8148875.102438648,1030.6129952977521,128.8704327157931,-60.27634539789759,protocol_comparison_30seeds/analysis_ws1/per_point/sso_1nm_j1e11_f0p88GHz_0K_warm30_record20_40ppc_2000ovf_predictions.npz
SSO,0.88,100000000000.0,11.395071655847056,small,ws1,sso_1nm_j1e11_f0p88GHz_0K_warm30_record20_40ppc_2000ovf,True,none,0.7,0.3,280,120,0.25,400,8192,128,64,2,3,0,mx,N2N,noisy training -> independently noisy testing; readout refitted for each training-noise realization,0.001,0.001,9,1553067050,2429591414,independent train/test draws; test draw paired with C2N; draws shared across alpha and scaled by sigma,1e-09,9.337557697450542e-17,0.006018684690918924,161.69096388288298,15.702561510373972,0.9181592610820307,-0.9559378708432607,protocol_comparison_30seeds/analysis_ws1/per_point/sso_1nm_j1e11_f0p88GHz_0K_warm30_record20_40ppc_2000ovf_predictions.npz
SSO,0.88,100000000000.0,11.395071655847056,small,ws1,sso_1nm_j1e11_f0p88GHz_0K_warm30_record20_40ppc_2000ovf,True,none,0.7,0.3,280,120,0.25,400,8192,128,64,2,3,0,mx,C2N,clean training -> noisy testing; fixed clean-trained readout,0.0,0.0001,10,,1538432197,same test standard-normal draw for C2N/N2N and all alpha; scaled by sigma,0.001,0.004000965929973453,0.004049239101438672,1058.4282972129672,15.413309433675154,1.6038278907401378,0.4850794435326618,protocol_comparison_30seeds/analysis_ws1/per_point/sso_1nm_j1e11_f0p88GHz_0K_warm30_record20_40ppc_2000ovf_predictions.npz
SSO,0.88,100000000000.0,11.395071655847056,small,ws1,sso_1nm_j1e11_f0p88GHz_0K_warm30_record20_40ppc_2000ovf,True,none,0.7,0.3,280,120,0.25,400,8192,128,64,2,3,0,mx,N2N,noisy training -> independently noisy testing; readout refitted for each training-noise realization,0.0001,0.0001,10,2710738498,1538432197,independent train/test draws; test draw paired with C2N; draws shared across alpha and scaled by sigma,0.001,0.0034748661067231313,0.004108523636753559,986.3886201584382,17.341060502388707,1.6230441885266944,-0.974296863307889,protocol_comparison_30seeds/analysis_ws1/per_point/sso_1nm_j1e11_f0p88GHz_0K_warm30_record20_40ppc_2000ovf_predictions.npz
SSO,0.88,100000000000.0,11.395071655847056,small,ws1,sso_1nm_j1e11_f0p88GHz_0K_warm30_record20_40ppc_2000ovf,True,none,0.7,0.3,280,120,0.25,400,8192,128,64,2,3,0,mx,C2N,clean training -> noisy testing; fixed clean-trained readout,0.0,0.0001,10,,1538432197,same test standard-normal draw for C2N/N2N and all alpha; scaled by sigma,1e-06,0.00045112913333492,0.0014061051744907141,355409.84915197437,331.68233946389245,32.879078219434604,-4.586712141816346,protocol_comparison_30seeds/analysis_ws1/per_point/sso_1nm_j1e11_f0p88GHz_0K_warm30_record20_40ppc_2000ovf_predictions.npz
SSO,0.88,100000000000.0,11.395071655847056,small,ws1,sso_1nm_j1e11_f0p88GHz_0K_warm30_record20_40ppc_2000ovf,True,none,0.7,0.3,280,120,0.25,400,8192,128,64,2,3,0,mx,N2N,noisy training -> independently noisy testing; readout refitted for each training-noise realization,0.0001,0.0001,10,2710738498,1538432197,independent train/test draws; test draw paired with C2N; draws shared across alpha and scaled by sigma,1e-06,4.4525558385610353e-07,0.0029214641894566564,11165.642619192095,105.52313841267116,6.871280989075181,-13.100012898036384,protocol_comparison_30seeds/analysis_ws1/per_point/sso_1nm_j1e11_f0p88GHz_0K_warm30_record20_40ppc_2000ovf_predictions.npz
SSO,0.88,100000000000.0,11.395071655847056,small,ws1,sso_1nm_j1e11_f0p88GHz_0K_warm30_record20_40ppc_2000ovf,True,none,0.7,0.3,280,120,0.25,400,8192,128,64,2,3,0,mx,C2N,clean training -> noisy testing; fixed clean-trained readout,0.0,0.0001,10,,1538432197,same test standard-normal draw for C2N/N2N and all alpha; scaled by sigma,1e-09,2.3709718060617644e-07,0.0077451746861039545,8148875.102438648,1030.6129952977521,128.8704327157931,-60.27634539789759,protocol_comparison_30seeds/analysis_ws1/per_point/sso_1nm_j1e11_f0p88GHz_0K_warm30_record20_40ppc_2000ovf_predictions.npz
SSO,0.88,100000000000.0,11.395071655847056,small,ws1,sso_1nm_j1e11_f0p88GHz_0K_warm30_record20_40ppc_2000ovf,True,none,0.7,0.3,280,120,0.25,400,8192,128,64,2,3,0,mx,N2N,noisy training -> independently noisy testing; readout refitted for each training-noise realization,0.0001,0.0001,10,2710738498,1538432197,independent train/test draws; test draw paired with C2N; draws shared across alpha and scaled by sigma,1e-09,4.565297346677958e-13,0.002920050722367997,11306.100762830614,106.7042157950741,6.9479652471150075,-13.248879690147009,protocol_comparison_30seeds/analysis_ws1/per_point/sso_1nm_j1e11_f0p88GHz_0K_warm30_record20_40ppc_2000ovf_predictions.npz
SSO,0.88,100000000000.0,11.395071655847056,small,ws1,sso_1nm_j1e11_f0p88GHz_0K_warm30_record20_40ppc_2000ovf,True,none,0.7,0.3,280,120,0.25,400,8192,128,64,2,3,0,mx,C2N,clean training -> noisy testing; fixed clean-trained readout,0.0,0.001,10,,1538432197,same test standard-normal draw for C2N/N2N and all alpha; scaled by sigma,0.001,0.004000965929973453,0.00464343243728688,1058.4282972129672,15.413309433675154,1.6038278907401378,0.4850794435326618,protocol_comparison_30seeds/analysis_ws1/per_point/sso_1nm_j1e11_f0p88GHz_0K_warm30_record20_40ppc_2000ovf_predictions.npz
SSO,0.88,100000000000.0,11.395071655847056,small,ws1,sso_1nm_j1e11_f0p88GHz_0K_warm30_record20_40ppc_2000ovf,True,none,0.7,0.3,280,120,0.25,400,8192,128,64,2,3,0,mx,N2N,noisy training -> independently noisy testing; readout refitted for each training-noise realization,0.001,0.001,10,2710738498,1538432197,independent train/test draws; test draw paired with C2N; draws shared across alpha and scaled by sigma,0.001,7.961228517660116e-05,0.006351812471666314,149.30318098082756,14.468761691785382,0.9212601099939227,-2.5339009746572865,protocol_comparison_30seeds/analysis_ws1/per_point/sso_1nm_j1e11_f0p88GHz_0K_warm30_record20_40ppc_2000ovf_predictions.npz
SSO,0.88,100000000000.0,11.395071655847056,small,ws1,sso_1nm_j1e11_f0p88GHz_0K_warm30_record20_40ppc_2000ovf,True,none,0.7,0.3,280,120,0.25,400,8192,128,64,2,3,0,mx,C2N,clean training -> noisy testing; fixed clean-trained readout,0.0,0.001,10,,1538432197,same test standard-normal draw for C2N/N2N and all alpha; scaled by sigma,1e-06,0.00045112913333492,0.09185755170363472,355409.84915197437,331.68233946389245,32.879078219434604,-4.586712141816346,protocol_comparison_30seeds/analysis_ws1/per_point/sso_1nm_j1e11_f0p88GHz_0K_warm30_record20_40ppc_2000ovf_predictions.npz
SSO,0.88,100000000000.0,11.395071655847056,small,ws1,sso_1nm_j1e11_f0p88GHz_0K_warm30_record20_40ppc_2000ovf,True,none,0.7,0.3,280,120,0.25,400,8192,128,64,2,3,0,mx,N2N,noisy training -> independently noisy testing; readout refitted for each training-noise realization,0.001,0.001,10,2710738498,1538432197,independent train/test draws; test draw paired with C2N; draws shared across alpha and scaled by sigma,1e-06,1.0101507553821446e-10,0.006336216609201304,168.17914294498735,16.02129331796278,0.9972406123631149,-2.8823212323965484,protocol_comparison_30seeds/analysis_ws1/per_point/sso_1nm_j1e11_f0p88GHz_0K_warm30_record20_40ppc_2000ovf_predictions.npz
SSO,0.88,100000000000.0,11.395071655847056,small,ws1,sso_1nm_j1e11_f0p88GHz_0K_warm30_record20_40ppc_2000ovf,True,none,0.7,0.3,280,120,0.25,400,8192,128,64,2,3,0,mx,C2N,clean training -> noisy testing; fixed clean-trained readout,0.0,0.001,10,,1538432197,same test standard-normal draw for C2N/N2N and all alpha; scaled by sigma,1e-09,2.3709718060617644e-07,0.7743935546115764,8148875.102438648,1030.6129952977521,128.8704327157931,-60.27634539789759,protocol_comparison_30seeds/analysis_ws1/per_point/sso_1nm_j1e11_f0p88GHz_0K_warm30_record20_40ppc_2000ovf_predictions.npz
SSO,0.88,100000000000.0,11.395071655847056,small,ws1,sso_1nm_j1e11_f0p88GHz_0K_warm30_record20_40ppc_2000ovf,True,none,0.7,0.3,280,120,0.25,400,8192,128,64,2,3,0,mx,N2N,noisy training -> independently noisy testing; readout refitted for each training-noise realization,0.001,0.001,10,2710738498,1538432197,independent train/test draws; test draw paired with C2N; draws shared across alpha and scaled by sigma,1e-09,1.0104186754079043e-16,0.006336212916800854,168.20065163134498,16.02305698249714,0.9973260199525168,-2.882717368978119,protocol_comparison_30seeds/analysis_ws1/per_point/sso_1nm_j1e11_f0p88GHz_0K_warm30_record20_40ppc_2000ovf_predictions.npz
SSO,0.88,100000000000.0,11.395071655847056,small,ws1,sso_1nm_j1e11_f0p88GHz_0K_warm30_record20_40ppc_2000ovf,True,none,0.7,0.3,280,120,0.25,400,8192,128,64,2,3,0,mx,C2N,clean training -> noisy testing; fixed clean-trained readout,0.0,0.0001,11,,3272433830,same test standard-normal draw for C2N/N2N and all alpha; scaled by sigma,0.001,0.004000965929973453,0.004016504170438537,1058.4282972129672,15.413309433675154,1.6038278907401378,0.4850794435326618,protocol_comparison_30seeds/analysis_ws1/per_point/sso_1nm_j1e11_f0p88GHz_0K_warm30_record20_40ppc_2000ovf_predictions.npz
SSO,0.88,100000000000.0,11.395071655847056,small,ws1,sso_1nm_j1e11_f0p88GHz_0K_warm30_record20_40ppc_2000ovf,True,none,0.7,0.3,280,120,0.25,400,8192,128,64,2,3,0,mx,N2N,noisy training -> independently noisy testing; readout refitted for each training-noise realization,0.0001,0.0001,11,2130763455,3272433830,independent train/test draws; test draw paired with C2N; draws shared across alpha and scaled by sigma,0.001,0.0034377039374856896,0.00407173370583837,981.0999452030221,17.457596298198194,1.6612388065043557,0.2857600028206353,protocol_comparison_30seeds/analysis_ws1/per_point/sso_1nm_j1e11_f0p88GHz_0K_warm30_record20_40ppc_2000ovf_predictions.npz
SSO,0.88,100000000000.0,11.395071655847056,small,ws1,sso_1nm_j1e11_f0p88GHz_0K_warm30_record20_40ppc_2000ovf,True,none,0.7,0.3,280,120,0.25,400,8192,128,64,2,3,0,mx,C2N,clean training -> noisy testing; fixed clean-trained readout,0.0,0.0001,11,,3272433830,same test standard-normal draw for C2N/N2N and all alpha; scaled by sigma,1e-06,0.00045112913333492,0.0014548287958743686,355409.84915197437,331.68233946389245,32.879078219434604,-4.586712141816346,protocol_comparison_30seeds/analysis_ws1/per_point/sso_1nm_j1e11_f0p88GHz_0K_warm30_record20_40ppc_2000ovf_predictions.npz
SSO,0.88,100000000000.0,11.395071655847056,small,ws1,sso_1nm_j1e11_f0p88GHz_0K_warm30_record20_40ppc_2000ovf,True,none,0.7,0.3,280,120,0.25,400,8192,128,64,2,3,0,mx,N2N,noisy training -> independently noisy testing; readout refitted for each training-noise realization,0.0001,0.0001,11,2130763455,3272433830,independent train/test draws; test draw paired with C2N; draws shared across alpha and scaled by sigma,1e-06,4.133231785885215e-07,0.0029074844269809125,10757.810417783288,103.27411826870501,5.8304544357018875,0.11444654342626093,protocol_comparison_30seeds/analysis_ws1/per_point/sso_1nm_j1e11_f0p88GHz_0K_warm30_record20_40ppc_2000ovf_predictions.npz
SSO,0.88,100000000000.0,11.395071655847056,small,ws1,sso_1nm_j1e11_f0p88GHz_0K_warm30_record20_40ppc_2000ovf,True,none,0.7,0.3,280,120,0.25,400,8192,128,64,2,3,0,mx,C2N,clean training -> noisy testing; fixed clean-trained readout,0.0,0.0001,11,,3272433830,same test standard-normal draw for C2N/N2N and all alpha; scaled by sigma,1e-09,2.3709718060617644e-07,0.009017262960342035,8148875.102438648,1030.6129952977521,128.8704327157931,-60.27634539789759,protocol_comparison_30seeds/analysis_ws1/per_point/sso_1nm_j1e11_f0p88GHz_0K_warm30_record20_40ppc_2000ovf_predictions.npz
SSO,0.88,100000000000.0,11.395071655847056,small,ws1,sso_1nm_j1e11_f0p88GHz_0K_warm30_record20_40ppc_2000ovf,True,none,0.7,0.3,280,120,0.25,400,8192,128,64,2,3,0,mx,N2N,noisy training -> independently noisy testing; readout refitted for each training-noise realization,0.0001,0.0001,11,2130763455,3272433830,independent train/test draws; test draw paired with C2N; draws shared across alpha and scaled by sigma,1e-09,4.235935669479685e-13,0.0029063696066424253,10891.37613118854,104.39446833512847,5.898929498818913,0.15101665893025684,protocol_comparison_30seeds/analysis_ws1/per_point/sso_1nm_j1e11_f0p88GHz_0K_warm30_record20_40ppc_2000ovf_predictions.npz
SSO,0.88,100000000000.0,11.395071655847056,small,ws1,sso_1nm_j1e11_f0p88GHz_0K_warm30_record20_40ppc_2000ovf,True,none,0.7,0.3,280,120,0.25,400,8192,128,64,2,3,0,mx,C2N,clean training -> noisy testing; fixed clean-trained readout,0.0,0.001,11,,3272433830,same test standard-normal draw for C2N/N2N and all alpha; scaled by sigma,0.001,0.004000965929973453,0.004246910665350442,1058.4282972129672,15.413309433675154,1.6038278907401378,0.4850794435326618,protocol_comparison_30seeds/analysis_ws1/per_point/sso_1nm_j1e11_f0p88GHz_0K_warm30_record20_40ppc_2000ovf_predictions.npz
SSO,0.88,100000000000.0,11.395071655847056,small,ws1,sso_1nm_j1e11_f0p88GHz_0K_warm30_record20_40ppc_2000ovf,True,none,0.7,0.3,280,120,0.25,400,8192,128,64,2,3,0,mx,N2N,noisy training -> independently noisy testing; readout refitted for each training-noise realization,0.001,0.001,11,2130763455,3272433830,independent train/test draws; test draw paired with C2N; draws shared across alpha and scaled by sigma,0.001,7.435672544144948e-05,0.006236728626501201,144.29096688595774,14.271402643102862,0.8961333314403332,0.37777253977060943,protocol_comparison_30seeds/analysis_ws1/per_point/sso_1nm_j1e11_f0p88GHz_0K_warm30_record20_40ppc_2000ovf_predictions.npz
SSO,0.88,100000000000.0,11.395071655847056,small,ws1,sso_1nm_j1e11_f0p88GHz_0K_warm30_record20_40ppc_2000ovf,True,none,0.7,0.3,280,120,0.25,400,8192,128,64,2,3,0,mx,C2N,clean training -> noisy testing; fixed clean-trained readout,0.0,0.001,11,,3272433830,same test standard-normal draw for C2N/N2N and all alpha; scaled by sigma,1e-06,0.00045112913333492,0.09217959043816029,355409.84915197437,331.68233946389245,32.879078219434604,-4.586712141816346,protocol_comparison_30seeds/analysis_ws1/per_point/sso_1nm_j1e11_f0p88GHz_0K_warm30_record20_40ppc_2000ovf_predictions.npz
SSO,0.88,100000000000.0,11.395071655847056,small,ws1,sso_1nm_j1e11_f0p88GHz_0K_warm30_record20_40ppc_2000ovf,True,none,0.7,0.3,280,120,0.25,400,8192,128,64,2,3,0,mx,N2N,noisy training -> independently noisy testing; readout refitted for each training-noise realization,0.001,0.001,11,2130763455,3272433830,independent train/test draws; test draw paired with C2N; draws shared across alpha and scaled by sigma,1e-06,9.352806646816452e-11,0.006203877167479116,161.82663720675586,15.741136827854184,0.9504005890817586,0.39003618578077937,protocol_comparison_30seeds/analysis_ws1/per_point/sso_1nm_j1e11_f0p88GHz_0K_warm30_record20_40ppc_2000ovf_predictions.npz
SSO,0.88,100000000000.0,11.395071655847056,small,ws1,sso_1nm_j1e11_f0p88GHz_0K_warm30_record20_40ppc_2000ovf,True,none,0.7,0.3,280,120,0.25,400,8192,128,64,2,3,0,mx,C2N,clean training -> noisy testing; fixed clean-trained readout,0.0,0.001,11,,3272433830,same test standard-normal draw for C2N/N2N and all alpha; scaled by sigma,1e-09,2.3709718060617644e-07,0.9015499847601779,8148875.102438648,1030.6129952977521,128.8704327157931,-60.27634539789759,protocol_comparison_30seeds/analysis_ws1/per_point/sso_1nm_j1e11_f0p88GHz_0K_warm30_record20_40ppc_2000ovf_predictions.npz
SSO,0.88,100000000000.0,11.395071655847056,small,ws1,sso_1nm_j1e11_f0p88GHz_0K_warm30_record20_40ppc_2000ovf,True,none,0.7,0.3,280,120,0.25,400,8192,128,64,2,3,0,mx,N2N,noisy training -> independently noisy testing; readout refitted for each training-noise realization,0.001,0.001,11,2130763455,3272433830,independent train/test draws; test draw paired with C2N; draws shared across alpha and scaled by sigma,1e-09,9.355613285004376e-17,0.006203854188035421,161.84653638734005,15.742798835853641,0.9504602968631956,0.3900519698917475,protocol_comparison_30seeds/analysis_ws1/per_point/sso_1nm_j1e11_f0p88GHz_0K_warm30_record20_40ppc_2000ovf_predictions.npz
SSO,0.88,100000000000.0,11.395071655847056,small,ws1,sso_1nm_j1e11_f0p88GHz_0K_warm30_record20_40ppc_2000ovf,True,none,0.7,0.3,280,120,0.25,400,8192,128,64,2,3,0,mx,C2N,clean training -> noisy testing; fixed clean-trained readout,0.0,0.0001,12,,3078361910,same test standard-normal draw for C2N/N2N and all alpha; scaled by sigma,0.001,0.004000965929973453,0.00403363785592769,1058.4282972129672,15.413309433675154,1.6038278907401378,0.4850794435326618,protocol_comparison_30seeds/analysis_ws1/per_point/sso_1nm_j1e11_f0p88GHz_0K_warm30_record20_40ppc_2000ovf_predictions.npz
SSO,0.88,100000000000.0,11.395071655847056,small,ws1,sso_1nm_j1e11_f0p88GHz_0K_warm30_record20_40ppc_2000ovf,True,none,0.7,0.3,280,120,0.25,400,8192,128,64,2,3,0,mx,N2N,noisy training -> independently noisy testing; readout refitted for each training-noise realization,0.0001,0.0001,12,3241607949,3078361910,independent train/test draws; test draw paired with C2N; draws shared across alpha and scaled by sigma,0.001,0.003468505880043381,0.0040812236973209425,985.4854876615888,17.322637810642206,1.5527776450237623,1.9538511614451874,protocol_comparison_30seeds/analysis_ws1/per_point/sso_1nm_j1e11_f0p88GHz_0K_warm30_record20_40ppc_2000ovf_predictions.npz
SSO,0.88,100000000000.0,11.395071655847056,small,ws1,sso_1nm_j1e11_f0p88GHz_0K_warm30_record20_40ppc_2000ovf,True,none,0.7,0.3,280,120,0.25,400,8192,128,64,2,3,0,mx,C2N,clean training -> noisy testing; fixed clean-trained readout,0.0,0.0001,12,,3078361910,same test standard-normal draw for C2N/N2N and all alpha; scaled by sigma,1e-06,0.00045112913333492,0.001680113729133549,355409.84915197437,331.68233946389245,32.879078219434604,-4.586712141816346,protocol_comparison_30seeds/analysis_ws1/per_point/sso_1nm_j1e11_f0p88GHz_0K_warm30_record20_40ppc_2000ovf_predictions.npz
SSO,0.88,100000000000.0,11.395071655847056,small,ws1,sso_1nm_j1e11_f0p88GHz_0K_warm30_record20_40ppc_2000ovf,True,none,0.7,0.3,280,120,0.25,400,8192,128,64,2,3,0,mx,N2N,noisy training -> independently noisy testing; readout refitted for each training-noise realization,0.0001,0.0001,12,3241607949,3078361910,independent train/test draws; test draw paired with C2N; draws shared across alpha and scaled by sigma,1e-06,4.269695349434852e-07,0.00279395788959361,10933.960642514492,104.53119623764228,6.02390591537507,5.921092610115846,protocol_comparison_30seeds/analysis_ws1/per_point/sso_1nm_j1e11_f0p88GHz_0K_warm30_record20_40ppc_2000ovf_predictions.npz
SSO,0.88,100000000000.0,11.395071655847056,small,ws1,sso_1nm_j1e11_f0p88GHz_0K_warm30_record20_40ppc_2000ovf,True,none,0.7,0.3,280,120,0.25,400,8192,128,64,2,3,0,mx,C2N,clean training -> noisy testing; fixed clean-trained readout,0.0,0.0001,12,,3078361910,same test standard-normal draw for C2N/N2N and all alpha; scaled by sigma,1e-09,2.3709718060617644e-07,0.010930114928835706,8148875.102438648,1030.6129952977521,128.8704327157931,-60.27634539789759,protocol_comparison_30seeds/analysis_ws1/per_point/sso_1nm_j1e11_f0p88GHz_0K_warm30_record20_40ppc_2000ovf_predictions.npz
SSO,0.88,100000000000.0,11.395071655847056,small,ws1,sso_1nm_j1e11_f0p88GHz_0K_warm30_record20_40ppc_2000ovf,True,none,0.7,0.3,280,120,0.25,400,8192,128,64,2,3,0,mx,N2N,noisy training -> independently noisy testing; readout refitted for each training-noise realization,0.0001,0.0001,12,3241607949,3078361910,independent train/test draws; test draw paired with C2N; draws shared across alpha and scaled by sigma,1e-09,4.3758465246705264e-13,0.00279119388011147,11069.364208785299,105.67454955581607,6.070102835020302,5.953891056301389,protocol_comparison_30seeds/analysis_ws1/per_point/sso_1nm_j1e11_f0p88GHz_0K_warm30_record20_40ppc_2000ovf_predictions.npz
SSO,0.88,100000000000.0,11.395071655847056,small,ws1,sso_1nm_j1e11_f0p88GHz_0K_warm30_record20_40ppc_2000ovf,True,none,0.7,0.3,280,120,0.25,400,8192,128,64,2,3,0,mx,C2N,clean training -> noisy testing; fixed clean-trained readout,0.0,0.001,12,,3078361910,same test standard-normal draw for C2N/N2N and all alpha; scaled by sigma,0.001,0.004000965929973453,0.004404133388310848,1058.4282972129672,15.413309433675154,1.6038278907401378,0.4850794435326618,protocol_comparison_30seeds/analysis_ws1/per_point/sso_1nm_j1e11_f0p88GHz_0K_warm30_record20_40ppc_2000ovf_predictions.npz
SSO,0.88,100000000000.0,11.395071655847056,small,ws1,sso_1nm_j1e11_f0p88GHz_0K_warm30_record20_40ppc_2000ovf,True,none,0.7,0.3,280,120,0.25,400,8192,128,64,2,3,0,mx,N2N,noisy training -> independently noisy testing; readout refitted for each training-noise realization,0.001,0.001,12,3241607949,3078361910,independent train/test draws; test draw paired with C2N; draws shared across alpha and scaled by sigma,0.001,7.192553983418456e-05,0.005878101699160171,141.91247708563034,14.136190216214457,0.8199340898175563,2.7997686244730167,protocol_comparison_30seeds/analysis_ws1/per_point/sso_1nm_j1e11_f0p88GHz_0K_warm30_record20_40ppc_2000ovf_predictions.npz
SSO,0.88,100000000000.0,11.395071655847056,small,ws1,sso_1nm_j1e11_f0p88GHz_0K_warm30_record20_40ppc_2000ovf,True,none,0.7,0.3,280,120,0.25,400,8192,128,64,2,3,0,mx,C2N,clean training -> noisy testing; fixed clean-trained readout,0.0,0.001,12,,3078361910,same test standard-normal draw for C2N/N2N and all alpha; scaled by sigma,1e-06,0.00045112913333492,0.09830894978635735,355409.84915197437,331.68233946389245,32.879078219434604,-4.586712141816346,protocol_comparison_30seeds/analysis_ws1/per_point/sso_1nm_j1e11_f0p88GHz_0K_warm30_record20_40ppc_2000ovf_predictions.npz
SSO,0.88,100000000000.0,11.395071655847056,small,ws1,sso_1nm_j1e11_f0p88GHz_0K_warm30_record20_40ppc_2000ovf,True,none,0.7,0.3,280,120,0.25,400,8192,128,64,2,3,0,mx,N2N,noisy training -> independently noisy testing; readout refitted for each training-noise realization,0.001,0.001,12,3241607949,3078361910,independent train/test draws; test draw paired with C2N; draws shared across alpha and scaled by sigma,1e-06,9.028700879949422e-11,0.005792151688892388,158.99799981707875,15.57169113369196,0.8722765523559686,3.048985029387553,protocol_comparison_30seeds/analysis_ws1/per_point/sso_1nm_j1e11_f0p88GHz_0K_warm30_record20_40ppc_2000ovf_predictions.npz
SSO,0.88,100000000000.0,11.395071655847056,small,ws1,sso_1nm_j1e11_f0p88GHz_0K_warm30_record20_40ppc_2000ovf,True,none,0.7,0.3,280,120,0.25,400,8192,128,64,2,3,0,mx,C2N,clean training -> noisy testing; fixed clean-trained readout,0.0,0.001,12,,3078361910,same test standard-normal draw for C2N/N2N and all alpha; scaled by sigma,1e-09,2.3709718060617644e-07,1.093409055127995,8148875.102438648,1030.6129952977521,128.8704327157931,-60.27634539789759,protocol_comparison_30seeds/analysis_ws1/per_point/sso_1nm_j1e11_f0p88GHz_0K_warm30_record20_40ppc_2000ovf_predictions.npz
SSO,0.88,100000000000.0,11.395071655847056,small,ws1,sso_1nm_j1e11_f0p88GHz_0K_warm30_record20_40ppc_2000ovf,True,none,0.7,0.3,280,120,0.25,400,8192,128,64,2,3,0,mx,N2N,noisy training -> independently noisy testing; readout refitted for each training-noise realization,0.001,0.001,12,3241607949,3078361910,independent train/test draws; test draw paired with C2N; draws shared across alpha and scaled by sigma,1e-09,9.031739574081912e-17,0.005792067716414018,159.01736394080203,15.573313006521328,0.8723335016764681,3.049263499869099,protocol_comparison_30seeds/analysis_ws1/per_point/sso_1nm_j1e11_f0p88GHz_0K_warm30_record20_40ppc_2000ovf_predictions.npz
SSO,0.88,100000000000.0,11.395071655847056,small,ws1,sso_1nm_j1e11_f0p88GHz_0K_warm30_record20_40ppc_2000ovf,True,none,0.7,0.3,280,120,0.25,400,8192,128,64,2,3,0,mx,C2N,clean training -> noisy testing; fixed clean-trained readout,0.0,0.0001,13,,790155029,same test standard-normal draw for C2N/N2N and all alpha; scaled by sigma,0.001,0.004000965929973453,0.004009518710352164,1058.4282972129672,15.413309433675154,1.6038278907401378,0.4850794435326618,protocol_comparison_30seeds/analysis_ws1/per_point/sso_1nm_j1e11_f0p88GHz_0K_warm30_record20_40ppc_2000ovf_predictions.npz
SSO,0.88,100000000000.0,11.395071655847056,small,ws1,sso_1nm_j1e11_f0p88GHz_0K_warm30_record20_40ppc_2000ovf,True,none,0.7,0.3,280,120,0.25,400,8192,128,64,2,3,0,mx,N2N,noisy training -> independently noisy testing; readout refitted for each training-noise realization,0.0001,0.0001,13,516696456,790155029,independent train/test draws; test draw paired with C2N; draws shared across alpha and scaled by sigma,0.001,0.003465149943594844,0.004080800672228589,985.0086213832715,17.353265691821232,1.613812004523437,2.262605973000704,protocol_comparison_30seeds/analysis_ws1/per_point/sso_1nm_j1e11_f0p88GHz_0K_warm30_record20_40ppc_2000ovf_predictions.npz
SSO,0.88,100000000000.0,11.395071655847056,small,ws1,sso_1nm_j1e11_f0p88GHz_0K_warm30_record20_40ppc_2000ovf,True,none,0.7,0.3,280,120,0.25,400,8192,128,64,2,3,0,mx,C2N,clean training -> noisy testing; fixed clean-trained readout,0.0,0.0001,13,,790155029,same test standard-normal draw for C2N/N2N and all alpha; scaled by sigma,1e-06,0.00045112913333492,0.0014160531666095532,355409.84915197437,331.68233946389245,32.879078219434604,-4.586712141816346,protocol_comparison_30seeds/analysis_ws1/per_point/sso_1nm_j1e11_f0p88GHz_0K_warm30_record20_40ppc_2000ovf_predictions.npz
SSO,0.88,100000000000.0,11.395071655847056,small,ws1,sso_1nm_j1e11_f0p88GHz_0K_warm30_record20_40ppc_2000ovf,True,none,0.7,0.3,280,120,0.25,400,8192,128,64,2,3,0,mx,N2N,noisy training -> independently noisy testing; readout refitted for each training-noise realization,0.0001,0.0001,13,516696456,790155029,independent train/test draws; test draw paired with C2N; draws shared across alpha and scaled by sigma,1e-06,4.151673284209566e-07,0.0029616770844481384,10781.783077962842,103.8969381578299,6.387648728686765,15.428070319269862,protocol_comparison_30seeds/analysis_ws1/per_point/sso_1nm_j1e11_f0p88GHz_0K_warm30_record20_40ppc_2000ovf_predictions.npz
SSO,0.88,100000000000.0,11.395071655847056,small,ws1,sso_1nm_j1e11_f0p88GHz_0K_warm30_record20_40ppc_2000ovf,True,none,0.7,0.3,280,120,0.25,400,8192,128,64,2,3,0,mx,C2N,clean training -> noisy testing; fixed clean-trained readout,0.0,0.0001,13,,790155029,same test standard-normal draw for C2N/N2N and all alpha; scaled by sigma,1e-09,2.3709718060617644e-07,0.009025308109891725,8148875.102438648,1030.6129952977521,128.8704327157931,-60.27634539789759,protocol_comparison_30seeds/analysis_ws1/per_point/sso_1nm_j1e11_f0p88GHz_0K_warm30_record20_40ppc_2000ovf_predictions.npz
SSO,0.88,100000000000.0,11.395071655847056,small,ws1,sso_1nm_j1e11_f0p88GHz_0K_warm30_record20_40ppc_2000ovf,True,none,0.7,0.3,280,120,0.25,400,8192,128,64,2,3,0,mx,N2N,noisy training -> independently noisy testing; readout refitted for each training-noise realization,0.0001,0.0001,13,516696456,790155029,independent train/test draws; test draw paired with C2N; draws shared across alpha and scaled by sigma,1e-09,4.2535645949684485e-13,0.0029607200717454768,10913.574468894212,105.01548034517623,6.443042258672489,15.599899798429435,protocol_comparison_30seeds/analysis_ws1/per_point/sso_1nm_j1e11_f0p88GHz_0K_warm30_record20_40ppc_2000ovf_predictions.npz
SSO,0.88,100000000000.0,11.395071655847056,small,ws1,sso_1nm_j1e11_f0p88GHz_0K_warm30_record20_40ppc_2000ovf,True,none,0.7,0.3,280,120,0.25,400,8192,128,64,2,3,0,mx,C2N,clean training -> noisy testing; fixed clean-trained readout,0.0,0.001,13,,790155029,same test standard-normal draw for C2N/N2N and all alpha; scaled by sigma,0.001,0.004000965929973453,0.004217742515214197,1058.4282972129672,15.413309433675154,1.6038278907401378,0.4850794435326618,protocol_comparison_30seeds/analysis_ws1/per_point/sso_1nm_j1e11_f0p88GHz_0K_warm30_record20_40ppc_2000ovf_predictions.npz
SSO,0.88,100000000000.0,11.395071655847056,small,ws1,sso_1nm_j1e11_f0p88GHz_0K_warm30_record20_40ppc_2000ovf,True,none,0.7,0.3,280,120,0.25,400,8192,128,64,2,3,0,mx,N2N,noisy training -> independently noisy testing; readout refitted for each training-noise realization,0.001,0.001,13,516696456,790155029,independent train/test draws; test draw paired with C2N; draws shared across alpha and scaled by sigma,0.001,7.406924035046972e-05,0.006169578658787262,144.01176097375932,14.236298794675413,0.9606701510672548,2.386915257723987,protocol_comparison_30seeds/analysis_ws1/per_point/sso_1nm_j1e11_f0p88GHz_0K_warm30_record20_40ppc_2000ovf_predictions.npz
SSO,0.88,100000000000.0,11.395071655847056,small,ws1,sso_1nm_j1e11_f0p88GHz_0K_warm30_record20_40ppc_2000ovf,True,none,0.7,0.3,280,120,0.25,400,8192,128,64,2,3,0,mx,C2N,clean training -> noisy testing; fixed clean-trained readout,0.0,0.001,13,,790155029,same test standard-normal draw for C2N/N2N and all alpha; scaled by sigma,1e-06,0.00045112913333492,0.10014612713016617,355409.84915197437,331.68233946389245,32.879078219434604,-4.586712141816346,protocol_comparison_30seeds/analysis_ws1/per_point/sso_1nm_j1e11_f0p88GHz_0K_warm30_record20_40ppc_2000ovf_predictions.npz
SSO,0.88,100000000000.0,11.395071655847056,small,ws1,sso_1nm_j1e11_f0p88GHz_0K_warm30_record20_40ppc_2000ovf,True,none,0.7,0.3,280,120,0.25,400,8192,128,64,2,3,0,mx,N2N,noisy training -> independently noisy testing; readout refitted for each training-noise realization,0.001,0.001,13,516696456,790155029,independent train/test draws; test draw paired with C2N; draws shared across alpha and scaled by sigma,1e-06,9.325664300881726e-11,0.006134687193841489,161.59165208375435,15.704237102440313,1.0262163507028375,2.6876447627316735,protocol_comparison_30seeds/analysis_ws1/per_point/sso_1nm_j1e11_f0p88GHz_0K_warm30_record20_40ppc_2000ovf_predictions.npz
SSO,0.88,100000000000.0,11.395071655847056,small,ws1,sso_1nm_j1e11_f0p88GHz_0K_warm30_record20_40ppc_2000ovf,True,none,0.7,0.3,280,120,0.25,400,8192,128,64,2,3,0,mx,C2N,clean training -> noisy testing; fixed clean-trained readout,0.0,0.001,13,,790155029,same test standard-normal draw for C2N/N2N and all alpha; scaled by sigma,1e-09,2.3709718060617644e-07,0.9048147341424436,8148875.102438648,1030.6129952977521,128.8704327157931,-60.27634539789759,protocol_comparison_30seeds/analysis_ws1/per_point/sso_1nm_j1e11_f0p88GHz_0K_warm30_record20_40ppc_2000ovf_predictions.npz
SSO,0.88,100000000000.0,11.395071655847056,small,ws1,sso_1nm_j1e11_f0p88GHz_0K_warm30_record20_40ppc_2000ovf,True,none,0.7,0.3,280,120,0.25,400,8192,128,64,2,3,0,mx,N2N,noisy training -> independently noisy testing; readout refitted for each training-noise realization,0.001,0.001,13,516696456,790155029,independent train/test draws; test draw paired with C2N; draws shared across alpha and scaled by sigma,1e-09,9.328446410389039e-17,0.006134661775164102,161.6116162363483,15.705898181426,1.0262890894533323,2.687986611583029,protocol_comparison_30seeds/analysis_ws1/per_point/sso_1nm_j1e11_f0p88GHz_0K_warm30_record20_40ppc_2000ovf_predictions.npz
SSO,0.88,100000000000.0,11.395071655847056,small,ws1,sso_1nm_j1e11_f0p88GHz_0K_warm30_record20_40ppc_2000ovf,True,none,0.7,0.3,280,120,0.25,400,8192,128,64,2,3,0,mx,C2N,clean training -> noisy testing; fixed clean-trained readout,0.0,0.0001,14,,1521513878,same test standard-normal draw for C2N/N2N and all alpha; scaled by sigma,0.001,0.004000965929973453,0.0039872853775806075,1058.4282972129672,15.413309433675154,1.6038278907401378,0.4850794435326618,protocol_comparison_30seeds/analysis_ws1/per_point/sso_1nm_j1e11_f0p88GHz_0K_warm30_record20_40ppc_2000ovf_predictions.npz
SSO,0.88,100000000000.0,11.395071655847056,small,ws1,sso_1nm_j1e11_f0p88GHz_0K_warm30_record20_40ppc_2000ovf,True,none,0.7,0.3,280,120,0.25,400,8192,128,64,2,3,0,mx,N2N,noisy training -> independently noisy testing; readout refitted for each training-noise realization,0.0001,0.0001,14,1645816752,1521513878,independent train/test draws; test draw paired with C2N; draws shared across alpha and scaled by sigma,0.001,0.0034804379045149593,0.004057379114731489,987.1791191576257,17.296378739412543,1.5486098265927735,-0.20782370014240414,protocol_comparison_30seeds/analysis_ws1/per_point/sso_1nm_j1e11_f0p88GHz_0K_warm30_record20_40ppc_2000ovf_predictions.npz
SSO,0.88,100000000000.0,11.395071655847056,small,ws1,sso_1nm_j1e11_f0p88GHz_0K_warm30_record20_40ppc_2000ovf,True,none,0.7,0.3,280,120,0.25,400,8192,128,64,2,3,0,mx,C2N,clean training -> noisy testing; fixed clean-trained readout,0.0,0.0001,14,,1521513878,same test standard-normal draw for C2N/N2N and all alpha; scaled by sigma,1e-06,0.00045112913333492,0.001690114181444474,355409.84915197437,331.68233946389245,32.879078219434604,-4.586712141816346,protocol_comparison_30seeds/analysis_ws1/per_point/sso_1nm_j1e11_f0p88GHz_0K_warm30_record20_40ppc_2000ovf_predictions.npz
SSO,0.88,100000000000.0,11.395071655847056,small,ws1,sso_1nm_j1e11_f0p88GHz_0K_warm30_record20_40ppc_2000ovf,True,none,0.7,0.3,280,120,0.25,400,8192,128,64,2,3,0,mx,N2N,noisy training -> independently noisy testing; readout refitted for each training-noise realization,0.0001,0.0001,14,1645816752,1521513878,independent train/test draws; test draw paired with C2N; draws shared across alpha and scaled by sigma,1e-06,4.3093681594177677e-07,0.002815053748497133,10984.63969467205,104.9823849482444,5.898888994722572,-10.401430123995416,protocol_comparison_30seeds/analysis_ws1/per_point/sso_1nm_j1e11_f0p88GHz_0K_warm30_record20_40ppc_2000ovf_predictions.npz
SSO,0.88,100000000000.0,11.395071655847056,small,ws1,sso_1nm_j1e11_f0p88GHz_0K_warm30_record20_40ppc_2000ovf,True,none,0.7,0.3,280,120,0.25,400,8192,128,64,2,3,0,mx,C2N,clean training -> noisy testing; fixed clean-trained readout,0.0,0.0001,14,,1521513878,same test standard-normal draw for C2N/N2N and all alpha; scaled by sigma,1e-09,2.3709718060617644e-07,0.009473602166220079,8148875.102438648,1030.6129952977521,128.8704327157931,-60.27634539789759,protocol_comparison_30seeds/analysis_ws1/per_point/sso_1nm_j1e11_f0p88GHz_0K_warm30_record20_40ppc_2000ovf_predictions.npz
SSO,0.88,100000000000.0,11.395071655847056,small,ws1,sso_1nm_j1e11_f0p88GHz_0K_warm30_record20_40ppc_2000ovf,True,none,0.7,0.3,280,120,0.25,400,8192,128,64,2,3,0,mx,N2N,noisy training -> independently noisy testing; readout refitted for each training-noise realization,0.0001,0.0001,14,1645816752,1521513878,independent train/test draws; test draw paired with C2N; draws shared across alpha and scaled by sigma,1e-09,4.416046675917954e-13,0.0028127209036665516,11119.713240582414,106.13134907944118,5.949611057194993,-10.52083865611942,protocol_comparison_30seeds/analysis_ws1/per_point/sso_1nm_j1e11_f0p88GHz_0K_warm30_record20_40ppc_2000ovf_predictions.npz
SSO,0.88,100000000000.0,11.395071655847056,small,ws1,sso_1nm_j1e11_f0p88GHz_0K_warm30_record20_40ppc_2000ovf,True,none,0.7,0.3,280,120,0.25,400,8192,128,64,2,3,0,mx,C2N,clean training -> noisy testing; fixed clean-trained readout,0.0,0.001,14,,1521513878,same test standard-normal draw for C2N/N2N and all alpha; scaled by sigma,0.001,0.004000965929973453,0.0040101453937208984,1058.4282972129672,15.413309433675154,1.6038278907401378,0.4850794435326618,protocol_comparison_30seeds/analysis_ws1/per_point/sso_1nm_j1e11_f0p88GHz_0K_warm30_record20_40ppc_2000ovf_predictions.npz
SSO,0.88,100000000000.0,11.395071655847056,small,ws1,sso_1nm_j1e11_f0p88GHz_0K_warm30_record20_40ppc_2000ovf,True,none,0.7,0.3,280,120,0.25,400,8192,128,64,2,3,0,mx,N2N,noisy training -> independently noisy testing; readout refitted for each training-noise realization,0.001,0.001,14,1645816752,1521513878,independent train/test draws; test draw paired with C2N; draws shared across alpha and scaled by sigma,0.001,7.42357533668131e-05,0.006075592089503595,144.17354453517953,14.216562739406683,0.757056018546266,-0.27888883052873803,protocol_comparison_30seeds/analysis_ws1/per_point/sso_1nm_j1e11_f0p88GHz_0K_warm30_record20_40ppc_2000ovf_predictions.npz
SSO,0.88,100000000000.0,11.395071655847056,small,ws1,sso_1nm_j1e11_f0p88GHz_0K_warm30_record20_40ppc_2000ovf,True,none,0.7,0.3,280,120,0.25,400,8192,128,64,2,3,0,mx,C2N,clean training -> noisy testing; fixed clean-trained readout,0.0,0.001,14,,1521513878,same test standard-normal draw for C2N/N2N and all alpha; scaled by sigma,1e-06,0.00045112913333492,0.1079417875052795,355409.84915197437,331.68233946389245,32.879078219434604,-4.586712141816346,protocol_comparison_30seeds/analysis_ws1/per_point/sso_1nm_j1e11_f0p88GHz_0K_warm30_record20_40ppc_2000ovf_predictions.npz
SSO,0.88,100000000000.0,11.395071655847056,small,ws1,sso_1nm_j1e11_f0p88GHz_0K_warm30_record20_40ppc_2000ovf,True,none,0.7,0.3,280,120,0.25,400,8192,128,64,2,3,0,mx,N2N,noisy training -> independently noisy testing; readout refitted for each training-noise realization,0.001,0.001,14,1645816752,1521513878,independent train/test draws; test draw paired with C2N; draws shared across alpha and scaled by sigma,1e-06,9.354042937836676e-11,0.006021484182511531,161.83732499907387,15.689809129087402,0.8245252630397503,-0.3510744923171504,protocol_comparison_30seeds/analysis_ws1/per_point/sso_1nm_j1e11_f0p88GHz_0K_warm30_record20_40ppc_2000ovf_predictions.npz
SSO,0.88,100000000000.0,11.395071655847056,small,ws1,sso_1nm_j1e11_f0p88GHz_0K_warm30_record20_40ppc_2000ovf,True,none,0.7,0.3,280,120,0.25,400,8192,128,64,2,3,0,mx,C2N,clean training -> noisy testing; fixed clean-trained readout,0.0,0.001,14,,1521513878,same test standard-normal draw for C2N/N2N and all alpha; scaled by sigma,1e-09,2.3709718060617644e-07,0.9473397674363063,8148875.102438648,1030.6129952977521,128.8704327157931,-60.27634539789759,protocol_comparison_30seeds/analysis_ws1/per_point/sso_1nm_j1e11_f0p88GHz_0K_warm30_record20_40ppc_2000ovf_predictions.npz
SSO,0.88,100000000000.0,11.395071655847056,small,ws1,sso_1nm_j1e11_f0p88GHz_0K_warm30_record20_40ppc_2000ovf,True,none,0.7,0.3,280,120,0.25,400,8192,128,64,2,3,0,mx,N2N,noisy training -> independently noisy testing; readout refitted for each training-noise realization,0.001,0.001,14,1645816752,1521513878,independent train/test draws; test draw paired with C2N; draws shared across alpha and scaled by sigma,1e-09,9.35634215320703e-17,0.006021435983700787,161.857377600451,15.691476794629876,0.8246005871490533,-0.35115280062316834,protocol_comparison_30seeds/analysis_ws1/per_point/sso_1nm_j1e11_f0p88GHz_0K_warm30_record20_40ppc_2000ovf_predictions.npz
SSO,0.88,100000000000.0,11.395071655847056,small,ws1,sso_1nm_j1e11_f0p88GHz_0K_warm30_record20_40ppc_2000ovf,True,none,0.7,0.3,280,120,0.25,400,8192,128,64,2,3,0,mx,C2N,clean training -> noisy testing; fixed clean-trained readout,0.0,0.0001,15,,3289590197,same test standard-normal draw for C2N/N2N and all alpha; scaled by sigma,0.001,0.004000965929973453,0.004001873738088367,1058.4282972129672,15.413309433675154,1.6038278907401378,0.4850794435326618,protocol_comparison_30seeds/analysis_ws1/per_point/sso_1nm_j1e11_f0p88GHz_0K_warm30_record20_40ppc_2000ovf_predictions.npz
SSO,0.88,100000000000.0,11.395071655847056,small,ws1,sso_1nm_j1e11_f0p88GHz_0K_warm30_record20_40ppc_2000ovf,True,none,0.7,0.3,280,120,0.25,400,8192,128,64,2,3,0,mx,N2N,noisy training -> independently noisy testing; readout refitted for each training-noise realization,0.0001,0.0001,15,3198682421,3289590197,independent train/test draws; test draw paired with C2N; draws shared across alpha and scaled by sigma,0.001,0.0034850338549838934,0.004058441335752621,987.8306936959608,17.273818508683014,1.5004809056410537,0.3182450356618165,protocol_comparison_30seeds/analysis_ws1/per_point/sso_1nm_j1e11_f0p88GHz_0K_warm30_record20_40ppc_2000ovf_predictions.npz
SSO,0.88,100000000000.0,11.395071655847056,small,ws1,sso_1nm_j1e11_f0p88GHz_0K_warm30_record20_40ppc_2000ovf,True,none,0.7,0.3,280,120,0.25,400,8192,128,64,2,3,0,mx,C2N,clean training -> noisy testing; fixed clean-trained readout,0.0,0.0001,15,,3289590197,same test standard-normal draw for C2N/N2N and all alpha; scaled by sigma,1e-06,0.00045112913333492,0.0014821165992510651,355409.84915197437,331.68233946389245,32.879078219434604,-4.586712141816346,protocol_comparison_30seeds/analysis_ws1/per_point/sso_1nm_j1e11_f0p88GHz_0K_warm30_record20_40ppc_2000ovf_predictions.npz
SSO,0.88,100000000000.0,11.395071655847056,small,ws1,sso_1nm_j1e11_f0p88GHz_0K_warm30_record20_40ppc_2000ovf,True,none,0.7,0.3,280,120,0.25,400,8192,128,64,2,3,0,mx,N2N,noisy training -> independently noisy testing; readout refitted for each training-noise realization,0.0001,0.0001,15,3198682421,3289590197,independent train/test draws; test draw paired with C2N; draws shared across alpha and scaled by sigma,1e-06,4.3379798415907477e-07,0.002693962408639861,11021.045656900254,105.21184586903502,6.936204193356829,5.098969306529266,protocol_comparison_30seeds/analysis_ws1/per_point/sso_1nm_j1e11_f0p88GHz_0K_warm30_record20_40ppc_2000ovf_predictions.npz
SSO,0.88,100000000000.0,11.395071655847056,small,ws1,sso_1nm_j1e11_f0p88GHz_0K_warm30_record20_40ppc_2000ovf,True,none,0.7,0.3,280,120,0.25,400,8192,128,64,2,3,0,mx,C2N,clean training -> noisy testing; fixed clean-trained readout,0.0,0.0001,15,,3289590197,same test standard-normal draw for C2N/N2N and all alpha; scaled by sigma,1e-09,2.3709718060617644e-07,0.009704427115523268,8148875.102438648,1030.6129952977521,128.8704327157931,-60.27634539789759,protocol_comparison_30seeds/analysis_ws1/per_point/sso_1nm_j1e11_f0p88GHz_0K_warm30_record20_40ppc_2000ovf_predictions.npz
SSO,0.88,100000000000.0,11.395071655847056,small,ws1,sso_1nm_j1e11_f0p88GHz_0K_warm30_record20_40ppc_2000ovf,True,none,0.7,0.3,280,120,0.25,400,8192,128,64,2,3,0,mx,N2N,noisy training -> independently noisy testing; readout refitted for each training-noise realization,0.0001,0.0001,15,3198682421,3289590197,independent train/test draws; test draw paired with C2N; draws shared across alpha and scaled by sigma,1e-09,4.446033932143827e-13,0.0026894162224473757,11156.939922138588,106.36592116413766,7.000999751947391,5.186804853611878,protocol_comparison_30seeds/analysis_ws1/per_point/sso_1nm_j1e11_f0p88GHz_0K_warm30_record20_40ppc_2000ovf_predictions.npz
SSO,0.88,100000000000.0,11.395071655847056,small,ws1,sso_1nm_j1e11_f0p88GHz_0K_warm30_record20_40ppc_2000ovf,True,none,0.7,0.3,280,120,0.25,400,8192,128,64,2,3,0,mx,C2N,clean training -> noisy testing; fixed clean-trained readout,0.0,0.001,15,,3289590197,same test standard-normal draw for C2N/N2N and all alpha; scaled by sigma,0.001,0.004000965929973453,0.004132538226866605,1058.4282972129672,15.413309433675154,1.6038278907401378,0.4850794435326618,protocol_comparison_30seeds/analysis_ws1/per_point/sso_1nm_j1e11_f0p88GHz_0K_warm30_record20_40ppc_2000ovf_predictions.npz
SSO,0.88,100000000000.0,11.395071655847056,small,ws1,sso_1nm_j1e11_f0p88GHz_0K_warm30_record20_40ppc_2000ovf,True,none,0.7,0.3,280,120,0.25,400,8192,128,64,2,3,0,mx,N2N,noisy training -> independently noisy testing; readout refitted for each training-noise realization,0.001,0.001,15,3198682421,3289590197,independent train/test draws; test draw paired with C2N; draws shared across alpha and scaled by sigma,0.001,7.759719725793976e-05,0.005793755523142635,147.40154419958566,14.355153681386673,0.9013626055301888,0.11811728533726024,protocol_comparison_30seeds/analysis_ws1/per_point/sso_1nm_j1e11_f0p88GHz_0K_warm30_record20_40ppc_2000ovf_predictions.npz
SSO,0.88,100000000000.0,11.395071655847056,small,ws1,sso_1nm_j1e11_f0p88GHz_0K_warm30_record20_40ppc_2000ovf,True,none,0.7,0.3,280,120,0.25,400,8192,128,64,2,3,0,mx,C2N,clean training -> noisy testing; fixed clean-trained readout,0.0,0.001,15,,3289590197,same test standard-normal draw for C2N/N2N and all alpha; scaled by sigma,1e-06,0.00045112913333492,0.11034954422837367,355409.84915197437,331.68233946389245,32.879078219434604,-4.586712141816346,protocol_comparison_30seeds/analysis_ws1/per_point/sso_1nm_j1e11_f0p88GHz_0K_warm30_record20_40ppc_2000ovf_predictions.npz
SSO,0.88,100000000000.0,11.395071655847056,small,ws1,sso_1nm_j1e11_f0p88GHz_0K_warm30_record20_40ppc_2000ovf,True,none,0.7,0.3,280,120,0.25,400,8192,128,64,2,3,0,mx,N2N,noisy training -> independently noisy testing; readout refitted for each training-noise realization,0.001,0.001,15,3198682421,3289590197,independent train/test draws; test draw paired with C2N; draws shared across alpha and scaled by sigma,1e-06,9.835190823082477e-11,0.0057088964729922085,165.94738344685157,15.880669805276145,0.9632139756920183,0.08834615211464175,protocol_comparison_30seeds/analysis_ws1/per_point/sso_1nm_j1e11_f0p88GHz_0K_warm30_record20_40ppc_2000ovf_predictions.npz
SSO,0.88,100000000000.0,11.395071655847056,small,ws1,sso_1nm_j1e11_f0p88GHz_0K_warm30_record20_40ppc_2000ovf,True,none,0.7,0.3,280,120,0.25,400,8192,128,64,2,3,0,mx,C2N,clean training -> noisy testing; fixed clean-trained readout,0.0,0.001,15,,3289590197,same test standard-normal draw for C2N/N2N and all alpha; scaled by sigma,1e-09,2.3709718060617644e-07,0.9705155602656791,8148875.102438648,1030.6129952977521,128.8704327157931,-60.27634539789759,protocol_comparison_30seeds/analysis_ws1/per_point/sso_1nm_j1e11_f0p88GHz_0K_warm30_record20_40ppc_2000ovf_predictions.npz
SSO,0.88,100000000000.0,11.395071655847056,small,ws1,sso_1nm_j1e11_f0p88GHz_0K_warm30_record20_40ppc_2000ovf,True,none,0.7,0.3,280,120,0.25,400,8192,128,64,2,3,0,mx,N2N,noisy training -> independently noisy testing; readout refitted for each training-noise realization,0.001,0.001,15,3198682421,3289590197,independent train/test draws; test draw paired with C2N; draws shared across alpha and scaled by sigma,1e-09,9.837762913069662e-17,0.005708813567108508,165.96851010668829,15.882402178164206,0.9632817445376424,0.08831531747817767,protocol_comparison_30seeds/analysis_ws1/per_point/sso_1nm_j1e11_f0p88GHz_0K_warm30_record20_40ppc_2000ovf_predictions.npz
SSO,0.88,100000000000.0,11.395071655847056,small,ws1,sso_1nm_j1e11_f0p88GHz_0K_warm30_record20_40ppc_2000ovf,True,none,0.7,0.3,280,120,0.25,400,8192,128,64,2,3,0,mx,C2N,clean training -> noisy testing; fixed clean-trained readout,0.0,0.0001,16,,3061184549,same test standard-normal draw for C2N/N2N and all alpha; scaled by sigma,0.001,0.004000965929973453,0.004039312043232913,1058.4282972129672,15.413309433675154,1.6038278907401378,0.4850794435326618,protocol_comparison_30seeds/analysis_ws1/per_point/sso_1nm_j1e11_f0p88GHz_0K_warm30_record20_40ppc_2000ovf_predictions.npz
SSO,0.88,100000000000.0,11.395071655847056,small,ws1,sso_1nm_j1e11_f0p88GHz_0K_warm30_record20_40ppc_2000ovf,True,none,0.7,0.3,280,120,0.25,400,8192,128,64,2,3,0,mx,N2N,noisy training -> independently noisy testing; readout refitted for each training-noise realization,0.0001,0.0001,16,32364663,3061184549,independent train/test draws; test draw paired with C2N; draws shared across alpha and scaled by sigma,0.001,0.003464853746591361,0.004091007836743328,984.9665217350777,17.377651915157877,1.6167247403526783,0.7269701571737297,protocol_comparison_30seeds/analysis_ws1/per_point/sso_1nm_j1e11_f0p88GHz_0K_warm30_record20_40ppc_2000ovf_predictions.npz
SSO,0.88,100000000000.0,11.395071655847056,small,ws1,sso_1nm_j1e11_f0p88GHz_0K_warm30_record20_40ppc_2000ovf,True,none,0.7,0.3,280,120,0.25,400,8192,128,64,2,3,0,mx,C2N,clean training -> noisy testing; fixed clean-trained readout,0.0,0.0001,16,,3061184549,same test standard-normal draw for C2N/N2N and all alpha; scaled by sigma,1e-06,0.00045112913333492,0.0016986560374163062,355409.84915197437,331.68233946389245,32.879078219434604,-4.586712141816346,protocol_comparison_30seeds/analysis_ws1/per_point/sso_1nm_j1e11_f0p88GHz_0K_warm30_record20_40ppc_2000ovf_predictions.npz
SSO,0.88,100000000000.0,11.395071655847056,small,ws1,sso_1nm_j1e11_f0p88GHz_0K_warm30_record20_40ppc_2000ovf,True,none,0.7,0.3,280,120,0.25,400,8192,128,64,2,3,0,mx,N2N,noisy training -> independently noisy testing; readout refitted for each training-noise realization,0.0001,0.0001,16,32364663,3061184549,independent train/test draws; test draw paired with C2N; draws shared across alpha and scaled by sigma,1e-06,4.1356519822491294e-07,0.0028617042283621994,10760.95972277275,103.93839513900275,6.191630635046665,1.7638690496001241,protocol_comparison_30seeds/analysis_ws1/per_point/sso_1nm_j1e11_f0p88GHz_0K_warm30_record20_40ppc_2000ovf_predictions.npz
SSO,0.88,100000000000.0,11.395071655847056,small,ws1,sso_1nm_j1e11_f0p88GHz_0K_warm30_record20_40ppc_2000ovf,True,none,0.7,0.3,280,120,0.25,400,8192,128,64,2,3,0,mx,C2N,clean training -> noisy testing; fixed clean-trained readout,0.0,0.0001,16,,3061184549,same test standard-normal draw for C2N/N2N and all alpha; scaled by sigma,1e-09,2.3709718060617644e-07,0.010197659239517976,8148875.102438648,1030.6129952977521,128.8704327157931,-60.27634539789759,protocol_comparison_30seeds/analysis_ws1/per_point/sso_1nm_j1e11_f0p88GHz_0K_warm30_record20_40ppc_2000ovf_predictions.npz
SSO,0.88,100000000000.0,11.395071655847056,small,ws1,sso_1nm_j1e11_f0p88GHz_0K_warm30_record20_40ppc_2000ovf,True,none,0.7,0.3,280,120,0.25,400,8192,128,64,2,3,0,mx,N2N,noisy training -> independently noisy testing; readout refitted for each training-noise realization,0.0001,0.0001,16,32364663,3061184549,independent train/test draws; test draw paired with C2N; draws shared across alpha and scaled by sigma,1e-09,4.237019426233845e-13,0.002859448148963354,10890.623642289507,105.0521088680972,6.239594968474175,1.7660945794472434,protocol_comparison_30seeds/analysis_ws1/per_point/sso_1nm_j1e11_f0p88GHz_0K_warm30_record20_40ppc_2000ovf_predictions.npz
SSO,0.88,100000000000.0,11.395071655847056,small,ws1,sso_1nm_j1e11_f0p88GHz_0K_warm30_record20_40ppc_2000ovf,True,none,0.7,0.3,280,120,0.25,400,8192,128,64,2,3,0,mx,C2N,clean training -> noisy testing; fixed clean-trained readout,0.0,0.001,16,,3061184549,same test standard-normal draw for C2N/N2N and all alpha; scaled by sigma,0.001,0.004000965929973453,0.00451919388732386,1058.4282972129672,15.413309433675154,1.6038278907401378,0.4850794435326618,protocol_comparison_30seeds/analysis_ws1/per_point/sso_1nm_j1e11_f0p88GHz_0K_warm30_record20_40ppc_2000ovf_predictions.npz
SSO,0.88,100000000000.0,11.395071655847056,small,ws1,sso_1nm_j1e11_f0p88GHz_0K_warm30_record20_40ppc_2000ovf,True,none,0.7,0.3,280,120,0.25,400,8192,128,64,2,3,0,mx,N2N,noisy training -> independently noisy testing; readout refitted for each training-noise realization,0.001,0.001,16,32364663,3061184549,independent train/test draws; test draw paired with C2N; draws shared across alpha and scaled by sigma,0.001,7.490306689837589e-05,0.0060747843807220534,144.8200909122927,14.32157834364295,0.9208646053895126,1.1526068132284035,protocol_comparison_30seeds/analysis_ws1/per_point/sso_1nm_j1e11_f0p88GHz_0K_warm30_record20_40ppc_2000ovf_predictions.npz
SSO,0.88,100000000000.0,11.395071655847056,small,ws1,sso_1nm_j1e11_f0p88GHz_0K_warm30_record20_40ppc_2000ovf,True,none,0.7,0.3,280,120,0.25,400,8192,128,64,2,3,0,mx,C2N,clean training -> noisy testing; fixed clean-trained readout,0.0,0.001,16,,3061184549,same test standard-normal draw for C2N/N2N and all alpha; scaled by sigma,1e-06,0.00045112913333492,0.12952676468140348,355409.84915197437,331.68233946389245,32.879078219434604,-4.586712141816346,protocol_comparison_30seeds/analysis_ws1/per_point/sso_1nm_j1e11_f0p88GHz_0K_warm30_record20_40ppc_2000ovf_predictions.npz
SSO,0.88,100000000000.0,11.395071655847056,small,ws1,sso_1nm_j1e11_f0p88GHz_0K_warm30_record20_40ppc_2000ovf,True,none,0.7,0.3,280,120,0.25,400,8192,128,64,2,3,0,mx,N2N,noisy training -> independently noisy testing; readout refitted for each training-noise realization,0.001,0.001,16,32364663,3061184549,independent train/test draws; test draw paired with C2N; draws shared across alpha and scaled by sigma,1e-06,9.401070036920704e-11,0.006032169383887869,162.24363356443183,15.796138213791519,1.000601789916899,1.2136871268670446,protocol_comparison_30seeds/analysis_ws1/per_point/sso_1nm_j1e11_f0p88GHz_0K_warm30_record20_40ppc_2000ovf_predictions.npz
SSO,0.88,100000000000.0,11.395071655847056,small,ws1,sso_1nm_j1e11_f0p88GHz_0K_warm30_record20_40ppc_2000ovf,True,none,0.7,0.3,280,120,0.25,400,8192,128,64,2,3,0,mx,C2N,clean training -> noisy testing; fixed clean-trained readout,0.0,0.001,16,,3061184549,same test standard-normal draw for C2N/N2N and all alpha; scaled by sigma,1e-09,2.3709718060617644e-07,1.0206371691570415,8148875.102438648,1030.6129952977521,128.8704327157931,-60.27634539789759,protocol_comparison_30seeds/analysis_ws1/per_point/sso_1nm_j1e11_f0p88GHz_0K_warm30_record20_40ppc_2000ovf_predictions.npz
SSO,0.88,100000000000.0,11.395071655847056,small,ws1,sso_1nm_j1e11_f0p88GHz_0K_warm30_record20_40ppc_2000ovf,True,none,0.7,0.3,280,120,0.25,400,8192,128,64,2,3,0,mx,N2N,noisy training -> independently noisy testing; readout refitted for each training-noise realization,0.001,0.001,16,32364663,3061184549,independent train/test draws; test draw paired with C2N; draws shared across alpha and scaled by sigma,1e-09,9.403971243232409e-17,0.006032134801959225,162.26335624297224,15.797802980346193,1.0006904243654764,1.2137537425528784,protocol_comparison_30seeds/analysis_ws1/per_point/sso_1nm_j1e11_f0p88GHz_0K_warm30_record20_40ppc_2000ovf_predictions.npz
SSO,0.88,100000000000.0,11.395071655847056,small,ws1,sso_1nm_j1e11_f0p88GHz_0K_warm30_record20_40ppc_2000ovf,True,none,0.7,0.3,280,120,0.25,400,8192,128,64,2,3,0,mx,C2N,clean training -> noisy testing; fixed clean-trained readout,0.0,0.0001,17,,807060550,same test standard-normal draw for C2N/N2N and all alpha; scaled by sigma,0.001,0.004000965929973453,0.0040121038251968826,1058.4282972129672,15.413309433675154,1.6038278907401378,0.4850794435326618,protocol_comparison_30seeds/analysis_ws1/per_point/sso_1nm_j1e11_f0p88GHz_0K_warm30_record20_40ppc_2000ovf_predictions.npz
SSO,0.88,100000000000.0,11.395071655847056,small,ws1,sso_1nm_j1e11_f0p88GHz_0K_warm30_record20_40ppc_2000ovf,True,none,0.7,0.3,280,120,0.25,400,8192,128,64,2,3,0,mx,N2N,noisy training -> independently noisy testing; readout refitted for each training-noise realization,0.0001,0.0001,17,3731066874,807060550,independent train/test draws; test draw paired with C2N; draws shared across alpha and scaled by sigma,0.001,0.0034659035030345127,0.004073293504201643,985.1157194943463,17.34926566649976,1.5102785279159416,0.0461879397804148,protocol_comparison_30seeds/analysis_ws1/per_point/sso_1nm_j1e11_f0p88GHz_0K_warm30_record20_40ppc_2000ovf_predictions.npz
SSO,0.88,100000000000.0,11.395071655847056,small,ws1,sso_1nm_j1e11_f0p88GHz_0K_warm30_record20_40ppc_2000ovf,True,none,0.7,0.3,280,120,0.25,400,8192,128,64,2,3,0,mx,C2N,clean training -> noisy testing; fixed clean-trained readout,0.0,0.0001,17,,807060550,same test standard-normal draw for C2N/N2N and all alpha; scaled by sigma,1e-06,0.00045112913333492,0.001416409870880065,355409.84915197437,331.68233946389245,32.879078219434604,-4.586712141816346,protocol_comparison_30seeds/analysis_ws1/per_point/sso_1nm_j1e11_f0p88GHz_0K_warm30_record20_40ppc_2000ovf_predictions.npz
SSO,0.88,100000000000.0,11.395071655847056,small,ws1,sso_1nm_j1e11_f0p88GHz_0K_warm30_record20_40ppc_2000ovf,True,none,0.7,0.3,280,120,0.25,400,8192,128,64,2,3,0,mx,N2N,noisy training -> independently noisy testing; readout refitted for each training-noise realization,0.0001,0.0001,17,3731066874,807060550,independent train/test draws; test draw paired with C2N; draws shared across alpha and scaled by sigma,1e-06,4.1835983019363423e-07,0.0027238075027461246,10823.157300402338,104.16760532108444,5.6340220597315716,-6.467720509420075,protocol_comparison_30seeds/analysis_ws1/per_point/sso_1nm_j1e11_f0p88GHz_0K_warm30_record20_40ppc_2000ovf_predictions.npz
SSO,0.88,100000000000.0,11.395071655847056,small,ws1,sso_1nm_j1e11_f0p88GHz_0K_warm30_record20_40ppc_2000ovf,True,none,0.7,0.3,280,120,0.25,400,8192,128,64,2,3,0,mx,C2N,clean training -> noisy testing; fixed clean-trained readout,0.0,0.0001,17,,807060550,same test standard-normal draw for C2N/N2N and all alpha; scaled by sigma,1e-09,2.3709718060617644e-07,0.010249915265813946,8148875.102438648,1030.6129952977521,128.8704327157931,-60.27634539789759,protocol_comparison_30seeds/analysis_ws1/per_point/sso_1nm_j1e11_f0p88GHz_0K_warm30_record20_40ppc_2000ovf_predictions.npz
SSO,0.88,100000000000.0,11.395071655847056,small,ws1,sso_1nm_j1e11_f0p88GHz_0K_warm30_record20_40ppc_2000ovf,True,none,0.7,0.3,280,120,0.25,400,8192,128,64,2,3,0,mx,N2N,noisy training -> independently noisy testing; readout refitted for each training-noise realization,0.0001,0.0001,17,3731066874,807060550,independent train/test draws; test draw paired with C2N; draws shared across alpha and scaled by sigma,1e-09,4.2857876779098377e-13,0.002720616512334455,10954.707658483676,105.29176727114589,5.677654304142664,-6.574485024206234,protocol_comparison_30seeds/analysis_ws1/per_point/sso_1nm_j1e11_f0p88GHz_0K_warm30_record20_40ppc_2000ovf_predictions.npz
SSO,0.88,100000000000.0,11.395071655847056,small,ws1,sso_1nm_j1e11_f0p88GHz_0K_warm30_record20_40ppc_2000ovf,True,none,0.7,0.3,280,120,0.25,400,8192,128,64,2,3,0,mx,C2N,clean training -> noisy testing; fixed clean-trained readout,0.0,0.001,17,,807060550,same test standard-normal draw for C2N/N2N and all alpha; scaled by sigma,0.001,0.004000965929973453,0.004236460325917448,1058.4282972129672,15.413309433675154,1.6038278907401378,0.4850794435326618,protocol_comparison_30seeds/analysis_ws1/per_point/sso_1nm_j1e11_f0p88GHz_0K_warm30_record20_40ppc_2000ovf_predictions.npz
SSO,0.88,100000000000.0,11.395071655847056,small,ws1,sso_1nm_j1e11_f0p88GHz_0K_warm30_record20_40ppc_2000ovf,True,none,0.7,0.3,280,120,0.25,400,8192,128,64,2,3,0,mx,N2N,noisy training -> independently noisy testing; readout refitted for each training-noise realization,0.001,0.001,17,3731066874,807060550,independent train/test draws; test draw paired with C2N; draws shared across alpha and scaled by sigma,0.001,7.354090976579996e-05,0.006161218668369477,143.49722901262248,14.239279529932027,0.7698364187164719,0.004438425999731599,protocol_comparison_30seeds/analysis_ws1/per_point/sso_1nm_j1e11_f0p88GHz_0K_warm30_record20_40ppc_2000ovf_predictions.npz
SSO,0.88,100000000000.0,11.395071655847056,small,ws1,sso_1nm_j1e11_f0p88GHz_0K_warm30_record20_40ppc_2000ovf,True,none,0.7,0.3,280,120,0.25,400,8192,128,64,2,3,0,mx,C2N,clean training -> noisy testing; fixed clean-trained readout,0.0,0.001,17,,807060550,same test standard-normal draw for C2N/N2N and all alpha; scaled by sigma,1e-06,0.00045112913333492,0.11413649618171018,355409.84915197437,331.68233946389245,32.879078219434604,-4.586712141816346,protocol_comparison_30seeds/analysis_ws1/per_point/sso_1nm_j1e11_f0p88GHz_0K_warm30_record20_40ppc_2000ovf_predictions.npz
SSO,0.88,100000000000.0,11.395071655847056,small,ws1,sso_1nm_j1e11_f0p88GHz_0K_warm30_record20_40ppc_2000ovf,True,none,0.7,0.3,280,120,0.25,400,8192,128,64,2,3,0,mx,N2N,noisy training -> independently noisy testing; readout refitted for each training-noise realization,0.001,0.001,17,3731066874,807060550,independent train/test draws; test draw paired with C2N; draws shared across alpha and scaled by sigma,1e-06,9.242618417984402e-11,0.006100137821770863,160.8705349185554,15.696313784932762,0.8263278849795397,-0.009260860394467274,protocol_comparison_30seeds/analysis_ws1/per_point/sso_1nm_j1e11_f0p88GHz_0K_warm30_record20_40ppc_2000ovf_predictions.npz
SSO,0.88,100000000000.0,11.395071655847056,small,ws1,sso_1nm_j1e11_f0p88GHz_0K_warm30_record20_40ppc_2000ovf,True,none,0.7,0.3,280,120,0.25,400,8192,128,64,2,3,0,mx,C2N,clean training -> noisy testing; fixed clean-trained readout,0.0,0.001,17,,807060550,same test standard-normal draw for C2N/N2N and all alpha; scaled by sigma,1e-09,2.3709718060617644e-07,1.0251938298815395,8148875.102438648,1030.6129952977521,128.8704327157931,-60.27634539789759,protocol_comparison_30seeds/analysis_ws1/per_point/sso_1nm_j1e11_f0p88GHz_0K_warm30_record20_40ppc_2000ovf_predictions.npz
SSO,0.88,100000000000.0,11.395071655847056,small,ws1,sso_1nm_j1e11_f0p88GHz_0K_warm30_record20_40ppc_2000ovf,True,none,0.7,0.3,280,120,0.25,400,8192,128,64,2,3,0,mx,N2N,noisy training -> independently noisy testing; readout refitted for each training-noise realization,0.001,0.001,17,3731066874,807060550,independent train/test draws; test draw paired with C2N; draws shared across alpha and scaled by sigma,1e-09,9.243668020293264e-17,0.006100081417591727,160.8902393582049,15.697960902529701,0.8263977780983418,-0.009273169049566876,protocol_comparison_30seeds/analysis_ws1/per_point/sso_1nm_j1e11_f0p88GHz_0K_warm30_record20_40ppc_2000ovf_predictions.npz
SSO,0.88,100000000000.0,11.395071655847056,small,ws1,sso_1nm_j1e11_f0p88GHz_0K_warm30_record20_40ppc_2000ovf,True,none,0.7,0.3,280,120,0.25,400,8192,128,64,2,3,0,mx,C2N,clean training -> noisy testing; fixed clean-trained readout,0.0,0.0001,18,,1571171095,same test standard-normal draw for C2N/N2N and all alpha; scaled by sigma,0.001,0.004000965929973453,0.004028741322021013,1058.4282972129672,15.413309433675154,1.6038278907401378,0.4850794435326618,protocol_comparison_30seeds/analysis_ws1/per_point/sso_1nm_j1e11_f0p88GHz_0K_warm30_record20_40ppc_2000ovf_predictions.npz
SSO,0.88,100000000000.0,11.395071655847056,small,ws1,sso_1nm_j1e11_f0p88GHz_0K_warm30_record20_40ppc_2000ovf,True,none,0.7,0.3,280,120,0.25,400,8192,128,64,2,3,0,mx,N2N,noisy training -> independently noisy testing; readout refitted for each training-noise realization,0.0001,0.0001,18,4220773671,1571171095,independent train/test draws; test draw paired with C2N; draws shared across alpha and scaled by sigma,0.001,0.003476084875510425,0.004094142971922297,986.561587094341,17.31658111489171,1.6283405099481911,0.5479112798906663,protocol_comparison_30seeds/analysis_ws1/per_point/sso_1nm_j1e11_f0p88GHz_0K_warm30_record20_40ppc_2000ovf_predictions.npz
SSO,0.88,100000000000.0,11.395071655847056,small,ws1,sso_1nm_j1e11_f0p88GHz_0K_warm30_record20_40ppc_2000ovf,True,none,0.7,0.3,280,120,0.25,400,8192,128,64,2,3,0,mx,C2N,clean training -> noisy testing; fixed clean-trained readout,0.0,0.0001,18,,1571171095,same test standard-normal draw for C2N/N2N and all alpha; scaled by sigma,1e-06,0.00045112913333492,0.0017622761673218709,355409.84915197437,331.68233946389245,32.879078219434604,-4.586712141816346,protocol_comparison_30seeds/analysis_ws1/per_point/sso_1nm_j1e11_f0p88GHz_0K_warm30_record20_40ppc_2000ovf_predictions.npz
SSO,0.88,100000000000.0,11.395071655847056,small,ws1,sso_1nm_j1e11_f0p88GHz_0K_warm30_record20_40ppc_2000ovf,True,none,0.7,0.3,280,120,0.25,400,8192,128,64,2,3,0,mx,N2N,noisy training -> independently noisy testing; readout refitted for each training-noise realization,0.0001,0.0001,18,4220773671,1571171095,independent train/test draws; test draw paired with C2N; draws shared across alpha and scaled by sigma,1e-06,4.332365036527884e-07,0.002791404593018613,11013.910522103197,104.86025822223566,6.163568221005055,-4.287617442972117,protocol_comparison_30seeds/analysis_ws1/per_point/sso_1nm_j1e11_f0p88GHz_0K_warm30_record20_40ppc_2000ovf_predictions.npz
SSO,0.88,100000000000.0,11.395071655847056,small,ws1,sso_1nm_j1e11_f0p88GHz_0K_warm30_record20_40ppc_2000ovf,True,none,0.7,0.3,280,120,0.25,400,8192,128,64,2,3,0,mx,C2N,clean training -> noisy testing; fixed clean-trained readout,0.0,0.0001,18,,1571171095,same test standard-normal draw for C2N/N2N and all alpha; scaled by sigma,1e-09,2.3709718060617644e-07,0.012076249777006687,8148875.102438648,1030.6129952977521,128.8704327157931,-60.27634539789759,protocol_comparison_30seeds/analysis_ws1/per_point/sso_1nm_j1e11_f0p88GHz_0K_warm30_record20_40ppc_2000ovf_predictions.npz
SSO,0.88,100000000000.0,11.395071655847056,small,ws1,sso_1nm_j1e11_f0p88GHz_0K_warm30_record20_40ppc_2000ovf,True,none,0.7,0.3,280,120,0.25,400,8192,128,64,2,3,0,mx,N2N,noisy training -> independently noisy testing; readout refitted for each training-noise realization,0.0001,0.0001,18,4220773671,1571171095,independent train/test draws; test draw paired with C2N; draws shared across alpha and scaled by sigma,1e-09,4.4422863395377714e-13,0.0027886359564550356,11151.698089706739,106.01677258129412,6.2108072956771325,-4.363474987442911,protocol_comparison_30seeds/analysis_ws1/per_point/sso_1nm_j1e11_f0p88GHz_0K_warm30_record20_40ppc_2000ovf_predictions.npz
SSO,0.88,100000000000.0,11.395071655847056,small,ws1,sso_1nm_j1e11_f0p88GHz_0K_warm30_record20_40ppc_2000ovf,True,none,0.7,0.3,280,120,0.25,400,8192,128,64,2,3,0,mx,C2N,clean training -> noisy testing; fixed clean-trained readout,0.0,0.001,18,,1571171095,same test standard-normal draw for C2N/N2N and all alpha; scaled by sigma,0.001,0.004000965929973453,0.004362720394168399,1058.4282972129672,15.413309433675154,1.6038278907401378,0.4850794435326618,protocol_comparison_30seeds/analysis_ws1/per_point/sso_1nm_j1e11_f0p88GHz_0K_warm30_record20_40ppc_2000ovf_predictions.npz
SSO,0.88,100000000000.0,11.395071655847056,small,ws1,sso_1nm_j1e11_f0p88GHz_0K_warm30_record20_40ppc_2000ovf,True,none,0.7,0.3,280,120,0.25,400,8192,128,64,2,3,0,mx,N2N,noisy training -> independently noisy testing; readout refitted for each training-noise realization,0.001,0.001,18,4220773671,1571171095,independent train/test draws; test draw paired with C2N; draws shared across alpha and scaled by sigma,0.001,7.337491660056728e-05,0.006063665922787353,143.33518984080777,14.207888863805573,0.8419776491814174,0.33126403525053844,protocol_comparison_30seeds/analysis_ws1/per_point/sso_1nm_j1e11_f0p88GHz_0K_warm30_record20_40ppc_2000ovf_predictions.npz
SSO,0.88,100000000000.0,11.395071655847056,small,ws1,sso_1nm_j1e11_f0p88GHz_0K_warm30_record20_40ppc_2000ovf,True,none,0.7,0.3,280,120,0.25,400,8192,128,64,2,3,0,mx,C2N,clean training -> noisy testing; fixed clean-trained readout,0.0,0.001,18,,1571171095,same test standard-normal draw for C2N/N2N and all alpha; scaled by sigma,1e-06,0.00045112913333492,0.12930458669028205,355409.84915197437,331.68233946389245,32.879078219434604,-4.586712141816346,protocol_comparison_30seeds/analysis_ws1/per_point/sso_1nm_j1e11_f0p88GHz_0K_warm30_record20_40ppc_2000ovf_predictions.npz
SSO,0.88,100000000000.0,11.395071655847056,small,ws1,sso_1nm_j1e11_f0p88GHz_0K_warm30_record20_40ppc_2000ovf,True,none,0.7,0.3,280,120,0.25,400,8192,128,64,2,3,0,mx,N2N,noisy training -> independently noisy testing; readout refitted for each training-noise realization,0.001,0.001,18,4220773671,1571171095,independent train/test draws; test draw paired with C2N; draws shared across alpha and scaled by sigma,1e-06,9.24070224685514e-11,0.006008061434787911,160.85386411920038,15.66542007949876,0.8996135554980411,0.3041955205793983,protocol_comparison_30seeds/analysis_ws1/per_point/sso_1nm_j1e11_f0p88GHz_0K_warm30_record20_40ppc_2000ovf_predictions.npz
SSO,0.88,100000000000.0,11.395071655847056,small,ws1,sso_1nm_j1e11_f0p88GHz_0K_warm30_record20_40ppc_2000ovf,True,none,0.7,0.3,280,120,0.25,400,8192,128,64,2,3,0,mx,C2N,clean training -> noisy testing; fixed clean-trained readout,0.0,0.001,18,,1571171095,same test standard-normal draw for C2N/N2N and all alpha; scaled by sigma,1e-09,2.3709718060617644e-07,1.2090082680409446,8148875.102438648,1030.6129952977521,128.8704327157931,-60.27634539789759,protocol_comparison_30seeds/analysis_ws1/per_point/sso_1nm_j1e11_f0p88GHz_0K_warm30_record20_40ppc_2000ovf_predictions.npz
SSO,0.88,100000000000.0,11.395071655847056,small,ws1,sso_1nm_j1e11_f0p88GHz_0K_warm30_record20_40ppc_2000ovf,True,none,0.7,0.3,280,120,0.25,400,8192,128,64,2,3,0,mx,N2N,noisy training -> independently noisy testing; readout refitted for each training-noise realization,0.001,0.001,18,4220773671,1571171095,independent train/test draws; test draw paired with C2N; draws shared across alpha and scaled by sigma,1e-09,9.243032115153029e-17,0.006008011811289501,160.87377572394558,15.667070103993499,0.8996770144858587,0.30416185106739513,protocol_comparison_30seeds/analysis_ws1/per_point/sso_1nm_j1e11_f0p88GHz_0K_warm30_record20_40ppc_2000ovf_predictions.npz
SSO,0.88,100000000000.0,11.395071655847056,small,ws1,sso_1nm_j1e11_f0p88GHz_0K_warm30_record20_40ppc_2000ovf,True,none,0.7,0.3,280,120,0.25,400,8192,128,64,2,3,0,mx,C2N,clean training -> noisy testing; fixed clean-trained readout,0.0,0.0001,19,,3372840756,same test standard-normal draw for C2N/N2N and all alpha; scaled by sigma,0.001,0.004000965929973453,0.004031838244291588,1058.4282972129672,15.413309433675154,1.6038278907401378,0.4850794435326618,protocol_comparison_30seeds/analysis_ws1/per_point/sso_1nm_j1e11_f0p88GHz_0K_warm30_record20_40ppc_2000ovf_predictions.npz
SSO,0.88,100000000000.0,11.395071655847056,small,ws1,sso_1nm_j1e11_f0p88GHz_0K_warm30_record20_40ppc_2000ovf,True,none,0.7,0.3,280,120,0.25,400,8192,128,64,2,3,0,mx,N2N,noisy training -> independently noisy testing; readout refitted for each training-noise realization,0.0001,0.0001,19,687705002,3372840756,independent train/test draws; test draw paired with C2N; draws shared across alpha and scaled by sigma,0.001,0.003472699262329961,0.004075764340726185,986.0810278618852,17.39638375593154,1.5299670918063797,-0.6034689803865487,protocol_comparison_30seeds/analysis_ws1/per_point/sso_1nm_j1e11_f0p88GHz_0K_warm30_record20_40ppc_2000ovf_predictions.npz
SSO,0.88,100000000000.0,11.395071655847056,small,ws1,sso_1nm_j1e11_f0p88GHz_0K_warm30_record20_40ppc_2000ovf,True,none,0.7,0.3,280,120,0.25,400,8192,128,64,2,3,0,mx,C2N,clean training -> noisy testing; fixed clean-trained readout,0.0,0.0001,19,,3372840756,same test standard-normal draw for C2N/N2N and all alpha; scaled by sigma,1e-06,0.00045112913333492,0.0014875714436182255,355409.84915197437,331.68233946389245,32.879078219434604,-4.586712141816346,protocol_comparison_30seeds/analysis_ws1/per_point/sso_1nm_j1e11_f0p88GHz_0K_warm30_record20_40ppc_2000ovf_predictions.npz
SSO,0.88,100000000000.0,11.395071655847056,small,ws1,sso_1nm_j1e11_f0p88GHz_0K_warm30_record20_40ppc_2000ovf,True,none,0.7,0.3,280,120,0.25,400,8192,128,64,2,3,0,mx,N2N,noisy training -> independently noisy testing; readout refitted for each training-noise realization,0.0001,0.0001,19,687705002,3372840756,independent train/test draws; test draw paired with C2N; draws shared across alpha and scaled by sigma,1e-06,4.2706583549745054e-07,0.002607988385736514,10935.192795617082,104.38664358369128,5.809899747499662,-16.840122300046268,protocol_comparison_30seeds/analysis_ws1/per_point/sso_1nm_j1e11_f0p88GHz_0K_warm30_record20_40ppc_2000ovf_predictions.npz
SSO,0.88,100000000000.0,11.395071655847056,small,ws1,sso_1nm_j1e11_f0p88GHz_0K_warm30_record20_40ppc_2000ovf,True,none,0.7,0.3,280,120,0.25,400,8192,128,64,2,3,0,mx,C2N,clean training -> noisy testing; fixed clean-trained readout,0.0,0.0001,19,,3372840756,same test standard-normal draw for C2N/N2N and all alpha; scaled by sigma,1e-09,2.3709718060617644e-07,0.01147379168260891,8148875.102438648,1030.6129952977521,128.8704327157931,-60.27634539789759,protocol_comparison_30seeds/analysis_ws1/per_point/sso_1nm_j1e11_f0p88GHz_0K_warm30_record20_40ppc_2000ovf_predictions.npz
SSO,0.88,100000000000.0,11.395071655847056,small,ws1,sso_1nm_j1e11_f0p88GHz_0K_warm30_record20_40ppc_2000ovf,True,none,0.7,0.3,280,120,0.25,400,8192,128,64,2,3,0,mx,N2N,noisy training -> independently noisy testing; readout refitted for each training-noise realization,0.0001,0.0001,19,687705002,3372840756,independent train/test draws; test draw paired with C2N; draws shared across alpha and scaled by sigma,1e-09,4.377830946078067e-13,0.0026030557676982873,11071.513285963585,105.53186618386579,5.862028494280532,-17.055776526520848,protocol_comparison_30seeds/analysis_ws1/per_point/sso_1nm_j1e11_f0p88GHz_0K_warm30_record20_40ppc_2000ovf_predictions.npz
SSO,0.88,100000000000.0,11.395071655847056,small,ws1,sso_1nm_j1e11_f0p88GHz_0K_warm30_record20_40ppc_2000ovf,True,none,0.7,0.3,280,120,0.25,400,8192,128,64,2,3,0,mx,C2N,clean training -> noisy testing; fixed clean-trained readout,0.0,0.001,19,,3372840756,same test standard-normal draw for C2N/N2N and all alpha; scaled by sigma,0.001,0.004000965929973453,0.004396693329537091,1058.4282972129672,15.413309433675154,1.6038278907401378,0.4850794435326618,protocol_comparison_30seeds/analysis_ws1/per_point/sso_1nm_j1e11_f0p88GHz_0K_warm30_record20_40ppc_2000ovf_predictions.npz
SSO,0.88,100000000000.0,11.395071655847056,small,ws1,sso_1nm_j1e11_f0p88GHz_0K_warm30_record20_40ppc_2000ovf,True,none,0.7,0.3,280,120,0.25,400,8192,128,64,2,3,0,mx,N2N,noisy training -> independently noisy testing; readout refitted for each training-noise realization,0.001,0.001,19,687705002,3372840756,independent train/test draws; test draw paired with C2N; draws shared across alpha and scaled by sigma,0.001,7.487870517973294e-05,0.006132608871427642,144.79653812507095,14.31986780127868,0.762323266202171,-1.0058235234488893,protocol_comparison_30seeds/analysis_ws1/per_point/sso_1nm_j1e11_f0p88GHz_0K_warm30_record20_40ppc_2000ovf_predictions.npz
SSO,0.88,100000000000.0,11.395071655847056,small,ws1,sso_1nm_j1e11_f0p88GHz_0K_warm30_record20_40ppc_2000ovf,True,none,0.7,0.3,280,120,0.25,400,8192,128,64,2,3,0,mx,C2N,clean training -> noisy testing; fixed clean-trained readout,0.0,0.001,19,,3372840756,same test standard-normal draw for C2N/N2N and all alpha; scaled by sigma,1e-06,0.00045112913333492,0.10423723237292067,355409.84915197437,331.68233946389245,32.879078219434604,-4.586712141816346,protocol_comparison_30seeds/analysis_ws1/per_point/sso_1nm_j1e11_f0p88GHz_0K_warm30_record20_40ppc_2000ovf_predictions.npz
SSO,0.88,100000000000.0,11.395071655847056,small,ws1,sso_1nm_j1e11_f0p88GHz_0K_warm30_record20_40ppc_2000ovf,True,none,0.7,0.3,280,120,0.25,400,8192,128,64,2,3,0,mx,N2N,noisy training -> independently noisy testing; readout refitted for each training-noise realization,0.001,0.001,19,687705002,3372840756,independent train/test draws; test draw paired with C2N; draws shared across alpha and scaled by sigma,1e-06,9.419724298747451e-11,0.006069916773135771,162.40451606736625,15.794939293995354,0.8119051118942447,-1.147570898654696,protocol_comparison_30seeds/analysis_ws1/per_point/sso_1nm_j1e11_f0p88GHz_0K_warm30_record20_40ppc_2000ovf_predictions.npz
SSO,0.88,100000000000.0,11.395071655847056,small,ws1,sso_1nm_j1e11_f0p88GHz_0K_warm30_record20_40ppc_2000ovf,True,none,0.7,0.3,280,120,0.25,400,8192,128,64,2,3,0,mx,C2N,clean training -> noisy testing; fixed clean-trained readout,0.0,0.001,19,,3372840756,same test standard-normal draw for C2N/N2N and all alpha; scaled by sigma,1e-09,2.3709718060617644e-07,1.1474141122626,8148875.102438648,1030.6129952977521,128.8704327157931,-60.27634539789759,protocol_comparison_30seeds/analysis_ws1/per_point/sso_1nm_j1e11_f0p88GHz_0K_warm30_record20_40ppc_2000ovf_predictions.npz
SSO,0.88,100000000000.0,11.395071655847056,small,ws1,sso_1nm_j1e11_f0p88GHz_0K_warm30_record20_40ppc_2000ovf,True,none,0.7,0.3,280,120,0.25,400,8192,128,64,2,3,0,mx,N2N,noisy training -> independently noisy testing; readout refitted for each training-noise realization,0.001,0.001,19,687705002,3372840756,independent train/test draws; test draw paired with C2N; draws shared across alpha and scaled by sigma,1e-09,9.422161900296057e-17,0.006069858749870164,162.42450261713003,15.796607491459241,0.8119597049121455,-1.1477297934940305,protocol_comparison_30seeds/analysis_ws1/per_point/sso_1nm_j1e11_f0p88GHz_0K_warm30_record20_40ppc_2000ovf_predictions.npz
SSO,0.88,100000000000.0,11.395071655847056,small,ws1,sso_1nm_j1e11_f0p88GHz_0K_warm30_record20_40ppc_2000ovf,True,none,0.7,0.3,280,120,0.25,400,8192,128,64,2,3,0,mx,C2N,clean training -> noisy testing; fixed clean-trained readout,0.0,0.0001,20,,3907797255,same test standard-normal draw for C2N/N2N and all alpha; scaled by sigma,0.001,0.004000965929973453,0.004001352550187454,1058.4282972129672,15.413309433675154,1.6038278907401378,0.4850794435326618,protocol_comparison_30seeds/analysis_ws1/per_point/sso_1nm_j1e11_f0p88GHz_0K_warm30_record20_40ppc_2000ovf_predictions.npz
SSO,0.88,100000000000.0,11.395071655847056,small,ws1,sso_1nm_j1e11_f0p88GHz_0K_warm30_record20_40ppc_2000ovf,True,none,0.7,0.3,280,120,0.25,400,8192,128,64,2,3,0,mx,N2N,noisy training -> independently noisy testing; readout refitted for each training-noise realization,0.0001,0.0001,20,3715199613,3907797255,independent train/test draws; test draw paired with C2N; draws shared across alpha and scaled by sigma,0.001,0.003461070664614853,0.004055750715119614,984.4286597153656,17.37203793100671,1.5638043477939665,-0.49437153139799894,protocol_comparison_30seeds/analysis_ws1/per_point/sso_1nm_j1e11_f0p88GHz_0K_warm30_record20_40ppc_2000ovf_predictions.npz
SSO,0.88,100000000000.0,11.395071655847056,small,ws1,sso_1nm_j1e11_f0p88GHz_0K_warm30_record20_40ppc_2000ovf,True,none,0.7,0.3,280,120,0.25,400,8192,128,64,2,3,0,mx,C2N,clean training -> noisy testing; fixed clean-trained readout,0.0,0.0001,20,,3907797255,same test standard-normal draw for C2N/N2N and all alpha; scaled by sigma,1e-06,0.00045112913333492,0.0010793417936453087,355409.84915197437,331.68233946389245,32.879078219434604,-4.586712141816346,protocol_comparison_30seeds/analysis_ws1/per_point/sso_1nm_j1e11_f0p88GHz_0K_warm30_record20_40ppc_2000ovf_predictions.npz
SSO,0.88,100000000000.0,11.395071655847056,small,ws1,sso_1nm_j1e11_f0p88GHz_0K_warm30_record20_40ppc_2000ovf,True,none,0.7,0.3,280,120,0.25,400,8192,128,64,2,3,0,mx,N2N,noisy training -> independently noisy testing; readout refitted for each training-noise realization,0.0001,0.0001,20,3715199613,3907797255,independent train/test draws; test draw paired with C2N; draws shared across alpha and scaled by sigma,1e-06,4.188409960853277e-07,0.0026515258357637083,10829.380065358673,104.0543699343892,6.432227177705704,-4.683813708396848,protocol_comparison_30seeds/analysis_ws1/per_point/sso_1nm_j1e11_f0p88GHz_0K_warm30_record20_40ppc_2000ovf_predictions.npz
SSO,0.88,100000000000.0,11.395071655847056,small,ws1,sso_1nm_j1e11_f0p88GHz_0K_warm30_record20_40ppc_2000ovf,True,none,0.7,0.3,280,120,0.25,400,8192,128,64,2,3,0,mx,C2N,clean training -> noisy testing; fixed clean-trained readout,0.0,0.0001,20,,3907797255,same test standard-normal draw for C2N/N2N and all alpha; scaled by sigma,1e-09,2.3709718060617644e-07,0.008413608305524511,8148875.102438648,1030.6129952977521,128.8704327157931,-60.27634539789759,protocol_comparison_30seeds/analysis_ws1/per_point/sso_1nm_j1e11_f0p88GHz_0K_warm30_record20_40ppc_2000ovf_predictions.npz
SSO,0.88,100000000000.0,11.395071655847056,small,ws1,sso_1nm_j1e11_f0p88GHz_0K_warm30_record20_40ppc_2000ovf,True,none,0.7,0.3,280,120,0.25,400,8192,128,64,2,3,0,mx,N2N,noisy training -> independently noisy testing; readout refitted for each training-noise realization,0.0001,0.0001,20,3715199613,3907797255,independent train/test draws; test draw paired with C2N; draws shared across alpha and scaled by sigma,1e-09,4.2915944806975107e-13,0.0026468928641303073,10962.03906326864,105.18108246713044,6.479304967177235,-4.711470582583203,protocol_comparison_30seeds/analysis_ws1/per_point/sso_1nm_j1e11_f0p88GHz_0K_warm30_record20_40ppc_2000ovf_predictions.npz
SSO,0.88,100000000000.0,11.395071655847056,small,ws1,sso_1nm_j1e11_f0p88GHz_0K_warm30_record20_40ppc_2000ovf,True,none,0.7,0.3,280,120,0.25,400,8192,128,64,2,3,0,mx,C2N,clean training -> noisy testing; fixed clean-trained readout,0.0,0.001,20,,3907797255,same test standard-normal draw for C2N/N2N and all alpha; scaled by sigma,0.001,0.004000965929973453,0.004089439906144099,1058.4282972129672,15.413309433675154,1.6038278907401378,0.4850794435326618,protocol_comparison_30seeds/analysis_ws1/per_point/sso_1nm_j1e11_f0p88GHz_0K_warm30_record20_40ppc_2000ovf_predictions.npz
SSO,0.88,100000000000.0,11.395071655847056,small,ws1,sso_1nm_j1e11_f0p88GHz_0K_warm30_record20_40ppc_2000ovf,True,none,0.7,0.3,280,120,0.25,400,8192,128,64,2,3,0,mx,N2N,noisy training -> independently noisy testing; readout refitted for each training-noise realization,0.001,0.001,20,3715199613,3907797255,independent train/test draws; test draw paired with C2N; draws shared across alpha and scaled by sigma,0.001,7.416037506150023e-05,0.0061009818915083325,144.10032968982395,14.254691772387584,0.854827993102519,-0.9498538423727698,protocol_comparison_30seeds/analysis_ws1/per_point/sso_1nm_j1e11_f0p88GHz_0K_warm30_record20_40ppc_2000ovf_predictions.npz
SSO,0.88,100000000000.0,11.395071655847056,small,ws1,sso_1nm_j1e11_f0p88GHz_0K_warm30_record20_40ppc_2000ovf,True,none,0.7,0.3,280,120,0.25,400,8192,128,64,2,3,0,mx,C2N,clean training -> noisy testing; fixed clean-trained readout,0.0,0.001,20,,3907797255,same test standard-normal draw for C2N/N2N and all alpha; scaled by sigma,1e-06,0.00045112913333492,0.06943679831707478,355409.84915197437,331.68233946389245,32.879078219434604,-4.586712141816346,protocol_comparison_30seeds/analysis_ws1/per_point/sso_1nm_j1e11_f0p88GHz_0K_warm30_record20_40ppc_2000ovf_predictions.npz
SSO,0.88,100000000000.0,11.395071655847056,small,ws1,sso_1nm_j1e11_f0p88GHz_0K_warm30_record20_40ppc_2000ovf,True,none,0.7,0.3,280,120,0.25,400,8192,128,64,2,3,0,mx,N2N,noisy training -> independently noisy testing; readout refitted for each training-noise realization,0.001,0.001,20,3715199613,3907797255,independent train/test draws; test draw paired with C2N; draws shared across alpha and scaled by sigma,1e-06,9.329116384858117e-11,0.006035774995511389,161.6215435353299,15.722326036691193,0.9088616846036306,-1.0667364077484571,protocol_comparison_30seeds/analysis_ws1/per_point/sso_1nm_j1e11_f0p88GHz_0K_warm30_record20_40ppc_2000ovf_predictions.npz
SSO,0.88,100000000000.0,11.395071655847056,small,ws1,sso_1nm_j1e11_f0p88GHz_0K_warm30_record20_40ppc_2000ovf,True,none,0.7,0.3,280,120,0.25,400,8192,128,64,2,3,0,mx,C2N,clean training -> noisy testing; fixed clean-trained readout,0.0,0.001,20,,3907797255,same test standard-normal draw for C2N/N2N and all alpha; scaled by sigma,1e-09,2.3709718060617644e-07,0.8415082009347491,8148875.102438648,1030.6129952977521,128.8704327157931,-60.27634539789759,protocol_comparison_30seeds/analysis_ws1/per_point/sso_1nm_j1e11_f0p88GHz_0K_warm30_record20_40ppc_2000ovf_predictions.npz
SSO,0.88,100000000000.0,11.395071655847056,small,ws1,sso_1nm_j1e11_f0p88GHz_0K_warm30_record20_40ppc_2000ovf,True,none,0.7,0.3,280,120,0.25,400,8192,128,64,2,3,0,mx,N2N,noisy training -> independently noisy testing; readout refitted for each training-noise realization,0.001,0.001,20,3715199613,3907797255,independent train/test draws; test draw paired with C2N; draws shared across alpha and scaled by sigma,1e-09,9.332045274120067e-17,0.006035714305964942,161.64142531780394,15.72398581819521,0.9089205623735847,-1.0668617716922435,protocol_comparison_30seeds/analysis_ws1/per_point/sso_1nm_j1e11_f0p88GHz_0K_warm30_record20_40ppc_2000ovf_predictions.npz
SSO,0.88,100000000000.0,11.395071655847056,small,ws1,sso_1nm_j1e11_f0p88GHz_0K_warm30_record20_40ppc_2000ovf,True,none,0.7,0.3,280,120,0.25,400,8192,128,64,2,3,0,mx,C2N,clean training -> noisy testing; fixed clean-trained readout,0.0,0.0001,21,,2101837156,same test standard-normal draw for C2N/N2N and all alpha; scaled by sigma,0.001,0.004000965929973453,0.004025577857477934,1058.4282972129672,15.413309433675154,1.6038278907401378,0.4850794435326618,protocol_comparison_30seeds/analysis_ws1/per_point/sso_1nm_j1e11_f0p88GHz_0K_warm30_record20_40ppc_2000ovf_predictions.npz
SSO,0.88,100000000000.0,11.395071655847056,small,ws1,sso_1nm_j1e11_f0p88GHz_0K_warm30_record20_40ppc_2000ovf,True,none,0.7,0.3,280,120,0.25,400,8192,128,64,2,3,0,mx,N2N,noisy training -> independently noisy testing; readout refitted for each training-noise realization,0.0001,0.0001,21,48216568,2101837156,independent train/test draws; test draw paired with C2N; draws shared across alpha and scaled by sigma,0.001,0.0034518647300850907,0.004070518886841411,983.1185708380934,17.39862342014287,1.5820531485576839,0.21449151744235184,protocol_comparison_30seeds/analysis_ws1/per_point/sso_1nm_j1e11_f0p88GHz_0K_warm30_record20_40ppc_2000ovf_predictions.npz
SSO,0.88,100000000000.0,11.395071655847056,small,ws1,sso_1nm_j1e11_f0p88GHz_0K_warm30_record20_40ppc_2000ovf,True,none,0.7,0.3,280,120,0.25,400,8192,128,64,2,3,0,mx,C2N,clean training -> noisy testing; fixed clean-trained readout,0.0,0.0001,21,,2101837156,same test standard-normal draw for C2N/N2N and all alpha; scaled by sigma,1e-06,0.00045112913333492,0.001738176036165182,355409.84915197437,331.68233946389245,32.879078219434604,-4.586712141816346,protocol_comparison_30seeds/analysis_ws1/per_point/sso_1nm_j1e11_f0p88GHz_0K_warm30_record20_40ppc_2000ovf_predictions.npz
SSO,0.88,100000000000.0,11.395071655847056,small,ws1,sso_1nm_j1e11_f0p88GHz_0K_warm30_record20_40ppc_2000ovf,True,none,0.7,0.3,280,120,0.25,400,8192,128,64,2,3,0,mx,N2N,noisy training -> independently noisy testing; readout refitted for each training-noise realization,0.0001,0.0001,21,48216568,2101837156,independent train/test draws; test draw paired with C2N; draws shared across alpha and scaled by sigma,1e-06,4.190451448733697e-07,0.0027146306965361994,10832.01984250324,103.88678104980629,6.502653167077971,0.03204091970194556,protocol_comparison_30seeds/analysis_ws1/per_point/sso_1nm_j1e11_f0p88GHz_0K_warm30_record20_40ppc_2000ovf_predictions.npz
SSO,0.88,100000000000.0,11.395071655847056,small,ws1,sso_1nm_j1e11_f0p88GHz_0K_warm30_record20_40ppc_2000ovf,True,none,0.7,0.3,280,120,0.25,400,8192,128,64,2,3,0,mx,C2N,clean training -> noisy testing; fixed clean-trained readout,0.0,0.0001,21,,2101837156,same test standard-normal draw for C2N/N2N and all alpha; scaled by sigma,1e-09,2.3709718060617644e-07,0.011449816147392072,8148875.102438648,1030.6129952977521,128.8704327157931,-60.27634539789759,protocol_comparison_30seeds/analysis_ws1/per_point/sso_1nm_j1e11_f0p88GHz_0K_warm30_record20_40ppc_2000ovf_predictions.npz
SSO,0.88,100000000000.0,11.395071655847056,small,ws1,sso_1nm_j1e11_f0p88GHz_0K_warm30_record20_40ppc_2000ovf,True,none,0.7,0.3,280,120,0.25,400,8192,128,64,2,3,0,mx,N2N,noisy training -> independently noisy testing; readout refitted for each training-noise realization,0.0001,0.0001,21,48216568,2101837156,independent train/test draws; test draw paired with C2N; draws shared across alpha and scaled by sigma,1e-09,4.2946629129690953e-13,0.0027108980030149535,10965.675382541433,105.01588841876016,6.551983746689556,0.06614440527594145,protocol_comparison_30seeds/analysis_ws1/per_point/sso_1nm_j1e11_f0p88GHz_0K_warm30_record20_40ppc_2000ovf_predictions.npz
SSO,0.88,100000000000.0,11.395071655847056,small,ws1,sso_1nm_j1e11_f0p88GHz_0K_warm30_record20_40ppc_2000ovf,True,none,0.7,0.3,280,120,0.25,400,8192,128,64,2,3,0,mx,C2N,clean training -> noisy testing; fixed clean-trained readout,0.0,0.001,21,,2101837156,same test standard-normal draw for C2N/N2N and all alpha; scaled by sigma,0.001,0.004000965929973453,0.004406674855115567,1058.4282972129672,15.413309433675154,1.6038278907401378,0.4850794435326618,protocol_comparison_30seeds/analysis_ws1/per_point/sso_1nm_j1e11_f0p88GHz_0K_warm30_record20_40ppc_2000ovf_predictions.npz
SSO,0.88,100000000000.0,11.395071655847056,small,ws1,sso_1nm_j1e11_f0p88GHz_0K_warm30_record20_40ppc_2000ovf,True,none,0.7,0.3,280,120,0.25,400,8192,128,64,2,3,0,mx,N2N,noisy training -> independently noisy testing; readout refitted for each training-noise realization,0.001,0.001,21,48216568,2101837156,independent train/test draws; test draw paired with C2N; draws shared across alpha and scaled by sigma,0.001,7.460563122096927e-05,0.005904377508368351,144.5322688661947,14.256729761350336,0.9130762595626363,0.08701128400460079,protocol_comparison_30seeds/analysis_ws1/per_point/sso_1nm_j1e11_f0p88GHz_0K_warm30_record20_40ppc_2000ovf_predictions.npz
SSO,0.88,100000000000.0,11.395071655847056,small,ws1,sso_1nm_j1e11_f0p88GHz_0K_warm30_record20_40ppc_2000ovf,True,none,0.7,0.3,280,120,0.25,400,8192,128,64,2,3,0,mx,C2N,clean training -> noisy testing; fixed clean-trained readout,0.0,0.001,21,,2101837156,same test standard-normal draw for C2N/N2N and all alpha; scaled by sigma,1e-06,0.00045112913333492,0.12490185623709132,355409.84915197437,331.68233946389245,32.879078219434604,-4.586712141816346,protocol_comparison_30seeds/analysis_ws1/per_point/sso_1nm_j1e11_f0p88GHz_0K_warm30_record20_40ppc_2000ovf_predictions.npz
SSO,0.88,100000000000.0,11.395071655847056,small,ws1,sso_1nm_j1e11_f0p88GHz_0K_warm30_record20_40ppc_2000ovf,True,none,0.7,0.3,280,120,0.25,400,8192,128,64,2,3,0,mx,N2N,noisy training -> independently noisy testing; readout refitted for each training-noise realization,0.001,0.001,21,48216568,2101837156,independent train/test draws; test draw paired with C2N; draws shared across alpha and scaled by sigma,1e-06,9.407612423906058e-11,0.005814877351021158,162.30007313696203,15.733433018820557,0.9827589237829795,0.15486869979846407,protocol_comparison_30seeds/analysis_ws1/per_point/sso_1nm_j1e11_f0p88GHz_0K_warm30_record20_40ppc_2000ovf_predictions.npz
SSO,0.88,100000000000.0,11.395071655847056,small,ws1,sso_1nm_j1e11_f0p88GHz_0K_warm30_record20_40ppc_2000ovf,True,none,0.7,0.3,280,120,0.25,400,8192,128,64,2,3,0,mx,C2N,clean training -> noisy testing; fixed clean-trained readout,0.0,0.001,21,,2101837156,same test standard-normal draw for C2N/N2N and all alpha; scaled by sigma,1e-09,2.3709718060617644e-07,1.1456672988704275,8148875.102438648,1030.6129952977521,128.8704327157931,-60.27634539789759,protocol_comparison_30seeds/analysis_ws1/per_point/sso_1nm_j1e11_f0p88GHz_0K_warm30_record20_40ppc_2000ovf_predictions.npz
SSO,0.88,100000000000.0,11.395071655847056,small,ws1,sso_1nm_j1e11_f0p88GHz_0K_warm30_record20_40ppc_2000ovf,True,none,0.7,0.3,280,120,0.25,400,8192,128,64,2,3,0,mx,N2N,noisy training -> independently noisy testing; readout refitted for each training-noise realization,0.001,0.001,21,48216568,2101837156,independent train/test draws; test draw paired with C2N; draws shared across alpha and scaled by sigma,1e-09,9.41005800686579e-17,0.005814789006824461,162.32027598645206,15.735105584994688,0.9828360876035539,0.15495610927871328,protocol_comparison_30seeds/analysis_ws1/per_point/sso_1nm_j1e11_f0p88GHz_0K_warm30_record20_40ppc_2000ovf_predictions.npz
SSO,0.88,100000000000.0,11.395071655847056,small,ws1,sso_1nm_j1e11_f0p88GHz_0K_warm30_record20_40ppc_2000ovf,True,none,0.7,0.3,280,120,0.25,400,8192,128,64,2,3,0,mx,C2N,clean training -> noisy testing; fixed clean-trained readout,0.0,0.0001,22,,214019700,same test standard-normal draw for C2N/N2N and all alpha; scaled by sigma,0.001,0.004000965929973453,0.004010776820050633,1058.4282972129672,15.413309433675154,1.6038278907401378,0.4850794435326618,protocol_comparison_30seeds/analysis_ws1/per_point/sso_1nm_j1e11_f0p88GHz_0K_warm30_record20_40ppc_2000ovf_predictions.npz
SSO,0.88,100000000000.0,11.395071655847056,small,ws1,sso_1nm_j1e11_f0p88GHz_0K_warm30_record20_40ppc_2000ovf,True,none,0.7,0.3,280,120,0.25,400,8192,128,64,2,3,0,mx,N2N,noisy training -> independently noisy testing; readout refitted for each training-noise realization,0.0001,0.0001,22,3180733874,214019700,independent train/test draws; test draw paired with C2N; draws shared across alpha and scaled by sigma,0.001,0.0034588199322081892,0.004065093414742607,984.1085209270069,17.38064261930366,1.7164451265824947,0.44261457207871663,protocol_comparison_30seeds/analysis_ws1/per_point/sso_1nm_j1e11_f0p88GHz_0K_warm30_record20_40ppc_2000ovf_predictions.npz
SSO,0.88,100000000000.0,11.395071655847056,small,ws1,sso_1nm_j1e11_f0p88GHz_0K_warm30_record20_40ppc_2000ovf,True,none,0.7,0.3,280,120,0.25,400,8192,128,64,2,3,0,mx,C2N,clean training -> noisy testing; fixed clean-trained readout,0.0,0.0001,22,,214019700,same test standard-normal draw for C2N/N2N and all alpha; scaled by sigma,1e-06,0.00045112913333492,0.001351832907336436,355409.84915197437,331.68233946389245,32.879078219434604,-4.586712141816346,protocol_comparison_30seeds/analysis_ws1/per_point/sso_1nm_j1e11_f0p88GHz_0K_warm30_record20_40ppc_2000ovf_predictions.npz
SSO,0.88,100000000000.0,11.395071655847056,small,ws1,sso_1nm_j1e11_f0p88GHz_0K_warm30_record20_40ppc_2000ovf,True,none,0.7,0.3,280,120,0.25,400,8192,128,64,2,3,0,mx,N2N,noisy training -> independently noisy testing; readout refitted for each training-noise realization,0.0001,0.0001,22,3180733874,214019700,independent train/test draws; test draw paired with C2N; draws shared across alpha and scaled by sigma,1e-06,4.074932543567372e-07,0.002815689509549322,10681.671214478663,103.4213021928236,7.882535731279558,0.3425383888856486,protocol_comparison_30seeds/analysis_ws1/per_point/sso_1nm_j1e11_f0p88GHz_0K_warm30_record20_40ppc_2000ovf_predictions.npz
SSO,0.88,100000000000.0,11.395071655847056,small,ws1,sso_1nm_j1e11_f0p88GHz_0K_warm30_record20_40ppc_2000ovf,True,none,0.7,0.3,280,120,0.25,400,8192,128,64,2,3,0,mx,C2N,clean training -> noisy testing; fixed clean-trained readout,0.0,0.0001,22,,214019700,same test standard-normal draw for C2N/N2N and all alpha; scaled by sigma,1e-09,2.3709718060617644e-07,0.011392824562254456,8148875.102438648,1030.6129952977521,128.8704327157931,-60.27634539789759,protocol_comparison_30seeds/analysis_ws1/per_point/sso_1nm_j1e11_f0p88GHz_0K_warm30_record20_40ppc_2000ovf_predictions.npz
SSO,0.88,100000000000.0,11.395071655847056,small,ws1,sso_1nm_j1e11_f0p88GHz_0K_warm30_record20_40ppc_2000ovf,True,none,0.7,0.3,280,120,0.25,400,8192,128,64,2,3,0,mx,N2N,noisy training -> independently noisy testing; readout refitted for each training-noise realization,0.0001,0.0001,22,3180733874,214019700,independent train/test draws; test draw paired with C2N; draws shared across alpha and scaled by sigma,1e-09,4.173920149584358e-13,0.002813138434727789,10810.690329231746,104.52419475010589,7.952683705936981,0.3421451100675379,protocol_comparison_30seeds/analysis_ws1/per_point/sso_1nm_j1e11_f0p88GHz_0K_warm30_record20_40ppc_2000ovf_predictions.npz
SSO,0.88,100000000000.0,11.395071655847056,small,ws1,sso_1nm_j1e11_f0p88GHz_0K_warm30_record20_40ppc_2000ovf,True,none,0.7,0.3,280,120,0.25,400,8192,128,64,2,3,0,mx,C2N,clean training -> noisy testing; fixed clean-trained readout,0.0,0.001,22,,214019700,same test standard-normal draw for C2N/N2N and all alpha; scaled by sigma,0.001,0.004000965929973453,0.00421040533298187,1058.4282972129672,15.413309433675154,1.6038278907401378,0.4850794435326618,protocol_comparison_30seeds/analysis_ws1/per_point/sso_1nm_j1e11_f0p88GHz_0K_warm30_record20_40ppc_2000ovf_predictions.npz
SSO,0.88,100000000000.0,11.395071655847056,small,ws1,sso_1nm_j1e11_f0p88GHz_0K_warm30_record20_40ppc_2000ovf,True,none,0.7,0.3,280,120,0.25,400,8192,128,64,2,3,0,mx,N2N,noisy training -> independently noisy testing; readout refitted for each training-noise realization,0.001,0.001,22,3180733874,214019700,independent train/test draws; test draw paired with C2N; draws shared across alpha and scaled by sigma,0.001,7.291633727396477e-05,0.0058532867142420675,142.88657892053678,14.189377689117675,0.8478772994259117,0.7504188718293432,protocol_comparison_30seeds/analysis_ws1/per_point/sso_1nm_j1e11_f0p88GHz_0K_warm30_record20_40ppc_2000ovf_predictions.npz
SSO,0.88,100000000000.0,11.395071655847056,small,ws1,sso_1nm_j1e11_f0p88GHz_0K_warm30_record20_40ppc_2000ovf,True,none,0.7,0.3,280,120,0.25,400,8192,128,64,2,3,0,mx,C2N,clean training -> noisy testing; fixed clean-trained readout,0.0,0.001,22,,214019700,same test standard-normal draw for C2N/N2N and all alpha; scaled by sigma,1e-06,0.00045112913333492,0.10290458619754451,355409.84915197437,331.68233946389245,32.879078219434604,-4.586712141816346,protocol_comparison_30seeds/analysis_ws1/per_point/sso_1nm_j1e11_f0p88GHz_0K_warm30_record20_40ppc_2000ovf_predictions.npz
SSO,0.88,100000000000.0,11.395071655847056,small,ws1,sso_1nm_j1e11_f0p88GHz_0K_warm30_record20_40ppc_2000ovf,True,none,0.7,0.3,280,120,0.25,400,8192,128,64,2,3,0,mx,N2N,noisy training -> independently noisy testing; readout refitted for each training-noise realization,0.001,0.001,22,3180733874,214019700,independent train/test draws; test draw paired with C2N; draws shared across alpha and scaled by sigma,1e-06,9.1654143370875e-11,0.005774728049560474,160.19725569246012,15.639263486892217,0.9266277255511104,0.7172688962124882,protocol_comparison_30seeds/analysis_ws1/per_point/sso_1nm_j1e11_f0p88GHz_0K_warm30_record20_40ppc_2000ovf_predictions.npz
SSO,0.88,100000000000.0,11.395071655847056,small,ws1,sso_1nm_j1e11_f0p88GHz_0K_warm30_record20_40ppc_2000ovf,True,none,0.7,0.3,280,120,0.25,400,8192,128,64,2,3,0,mx,C2N,clean training -> noisy testing; fixed clean-trained readout,0.0,0.001,22,,214019700,same test standard-normal draw for C2N/N2N and all alpha; scaled by sigma,1e-09,2.3709718060617644e-07,1.1409493543551683,8148875.102438648,1030.6129952977521,128.8704327157931,-60.27634539789759,protocol_comparison_30seeds/analysis_ws1/per_point/sso_1nm_j1e11_f0p88GHz_0K_warm30_record20_40ppc_2000ovf_predictions.npz
SSO,0.88,100000000000.0,11.395071655847056,small,ws1,sso_1nm_j1e11_f0p88GHz_0K_warm30_record20_40ppc_2000ovf,True,none,0.7,0.3,280,120,0.25,400,8192,128,64,2,3,0,mx,N2N,noisy training -> independently noisy testing; readout refitted for each training-noise realization,0.001,0.001,22,3180733874,214019700,independent train/test draws; test draw paired with C2N; draws shared across alpha and scaled by sigma,1e-09,9.167931099596378e-17,0.005774651818774129,160.21689618975165,15.640902804611873,0.9267162395182981,0.7172292580017124,protocol_comparison_30seeds/analysis_ws1/per_point/sso_1nm_j1e11_f0p88GHz_0K_warm30_record20_40ppc_2000ovf_predictions.npz
SSO,0.88,100000000000.0,11.395071655847056,small,ws1,sso_1nm_j1e11_f0p88GHz_0K_warm30_record20_40ppc_2000ovf,True,none,0.7,0.3,280,120,0.25,400,8192,128,64,2,3,0,mx,C2N,clean training -> noisy testing; fixed clean-trained readout,0.0,0.0001,23,,2438918871,same test standard-normal draw for C2N/N2N and all alpha; scaled by sigma,0.001,0.004000965929973453,0.0040440145693409245,1058.4282972129672,15.413309433675154,1.6038278907401378,0.4850794435326618,protocol_comparison_30seeds/analysis_ws1/per_point/sso_1nm_j1e11_f0p88GHz_0K_warm30_record20_40ppc_2000ovf_predictions.npz
SSO,0.88,100000000000.0,11.395071655847056,small,ws1,sso_1nm_j1e11_f0p88GHz_0K_warm30_record20_40ppc_2000ovf,True,none,0.7,0.3,280,120,0.25,400,8192,128,64,2,3,0,mx,N2N,noisy training -> independently noisy testing; readout refitted for each training-noise realization,0.0001,0.0001,23,1663782703,2438918871,independent train/test draws; test draw paired with C2N; draws shared across alpha and scaled by sigma,0.001,0.0034750039517198994,0.004101351326255931,986.4081845130612,17.340065278976915,1.6782817700566217,0.7152682957269095,protocol_comparison_30seeds/analysis_ws1/per_point/sso_1nm_j1e11_f0p88GHz_0K_warm30_record20_40ppc_2000ovf_predictions.npz
SSO,0.88,100000000000.0,11.395071655847056,small,ws1,sso_1nm_j1e11_f0p88GHz_0K_warm30_record20_40ppc_2000ovf,True,none,0.7,0.3,280,120,0.25,400,8192,128,64,2,3,0,mx,C2N,clean training -> noisy testing; fixed clean-trained readout,0.0,0.0001,23,,2438918871,same test standard-normal draw for C2N/N2N and all alpha; scaled by sigma,1e-06,0.00045112913333492,0.001644066831110797,355409.84915197437,331.68233946389245,32.879078219434604,-4.586712141816346,protocol_comparison_30seeds/analysis_ws1/per_point/sso_1nm_j1e11_f0p88GHz_0K_warm30_record20_40ppc_2000ovf_predictions.npz
SSO,0.88,100000000000.0,11.395071655847056,small,ws1,sso_1nm_j1e11_f0p88GHz_0K_warm30_record20_40ppc_2000ovf,True,none,0.7,0.3,280,120,0.25,400,8192,128,64,2,3,0,mx,N2N,noisy training -> independently noisy testing; readout refitted for each training-noise realization,0.0001,0.0001,23,1663782703,2438918871,independent train/test draws; test draw paired with C2N; draws shared across alpha and scaled by sigma,1e-06,4.1320373498508117e-07,0.002801927411038155,10756.256019998686,103.92305343167094,5.571922284592603,3.4393711830798623,protocol_comparison_30seeds/analysis_ws1/per_point/sso_1nm_j1e11_f0p88GHz_0K_warm30_record20_40ppc_2000ovf_predictions.npz
SSO,0.88,100000000000.0,11.395071655847056,small,ws1,sso_1nm_j1e11_f0p88GHz_0K_warm30_record20_40ppc_2000ovf,True,none,0.7,0.3,280,120,0.25,400,8192,128,64,2,3,0,mx,C2N,clean training -> noisy testing; fixed clean-trained readout,0.0,0.0001,23,,2438918871,same test standard-normal draw for C2N/N2N and all alpha; scaled by sigma,1e-09,2.3709718060617644e-07,0.011024855656189684,8148875.102438648,1030.6129952977521,128.8704327157931,-60.27634539789759,protocol_comparison_30seeds/analysis_ws1/per_point/sso_1nm_j1e11_f0p88GHz_0K_warm30_record20_40ppc_2000ovf_predictions.npz
SSO,0.88,100000000000.0,11.395071655847056,small,ws1,sso_1nm_j1e11_f0p88GHz_0K_warm30_record20_40ppc_2000ovf,True,none,0.7,0.3,280,120,0.25,400,8192,128,64,2,3,0,mx,N2N,noisy training -> independently noisy testing; readout refitted for each training-noise realization,0.0001,0.0001,23,1663782703,2438918871,independent train/test draws; test draw paired with C2N; draws shared across alpha and scaled by sigma,1e-09,4.232663260541969e-13,0.0027980588488768898,10886.43206812847,105.03599032275413,5.621704102358119,3.463888633339815,protocol_comparison_30seeds/analysis_ws1/per_point/sso_1nm_j1e11_f0p88GHz_0K_warm30_record20_40ppc_2000ovf_predictions.npz
SSO,0.88,100000000000.0,11.395071655847056,small,ws1,sso_1nm_j1e11_f0p88GHz_0K_warm30_record20_40ppc_2000ovf,True,none,0.7,0.3,280,120,0.25,400,8192,128,64,2,3,0,mx,C2N,clean training -> noisy testing; fixed clean-trained readout,0.0,0.001,23,,2438918871,same test standard-normal draw for C2N/N2N and all alpha; scaled by sigma,0.001,0.004000965929973453,0.004531256540437049,1058.4282972129672,15.413309433675154,1.6038278907401378,0.4850794435326618,protocol_comparison_30seeds/analysis_ws1/per_point/sso_1nm_j1e11_f0p88GHz_0K_warm30_record20_40ppc_2000ovf_predictions.npz
SSO,0.88,100000000000.0,11.395071655847056,small,ws1,sso_1nm_j1e11_f0p88GHz_0K_warm30_record20_40ppc_2000ovf,True,none,0.7,0.3,280,120,0.25,400,8192,128,64,2,3,0,mx,N2N,noisy training -> independently noisy testing; readout refitted for each training-noise realization,0.001,0.001,23,1663782703,2438918871,independent train/test draws; test draw paired with C2N; draws shared across alpha and scaled by sigma,0.001,7.734235367189596e-05,0.005990936814675816,147.15929812834912,14.339492304946484,0.8853859526172921,0.9948089447085694,protocol_comparison_30seeds/analysis_ws1/per_point/sso_1nm_j1e11_f0p88GHz_0K_warm30_record20_40ppc_2000ovf_predictions.npz
SSO,0.88,100000000000.0,11.395071655847056,small,ws1,sso_1nm_j1e11_f0p88GHz_0K_warm30_record20_40ppc_2000ovf,True,none,0.7,0.3,280,120,0.25,400,8192,128,64,2,3,0,mx,C2N,clean training -> noisy testing; fixed clean-trained readout,0.0,0.001,23,,2438918871,same test standard-normal draw for C2N/N2N and all alpha; scaled by sigma,1e-06,0.00045112913333492,0.10892833249194135,355409.84915197437,331.68233946389245,32.879078219434604,-4.586712141816346,protocol_comparison_30seeds/analysis_ws1/per_point/sso_1nm_j1e11_f0p88GHz_0K_warm30_record20_40ppc_2000ovf_predictions.npz
SSO,0.88,100000000000.0,11.395071655847056,small,ws1,sso_1nm_j1e11_f0p88GHz_0K_warm30_record20_40ppc_2000ovf,True,none,0.7,0.3,280,120,0.25,400,8192,128,64,2,3,0,mx,N2N,noisy training -> independently noisy testing; readout refitted for each training-noise realization,0.001,0.001,23,1663782703,2438918871,independent train/test draws; test draw paired with C2N; draws shared across alpha and scaled by sigma,1e-06,9.796104412323705e-11,0.005911854906384244,165.6173005840652,15.861479649302577,0.9398578023830018,1.0329814566477735,protocol_comparison_30seeds/analysis_ws1/per_point/sso_1nm_j1e11_f0p88GHz_0K_warm30_record20_40ppc_2000ovf_predictions.npz
SSO,0.88,100000000000.0,11.395071655847056,small,ws1,sso_1nm_j1e11_f0p88GHz_0K_warm30_record20_40ppc_2000ovf,True,none,0.7,0.3,280,120,0.25,400,8192,128,64,2,3,0,mx,C2N,clean training -> noisy testing; fixed clean-trained readout,0.0,0.001,23,,2438918871,same test standard-normal draw for C2N/N2N and all alpha; scaled by sigma,1e-09,2.3709718060617644e-07,1.1031485047989118,8148875.102438648,1030.6129952977521,128.8704327157931,-60.27634539789759,protocol_comparison_30seeds/analysis_ws1/per_point/sso_1nm_j1e11_f0p88GHz_0K_warm30_record20_40ppc_2000ovf_predictions.npz
SSO,0.88,100000000000.0,11.395071655847056,small,ws1,sso_1nm_j1e11_f0p88GHz_0K_warm30_record20_40ppc_2000ovf,True,none,0.7,0.3,280,120,0.25,400,8192,128,64,2,3,0,mx,N2N,noisy training -> independently noisy testing; readout refitted for each training-noise realization,0.001,0.001,23,1663782703,2438918871,independent train/test draws; test draw paired with C2N; draws shared across alpha and scaled by sigma,1e-09,9.798510873057824e-17,0.005911777597679669,165.63831706320138,15.863207224800135,0.9399170283713906,1.033022539589703,protocol_comparison_30seeds/analysis_ws1/per_point/sso_1nm_j1e11_f0p88GHz_0K_warm30_record20_40ppc_2000ovf_predictions.npz
SSO,0.88,100000000000.0,11.395071655847056,small,ws1,sso_1nm_j1e11_f0p88GHz_0K_warm30_record20_40ppc_2000ovf,True,none,0.7,0.3,280,120,0.25,400,8192,128,64,2,3,0,mx,C2N,clean training -> noisy testing; fixed clean-trained readout,0.0,0.0001,24,,3857074772,same test standard-normal draw for C2N/N2N and all alpha; scaled by sigma,0.001,0.004000965929973453,0.004021247372335155,1058.4282972129672,15.413309433675154,1.6038278907401378,0.4850794435326618,protocol_comparison_30seeds/analysis_ws1/per_point/sso_1nm_j1e11_f0p88GHz_0K_warm30_record20_40ppc_2000ovf_predictions.npz
SSO,0.88,100000000000.0,11.395071655847056,small,ws1,sso_1nm_j1e11_f0p88GHz_0K_warm30_record20_40ppc_2000ovf,True,none,0.7,0.3,280,120,0.25,400,8192,128,64,2,3,0,mx,N2N,noisy training -> independently noisy testing; readout refitted for each training-noise realization,0.0001,0.0001,24,498747655,3857074772,independent train/test draws; test draw paired with C2N; draws shared across alpha and scaled by sigma,0.001,0.0034640203475574324,0.004069900364293954,984.848057992473,17.347566109261564,1.6362061643803254,0.246449430345963,protocol_comparison_30seeds/analysis_ws1/per_point/sso_1nm_j1e11_f0p88GHz_0K_warm30_record20_40ppc_2000ovf_predictions.npz
SSO,0.88,100000000000.0,11.395071655847056,small,ws1,sso_1nm_j1e11_f0p88GHz_0K_warm30_record20_40ppc_2000ovf,True,none,0.7,0.3,280,120,0.25,400,8192,128,64,2,3,0,mx,C2N,clean training -> noisy testing; fixed clean-trained readout,0.0,0.0001,24,,3857074772,same test standard-normal draw for C2N/N2N and all alpha; scaled by sigma,1e-06,0.00045112913333492,0.0018626993688556817,355409.84915197437,331.68233946389245,32.879078219434604,-4.586712141816346,protocol_comparison_30seeds/analysis_ws1/per_point/sso_1nm_j1e11_f0p88GHz_0K_warm30_record20_40ppc_2000ovf_predictions.npz
SSO,0.88,100000000000.0,11.395071655847056,small,ws1,sso_1nm_j1e11_f0p88GHz_0K_warm30_record20_40ppc_2000ovf,True,none,0.7,0.3,280,120,0.25,400,8192,128,64,2,3,0,mx,N2N,noisy training -> independently noisy testing; readout refitted for each training-noise realization,0.0001,0.0001,24,498747655,3857074772,independent train/test draws; test draw paired with C2N; draws shared across alpha and scaled by sigma,1e-06,4.2367308532057767e-07,0.002704469094085758,10891.669909439823,104.27221287537479,6.777605008717795,-0.36740770672608947,protocol_comparison_30seeds/analysis_ws1/per_point/sso_1nm_j1e11_f0p88GHz_0K_warm30_record20_40ppc_2000ovf_predictions.npz
SSO,0.88,100000000000.0,11.395071655847056,small,ws1,sso_1nm_j1e11_f0p88GHz_0K_warm30_record20_40ppc_2000ovf,True,none,0.7,0.3,280,120,0.25,400,8192,128,64,2,3,0,mx,C2N,clean training -> noisy testing; fixed clean-trained readout,0.0,0.0001,24,,3857074772,same test standard-normal draw for C2N/N2N and all alpha; scaled by sigma,1e-09,2.3709718060617644e-07,0.010846055225729583,8148875.102438648,1030.6129952977521,128.8704327157931,-60.27634539789759,protocol_comparison_30seeds/analysis_ws1/per_point/sso_1nm_j1e11_f0p88GHz_0K_warm30_record20_40ppc_2000ovf_predictions.npz
SSO,0.88,100000000000.0,11.395071655847056,small,ws1,sso_1nm_j1e11_f0p88GHz_0K_warm30_record20_40ppc_2000ovf,True,none,0.7,0.3,280,120,0.25,400,8192,128,64,2,3,0,mx,N2N,noisy training -> independently noisy testing; readout refitted for each training-noise realization,0.0001,0.0001,24,498747655,3857074772,independent train/test draws; test draw paired with C2N; draws shared across alpha and scaled by sigma,1e-09,4.3423795999831115e-13,0.002701110209001618,11026.294310206093,105.40956046991155,6.839667515681305,-0.38036433218421495,protocol_comparison_30seeds/analysis_ws1/per_point/sso_1nm_j1e11_f0p88GHz_0K_warm30_record20_40ppc_2000ovf_predictions.npz
SSO,0.88,100000000000.0,11.395071655847056,small,ws1,sso_1nm_j1e11_f0p88GHz_0K_warm30_record20_40ppc_2000ovf,True,none,0.7,0.3,280,120,0.25,400,8192,128,64,2,3,0,mx,C2N,clean training -> noisy testing; fixed clean-trained readout,0.0,0.001,24,,3857074772,same test standard-normal draw for C2N/N2N and all alpha; scaled by sigma,0.001,0.004000965929973453,0.004287688593120442,1058.4282972129672,15.413309433675154,1.6038278907401378,0.4850794435326618,protocol_comparison_30seeds/analysis_ws1/per_point/sso_1nm_j1e11_f0p88GHz_0K_warm30_record20_40ppc_2000ovf_predictions.npz
SSO,0.88,100000000000.0,11.395071655847056,small,ws1,sso_1nm_j1e11_f0p88GHz_0K_warm30_record20_40ppc_2000ovf,True,none,0.7,0.3,280,120,0.25,400,8192,128,64,2,3,0,mx,N2N,noisy training -> independently noisy testing; readout refitted for each training-noise realization,0.001,0.001,24,498747655,3857074772,independent train/test draws; test draw paired with C2N; draws shared across alpha and scaled by sigma,0.001,7.222372555164211e-05,0.005874712388025636,142.20634005872392,14.149303201057213,0.8868513416122927,0.022838232972949735,protocol_comparison_30seeds/analysis_ws1/per_point/sso_1nm_j1e11_f0p88GHz_0K_warm30_record20_40ppc_2000ovf_predictions.npz
SSO,0.88,100000000000.0,11.395071655847056,small,ws1,sso_1nm_j1e11_f0p88GHz_0K_warm30_record20_40ppc_2000ovf,True,none,0.7,0.3,280,120,0.25,400,8192,128,64,2,3,0,mx,C2N,clean training -> noisy testing; fixed clean-trained readout,0.0,0.001,24,,3857074772,same test standard-normal draw for C2N/N2N and all alpha; scaled by sigma,1e-06,0.00045112913333492,0.12699619765556533,355409.84915197437,331.68233946389245,32.879078219434604,-4.586712141816346,protocol_comparison_30seeds/analysis_ws1/per_point/sso_1nm_j1e11_f0p88GHz_0K_warm30_record20_40ppc_2000ovf_predictions.npz
SSO,0.88,100000000000.0,11.395071655847056,small,ws1,sso_1nm_j1e11_f0p88GHz_0K_warm30_record20_40ppc_2000ovf,True,none,0.7,0.3,280,120,0.25,400,8192,128,64,2,3,0,mx,N2N,noisy training -> independently noisy testing; readout refitted for each training-noise realization,0.001,0.001,24,498747655,3857074772,independent train/test draws; test draw paired with C2N; draws shared across alpha and scaled by sigma,1e-06,9.071311659728298e-11,0.005796267485235266,159.37274581098694,15.589472256135451,0.955741955290577,-0.030325878317682187,protocol_comparison_30seeds/analysis_ws1/per_point/sso_1nm_j1e11_f0p88GHz_0K_warm30_record20_40ppc_2000ovf_predictions.npz
SSO,0.88,100000000000.0,11.395071655847056,small,ws1,sso_1nm_j1e11_f0p88GHz_0K_warm30_record20_40ppc_2000ovf,True,none,0.7,0.3,280,120,0.25,400,8192,128,64,2,3,0,mx,C2N,clean training -> noisy testing; fixed clean-trained readout,0.0,0.001,24,,3857074772,same test standard-normal draw for C2N/N2N and all alpha; scaled by sigma,1e-09,2.3709718060617644e-07,1.0840462410116358,8148875.102438648,1030.6129952977521,128.8704327157931,-60.27634539789759,protocol_comparison_30seeds/analysis_ws1/per_point/sso_1nm_j1e11_f0p88GHz_0K_warm30_record20_40ppc_2000ovf_predictions.npz
SSO,0.88,100000000000.0,11.395071655847056,small,ws1,sso_1nm_j1e11_f0p88GHz_0K_warm30_record20_40ppc_2000ovf,True,none,0.7,0.3,280,120,0.25,400,8192,128,64,2,3,0,mx,N2N,noisy training -> independently noisy testing; readout refitted for each training-noise realization,0.001,0.001,24,498747655,3857074772,independent train/test draws; test draw paired with C2N; draws shared across alpha and scaled by sigma,1e-09,9.073242427488933e-17,0.005796191323499751,159.3922080203557,15.591099924702998,0.9558182032477113,-0.030382353518082494,protocol_comparison_30seeds/analysis_ws1/per_point/sso_1nm_j1e11_f0p88GHz_0K_warm30_record20_40ppc_2000ovf_predictions.npz
SSO,0.88,100000000000.0,11.395071655847056,small,ws1,sso_1nm_j1e11_f0p88GHz_0K_warm30_record20_40ppc_2000ovf,True,none,0.7,0.3,280,120,0.25,400,8192,128,64,2,3,0,mx,C2N,clean training -> noisy testing; fixed clean-trained readout,0.0,0.0001,25,,2152306167,same test standard-normal draw for C2N/N2N and all alpha; scaled by sigma,0.001,0.004000965929973453,0.004004100419857413,1058.4282972129672,15.413309433675154,1.6038278907401378,0.4850794435326618,protocol_comparison_30seeds/analysis_ws1/per_point/sso_1nm_j1e11_f0p88GHz_0K_warm30_record20_40ppc_2000ovf_predictions.npz
SSO,0.88,100000000000.0,11.395071655847056,small,ws1,sso_1nm_j1e11_f0p88GHz_0K_warm30_record20_40ppc_2000ovf,True,none,0.7,0.3,280,120,0.25,400,8192,128,64,2,3,0,mx,N2N,noisy training -> independently noisy testing; readout refitted for each training-noise realization,0.0001,0.0001,25,3259572106,2152306167,independent train/test draws; test draw paired with C2N; draws shared across alpha and scaled by sigma,0.001,0.003468360627589688,0.004053824446368087,985.4648526888342,17.349862113544777,1.7587881277519315,0.7378295238115022,protocol_comparison_30seeds/analysis_ws1/per_point/sso_1nm_j1e11_f0p88GHz_0K_warm30_record20_40ppc_2000ovf_predictions.npz
SSO,0.88,100000000000.0,11.395071655847056,small,ws1,sso_1nm_j1e11_f0p88GHz_0K_warm30_record20_40ppc_2000ovf,True,none,0.7,0.3,280,120,0.25,400,8192,128,64,2,3,0,mx,C2N,clean training -> noisy testing; fixed clean-trained readout,0.0,0.0001,25,,2152306167,same test standard-normal draw for C2N/N2N and all alpha; scaled by sigma,1e-06,0.00045112913333492,0.0015039055686923402,355409.84915197437,331.68233946389245,32.879078219434604,-4.586712141816346,protocol_comparison_30seeds/analysis_ws1/per_point/sso_1nm_j1e11_f0p88GHz_0K_warm30_record20_40ppc_2000ovf_predictions.npz
SSO,0.88,100000000000.0,11.395071655847056,small,ws1,sso_1nm_j1e11_f0p88GHz_0K_warm30_record20_40ppc_2000ovf,True,none,0.7,0.3,280,120,0.25,400,8192,128,64,2,3,0,mx,N2N,noisy training -> independently noisy testing; readout refitted for each training-noise realization,0.0001,0.0001,25,3259572106,2152306167,independent train/test draws; test draw paired with C2N; draws shared across alpha and scaled by sigma,1e-06,4.077870379400997e-07,0.00259157087051856,10685.521480092611,103.64846840425166,6.054651729650777,0.9403154290551745,protocol_comparison_30seeds/analysis_ws1/per_point/sso_1nm_j1e11_f0p88GHz_0K_warm30_record20_40ppc_2000ovf_predictions.npz
SSO,0.88,100000000000.0,11.395071655847056,small,ws1,sso_1nm_j1e11_f0p88GHz_0K_warm30_record20_40ppc_2000ovf,True,none,0.7,0.3,280,120,0.25,400,8192,128,64,2,3,0,mx,C2N,clean training -> noisy testing; fixed clean-trained readout,0.0,0.0001,25,,2152306167,same test standard-normal draw for C2N/N2N and all alpha; scaled by sigma,1e-09,2.3709718060617644e-07,0.00844918291291022,8148875.102438648,1030.6129952977521,128.8704327157931,-60.27634539789759,protocol_comparison_30seeds/analysis_ws1/per_point/sso_1nm_j1e11_f0p88GHz_0K_warm30_record20_40ppc_2000ovf_predictions.npz
SSO,0.88,100000000000.0,11.395071655847056,small,ws1,sso_1nm_j1e11_f0p88GHz_0K_warm30_record20_40ppc_2000ovf,True,none,0.7,0.3,280,120,0.25,400,8192,128,64,2,3,0,mx,N2N,noisy training -> independently noisy testing; readout refitted for each training-noise realization,0.0001,0.0001,25,3259572106,2152306167,independent train/test draws; test draw paired with C2N; draws shared across alpha and scaled by sigma,1e-09,4.175216284603449e-13,0.0025867287738808226,10813.231825515568,104.74968984902235,6.099751185336063,0.9395521016816861,protocol_comparison_30seeds/analysis_ws1/per_point/sso_1nm_j1e11_f0p88GHz_0K_warm30_record20_40ppc_2000ovf_predictions.npz
SSO,0.88,100000000000.0,11.395071655847056,small,ws1,sso_1nm_j1e11_f0p88GHz_0K_warm30_record20_40ppc_2000ovf,True,none,0.7,0.3,280,120,0.25,400,8192,128,64,2,3,0,mx,C2N,clean training -> noisy testing; fixed clean-trained readout,0.0,0.001,25,,2152306167,same test standard-normal draw for C2N/N2N and all alpha; scaled by sigma,0.001,0.004000965929973453,0.004131790987496084,1058.4282972129672,15.413309433675154,1.6038278907401378,0.4850794435326618,protocol_comparison_30seeds/analysis_ws1/per_point/sso_1nm_j1e11_f0p88GHz_0K_warm30_record20_40ppc_2000ovf_predictions.npz
SSO,0.88,100000000000.0,11.395071655847056,small,ws1,sso_1nm_j1e11_f0p88GHz_0K_warm30_record20_40ppc_2000ovf,True,none,0.7,0.3,280,120,0.25,400,8192,128,64,2,3,0,mx,N2N,noisy training -> independently noisy testing; readout refitted for each training-noise realization,0.001,0.001,25,3259572106,2152306167,independent train/test draws; test draw paired with C2N; draws shared across alpha and scaled by sigma,0.001,7.297346253501717e-05,0.005843556678004401,142.94253917872493,14.198667279419757,0.8977733854343785,1.1834504842310696,protocol_comparison_30seeds/analysis_ws1/per_point/sso_1nm_j1e11_f0p88GHz_0K_warm30_record20_40ppc_2000ovf_predictions.npz
SSO,0.88,100000000000.0,11.395071655847056,small,ws1,sso_1nm_j1e11_f0p88GHz_0K_warm30_record20_40ppc_2000ovf,True,none,0.7,0.3,280,120,0.25,400,8192,128,64,2,3,0,mx,C2N,clean training -> noisy testing; fixed clean-trained readout,0.0,0.001,25,,2152306167,same test standard-normal draw for C2N/N2N and all alpha; scaled by sigma,1e-06,0.00045112913333492,0.11352106098427732,355409.84915197437,331.68233946389245,32.879078219434604,-4.586712141816346,protocol_comparison_30seeds/analysis_ws1/per_point/sso_1nm_j1e11_f0p88GHz_0K_warm30_record20_40ppc_2000ovf_predictions.npz
SSO,0.88,100000000000.0,11.395071655847056,small,ws1,sso_1nm_j1e11_f0p88GHz_0K_warm30_record20_40ppc_2000ovf,True,none,0.7,0.3,280,120,0.25,400,8192,128,64,2,3,0,mx,N2N,noisy training -> independently noisy testing; readout refitted for each training-noise realization,0.001,0.001,25,3259572106,2152306167,independent train/test draws; test draw paired with C2N; draws shared across alpha and scaled by sigma,1e-06,9.151086747375634e-11,0.00575654499489107,160.07199000578836,15.647960934965262,0.960473729460497,1.2968962501172545,protocol_comparison_30seeds/analysis_ws1/per_point/sso_1nm_j1e11_f0p88GHz_0K_warm30_record20_40ppc_2000ovf_predictions.npz
SSO,0.88,100000000000.0,11.395071655847056,small,ws1,sso_1nm_j1e11_f0p88GHz_0K_warm30_record20_40ppc_2000ovf,True,none,0.7,0.3,280,120,0.25,400,8192,128,64,2,3,0,mx,C2N,clean training -> noisy testing; fixed clean-trained readout,0.0,0.001,25,,2152306167,same test standard-normal draw for C2N/N2N and all alpha; scaled by sigma,1e-09,2.3709718060617644e-07,0.8454094611227444,8148875.102438648,1030.6129952977521,128.8704327157931,-60.27634539789759,protocol_comparison_30seeds/analysis_ws1/per_point/sso_1nm_j1e11_f0p88GHz_0K_warm30_record20_40ppc_2000ovf_predictions.npz
SSO,0.88,100000000000.0,11.395071655847056,small,ws1,sso_1nm_j1e11_f0p88GHz_0K_warm30_record20_40ppc_2000ovf,True,none,0.7,0.3,280,120,0.25,400,8192,128,64,2,3,0,mx,N2N,noisy training -> independently noisy testing; readout refitted for each training-noise realization,0.001,0.001,25,3259572106,2152306167,independent train/test draws; test draw paired with C2N; draws shared across alpha and scaled by sigma,1e-09,9.153827792900044e-17,0.0057564597086042476,160.0913736124994,15.649596779261389,0.960542943991269,1.2970282978784102,protocol_comparison_30seeds/analysis_ws1/per_point/sso_1nm_j1e11_f0p88GHz_0K_warm30_record20_40ppc_2000ovf_predictions.npz
SSO,0.88,100000000000.0,11.395071655847056,small,ws1,sso_1nm_j1e11_f0p88GHz_0K_warm30_record20_40ppc_2000ovf,True,none,0.7,0.3,280,120,0.25,400,8192,128,64,2,3,0,mx,C2N,clean training -> noisy testing; fixed clean-trained readout,0.0,0.0001,26,,163570663,same test standard-normal draw for C2N/N2N and all alpha; scaled by sigma,0.001,0.004000965929973453,0.004016361914754235,1058.4282972129672,15.413309433675154,1.6038278907401378,0.4850794435326618,protocol_comparison_30seeds/analysis_ws1/per_point/sso_1nm_j1e11_f0p88GHz_0K_warm30_record20_40ppc_2000ovf_predictions.npz
SSO,0.88,100000000000.0,11.395071655847056,small,ws1,sso_1nm_j1e11_f0p88GHz_0K_warm30_record20_40ppc_2000ovf,True,none,0.7,0.3,280,120,0.25,400,8192,128,64,2,3,0,mx,N2N,noisy training -> independently noisy testing; readout refitted for each training-noise realization,0.0001,0.0001,26,2114894912,163570663,independent train/test draws; test draw paired with C2N; draws shared across alpha and scaled by sigma,0.001,0.0034993930148121298,0.0040767123534987395,989.8636492905149,17.343309638536827,1.668810885455169,0.595528109144958,protocol_comparison_30seeds/analysis_ws1/per_point/sso_1nm_j1e11_f0p88GHz_0K_warm30_record20_40ppc_2000ovf_predictions.npz
SSO,0.88,100000000000.0,11.395071655847056,small,ws1,sso_1nm_j1e11_f0p88GHz_0K_warm30_record20_40ppc_2000ovf,True,none,0.7,0.3,280,120,0.25,400,8192,128,64,2,3,0,mx,C2N,clean training -> noisy testing; fixed clean-trained readout,0.0,0.0001,26,,163570663,same test standard-normal draw for C2N/N2N and all alpha; scaled by sigma,1e-06,0.00045112913333492,0.0015332842531653502,355409.84915197437,331.68233946389245,32.879078219434604,-4.586712141816346,protocol_comparison_30seeds/analysis_ws1/per_point/sso_1nm_j1e11_f0p88GHz_0K_warm30_record20_40ppc_2000ovf_predictions.npz
SSO,0.88,100000000000.0,11.395071655847056,small,ws1,sso_1nm_j1e11_f0p88GHz_0K_warm30_record20_40ppc_2000ovf,True,none,0.7,0.3,280,120,0.25,400,8192,128,64,2,3,0,mx,N2N,noisy training -> independently noisy testing; readout refitted for each training-noise realization,0.0001,0.0001,26,2114894912,163570663,independent train/test draws; test draw paired with C2N; draws shared across alpha and scaled by sigma,1e-06,4.1379362221818834e-07,0.002818909825130916,10763.93160324774,104.14844058592308,6.190884230776027,10.961358755597768,protocol_comparison_30seeds/analysis_ws1/per_point/sso_1nm_j1e11_f0p88GHz_0K_warm30_record20_40ppc_2000ovf_predictions.npz
SSO,0.88,100000000000.0,11.395071655847056,small,ws1,sso_1nm_j1e11_f0p88GHz_0K_warm30_record20_40ppc_2000ovf,True,none,0.7,0.3,280,120,0.25,400,8192,128,64,2,3,0,mx,C2N,clean training -> noisy testing; fixed clean-trained readout,0.0,0.0001,26,,163570663,same test standard-normal draw for C2N/N2N and all alpha; scaled by sigma,1e-09,2.3709718060617644e-07,0.011328597571479918,8148875.102438648,1030.6129952977521,128.8704327157931,-60.27634539789759,protocol_comparison_30seeds/analysis_ws1/per_point/sso_1nm_j1e11_f0p88GHz_0K_warm30_record20_40ppc_2000ovf_predictions.npz
SSO,0.88,100000000000.0,11.395071655847056,small,ws1,sso_1nm_j1e11_f0p88GHz_0K_warm30_record20_40ppc_2000ovf,True,none,0.7,0.3,280,120,0.25,400,8192,128,64,2,3,0,mx,N2N,noisy training -> independently noisy testing; readout refitted for each training-noise realization,0.0001,0.0001,26,2114894912,163570663,independent train/test draws; test draw paired with C2N; draws shared across alpha and scaled by sigma,1e-09,4.2384226956741705e-13,0.0028170944555514043,10893.95490449559,105.26055904790297,6.242003244038468,11.14864746953368,protocol_comparison_30seeds/analysis_ws1/per_point/sso_1nm_j1e11_f0p88GHz_0K_warm30_record20_40ppc_2000ovf_predictions.npz
SSO,0.88,100000000000.0,11.395071655847056,small,ws1,sso_1nm_j1e11_f0p88GHz_0K_warm30_record20_40ppc_2000ovf,True,none,0.7,0.3,280,120,0.25,400,8192,128,64,2,3,0,mx,C2N,clean training -> noisy testing; fixed clean-trained readout,0.0,0.001,26,,163570663,same test standard-normal draw for C2N/N2N and all alpha; scaled by sigma,0.001,0.004000965929973453,0.004252281208248204,1058.4282972129672,15.413309433675154,1.6038278907401378,0.4850794435326618,protocol_comparison_30seeds/analysis_ws1/per_point/sso_1nm_j1e11_f0p88GHz_0K_warm30_record20_40ppc_2000ovf_predictions.npz
SSO,0.88,100000000000.0,11.395071655847056,small,ws1,sso_1nm_j1e11_f0p88GHz_0K_warm30_record20_40ppc_2000ovf,True,none,0.7,0.3,280,120,0.25,400,8192,128,64,2,3,0,mx,N2N,noisy training -> independently noisy testing; readout refitted for each training-noise realization,0.001,0.001,26,2114894912,163570663,independent train/test draws; test draw paired with C2N; draws shared across alpha and scaled by sigma,0.001,7.86714183123152e-05,0.00599515073761444,148.41831803301847,14.455883534254747,0.824015361164183,-0.12714383383261285,protocol_comparison_30seeds/analysis_ws1/per_point/sso_1nm_j1e11_f0p88GHz_0K_warm30_record20_40ppc_2000ovf_predictions.npz
SSO,0.88,100000000000.0,11.395071655847056,small,ws1,sso_1nm_j1e11_f0p88GHz_0K_warm30_record20_40ppc_2000ovf,True,none,0.7,0.3,280,120,0.25,400,8192,128,64,2,3,0,mx,C2N,clean training -> noisy testing; fixed clean-trained readout,0.0,0.001,26,,163570663,same test standard-normal draw for C2N/N2N and all alpha; scaled by sigma,1e-06,0.00045112913333492,0.11864129589617724,355409.84915197437,331.68233946389245,32.879078219434604,-4.586712141816346,protocol_comparison_30seeds/analysis_ws1/per_point/sso_1nm_j1e11_f0p88GHz_0K_warm30_record20_40ppc_2000ovf_predictions.npz
SSO,0.88,100000000000.0,11.395071655847056,small,ws1,sso_1nm_j1e11_f0p88GHz_0K_warm30_record20_40ppc_2000ovf,True,none,0.7,0.3,280,120,0.25,400,8192,128,64,2,3,0,mx,N2N,noisy training -> independently noisy testing; readout refitted for each training-noise realization,0.001,0.001,26,2114894912,163570663,independent train/test draws; test draw paired with C2N; draws shared across alpha and scaled by sigma,1e-06,9.958365039933679e-11,0.005914782556375132,166.98330035784736,15.991260721109752,0.8897299514789921,-0.10365506833180316,protocol_comparison_30seeds/analysis_ws1/per_point/sso_1nm_j1e11_f0p88GHz_0K_warm30_record20_40ppc_2000ovf_predictions.npz
SSO,0.88,100000000000.0,11.395071655847056,small,ws1,sso_1nm_j1e11_f0p88GHz_0K_warm30_record20_40ppc_2000ovf,True,none,0.7,0.3,280,120,0.25,400,8192,128,64,2,3,0,mx,C2N,clean training -> noisy testing; fixed clean-trained readout,0.0,0.001,26,,163570663,same test standard-normal draw for C2N/N2N and all alpha; scaled by sigma,1e-09,2.3709718060617644e-07,1.1331175669491917,8148875.102438648,1030.6129952977521,128.8704327157931,-60.27634539789759,protocol_comparison_30seeds/analysis_ws1/per_point/sso_1nm_j1e11_f0p88GHz_0K_warm30_record20_40ppc_2000ovf_predictions.npz
SSO,0.88,100000000000.0,11.395071655847056,small,ws1,sso_1nm_j1e11_f0p88GHz_0K_warm30_record20_40ppc_2000ovf,True,none,0.7,0.3,280,120,0.25,400,8192,128,64,2,3,0,mx,N2N,noisy training -> independently noisy testing; readout refitted for each training-noise realization,0.001,0.001,26,2114894912,163570663,independent train/test draws; test draw paired with C2N; draws shared across alpha and scaled by sigma,1e-09,9.960060050162455e-17,0.0059147052896275955,167.00443289302513,15.993002658881926,0.8898034999583242,-0.10362178817015066,protocol_comparison_30seeds/analysis_ws1/per_point/sso_1nm_j1e11_f0p88GHz_0K_warm30_record20_40ppc_2000ovf_predictions.npz
SSO,0.88,100000000000.0,11.395071655847056,small,ws1,sso_1nm_j1e11_f0p88GHz_0K_warm30_record20_40ppc_2000ovf,True,none,0.7,0.3,280,120,0.25,400,8192,128,64,2,3,0,mx,C2N,clean training -> noisy testing; fixed clean-trained readout,0.0,0.0001,27,,2489653124,same test standard-normal draw for C2N/N2N and all alpha; scaled by sigma,0.001,0.004000965929973453,0.0039836315652548564,1058.4282972129672,15.413309433675154,1.6038278907401378,0.4850794435326618,protocol_comparison_30seeds/analysis_ws1/per_point/sso_1nm_j1e11_f0p88GHz_0K_warm30_record20_40ppc_2000ovf_predictions.npz
SSO,0.88,100000000000.0,11.395071655847056,small,ws1,sso_1nm_j1e11_f0p88GHz_0K_warm30_record20_40ppc_2000ovf,True,none,0.7,0.3,280,120,0.25,400,8192,128,64,2,3,0,mx,N2N,noisy training -> independently noisy testing; readout refitted for each training-noise realization,0.0001,0.0001,27,2726589637,2489653124,independent train/test draws; test draw paired with C2N; draws shared across alpha and scaled by sigma,0.001,0.0034379031829924367,0.004035920694822906,981.1283765069654,17.411274048907885,1.5115219851525434,-0.23350013445240458,protocol_comparison_30seeds/analysis_ws1/per_point/sso_1nm_j1e11_f0p88GHz_0K_warm30_record20_40ppc_2000ovf_predictions.npz
SSO,0.88,100000000000.0,11.395071655847056,small,ws1,sso_1nm_j1e11_f0p88GHz_0K_warm30_record20_40ppc_2000ovf,True,none,0.7,0.3,280,120,0.25,400,8192,128,64,2,3,0,mx,C2N,clean training -> noisy testing; fixed clean-trained readout,0.0,0.0001,27,,2489653124,same test standard-normal draw for C2N/N2N and all alpha; scaled by sigma,1e-06,0.00045112913333492,0.0018538216468521975,355409.84915197437,331.68233946389245,32.879078219434604,-4.586712141816346,protocol_comparison_30seeds/analysis_ws1/per_point/sso_1nm_j1e11_f0p88GHz_0K_warm30_record20_40ppc_2000ovf_predictions.npz
SSO,0.88,100000000000.0,11.395071655847056,small,ws1,sso_1nm_j1e11_f0p88GHz_0K_warm30_record20_40ppc_2000ovf,True,none,0.7,0.3,280,120,0.25,400,8192,128,64,2,3,0,mx,N2N,noisy training -> independently noisy testing; readout refitted for each training-noise realization,0.0001,0.0001,27,2726589637,2489653124,independent train/test draws; test draw paired with C2N; draws shared across alpha and scaled by sigma,1e-06,4.169507528701436e-07,0.002693559838781912,10804.916648458673,103.4799446943478,6.17953188441673,-4.438953288750987,protocol_comparison_30seeds/analysis_ws1/per_point/sso_1nm_j1e11_f0p88GHz_0K_warm30_record20_40ppc_2000ovf_predictions.npz
SSO,0.88,100000000000.0,11.395071655847056,small,ws1,sso_1nm_j1e11_f0p88GHz_0K_warm30_record20_40ppc_2000ovf,True,none,0.7,0.3,280,120,0.25,400,8192,128,64,2,3,0,mx,C2N,clean training -> noisy testing; fixed clean-trained readout,0.0,0.0001,27,,2489653124,same test standard-normal draw for C2N/N2N and all alpha; scaled by sigma,1e-09,2.3709718060617644e-07,0.011675557382978501,8148875.102438648,1030.6129952977521,128.8704327157931,-60.27634539789759,protocol_comparison_30seeds/analysis_ws1/per_point/sso_1nm_j1e11_f0p88GHz_0K_warm30_record20_40ppc_2000ovf_predictions.npz
SSO,0.88,100000000000.0,11.395071655847056,small,ws1,sso_1nm_j1e11_f0p88GHz_0K_warm30_record20_40ppc_2000ovf,True,none,0.7,0.3,280,120,0.25,400,8192,128,64,2,3,0,mx,N2N,noisy training -> independently noisy testing; readout refitted for each training-noise realization,0.0001,0.0001,27,2726589637,2489653124,independent train/test draws; test draw paired with C2N; draws shared across alpha and scaled by sigma,1e-09,4.2741935866425434e-13,0.002689507616866804,10940.051745379393,104.60790141329481,6.22624124023664,-4.4607884426876225,protocol_comparison_30seeds/analysis_ws1/per_point/sso_1nm_j1e11_f0p88GHz_0K_warm30_record20_40ppc_2000ovf_predictions.npz
SSO,0.88,100000000000.0,11.395071655847056,small,ws1,sso_1nm_j1e11_f0p88GHz_0K_warm30_record20_40ppc_2000ovf,True,none,0.7,0.3,280,120,0.25,400,8192,128,64,2,3,0,mx,C2N,clean training -> noisy testing; fixed clean-trained readout,0.0,0.001,27,,2489653124,same test standard-normal draw for C2N/N2N and all alpha; scaled by sigma,0.001,0.004000965929973453,0.003914804440064237,1058.4282972129672,15.413309433675154,1.6038278907401378,0.4850794435326618,protocol_comparison_30seeds/analysis_ws1/per_point/sso_1nm_j1e11_f0p88GHz_0K_warm30_record20_40ppc_2000ovf_predictions.npz
SSO,0.88,100000000000.0,11.395071655847056,small,ws1,sso_1nm_j1e11_f0p88GHz_0K_warm30_record20_40ppc_2000ovf,True,none,0.7,0.3,280,120,0.25,400,8192,128,64,2,3,0,mx,N2N,noisy training -> independently noisy testing; readout refitted for each training-noise realization,0.001,0.001,27,2726589637,2489653124,independent train/test draws; test draw paired with C2N; draws shared across alpha and scaled by sigma,0.001,7.375733756019653e-05,0.005838385237879739,143.70822702961348,14.210710704315371,0.9430406482397488,-0.30664890608480844,protocol_comparison_30seeds/analysis_ws1/per_point/sso_1nm_j1e11_f0p88GHz_0K_warm30_record20_40ppc_2000ovf_predictions.npz
SSO,0.88,100000000000.0,11.395071655847056,small,ws1,sso_1nm_j1e11_f0p88GHz_0K_warm30_record20_40ppc_2000ovf,True,none,0.7,0.3,280,120,0.25,400,8192,128,64,2,3,0,mx,C2N,clean training -> noisy testing; fixed clean-trained readout,0.0,0.001,27,,2489653124,same test standard-normal draw for C2N/N2N and all alpha; scaled by sigma,1e-06,0.00045112913333492,0.1395191119258897,355409.84915197437,331.68233946389245,32.879078219434604,-4.586712141816346,protocol_comparison_30seeds/analysis_ws1/per_point/sso_1nm_j1e11_f0p88GHz_0K_warm30_record20_40ppc_2000ovf_predictions.npz
SSO,0.88,100000000000.0,11.395071655847056,small,ws1,sso_1nm_j1e11_f0p88GHz_0K_warm30_record20_40ppc_2000ovf,True,none,0.7,0.3,280,120,0.25,400,8192,128,64,2,3,0,mx,N2N,noisy training -> independently noisy testing; readout refitted for each training-noise realization,0.001,0.001,27,2726589637,2489653124,independent train/test draws; test draw paired with C2N; draws shared across alpha and scaled by sigma,1e-06,9.299786072755597e-11,0.0057508635519328225,161.36728804044725,15.675640582056952,1.00626196370452,-0.355438406285838,protocol_comparison_30seeds/analysis_ws1/per_point/sso_1nm_j1e11_f0p88GHz_0K_warm30_record20_40ppc_2000ovf_predictions.npz
SSO,0.88,100000000000.0,11.395071655847056,small,ws1,sso_1nm_j1e11_f0p88GHz_0K_warm30_record20_40ppc_2000ovf,True,none,0.7,0.3,280,120,0.25,400,8192,128,64,2,3,0,mx,C2N,clean training -> noisy testing; fixed clean-trained readout,0.0,0.001,27,,2489653124,same test standard-normal draw for C2N/N2N and all alpha; scaled by sigma,1e-09,2.3709718060617644e-07,1.1685368453405587,8148875.102438648,1030.6129952977521,128.8704327157931,-60.27634539789759,protocol_comparison_30seeds/analysis_ws1/per_point/sso_1nm_j1e11_f0p88GHz_0K_warm30_record20_40ppc_2000ovf_predictions.npz
SSO,0.88,100000000000.0,11.395071655847056,small,ws1,sso_1nm_j1e11_f0p88GHz_0K_warm30_record20_40ppc_2000ovf,True,none,0.7,0.3,280,120,0.25,400,8192,128,64,2,3,0,mx,N2N,noisy training -> independently noisy testing; readout refitted for each training-noise realization,0.001,0.001,27,2726589637,2489653124,independent train/test draws; test draw paired with C2N; draws shared across alpha and scaled by sigma,1e-09,9.303760383296634e-17,0.0057507773927962325,161.38737913353415,15.677300074093573,1.0063319944933975,-0.3554829987943522,protocol_comparison_30seeds/analysis_ws1/per_point/sso_1nm_j1e11_f0p88GHz_0K_warm30_record20_40ppc_2000ovf_predictions.npz
SSO,0.88,100000000000.0,11.395071655847056,small,ws1,sso_1nm_j1e11_f0p88GHz_0K_warm30_record20_40ppc_2000ovf,True,none,0.7,0.3,280,120,0.25,400,8192,128,64,2,3,0,mx,C2N,clean training -> noisy testing; fixed clean-trained readout,0.0,0.0001,28,,3807418069,same test standard-normal draw for C2N/N2N and all alpha; scaled by sigma,0.001,0.004000965929973453,0.004016383968629253,1058.4282972129672,15.413309433675154,1.6038278907401378,0.4850794435326618,protocol_comparison_30seeds/analysis_ws1/per_point/sso_1nm_j1e11_f0p88GHz_0K_warm30_record20_40ppc_2000ovf_predictions.npz
SSO,0.88,100000000000.0,11.395071655847056,small,ws1,sso_1nm_j1e11_f0p88GHz_0K_warm30_record20_40ppc_2000ovf,True,none,0.7,0.3,280,120,0.25,400,8192,128,64,2,3,0,mx,N2N,noisy training -> independently noisy testing; readout refitted for each training-noise realization,0.0001,0.0001,28,2272575440,3807418069,independent train/test draws; test draw paired with C2N; draws shared across alpha and scaled by sigma,0.001,0.0034988092147909466,0.004094292781048557,989.7810769100471,17.245844508865012,1.661722241838258,1.1755305793345547,protocol_comparison_30seeds/analysis_ws1/per_point/sso_1nm_j1e11_f0p88GHz_0K_warm30_record20_40ppc_2000ovf_predictions.npz
SSO,0.88,100000000000.0,11.395071655847056,small,ws1,sso_1nm_j1e11_f0p88GHz_0K_warm30_record20_40ppc_2000ovf,True,none,0.7,0.3,280,120,0.25,400,8192,128,64,2,3,0,mx,C2N,clean training -> noisy testing; fixed clean-trained readout,0.0,0.0001,28,,3807418069,same test standard-normal draw for C2N/N2N and all alpha; scaled by sigma,1e-06,0.00045112913333492,0.0015223462315848016,355409.84915197437,331.68233946389245,32.879078219434604,-4.586712141816346,protocol_comparison_30seeds/analysis_ws1/per_point/sso_1nm_j1e11_f0p88GHz_0K_warm30_record20_40ppc_2000ovf_predictions.npz
SSO,0.88,100000000000.0,11.395071655847056,small,ws1,sso_1nm_j1e11_f0p88GHz_0K_warm30_record20_40ppc_2000ovf,True,none,0.7,0.3,280,120,0.25,400,8192,128,64,2,3,0,mx,N2N,noisy training -> independently noisy testing; readout refitted for each training-noise realization,0.0001,0.0001,28,2272575440,3807418069,independent train/test draws; test draw paired with C2N; draws shared across alpha and scaled by sigma,1e-06,4.702391889930996e-07,0.0029058809216165955,11474.624418953665,106.96629628521035,6.194124527748393,5.392551626139904,protocol_comparison_30seeds/analysis_ws1/per_point/sso_1nm_j1e11_f0p88GHz_0K_warm30_record20_40ppc_2000ovf_predictions.npz
SSO,0.88,100000000000.0,11.395071655847056,small,ws1,sso_1nm_j1e11_f0p88GHz_0K_warm30_record20_40ppc_2000ovf,True,none,0.7,0.3,280,120,0.25,400,8192,128,64,2,3,0,mx,C2N,clean training -> noisy testing; fixed clean-trained readout,0.0,0.0001,28,,3807418069,same test standard-normal draw for C2N/N2N and all alpha; scaled by sigma,1e-09,2.3709718060617644e-07,0.011689601100132964,8148875.102438648,1030.6129952977521,128.8704327157931,-60.27634539789759,protocol_comparison_30seeds/analysis_ws1/per_point/sso_1nm_j1e11_f0p88GHz_0K_warm30_record20_40ppc_2000ovf_predictions.npz
SSO,0.88,100000000000.0,11.395071655847056,small,ws1,sso_1nm_j1e11_f0p88GHz_0K_warm30_record20_40ppc_2000ovf,True,none,0.7,0.3,280,120,0.25,400,8192,128,64,2,3,0,mx,N2N,noisy training -> independently noisy testing; readout refitted for each training-noise realization,0.0001,0.0001,28,2272575440,3807418069,independent train/test draws; test draw paired with C2N; draws shared across alpha and scaled by sigma,1e-09,4.825169511896149e-13,0.0029041468173825495,11623.092136195384,108.19684453426429,6.243694701599833,5.443446872160014,protocol_comparison_30seeds/analysis_ws1/per_point/sso_1nm_j1e11_f0p88GHz_0K_warm30_record20_40ppc_2000ovf_predictions.npz
SSO,0.88,100000000000.0,11.395071655847056,small,ws1,sso_1nm_j1e11_f0p88GHz_0K_warm30_record20_40ppc_2000ovf,True,none,0.7,0.3,280,120,0.25,400,8192,128,64,2,3,0,mx,C2N,clean training -> noisy testing; fixed clean-trained readout,0.0,0.001,28,,3807418069,same test standard-normal draw for C2N/N2N and all alpha; scaled by sigma,0.001,0.004000965929973453,0.004273434191259523,1058.4282972129672,15.413309433675154,1.6038278907401378,0.4850794435326618,protocol_comparison_30seeds/analysis_ws1/per_point/sso_1nm_j1e11_f0p88GHz_0K_warm30_record20_40ppc_2000ovf_predictions.npz
SSO,0.88,100000000000.0,11.395071655847056,small,ws1,sso_1nm_j1e11_f0p88GHz_0K_warm30_record20_40ppc_2000ovf,True,none,0.7,0.3,280,120,0.25,400,8192,128,64,2,3,0,mx,N2N,noisy training -> independently noisy testing; readout refitted for each training-noise realization,0.001,0.001,28,2272575440,3807418069,independent train/test draws; test draw paired with C2N; draws shared across alpha and scaled by sigma,0.001,7.91367747207149e-05,0.006310839511005352,148.85663210200843,14.410154538263384,1.0531349553364542,1.678385010890605,protocol_comparison_30seeds/analysis_ws1/per_point/sso_1nm_j1e11_f0p88GHz_0K_warm30_record20_40ppc_2000ovf_predictions.npz
SSO,0.88,100000000000.0,11.395071655847056,small,ws1,sso_1nm_j1e11_f0p88GHz_0K_warm30_record20_40ppc_2000ovf,True,none,0.7,0.3,280,120,0.25,400,8192,128,64,2,3,0,mx,C2N,clean training -> noisy testing; fixed clean-trained readout,0.0,0.001,28,,3807418069,same test standard-normal draw for C2N/N2N and all alpha; scaled by sigma,1e-06,0.00045112913333492,0.10997426001978046,355409.84915197437,331.68233946389245,32.879078219434604,-4.586712141816346,protocol_comparison_30seeds/analysis_ws1/per_point/sso_1nm_j1e11_f0p88GHz_0K_warm30_record20_40ppc_2000ovf_predictions.npz
SSO,0.88,100000000000.0,11.395071655847056,small,ws1,sso_1nm_j1e11_f0p88GHz_0K_warm30_record20_40ppc_2000ovf,True,none,0.7,0.3,280,120,0.25,400,8192,128,64,2,3,0,mx,N2N,noisy training -> independently noisy testing; readout refitted for each training-noise realization,0.001,0.001,28,2272575440,3807418069,independent train/test draws; test draw paired with C2N; draws shared across alpha and scaled by sigma,1e-06,1.0070436497782011e-10,0.0062850288457333555,167.92028877811833,15.96062936888226,1.1446228480954401,1.8516712020950665,protocol_comparison_30seeds/analysis_ws1/per_point/sso_1nm_j1e11_f0p88GHz_0K_warm30_record20_40ppc_2000ovf_predictions.npz
SSO,0.88,100000000000.0,11.395071655847056,small,ws1,sso_1nm_j1e11_f0p88GHz_0K_warm30_record20_40ppc_2000ovf,True,none,0.7,0.3,280,120,0.25,400,8192,128,64,2,3,0,mx,C2N,clean training -> noisy testing; fixed clean-trained readout,0.0,0.001,28,,3807418069,same test standard-normal draw for C2N/N2N and all alpha; scaled by sigma,1e-09,2.3709718060617644e-07,1.1688423528856526,8148875.102438648,1030.6129952977521,128.8704327157931,-60.27634539789759,protocol_comparison_30seeds/analysis_ws1/per_point/sso_1nm_j1e11_f0p88GHz_0K_warm30_record20_40ppc_2000ovf_predictions.npz
SSO,0.88,100000000000.0,11.395071655847056,small,ws1,sso_1nm_j1e11_f0p88GHz_0K_warm30_record20_40ppc_2000ovf,True,none,0.7,0.3,280,120,0.25,400,8192,128,64,2,3,0,mx,N2N,noisy training -> independently noisy testing; readout refitted for each training-noise realization,0.001,0.001,28,2272575440,3807418069,independent train/test draws; test draw paired with C2N; draws shared across alpha and scaled by sigma,1e-09,1.0071903192262972e-16,0.006285014301355616,167.9420645215945,15.96239429255707,1.144724942842396,1.8518718325031254,protocol_comparison_30seeds/analysis_ws1/per_point/sso_1nm_j1e11_f0p88GHz_0K_warm30_record20_40ppc_2000ovf_predictions.npz
SSO,0.88,100000000000.0,11.395071655847056,small,ws1,sso_1nm_j1e11_f0p88GHz_0K_warm30_record20_40ppc_2000ovf,True,none,0.7,0.3,280,120,0.25,400,8192,128,64,2,3,0,mx,C2N,clean training -> noisy testing; fixed clean-trained readout,0.0,0.0001,29,,2069056118,same test standard-normal draw for C2N/N2N and all alpha; scaled by sigma,0.001,0.004000965929973453,0.004018251071151968,1058.4282972129672,15.413309433675154,1.6038278907401378,0.4850794435326618,protocol_comparison_30seeds/analysis_ws1/per_point/sso_1nm_j1e11_f0p88GHz_0K_warm30_record20_40ppc_2000ovf_predictions.npz
SSO,0.88,100000000000.0,11.395071655847056,small,ws1,sso_1nm_j1e11_f0p88GHz_0K_warm30_record20_40ppc_2000ovf,True,none,0.7,0.3,280,120,0.25,400,8192,128,64,2,3,0,mx,N2N,noisy training -> independently noisy testing; readout refitted for each training-noise realization,0.0001,0.0001,29,1558079829,2069056118,independent train/test draws; test draw paired with C2N; draws shared across alpha and scaled by sigma,0.001,0.003468909604010203,0.004090952314325473,985.5428398162546,17.341660841269327,1.7198922848353586,0.27821100614541755,protocol_comparison_30seeds/analysis_ws1/per_point/sso_1nm_j1e11_f0p88GHz_0K_warm30_record20_40ppc_2000ovf_predictions.npz
SSO,0.88,100000000000.0,11.395071655847056,small,ws1,sso_1nm_j1e11_f0p88GHz_0K_warm30_record20_40ppc_2000ovf,True,none,0.7,0.3,280,120,0.25,400,8192,128,64,2,3,0,mx,C2N,clean training -> noisy testing; fixed clean-trained readout,0.0,0.0001,29,,2069056118,same test standard-normal draw for C2N/N2N and all alpha; scaled by sigma,1e-06,0.00045112913333492,0.0015759198927341382,355409.84915197437,331.68233946389245,32.879078219434604,-4.586712141816346,protocol_comparison_30seeds/analysis_ws1/per_point/sso_1nm_j1e11_f0p88GHz_0K_warm30_record20_40ppc_2000ovf_predictions.npz
SSO,0.88,100000000000.0,11.395071655847056,small,ws1,sso_1nm_j1e11_f0p88GHz_0K_warm30_record20_40ppc_2000ovf,True,none,0.7,0.3,280,120,0.25,400,8192,128,64,2,3,0,mx,N2N,noisy training -> independently noisy testing; readout refitted for each training-noise realization,0.0001,0.0001,29,1558079829,2069056118,independent train/test draws; test draw paired with C2N; draws shared across alpha and scaled by sigma,1e-06,4.1222664490390584e-07,0.0028315668545778284,10743.530900438058,103.80883805547106,6.541440194875144,6.727200478324907,protocol_comparison_30seeds/analysis_ws1/per_point/sso_1nm_j1e11_f0p88GHz_0K_warm30_record20_40ppc_2000ovf_predictions.npz
SSO,0.88,100000000000.0,11.395071655847056,small,ws1,sso_1nm_j1e11_f0p88GHz_0K_warm30_record20_40ppc_2000ovf,True,none,0.7,0.3,280,120,0.25,400,8192,128,64,2,3,0,mx,C2N,clean training -> noisy testing; fixed clean-trained readout,0.0,0.0001,29,,2069056118,same test standard-normal draw for C2N/N2N and all alpha; scaled by sigma,1e-09,2.3709718060617644e-07,0.008183806027607076,8148875.102438648,1030.6129952977521,128.8704327157931,-60.27634539789759,protocol_comparison_30seeds/analysis_ws1/per_point/sso_1nm_j1e11_f0p88GHz_0K_warm30_record20_40ppc_2000ovf_predictions.npz
SSO,0.88,100000000000.0,11.395071655847056,small,ws1,sso_1nm_j1e11_f0p88GHz_0K_warm30_record20_40ppc_2000ovf,True,none,0.7,0.3,280,120,0.25,400,8192,128,64,2,3,0,mx,N2N,noisy training -> independently noisy testing; readout refitted for each training-noise realization,0.0001,0.0001,29,1558079829,2069056118,independent train/test draws; test draw paired with C2N; draws shared across alpha and scaled by sigma,1e-09,4.2231542484475257e-13,0.002829150318727214,10873.663197513677,104.9203714028103,6.594869865110912,6.842658361669473,protocol_comparison_30seeds/analysis_ws1/per_point/sso_1nm_j1e11_f0p88GHz_0K_warm30_record20_40ppc_2000ovf_predictions.npz
SSO,0.88,100000000000.0,11.395071655847056,small,ws1,sso_1nm_j1e11_f0p88GHz_0K_warm30_record20_40ppc_2000ovf,True,none,0.7,0.3,280,120,0.25,400,8192,128,64,2,3,0,mx,C2N,clean training -> noisy testing; fixed clean-trained readout,0.0,0.001,29,,2069056118,same test standard-normal draw for C2N/N2N and all alpha; scaled by sigma,0.001,0.004000965929973453,0.004250677916376532,1058.4282972129672,15.413309433675154,1.6038278907401378,0.4850794435326618,protocol_comparison_30seeds/analysis_ws1/per_point/sso_1nm_j1e11_f0p88GHz_0K_warm30_record20_40ppc_2000ovf_predictions.npz
SSO,0.88,100000000000.0,11.395071655847056,small,ws1,sso_1nm_j1e11_f0p88GHz_0K_warm30_record20_40ppc_2000ovf,True,none,0.7,0.3,280,120,0.25,400,8192,128,64,2,3,0,mx,N2N,noisy training -> independently noisy testing; readout refitted for each training-noise realization,0.001,0.001,29,1558079829,2069056118,independent train/test draws; test draw paired with C2N; draws shared across alpha and scaled by sigma,0.001,7.40792859402205e-05,0.006159576500500867,144.02152639079966,14.222875237363919,0.8627948588166636,-0.08791348002001587,protocol_comparison_30seeds/analysis_ws1/per_point/sso_1nm_j1e11_f0p88GHz_0K_warm30_record20_40ppc_2000ovf_predictions.npz
SSO,0.88,100000000000.0,11.395071655847056,small,ws1,sso_1nm_j1e11_f0p88GHz_0K_warm30_record20_40ppc_2000ovf,True,none,0.7,0.3,280,120,0.25,400,8192,128,64,2,3,0,mx,C2N,clean training -> noisy testing; fixed clean-trained readout,0.0,0.001,29,,2069056118,same test standard-normal draw for C2N/N2N and all alpha; scaled by sigma,1e-06,0.00045112913333492,0.11396803367448465,355409.84915197437,331.68233946389245,32.879078219434604,-4.586712141816346,protocol_comparison_30seeds/analysis_ws1/per_point/sso_1nm_j1e11_f0p88GHz_0K_warm30_record20_40ppc_2000ovf_predictions.npz
SSO,0.88,100000000000.0,11.395071655847056,small,ws1,sso_1nm_j1e11_f0p88GHz_0K_warm30_record20_40ppc_2000ovf,True,none,0.7,0.3,280,120,0.25,400,8192,128,64,2,3,0,mx,N2N,noisy training -> independently noisy testing; readout refitted for each training-noise realization,0.001,0.001,29,1558079829,2069056118,independent train/test draws; test draw paired with C2N; draws shared across alpha and scaled by sigma,1e-06,9.335458694017668e-11,0.006123701366943571,161.67648306826067,15.692593754506518,0.9166686758086903,-0.1467177275550655,protocol_comparison_30seeds/analysis_ws1/per_point/sso_1nm_j1e11_f0p88GHz_0K_warm30_record20_40ppc_2000ovf_predictions.npz
SSO,0.88,100000000000.0,11.395071655847056,small,ws1,sso_1nm_j1e11_f0p88GHz_0K_warm30_record20_40ppc_2000ovf,True,none,0.7,0.3,280,120,0.25,400,8192,128,64,2,3,0,mx,C2N,clean training -> noisy testing; fixed clean-trained readout,0.0,0.001,29,,2069056118,same test standard-normal draw for C2N/N2N and all alpha; scaled by sigma,1e-09,2.3709718060617644e-07,0.81766761024076,8148875.102438648,1030.6129952977521,128.8704327157931,-60.27634539789759,protocol_comparison_30seeds/analysis_ws1/per_point/sso_1nm_j1e11_f0p88GHz_0K_warm30_record20_40ppc_2000ovf_predictions.npz
SSO,0.88,100000000000.0,11.395071655847056,small,ws1,sso_1nm_j1e11_f0p88GHz_0K_warm30_record20_40ppc_2000ovf,True,none,0.7,0.3,280,120,0.25,400,8192,128,64,2,3,0,mx,N2N,noisy training -> independently noisy testing; readout refitted for each training-noise realization,0.001,0.001,29,1558079829,2069056118,independent train/test draws; test draw paired with C2N; draws shared across alpha and scaled by sigma,1e-09,9.337401424125845e-17,0.0061236750387035355,161.69654310255387,15.694257811984027,0.9167275009899487,-0.14678283947447057,protocol_comparison_30seeds/analysis_ws1/per_point/sso_1nm_j1e11_f0p88GHz_0K_warm30_record20_40ppc_2000ovf_predictions.npz
