symbol_n,mg_input,drive_u_centered,mg_target_h10,target_symbol_n,prediction_horizon_samples,prediction_horizon_MG_time_units
0,0.77479486575676249,0.54958973151352497,0.19824821039947682,10,10,10
1,0.68558728488957577,0.37117456977915153,0.17337609797936959,11,10,10
2,0.60750874721250836,0.21501749442501672,0.14959452012873378,12,10,10
3,0.53170360131472472,0.063407202629449433,0.1349973690191793,13,10,10
4,0.46941918815007455,-0.061161623699850898,0.11284444034484797,14,10,10
5,0.40840594103008793,-0.18318811793982415,0.090239391826027318,15,10,10
6,0.3560772621411919,-0.28784547571761621,0.074068925865025836,16,10,10
7,0.3011098131280463,-0.3977803737439074,0.067212198336286527,17,10,10
8,0.2649784519190419,-0.4700430961619162,0.082915170319604714,18,10,10
9,0.22649137132429809,-0.54701725735140383,0.12214664582393361,19,10,10
10,0.19824821039947682,-0.60350357920104636,0.1830827582855207,20,10,10
11,0.17337609797936959,-0.65324780404126082,0.25753057625370729,21,10,10
12,0.14959452012873378,-0.70081095974253249,0.3362973942332268,22,10,10
13,0.1349973690191793,-0.73000526196164139,0.41156858233669469,23,10,10
14,0.11284444034484797,-0.77431111931030405,0.47804884818398108,24,10,10
15,0.090239391826027318,-0.81952121634794539,0.533353247662676,25,10,10
16,0.074068925865025836,-0.85186214826994833,0.57765044174603442,26,10,10
17,0.067212198336286527,-0.86557560332742689,0.61163944909380874,27,10,10
18,0.082915170319604714,-0.83416965936079057,0.63750160647145326,28,10,10
19,0.12214664582393361,-0.75570670835213272,0.65527407028095475,29,10,10
20,0.1830827582855207,-0.63383448342895865,0.66780247273541027,30,10,10
21,0.25753057625370729,-0.48493884749258542,0.674530426078087,31,10,10
22,0.3362973942332268,-0.3274052115335464,0.67582561153825949,32,10,10
23,0.41156858233669469,-0.17686283532661062,0.67261689779940081,33,10,10
24,0.47804884818398108,-0.043902303632037842,0.66610778933643444,34,10,10
25,0.533353247662676,0.066706495325352,0.6609598142167934,35,10,10
26,0.57765044174603442,0.15530088349206883,0.66264325272792246,36,10,10
27,0.61163944909380874,0.22327889818761748,0.67532750243804118,37,10,10
28,0.63750160647145326,0.27500321294290653,0.70069989091084206,38,10,10
29,0.65527407028095475,0.31054814056190949,0.73624204822041572,39,10,10
30,0.66780247273541027,0.33560494547082054,0.77530931207985898,40,10,10
31,0.674530426078087,0.349060852156174,0.80902114180338813,41,10,10
32,0.67582561153825949,0.35165122307651897,0.8304122925322448,42,10,10
33,0.67261689779940081,0.34523379559880163,0.83699205047716718,43,10,10
34,0.66610778933643444,0.33221557867286888,0.83023176970497903,44,10,10
35,0.6609598142167934,0.32191962843358679,0.81326426989176037,45,10,10
36,0.66264325272792246,0.32528650545584492,0.78953593802523614,46,10,10
37,0.67532750243804118,0.35065500487608237,0.76217147963073395,47,10,10
38,0.70069989091084206,0.40139978182168412,0.73347713495671119,48,10,10
39,0.73624204822041572,0.47248409644083145,0.70580485850690966,49,10,10
40,0.77530931207985898,0.55061862415971796,0.68106760579491921,50,10,10
41,0.80902114180338813,0.61804228360677627,0.66054545212244853,51,10,10
42,0.8304122925322448,0.6608245850644896,0.64442021937413507,52,10,10
43,0.83699205047716718,0.67398410095433436,0.6307747534499929,53,10,10
44,0.83023176970497903,0.66046353940995806,0.61593867571491212,54,10,10
45,0.81326426989176037,0.62652853978352074,0.59543362798704802,55,10,10
46,0.78953593802523614,0.57907187605047228,0.56564792118777385,56,10,10
47,0.76217147963073395,0.5243429592614679,0.5258001087347941,57,10,10
48,0.73347713495671119,0.46695426991342237,0.47859390882149039,58,10,10
49,0.70580485850690966,0.41160971701381932,0.42871624305126727,59,10,10
50,0.68106760579491921,0.36213521158983841,0.38070734071415546,60,10,10
51,0.66054545212244853,0.32109090424489706,0.3379443376058554,61,10,10
52,0.64442021937413507,0.28884043874827015,0.3026331065469155,62,10,10
53,0.6307747534499929,0.2615495068999858,0.27615410762421044,63,10,10
54,0.61593867571491212,0.23187735142982424,0.25923939145888547,64,10,10
55,0.59543362798704802,0.19086725597409604,0.2521523079519416,65,10,10
56,0.56564792118777385,0.1312958423755477,0.25460110099033489,66,10,10
57,0.5258001087347941,0.051600217469588205,0.2656154987530342,67,10,10
58,0.47859390882149039,-0.042812182357019224,0.28360505927627899,68,10,10
59,0.42871624305126727,-0.14256751389746547,0.30661653395264682,69,10,10
60,0.38070734071415546,-0.23858531857168908,0.33299531291281576,70,10,10
61,0.3379443376058554,-0.32411132478828919,0.36214814924843408,71,10,10
62,0.3026331065469155,-0.394733786906169,0.39494919394189992,72,10,10
63,0.27615410762421044,-0.44769178475157911,0.43345758652587191,73,10,10
64,0.25923939145888547,-0.48152121708222906,0.47951380368962615,74,10,10
65,0.2521523079519416,-0.4956953840961168,0.53260094158234395,75,10,10
66,0.25460110099033489,-0.49079779801933021,0.58893861821644655,76,10,10
67,0.2656154987530342,-0.46876900249393161,0.64323310929074473,77,10,10
68,0.28360505927627899,-0.43278988144744202,0.69131736854075931,78,10,10
69,0.30661653395264682,-0.38676693209470636,0.73134706210554601,79,10,10
70,0.33299531291281576,-0.33400937417436849,0.76349376303088523,80,10,10
71,0.36214814924843408,-0.27570370150313184,0.78915105808787767,81,10,10
72,0.39494919394189992,-0.21010161211620015,0.81025042935303027,82,10,10
73,0.43345758652587191,-0.13308482694825619,0.82879718029348037,83,10,10
74,0.47951380368962615,-0.0409723926207477,0.84653319127601401,84,10,10
75,0.53260094158234395,0.06520188316468789,0.86469231068997066,85,10,10
76,0.58893861821644655,0.1778772364328931,0.88386308463453456,86,10,10
77,0.64323310929074473,0.28646621858148946,0.90399541331906996,87,10,10
78,0.69131736854075931,0.38263473708151863,0.9245424148817476,88,10,10
79,0.73134706210554601,0.46269412421109202,0.94457666406008001,89,10,10
80,0.76349376303088523,0.52698752606177046,0.96264331441435314,90,10,10
81,0.78915105808787767,0.57830211617575533,0.97620389896066406,91,10,10
82,0.81025042935303027,0.62050085870606053,0.9810724682609,92,10,10
83,0.82879718029348037,0.65759436058696075,0.97218165280220448,93,10,10
84,0.84653319127601401,0.69306638255202802,0.94626058356864762,94,10,10
85,0.86469231068997066,0.72938462137994131,0.90390032435307777,95,10,10
86,0.88386308463453456,0.76772616926906911,0.84877294381997981,96,10,10
87,0.90399541331906996,0.80799082663813993,0.78551034188190116,97,10,10
88,0.9245424148817476,0.8490848297634952,0.71823356875729893,98,10,10
89,0.94457666406008001,0.88915332812016001,0.65001593776716182,99,10,10
90,0.96264331441435314,0.92528662882870627,0.58286496674935573,100,10,10
91,0.97620389896066406,0.95240779792132813,0.51791976396025929,101,10,10
92,0.9810724682609,0.9621449365218,0.455726306135538,102,10,10
93,0.97218165280220448,0.94436330560440895,0.39651317542168057,103,10,10
94,0.94626058356864762,0.89252116713729523,0.34040699584458689,104,10,10
95,0.90390032435307777,0.80780064870615553,0.28754796691141299,105,10,10
96,0.84877294381997981,0.69754588763995962,0.23811422502237314,106,10,10
97,0.78551034188190116,0.57102068376380233,0.19230964886572119,107,10,10
98,0.71823356875729893,0.43646713751459787,0.15037624224059273,108,10,10
99,0.65001593776716182,0.30003187553432364,0.11265989046647432,109,10,10
100,0.58286496674935573,0.16572993349871146,0.079706992093149798,110,10,10
101,0.51791976396025929,0.035839527920518588,0.052353093125572576,111,10,10
102,0.455726306135538,-0.08854738772892401,0.031825154532688561,112,10,10
103,0.39651317542168057,-0.20697364915663885,0.019910509298034926,113,10,10
104,0.34040699584458689,-0.31918600831082622,0.019131848701614464,114,10,10
105,0.28754796691141299,-0.42490406617717402,0.032667081601806203,115,10,10
106,0.23811422502237314,-0.52377154995525377,0.063598639575562568,116,10,10
107,0.19230964886572119,-0.61538070226855757,0.11328861718497547,117,10,10
108,0.15037624224059273,-0.69924751551881448,0.17960283971149066,118,10,10
109,0.11265989046647432,-0.77468021906705142,0.25657170247563899,119,10,10
110,0.079706992093149798,-0.8405860158137004,0.33619135988268667,120,10,10
111,0.052353093125572576,-0.89529381374885486,0.41105373537360657,121,10,10
112,0.031825154532688561,-0.93634969093462284,0.47603450530630304,122,10,10
113,0.019910509298034926,-0.9601789814039301,0.52855397180417862,123,10,10
114,0.019131848701614464,-0.96173630259677112,0.56799344181355904,124,10,10
115,0.032667081601806203,-0.93466583679638759,0.59494737570580547,125,10,10
116,0.063598639575562568,-0.87280272084887489,0.61065771680220327,126,10,10
117,0.11328861718497547,-0.77342276563004908,0.61669995211331519,127,10,10
118,0.17960283971149066,-0.64079432057701868,0.614868376120836,128,10,10
119,0.25657170247563899,-0.48685659504872203,0.60718652920523775,129,10,10
120,0.33619135988268667,-0.32761728023462666,0.59599229885728511,130,10,10
121,0.41105373537360657,-0.17789252925278687,0.58406107342269364,131,10,10
122,0.47603450530630304,-0.04793098938739393,0.57469242142234622,132,10,10
123,0.52855397180417862,0.057107943608357248,0.57160439764338422,133,10,10
124,0.56799344181355904,0.13598688362711808,0.57844376354276261,134,10,10
125,0.59494737570580547,0.18989475141161094,0.59785520553993676,135,10,10
126,0.61065771680220327,0.22131543360440653,0.63026961478529742,136,10,10
127,0.61669995211331519,0.23339990422663037,0.6726735195527711,137,10,10
128,0.614868376120836,0.229736752241672,0.71814298025362211,138,10,10
129,0.60718652920523775,0.21437305841047549,0.75780021252149721,139,10,10
130,0.59599229885728511,0.19198459771457022,0.78501176810551743,140,10,10
131,0.58406107342269364,0.16812214684538729,0.79807633449843263,141,10,10
132,0.57469242142234622,0.14938484284469244,0.79936220126746438,142,10,10
133,0.57160439764338422,0.14320879528676844,0.79299379202731124,143,10,10
134,0.57844376354276261,0.15688752708552522,0.78317821376831065,144,10,10
135,0.59785520553993676,0.19571041107987353,0.77344243671885915,145,10,10
136,0.63026961478529742,0.26053922957059483,0.76635275533615099,146,10,10
137,0.6726735195527711,0.34534703910554221,0.76339490184238079,147,10,10
138,0.71814298025362211,0.43628596050724422,0.7649053453576754,148,10,10
139,0.75780021252149721,0.51560042504299441,0.77006696660172214,149,10,10
140,0.78501176810551743,0.57002353621103485,0.77699563141348094,150,10,10
141,0.79807633449843263,0.59615266899686525,0.78286312954786952,151,10,10
142,0.79936220126746438,0.59872440253492876,0.78396056383573254,152,10,10
143,0.79299379202731124,0.58598758405462248,0.77586935560775461,153,10,10
144,0.78317821376831065,0.5663564275366213,0.75445087444789738,154,10,10
145,0.77344243671885915,0.5468848734377183,0.71807243923445108,155,10,10
146,0.76635275533615099,0.53270551067230199,0.66931935352623406,156,10,10
147,0.76339490184238079,0.52678980368476158,0.61383328270185977,157,10,10
148,0.7649053453576754,0.52981069071535081,0.55751384235622281,158,10,10
149,0.77006696660172214,0.54013393320344427,0.50477116654189402,159,10,10
150,0.77699563141348094,0.55399126282696187,0.45820112920784078,160,10,10
151,0.78286312954786952,0.56572625909573904,0.41884046933352453,161,10,10
152,0.78396056383573254,0.56792112767146508,0.3865028731468883,162,10,10
153,0.77586935560775461,0.55173871121550921,0.36010640200021543,163,10,10
154,0.75445087444789738,0.50890174889579476,0.33802873192561422,164,10,10
155,0.71807243923445108,0.43614487846890215,0.31850639075701204,165,10,10
156,0.66931935352623406,0.33863870705246812,0.30003918683966224,166,10,10
157,0.61383328270185977,0.22766656540371955,0.2817242103368891,167,10,10
158,0.55751384235622281,0.11502768471244562,0.26345764324904142,168,10,10
159,0.50477116654189402,0.009542333083788046,0.24601828063479422,169,10,10
160,0.45820112920784078,-0.08359774158431843,0.23112914152108244,170,10,10
161,0.41884046933352453,-0.16231906133295093,0.22157040023121924,171,10,10
162,0.3865028731468883,-0.22699425370622339,0.22120300284198505,172,10,10
163,0.36010640200021543,-0.27978719599956914,0.23442049235882315,173,10,10
164,0.33802873192561422,-0.32394253614877155,0.26452500979355653,174,10,10
165,0.31850639075701204,-0.36298721848597593,0.31152727975704225,175,10,10
166,0.30003918683966224,-0.39992162632067552,0.37130961096193987,176,10,10
167,0.2817242103368891,-0.43655157932622179,0.43736664687086713,177,10,10
168,0.26345764324904142,-0.47308471350191716,0.50357831306149792,178,10,10
169,0.24601828063479422,-0.5079634387304115,0.56581964832190668,179,10,10
170,0.23112914152108244,-0.53774171695783513,0.62202745786019309,180,10,10
171,0.22157040023121924,-0.55685919953756158,0.67153812931266177,181,10,10
172,0.22120300284198505,-0.55759399431602996,0.71439547729101704,182,10,10
173,0.23442049235882315,-0.53115901528235376,0.75089097081559231,183,10,10
174,0.26452500979355653,-0.47094998041288694,0.78134839198138684,184,10,10
175,0.31152727975704225,-0.3769454404859155,0.80608882574359564,185,10,10
176,0.37130961096193987,-0.25738077807612025,0.8255086938705507,186,10,10
177,0.43736664687086713,-0.12526670625826575,0.84022181702643883,187,10,10
178,0.50357831306149792,0.007156626122995835,0.85123735629255892,188,10,10
179,0.56581964832190668,0.13163929664381335,0.8601395179549115,189,10,10
180,0.62202745786019309,0.24405491572038618,0.86915450633577152,190,10,10
181,0.67153812931266177,0.34307625862532354,0.88084072327692797,191,10,10
182,0.71439547729101704,0.42879095458203409,0.89710249950869847,192,10,10
183,0.75089097081559231,0.50178194163118461,0.91760131588128369,193,10,10
184,0.78134839198138684,0.56269678396277367,0.93844305313414433,194,10,10
185,0.80608882574359564,0.61217765148719128,0.95268542749875484,195,10,10
186,0.8255086938705507,0.65101738774110141,0.95330529220263238,196,10,10
187,0.84022181702643883,0.68044363405287767,0.93648062476613558,197,10,10
188,0.85123735629255892,0.70247471258511784,0.90243748322642559,198,10,10
189,0.8601395179549115,0.72027903590982301,0.85410887197159147,199,10,10
190,0.86915450633577152,0.73830901267154303,0.79548743015097856,200,10,10
191,0.88084072327692797,0.76168144655385595,0.73058750642332992,201,10,10
192,0.89710249950869847,0.79420499901739694,0.66295408033500247,202,10,10
193,0.91760131588128369,0.83520263176256737,0.59546510963872135,203,10,10
194,0.93844305313414433,0.87688610626828867,0.53027156169172029,204,10,10
195,0.95268542749875484,0.90537085499750969,0.4688011829168795,205,10,10
196,0.95330529220263238,0.90661058440526476,0.41178612050332791,206,10,10
197,0.93648062476613558,0.87296124953227117,0.3593002848358719,207,10,10
198,0.90243748322642559,0.80487496645285117,0.31084224971214519,208,10,10
199,0.85410887197159147,0.70821774394318293,0.26555805857699749,209,10,10
200,0.79548743015097856,0.59097486030195712,0.22266425988064689,210,10,10
201,0.73058750642332992,0.46117501284665985,0.18192253237319897,211,10,10
202,0.66295408033500247,0.32590816067000494,0.14383617032877938,212,10,10
203,0.59546510963872135,0.19093021927744269,0.10944449208346033,213,10,10
204,0.53027156169172029,0.060543123383440589,0.080011247818373113,214,10,10
205,0.4688011829168795,-0.062397634166241001,0.056948056283080112,215,10,10
206,0.41178612050332791,-0.17642775899334417,0.042011316386204221,216,10,10
207,0.3593002848358719,-0.28139943032825621,0.037596818710215953,217,10,10
208,0.31084224971214519,-0.37831550057570962,0.046844427052736365,218,10,10
209,0.26555805857699749,-0.46888388284600502,0.073099781039461326,219,10,10
210,0.22266425988064689,-0.55467148023870627,0.11833650023673487,220,10,10
211,0.18192253237319897,-0.63615493525360201,0.18108925031096773,221,10,10
212,0.14383617032877938,-0.71232765934244124,0.25577134882075503,222,10,10
213,0.10944449208346033,-0.7811110158330794,0.33450982931302808,223,10,10
214,0.080011247818373113,-0.8399775043632538,0.40999640447853691,224,10,10
215,0.056948056283080112,-0.88610388743383983,0.4771862386904428,225,10,10
216,0.042011316386204221,-0.9159773672275916,0.53340269967214893,226,10,10
217,0.037596818710215953,-0.92480636257956805,0.57766838872110349,227,10,10
218,0.046844427052736365,-0.90631114589452721,0.61003672534424636,228,10,10
219,0.073099781039461326,-0.85380043792107729,0.63120288033061123,229,10,10
220,0.11833650023673487,-0.76332699952653027,0.64233017243752211,230,10,10
221,0.18108925031096773,-0.63782149937806454,0.64496005206327578,231,10,10
222,0.25577134882075503,-0.48845730235848994,0.64096178959360806,232,10,10
223,0.33450982931302808,-0.33098034137394383,0.63254432378393,233,10,10
224,0.40999640447853691,-0.18000719104292617,0.62233956168711146,234,10,10
225,0.4771862386904428,-0.045627522619114402,0.61350461179217042,235,10,10
226,0.53340269967214893,0.066805399344297856,0.60969403198071026,236,10,10
227,0.57766838872110349,0.15533677744220697,0.61466689776610561,237,10,10
228,0.61003672534424636,0.22007345068849271,0.63137266191771169,238,10,10
229,0.63120288033061123,0.26240576066122245,0.66065125166681016,239,10,10
230,0.64233017243752211,0.28466034487504421,0.69991773778677102,240,10,10
231,0.64496005206327578,0.28992010412655156,0.74259207874015409,241,10,10
232,0.64096178959360806,0.28192357918721611,0.77975829529660323,242,10,10
233,0.63254432378393,0.26508864756785999,0.80416240092133084,243,10,10
234,0.62233956168711146,0.24467912337422293,0.81326948712103564,244,10,10
235,0.61350461179217042,0.22700922358434084,0.80893642902810892,245,10,10
236,0.60969403198071026,0.21938806396142052,0.79523699294318184,246,10,10
237,0.61466689776610561,0.22933379553221123,0.7766318461584204,247,10,10
238,0.63137266191771169,0.26274532383542337,0.75703936664479998,248,10,10
239,0.66065125166681016,0.32130250333362032,0.73948036914111015,249,10,10
240,0.69991773778677102,0.39983547557354204,0.72594361610186409,250,10,10
241,0.74259207874015409,0.48518415748030819,0.71729451457903881,251,10,10
242,0.77975829529660323,0.55951659059320646,0.7131890550527975,252,10,10
243,0.80416240092133084,0.60832480184266169,0.7120304115158802,253,10,10
244,0.81326948712103564,0.62653897424207128,0.71101234157507298,254,10,10
245,0.80893642902810892,0.61787285805621783,0.70628192220126795,255,10,10
246,0.79523699294318184,0.59047398588636368,0.69339710883564798,256,10,10
247,0.7766318461584204,0.5532636923168408,0.66854829421808526,257,10,10
248,0.75703936664479998,0.51407873328959997,0.6306012881690769,258,10,10
249,0.73948036914111015,0.4789607382822203,0.58233411409713953,259,10,10
250,0.72594361610186409,0.45188723220372817,0.5291557404813374,260,10,10
251,0.71729451457903881,0.43458902915807762,0.47660988194128551,261,10,10
252,0.7131890550527975,0.42637811010559501,0.42890046867448106,262,10,10
253,0.7120304115158802,0.4240608230317604,0.3886558722427319,263,10,10
254,0.71101234157507298,0.42202468315014596,0.35714724754469174,264,10,10
255,0.70628192220126795,0.41256384440253591,0.33451077560770753,265,10,10
256,0.69339710883564798,0.38679421767129596,0.3199238475267131,266,10,10
257,0.66854829421808526,0.33709658843617052,0.31182237692595666,267,10,10
258,0.6306012881690769,0.2612025763381538,0.30822223140200905,268,10,10
259,0.58233411409713953,0.16466822819427906,0.30713511376740954,269,10,10
260,0.5291557404813374,0.0583114809626748,0.30701853422152969,270,10,10
261,0.47660988194128551,-0.046780236117428986,0.30718857984338094,271,10,10
262,0.42890046867448106,-0.14219906265103788,0.30814551345047148,272,10,10
263,0.3886558722427319,-0.22268825551453619,0.311793536057071,273,10,10
264,0.35714724754469174,-0.28570550491061653,0.3214755340426198,274,10,10
265,0.33451077560770753,-0.33097844878458493,0.34145557899887463,275,10,10
266,0.3199238475267131,-0.3601523049465738,0.37524963708698955,276,10,10
267,0.31182237692595666,-0.37635524614808669,0.42310642833458162,277,10,10
268,0.30822223140200905,-0.3835555371959819,0.48087701502135582,278,10,10
269,0.30713511376740954,-0.38572977246518092,0.54198180132111495,279,10,10
270,0.30701853422152969,-0.38596293155694061,0.6006281661247812,280,10,10
271,0.30718857984338094,-0.38562284031323812,0.6535140505649053,281,10,10
272,0.30814551345047148,-0.38370897309905705,0.69967260874763904,282,10,10
273,0.311793536057071,-0.37641292788585801,0.73955983453899798,283,10,10
274,0.3214755340426198,-0.35704893191476039,0.77419990977655584,284,10,10
275,0.34145557899887463,-0.31708884200225074,0.80463964369954455,285,10,10
276,0.37524963708698955,-0.2495007258260209,0.83169705921222603,286,10,10
277,0.42310642833458162,-0.15378714333083676,0.85591936274728464,287,10,10
278,0.48087701502135582,-0.03824596995728835,0.87766326534134664,288,10,10
279,0.54198180132111495,0.083963602642229906,0.89723177085980987,289,10,10
280,0.6006281661247812,0.20125633224956241,0.91502729863976917,290,10,10
281,0.6535140505649053,0.3070281011298106,0.93167862923082034,291,10,10
282,0.69967260874763904,0.39934521749527807,0.94802086893683557,292,10,10
283,0.73955983453899798,0.47911966907799597,0.96464876115852971,293,10,10
284,0.77419990977655584,0.54839981955311168,0.98076958950696846,294,10,10
285,0.80463964369954455,0.6092792873990891,0.9928561254394106,295,10,10
286,0.83169705921222603,0.66339411842445206,0.99494423568233037,296,10,10
287,0.85591936274728464,0.71183872549456928,0.98161712297220138,297,10,10
288,0.87766326534134664,0.75532653068269329,0.95100867648372056,298,10,10
289,0.89723177085980987,0.79446354171961975,0.904887675809395,299,10,10
290,0.91502729863976917,0.83005459727953834,0.8468497615643944,300,10,10
291,0.93167862923082034,0.86335725846164069,0.78077441599455699,301,10,10
292,0.94802086893683557,0.89604173787367114,0.71012088317938604,302,10,10
293,0.96464876115852971,0.92929752231705942,0.63773979831605698,303,10,10
294,0.98076958950696846,0.96153917901393693,0.56587892510705617,304,10,10
295,0.9928561254394106,0.98571225087882119,0.49623521446379432,305,10,10
296,0.99494423568233037,0.98988847136466074,0.43000971943421867,306,10,10
297,0.98161712297220138,0.96323424594440277,0.36796073353838171,307,10,10
298,0.95100867648372056,0.90201735296744112,0.31045910244393399,308,10,10
299,0.904887675809395,0.80977535161879,0.25755413466251698,309,10,10
300,0.8468497615643944,0.6936995231287888,0.20907170106066206,310,10,10
301,0.78077441599455699,0.56154883198911398,0.16477468786420521,311,10,10
302,0.71012088317938604,0.42024176635877208,0.1245735981294306,312,10,10
303,0.63773979831605698,0.27547959663211397,0.088684032378897076,313,10,10
304,0.56587892510705617,0.13175785021411235,0.057641444919557951,314,10,10
305,0.49623521446379432,-0.0075295710724113674,0.032263047146354994,315,10,10
306,0.43000971943421867,-0.13998056113156265,0.013728004226031855,316,10,10
307,0.36796073353838171,-0.26407853292323658,0.0038168310716635429,317,10,10
308,0.31045910244393399,-0.37908179511213203,0.0051877557476789132,318,10,10
309,0.25755413466251698,-0.48489173067496605,0.021376435078743938,319,10,10
310,0.20907170106066206,-0.58185659787867583,0.055937830645769286,320,10,10
311,0.16477468786420521,-0.67045062427158952,0.11030628265338795,321,10,10
312,0.1245735981294306,-0.75085280374113883,0.18141433157476422,322,10,10
313,0.088684032378897076,-0.82263193524220579,0.26163530529520507,323,10,10
314,0.057641444919557951,-0.88471711016088406,0.34177306903600818,324,10,10
315,0.032263047146354994,-0.93547390570729005,0.41441767513243505,325,10,10
316,0.013728004226031855,-0.97254399154793625,0.47530079740595282,326,10,10
317,0.0038168310716635429,-0.99236633785667294,0.52286180841301144,327,10,10
318,0.0051877557476789132,-0.98962448850464213,0.55724223764256464,328,10,10
319,0.021376435078743938,-0.95724712984251215,0.57946136538559789,329,10,10
320,0.055937830645769286,-0.88812433870846141,0.5909515073145043,330,10,10
321,0.11030628265338795,-0.77938743469322413,0.59336736293910575,331,10,10
322,0.18141433157476422,-0.63717133685047156,0.58854152790081771,332,10,10
323,0.26163530529520507,-0.47672938940958987,0.57851602934154434,333,10,10
324,0.34177306903600818,-0.31645386192798364,0.56563577387765229,334,10,10
325,0.41441767513243505,-0.1711646497351299,0.55269190626675613,335,10,10
326,0.47530079740595282,-0.049398405188094352,0.54304544766636897,336,10,10
327,0.52286180841301144,0.045723616826022884,0.54054849913948078,337,10,10
328,0.55724223764256464,0.11448447528512928,0.54899712218335106,338,10,10
329,0.57946136538559789,0.15892273077119579,0.57101092775940743,339,10,10
330,0.5909515073145043,0.1819030146290086,0.60661307666255238,340,10,10
331,0.59336736293910575,0.18673472587821149,0.65202864358412105,341,10,10
332,0.58854152790081771,0.17708305580163541,0.6997387660480292,342,10,10
333,0.57851602934154434,0.15703205868308867,0.74115600442991003,343,10,10
334,0.56563577387765229,0.13127154775530459,0.77068066311552164,344,10,10
335,0.55269190626675613,0.10538381253351226,0.78745344940385653,345,10,10
336,0.54304544766636897,0.086090895332737949,0.79403682009290388,346,10,10
337,0.54054849913948078,0.081096998278961552,0.79430879436608348,347,10,10
338,0.54899712218335106,0.097994244366702121,0.79207373698659334,348,10,10
339,0.57101092775940743,0.14202185551881485,0.79042224303282294,349,10,10
340,0.60661307666255238,0.21322615332510475,0.79147430191327628,350,10,10
341,0.65202864358412105,0.3040572871682421,0.79627586598337408,351,10,10
342,0.6997387660480292,0.39947753209605841,0.80478622727392202,352,10,10
343,0.74115600442991003,0.48231200885982006,0.81596698382168076,353,10,10
344,0.77068066311552164,0.54136132623104327,0.82794613898568115,354,10,10
345,0.78745344940385653,0.57490689880771306,0.83812121127486394,355,10,10
346,0.79403682009290388,0.58807364018580777,0.84305153232874741,356,10,10
347,0.79430879436608348,0.58861758873216696,0.83836315012789542,357,10,10
348,0.79207373698659334,0.58414747397318667,0.81961710994589043,358,10,10
349,0.79042224303282294,0.58084448606564587,0.78477724346814537,359,10,10
350,0.79147430191327628,0.58294860382655256,0.73622201308847168,360,10,10
351,0.79627586598337408,0.59255173196674815,0.67955191135999371,361,10,10
352,0.80478622727392202,0.60957245454784403,0.62066010438886188,362,10,10
353,0.81596698382168076,0.63193396764336152,0.56393704476446715,363,10,10
354,0.82794613898568115,0.65589227797136229,0.51192784307303507,364,10,10
355,0.83812121127486394,0.67624242254972788,0.46560027207404309,365,10,10
356,0.84305153232874741,0.68610306465749482,0.42473930261137149,366,10,10
357,0.83836315012789542,0.67672630025579084,0.38835580822656507,367,10,10
358,0.81961710994589043,0.63923421989178086,0.35510360588916384,368,10,10
359,0.78477724346814537,0.56955448693629074,0.32368207703970436,369,10,10
360,0.73622201308847168,0.47244402617694337,0.29316360476293019,370,10,10
361,0.67955191135999371,0.35910382271998742,0.26318039530816362,371,10,10
362,0.62066010438886188,0.24132020877772375,0.23396015113578628,372,10,10
363,0.56393704476446715,0.12787408952893431,0.20628816386172699,373,10,10
364,0.51192784307303507,0.023855686146070143,0.18151846635680818,374,10,10
365,0.46560027207404309,-0.068799455851913827,0.16170105866006049,375,10,10
366,0.42473930261137149,-0.15052139477725701,0.14974251184018583,376,10,10
367,0.38835580822656507,-0.22328838354686986,0.1493316526942785,377,10,10
368,0.35510360588916384,-0.28979278822167231,0.16424896858682855,378,10,10
369,0.32368207703970436,-0.35263584592059127,0.19686895688769984,379,10,10
370,0.29316360476293019,-0.41367279047413963,0.24649269628217829,380,10,10
371,0.26318039530816362,-0.47363920938367277,0.30898042044927426,381,10,10
372,0.23396015113578628,-0.53207969772842745,0.37827556393299683,382,10,10
373,0.20628816386172699,-0.58742367227654602,0.44853616129272972,383,10,10
374,0.18151846635680818,-0.63696306728638363,0.51539707886269981,384,10,10
375,0.16170105866006049,-0.67659788267987908,0.57613273409158428,385,10,10
376,0.14974251184018583,-0.70051497631962834,0.62926348519758102,386,10,10
377,0.1493316526942785,-0.70133669461144299,0.67410240578012237,387,10,10
378,0.16424896858682855,-0.67150206282634284,0.71045230846103413,388,10,10
379,0.19686895688769984,-0.60626208622460032,0.73846528350868579,389,10,10
380,0.24649269628217829,-0.50701460743564342,0.75860598896563014,390,10,10
381,0.30898042044927426,-0.38203915910145148,0.77167161939882734,391,10,10
382,0.37827556393299683,-0.24344887213400634,0.77886003348798261,392,10,10
383,0.44853616129272972,-0.10292767741454056,0.78189015231945957,393,10,10
384,0.51539707886269981,0.030794157725399618,0.78313298322936087,394,10,10
385,0.57613273409158428,0.15226546818316855,0.78561047789104754,395,10,10
386,0.62926348519758102,0.25852697039516204,0.79262764927993312,396,10,10
387,0.67410240578012237,0.34820481156024474,0.80686655010852437,397,10,10
388,0.71045230846103413,0.42090461692206826,0.82906334688828587,398,10,10
389,0.73846528350868579,0.47693056701737158,0.85672575521186001,399,10,10
390,0.75860598896563014,0.51721197793126028,0.88372184528158881,400,10,10
391,0.77167161939882734,0.54334323879765467,0.90187992615184331,401,10,10
392,0.77886003348798261,0.55772006697596521,0.90447206095748767,402,10,10
393,0.78189015231945957,0.56378030463891915,0.88896437459289923,403,10,10
394,0.78313298322936087,0.56626596645872174,0.85697015017728284,404,10,10
395,0.78561047789104754,0.57122095578209509,0.81243224489096855,405,10,10
396,0.79262764927993312,0.58525529855986624,0.75989997099051332,406,10,10
397,0.80686655010852437,0.61373310021704874,0.70355689325330784,407,10,10
398,0.82906334688828587,0.65812669377657174,0.64682277605106397,408,10,10
399,0.85672575521186001,0.71345151042372001,0.59224040025684066,409,10,10
400,0.88372184528158881,0.76744369056317763,0.54145892143774899,410,10,10
401,0.90187992615184331,0.80375985230368663,0.49521504544668887,411,10,10
402,0.90447206095748767,0.80894412191497533,0.45329111209181056,412,10,10
403,0.88896437459289923,0.77792874918579846,0.41453117845525272,413,10,10
404,0.85697015017728284,0.71394030035456568,0.37709690130928436,414,10,10
405,0.81243224489096855,0.62486448978193709,0.33911217139388811,415,10,10
406,0.75989997099051332,0.51979994198102664,0.29955560993288599,416,10,10
407,0.70355689325330784,0.40711378650661567,0.25887383738555092,417,10,10
408,0.64682277605106397,0.29364555210212795,0.21882218372019499,418,10,10
409,0.59224040025684066,0.18448080051368132,0.18172387815242283,419,10,10
410,0.54145892143774899,0.082917842875497971,0.1498595013871504,420,10,10
411,0.49521504544668887,-0.0095699091066222541,0.1253596525303862,421,10,10
412,0.45329111209181056,-0.09341777581637889,0.11041671399823742,422,10,10
413,0.41453117845525272,-0.17093764308949455,0.10745995617691909,423,10,10
414,0.37709690130928436,-0.24580619738143128,0.11897538976349482,424,10,10
415,0.33911217139388811,-0.32177565721222379,0.14676984853942177,425,10,10
416,0.29955560993288599,-0.40088878013422802,0.19086724718768261,426,10,10
417,0.25887383738555092,-0.48225232522889816,0.24879582571121739,427,10,10
418,0.21882218372019499,-0.56235563255960996,0.31600718801744648,428,10,10
419,0.18172387815242283,-0.63655224369515429,0.38722147208023877,429,10,10
420,0.1498595013871504,-0.70028099722569914,0.45772190889791847,430,10,10
421,0.1253596525303862,-0.74928069493922766,0.52391386994700639,431,10,10
422,0.11041671399823742,-0.77916657200352513,0.58321555495839583,432,10,10
423,0.10745995617691909,-0.78508008764616188,0.63375223206228248,433,10,10
424,0.11897538976349482,-0.76204922047301038,0.67425323863579567,434,10,10
425,0.14676984853942177,-0.70646030292115647,0.70419399684122264,435,10,10
426,0.19086724718768261,-0.61826550562463478,0.72392754319429165,436,10,10
427,0.24879582571121739,-0.50240834857756522,0.73462523327813478,437,10,10
428,0.31600718801744648,-0.36798562396510703,0.73810707042235013,438,10,10
429,0.38722147208023877,-0.22555705583952246,0.73671189898364009,439,10,10
430,0.45772190889791847,-0.084556182204163055,0.73324368579994947,440,10,10
431,0.52391386994700639,0.047827739894012788,0.73090427193149765,441,10,10
432,0.58321555495839583,0.16643110991679166,0.7330534510128669,442,10,10
433,0.63375223206228248,0.26750446412456497,0.74266222859319586,443,10,10
434,0.67425323863579567,0.34850647727159134,0.76146127983238587,444,10,10
435,0.70419399684122264,0.40838799368244527,0.78892221315617461,445,10,10
436,0.72392754319429165,0.44785508638858329,0.82133500537320858,446,10,10
437,0.73462523327813478,0.46925046655626956,0.85171348517867085,447,10,10
438,0.73810707042235013,0.47621414084470026,0.87167157582757648,448,10,10
439,0.73671189898364009,0.47342379796728018,0.87497357877791238,449,10,10
440,0.73324368579994947,0.46648737159989895,0.86003984284782875,450,10,10
441,0.73090427193149765,0.4618085438629953,0.82953953228919908,451,10,10
442,0.7330534510128669,0.46610690202573379,0.78828503092812596,452,10,10
443,0.74266222859319586,0.48532445718639172,0.74135080064221859,453,10,10
444,0.76146127983238587,0.52292255966477175,0.69307526002797071,454,10,10
445,0.78892221315617461,0.57784442631234922,0.6467146216788805,455,10,10
446,0.82133500537320858,0.64267001074641716,0.60438160452455325,456,10,10
447,0.85171348517867085,0.7034269703573417,0.56704146318105886,457,10,10
448,0.87167157582757648,0.74334315165515297,0.53449024233497933,458,10,10
449,0.87497357877791238,0.74994715755582475,0.50536428083649809,459,10,10
450,0.86003984284782875,0.7200796856956575,0.47732293418779559,460,10,10
451,0.82953953228919908,0.65907906457839815,0.44756932374117803,461,10,10
452,0.78828503092812596,0.57657006185625193,0.41376492497730888,462,10,10
453,0.74135080064221859,0.48270160128443718,0.3750868893193986,463,10,10
454,0.69307526002797071,0.38615052005594142,0.33278193444571647,464,10,10
455,0.6467146216788805,0.29342924335776099,0.28969474026887237,465,10,10
456,0.60438160452455325,0.2087632090491065,0.24917056351298666,466,10,10
457,0.56704146318105886,0.13408292636211772,0.21426319523401149,467,10,10
458,0.53449024233497933,0.068980484669958653,0.18758661753135714,468,10,10
459,0.50536428083649809,0.010728561672996184,0.17147022372631554,469,10,10
460,0.47732293418779559,-0.045354131624408822,0.16798712203177746,470,10,10
461,0.44756932374117803,-0.10486135251764395,0.17863753062277027,471,10,10
462,0.41376492497730888,-0.17247015004538224,0.20377494287469952,472,10,10
463,0.3750868893193986,-0.2498262213612028,0.24217729228368431,473,10,10
464,0.33278193444571647,-0.33443613110856707,0.29118986058255686,474,10,10
465,0.28969474026887237,-0.42061051946225525,0.34744150514004918,475,10,10
466,0.24917056351298666,-0.50165887297402667,0.40768793275816573,476,10,10
467,0.21426319523401149,-0.57147360953197701,0.46932214001003497,477,10,10
468,0.18758661753135714,-0.62482676493728573,0.53037737601811463,478,10,10
469,0.17147022372631554,-0.65705955254736892,0.58911577004006055,479,10,10
470,0.16798712203177746,-0.66402575593644508,0.6435340929896044,480,10,10
471,0.17863753062277027,-0.64272493875445946,0.69130689333336237,481,10,10
472,0.20377494287469952,-0.5924501142506009,0.73039784700133004,482,10,10
473,0.24217729228368431,-0.51564541543263132,0.75982555236803095,483,10,10
474,0.29118986058255686,-0.41762027883488628,0.7799404168436268,484,10,10
475,0.34744150514004918,-0.30511698971990164,0.79221610558376221,485,10,10
476,0.40768793275816573,-0.18462413448366854,0.79891597474493414,486,10,10
477,0.46932214001003497,-0.061355719979930057,0.802817827036437,487,10,10
478,0.53037737601811463,0.060754752036229265,0.80694288974180317,488,10,10
479,0.58911577004006055,0.1782315400801211,0.8141673750360976,489,10,10
480,0.6435340929896044,0.2870681859792088,0.826675683378579,490,10,10
481,0.69130689333336237,0.38261378666672474,0.8453339074706232,491,10,10
482,0.73039784700133004,0.46079569400266007,0.86910956772915604,492,10,10
483,0.75982555236803095,0.51965110473606191,0.89469475212456706,493,10,10
484,0.7799404168436268,0.55988083368725361,0.9166498826992715,494,10,10
485,0.79221610558376221,0.58443221116752442,0.92848900776137677,495,10,10
486,0.79891597474493414,0.59783194948986829,0.92469035230235241,496,10,10
487,0.802817827036437,0.60563565407287401,0.9027199928595846,497,10,10
488,0.80694288974180317,0.61388577948360634,0.86379632945468821,498,10,10
489,0.8141673750360976,0.62833475007219519,0.81197138300677907,499,10,10
490,0.826675683378579,0.65335136675715799,0.75237821735321397,500,10,10
491,0.8453339074706232,0.69066781494124641,0.68978970685815166,501,10,10
492,0.86910956772915604,0.73821913545831208,0.62791056793683542,502,10,10
493,0.89469475212456706,0.78938950424913412,0.56919566362719509,503,10,10
494,0.9166498826992715,0.833299765398543,0.51489452177670436,504,10,10
495,0.92848900776137677,0.85697801552275354,0.4651711808298063,505,10,10
496,0.92469035230235241,0.84938070460470483,0.41929378524542421,506,10,10
497,0.9027199928595846,0.80543998571916919,0.37595730767458957,507,10,10
498,0.86379632945468821,0.72759265890937641,0.33376807813929471,508,10,10
499,0.81197138300677907,0.62394276601355814,0.29179302796831652,509,10,10
500,0.75237821735321397,0.50475643470642795,0.24995231718365415,510,10,10
501,0.68978970685815166,0.37957941371630333,0.20905513318461674,511,10,10
502,0.62791056793683542,0.25582113587367084,0.17050312975137821,512,10,10
503,0.56919566362719509,0.13839132725439018,0.13593038832463691,513,10,10
504,0.51489452177670436,0.029789043553408723,0.10705029107621192,514,10,10
505,0.4651711808298063,-0.069657638340387407,0.085766953699295115,515,10,10
506,0.41929378524542421,-0.16141242950915158,0.074408902499220858,516,10,10
507,0.37595730767458957,-0.24808538465082086,0.07582068285505765,517,10,10
508,0.33376807813929471,-0.33246384372141058,0.092958168267115102,518,10,10
509,0.29179302796831652,-0.41641394406336696,0.12775072072700444,519,10,10
510,0.24995231718365415,-0.50009536563269164,0.1796465201263267,520,10,10
511,0.20905513318461674,-0.58188973363076646,0.24501330934530102,521,10,10
512,0.17050312975137821,-0.65899374049724357,0.3181108445882887,522,10,10
513,0.13593038832463691,-0.72813922335072623,0.39287343561298937,523,10,10
514,0.10705029107621192,-0.78589941784757622,0.4642302837845993,524,10,10
515,0.085766953699295115,-0.8284660926014098,0.52852158635460311,525,10,10
516,0.074408902499220858,-0.85118219500155834,0.58336283752133633,526,10,10
517,0.07582068285505765,-0.84835863428988467,0.62741276557168468,527,10,10
518,0.092958168267115102,-0.81408366346576977,0.66022984628404568,528,10,10
519,0.12775072072700444,-0.74449855854599112,0.68217258771721245,529,10,10
520,0.1796465201263267,-0.64070695974734659,0.69427186608830949,530,10,10
521,0.24501330934530102,-0.50997338130939796,0.69809286262077463,531,10,10
522,0.3181108445882887,-0.3637783108234226,0.69565323498894349,532,10,10
523,0.39287343561298937,-0.21425312877402125,0.68943049160907777,533,10,10
524,0.4642302837845993,-0.071539432430801408,0.68241603740684709,534,10,10
525,0.52852158635460311,0.057043172709206225,0.67808342065218075,535,10,10
526,0.58336283752133633,0.16672567504267266,0.68007462487891734,536,10,10
527,0.62741276557168468,0.25482553114336937,0.69148014632753618,537,10,10
528,0.66022984628404568,0.32045969256809137,0.71381134755138809,538,10,10
529,0.68217258771721245,0.36434517543442491,0.74588911829208515,539,10,10
530,0.69427186608830949,0.38854373217661897,0.78296110477325753,540,10,10
531,0.69809286262077463,0.39618572524154927,0.8170067706416162,541,10,10
532,0.69565323498894349,0.39130646997788698,0.83945084096766509,542,10,10
533,0.68943049160907777,0.37886098321815553,0.84510470295241125,543,10,10
534,0.68241603740684709,0.36483207481369417,0.83388359303751691,544,10,10
535,0.67808342065218075,0.35616684130436149,0.80938089561915116,545,10,10
536,0.68007462487891734,0.36014924975783469,0.77652968919829723,546,10,10
537,0.69148014632753618,0.38296029265507237,0.74005348309572694,547,10,10
538,0.71381134755138809,0.42762269510277617,0.70381621751762014,548,10,10
539,0.74588911829208515,0.4917782365841703,0.67063547018371783,549,10,10
540,0.78296110477325753,0.56592220954651506,0.64222406891174877,550,10,10
541,0.8170067706416162,0.6340135412832324,0.61911104506016601,551,10,10
542,0.83945084096766509,0.67890168193533018,0.60053438438577689,552,10,10
543,0.84510470295241125,0.69020940590482249,0.5844060586327825,553,10,10
544,0.83388359303751691,0.66776718607503383,0.56751179953553754,554,10,10
545,0.80938089561915116,0.61876179123830233,0.54611651027135366,555,10,10
546,0.77652968919829723,0.55305937839659447,0.51709900615624205,556,10,10
547,0.74005348309572694,0.48010696619145388,0.4794121895001548,557,10,10
548,0.70381621751762014,0.40763243503524027,0.43492452890993627,558,10,10
549,0.67063547018371783,0.34127094036743566,0.38768586934527588,559,10,10
550,0.64222406891174877,0.28444813782349754,0.34222215068959866,560,10,10
551,0.61911104506016601,0.23822209012033202,0.30234313743366331,561,10,10
552,0.60053438438577689,0.20106876877155377,0.27088682418060378,562,10,10
553,0.5844060586327825,0.168812117265565,0.24986504787846628,563,10,10
554,0.56751179953553754,0.13502359907107508,0.24052755525464203,564,10,10
555,0.54611651027135366,0.092233020542707322,0.24323237300455078,565,10,10
556,0.51709900615624205,0.034198012312484094,0.25728104388510459,566,10,10
557,0.4794121895001548,-0.04117562099969041,0.28096422917954744,567,10,10
558,0.43492452890993627,-0.13015094218012746,0.31193460905050396,568,10,10
559,0.38768586934527588,-0.22462826130944824,0.34780083246526844,569,10,10
560,0.34222215068959866,-0.31555569862080268,0.38672835248960263,570,10,10
561,0.30234313743366331,-0.39531372513267338,0.42786895319258061,571,10,10
562,0.27088682418060378,-0.45822635163879244,0.47146277927973584,572,10,10
563,0.24986504787846628,-0.50026990424306739,0.5183822811805775,573,10,10
564,0.24052755525464203,-0.51894488949071593,0.56894806086971628,574,10,10
565,0.24323237300455078,-0.51353525399089839,0.62155399781866394,575,10,10
566,0.25728104388510459,-0.48543791222979082,0.67257199024726866,576,10,10
567,0.28096422917954744,-0.43807154164090512,0.71806552898597664,577,10,10
568,0.31193460905050396,-0.37613078189899207,0.75563877327998075,578,10,10
569,0.34780083246526844,-0.30439833506946312,0.78496568418953161,579,10,10
570,0.38672835248960263,-0.22654329502079473,0.80730908155926684,580,10,10
571,0.42786895319258061,-0.14426209361483877,0.82481857357518362,581,10,10
572,0.47146277927973584,-0.057074441440528312,0.83993262113470013,582,10,10
573,0.5183822811805775,0.036764562361154995,0.85488697360618027,583,10,10
574,0.56894806086971628,0.13789612173943255,0.87130334947734478,584,10,10
575,0.62155399781866394,0.24310799563732788,0.88989527488629694,585,10,10
576,0.67257199024726866,0.34514398049453732,0.91034706632578055,586,10,10
577,0.71806552898597664,0.43613105797195328,0.93137850839651171,587,10,10
578,0.75563877327998075,0.51127754655996149,0.95092719359875499,588,10,10
579,0.78496568418953161,0.56993136837906322,0.96629838235396459,589,10,10
580,0.80730908155926684,0.61461816311853368,0.97416292926131343,590,10,10
581,0.82481857357518362,0.64963714715036724,0.97061543100276226,591,10,10
582,0.83993262113470013,0.67986524226940026,0.95199509855209596,592,10,10
583,0.85488697360618027,0.70977394721236053,0.91669963119900499,593,10,10
584,0.87130334947734478,0.74260669895468956,0.86642553813716872,594,10,10
585,0.88989527488629694,0.77979054977259388,0.80534703025221799,595,10,10
586,0.91034706632578055,0.8206941326515611,0.73824846044792414,596,10,10
587,0.93137850839651171,0.86275701679302341,0.66919550287476492,597,10,10
588,0.95092719359875499,0.90185438719750999,0.60104904422763417,598,10,10
589,0.96629838235396459,0.93259676470792918,0.53547733235529271,599,10,10
590,0.97416292926131343,0.94832585852262685,0.47319037586644069,600,10,10
591,0.97061543100276226,0.94123086200552453,0.41427132651695586,601,10,10
592,0.95199509855209596,0.90399019710419193,0.35852927371386667,602,10,10
593,0.91669963119900499,0.83339926239800999,0.30579262451857486,603,10,10
594,0.86642553813716872,0.73285107627433743,0.25607307757328635,604,10,10
595,0.80534703025221799,0.61069406050443598,0.20958586594490655,605,10,10
596,0.73824846044792414,0.47649692089584827,0.1666827974674093,606,10,10
597,0.66919550287476492,0.33839100574952985,0.12778828114019986,607,10,10
598,0.60104904422763417,0.20209808845526833,0.093407088424364446,608,10,10
599,0.53547733235529271,0.070954664710585424,0.064223968632276113,609,10,10
600,0.47319037586644069,-0.053619248267118613,0.041277328315424987,610,10,10
601,0.41427132651695586,-0.17145734696608828,0.026179405461285193,611,10,10
602,0.35852927371386667,-0.28294145257226666,0.021329960832058903,612,10,10
603,0.30579262451857486,-0.38841475096285027,0.029932028569260371,613,10,10
604,0.25607307757328635,-0.48785384485342731,0.055396870797132451,614,10,10
605,0.20958586594490655,-0.58082826811018684,0.09979958643261351,615,10,10
606,0.1666827974674093,-0.66663440506518135,0.16193493019213967,616,10,10
607,0.12778828114019986,-0.74442343771960029,0.23660512130692427,617,10,10
608,0.093407088424364446,-0.81318582315127108,0.31611451761634179,618,10,10
609,0.064223968632276113,-0.87155206273544783,0.39284538750565157,619,10,10
610,0.041277328315424987,-0.91744534336915007,0.46111446642714671,620,10,10
611,0.026179405461285193,-0.94764118907742967,0.51768574509514964,621,10,10
612,0.021329960832058903,-0.95734007833588219,0.56138582831889039,622,10,10
613,0.029932028569260371,-0.94013594286147928,0.59243913150401917,623,10,10
614,0.055396870797132451,-0.88920625840573508,0.61188359407974613,624,10,10
615,0.09979958643261351,-0.80040082713477301,0.62118528067370427,625,10,10
616,0.16193493019213967,-0.67613013961572066,0.62204835220845545,626,10,10
617,0.23660512130692427,-0.52678975738615152,0.61637892221274881,627,10,10
618,0.31611451761634179,-0.36777096476731641,0.60635872794080037,628,10,10
619,0.39284538750565157,-0.21430922498869687,0.59458503120282591,629,10,10
620,0.46111446642714671,-0.077771067145706585,0.58420569657831301,630,10,10
621,0.51768574509514964,0.035371490190299282,0.57890025746698826,631,10,10
622,0.56138582831889039,0.12277165663778078,0.58248869806538905,632,10,10
623,0.59243913150401917,0.18487826300803833,0.59805619382961672,633,10,10
624,0.61188359407974613,0.22376718815949226,0.62675751465588925,634,10,10
625,0.62118528067370427,0.24237056134740853,0.66657879784346075,635,10,10
626,0.62204835220845545,0.24409670441691089,0.71157019978414349,636,10,10
627,0.61637892221274881,0.23275784442549763,0.75299828402513502,637,10,10
628,0.60635872794080037,0.21271745588160074,0.783157511248322,638,10,10
629,0.59458503120282591,0.18917006240565182,0.79888867302638322,639,10,10
630,0.58420569657831301,0.16841139315662601,0.80165343265381872,640,10,10
631,0.57890025746698826,0.15780051493397651,0.79533736538777133,641,10,10
632,0.58248869806538905,0.16497739613077811,0.78428206078407248,642,10,10
633,0.59805619382961672,0.19611238765923344,0.77229553126452133,643,10,10
634,0.62675751465588925,0.25351502931177849,0.76228842123347262,644,10,10
635,0.66657879784346075,0.33315759568692149,0.75613859969448649,645,10,10
636,0.71157019978414349,0.42314039956828697,0.75460473879083523,646,10,10
637,0.75299828402513502,0.50599656805027005,0.7572710494971463,647,10,10
638,0.783157511248322,0.566315022496644,0.76256822932451929,648,10,10
639,0.79888867302638322,0.59777734605276645,0.76787364998825258,649,10,10
640,0.80165343265381872,0.60330686530763744,0.769617537647862,650,10,10
641,0.79533736538777133,0.59067473077554267,0.76345299138965017,651,10,10
642,0.78428206078407248,0.56856412156814495,0.7450278792242585,652,10,10
643,0.77229553126452133,0.54459106252904266,0.71195027615821704,653,10,10
644,0.76228842123347262,0.52457684246694525,0.6658142966864683,654,10,10
645,0.75613859969448649,0.51227719938897298,0.61175556236923534,655,10,10
646,0.75460473879083523,0.50920947758167046,0.55580584699533153,656,10,10
647,0.7572710494971463,0.5145420989942926,0.5027948152057593,657,10,10
648,0.76256822932451929,0.52513645864903857,0.45576131871202163,658,10,10
649,0.76787364998825258,0.53574729997650516,0.41613178038231124,659,10,10
650,0.769617537647862,0.53923507529572401,0.38404005915177447,660,10,10
651,0.76345299138965017,0.52690598277930034,0.35862945774039634,661,10,10
652,0.7450278792242585,0.49005575844851701,0.33836951546091226,662,10,10
653,0.71195027615821704,0.42390055231643409,0.32142643881683619,663,10,10
654,0.6658142966864683,0.3316285933729366,0.30607359038183801,664,10,10
655,0.61175556236923534,0.22351112473847068,0.29107935936756268,665,10,10
656,0.55580584699533153,0.11161169399066306,0.27599576546002264,666,10,10
657,0.5027948152057593,0.0055896304115186091,0.26131780093756357,667,10,10
658,0.45576131871202163,-0.088477362575956731,0.24857197764469355,668,10,10
659,0.41613178038231124,-0.16773643923537751,0.2404164755204862,669,10,10
660,0.38404005915177447,-0.23191988169645106,0.24066470854127428,670,10,10
661,0.35862945774039634,-0.28274108451920732,0.25378466723932036,671,10,10
662,0.33836951546091226,-0.32326096907817548,0.28330606933921215,672,10,10
663,0.32142643881683619,-0.35714712236632762,0.32951776499150631,673,10,10
664,0.30607359038183801,-0.38785281923632398,0.38844392912807041,674,10,10
665,0.29107935936756268,-0.41784128126487463,0.45354164621123244,675,10,10
666,0.27599576546002264,-0.44800846907995473,0.51861383413691708,676,10,10
667,0.26131780093756357,-0.47736439812487286,0.5795462200131738,677,10,10
668,0.24857197764469355,-0.50285604471061296,0.63438964013524446,678,10,10
669,0.2404164755204862,-0.51916704895902765,0.68265167422453088,679,10,10
670,0.24066470854127428,-0.51867058291745138,0.72455447391908911,680,10,10
671,0.25378466723932036,-0.49243066552135928,0.76053992483563437,681,10,10
672,0.28330606933921215,-0.4333878613215757,0.79103188666909652,682,10,10
673,0.32951776499150631,-0.34096447001698738,0.81638664532523886,683,10,10
674,0.38844392912807041,-0.22311214174385918,0.83696412275686183,684,10,10
675,0.45354164621123244,-0.092916707577535118,0.85327189813344384,685,10,10
676,0.51861383413691708,0.037227668273834169,0.8661506603289415,686,10,10
677,0.5795462200131738,0.15909244002634759,0.87696280570325413,687,10,10
678,0.63438964013524446,0.26877928027048892,0.88767210523573958,688,10,10
679,0.68265167422453088,0.36530334844906176,0.90055052543990866,689,10,10
680,0.72455447391908911,0.44910894783817823,0.91718892035778143,690,10,10
681,0.76053992483563437,0.52107984967126875,0.93687753844553323,691,10,10
682,0.79103188666909652,0.58206377333819304,0.95536075718581503,692,10,10
683,0.81638664532523886,0.63277329065047772,0.96566193452532401,693,10,10
684,0.83696412275686183,0.67392824551372366,0.96132079883147281,694,10,10
685,0.85327189813344384,0.70654379626688768,0.93940344444056156,695,10,10
686,0.8661506603289415,0.732301320657883,0.90081953334547482,696,10,10
687,0.87696280570325413,0.75392561140650827,0.84877589702722189,697,10,10
688,0.88767210523573958,0.77534421047147917,0.78723868126554752,698,10,10
689,0.90055052543990866,0.80110105087981731,0.72005863176493545,699,10,10
690,0.91718892035778143,0.83437784071556287,0.65058583694157157,700,10,10
691,0.93687753844553323,0.87375507689106646,0.58152358709563612,701,10,10
692,0.95536075718581503,0.91072151437163007,0.51488943214075023,702,10,10
693,0.96566193452532401,0.93132386905064801,0.45202725973386665,703,10,10
694,0.96132079883147281,0.92264159766294562,0.39364194221558202,704,10,10
695,0.93940344444056156,0.87880688888112313,0.33984693358605356,705,10,10
696,0.90081953334547482,0.80163906669094964,0.29025379789257011,706,10,10
697,0.84877589702722189,0.69755179405444379,0.24417920892094863,707,10,10
698,0.78723868126554752,0.57447736253109505,0.20101332049656806,708,10,10
699,0.72005863176493545,0.44011726352987091,0.16061439624953913,709,10,10
700,0.65058583694157157,0.30117167388314314,0.12345421450789505,710,10,10
701,0.58152358709563612,0.16304717419127224,0.09044131685327586,711,10,10
702,0.51488943214075023,0.02977886428150045,0.062697607206556177,712,10,10
703,0.45202725973386665,-0.095945480532266703,0.04156005136571627,713,10,10
704,0.39364194221558202,-0.21271611556883596,0.028813914713523917,714,10,10
705,0.33984693358605356,-0.32030613282789289,0.02698821730384663,715,10,10
706,0.29025379789257011,-0.41949240421485978,0.039410199188354693,716,10,10
707,0.24417920892094863,-0.51164158215810274,0.069508853772828616,717,10,10
708,0.20101332049656806,-0.59797335900686388,0.11897478484764262,718,10,10
709,0.16061439624953913,-0.67877120750092179,0.18557580168070784,719,10,10
710,0.12345421450789505,-0.75309157098420987,0.26280371747328696,720,10,10
711,0.09044131685327586,-0.81911736629344833,0.34224376804403817,721,10,10
712,0.062697607206556177,-0.8746047855868877,0.4166147385048552,722,10,10
713,0.04156005136571627,-0.91687989726856745,0.48126521574770392,723,10,10
714,0.028813914713523917,-0.94237217057295219,0.53401482388464205,724,10,10
715,0.02698821730384663,-0.9460235653923067,0.57434333848526864,725,10,10
716,0.039410199188354693,-0.9211796016232906,0.60267950779577439,726,10,10
717,0.069508853772828616,-0.86098229245434277,0.62000378346145979,727,10,10
718,0.11897478484764262,-0.76205043030471475,0.62767589244572086,728,10,10
719,0.18557580168070784,-0.62884839663858427,0.62735940438358839,729,10,10
720,0.26280371747328696,-0.47439256505342609,0.62100004321391256,730,10,10
721,0.34224376804403817,-0.31551246391192367,0.61087029856561925,731,10,10
722,0.4166147385048552,-0.1667705229902896,0.59967931382226869,732,10,10
723,0.48126521574770392,-0.037469568504592154,0.59068487816452786,733,10,10
724,0.53401482388464205,0.068029647769284107,0.5876396636800727,734,10,10
725,0.57434333848526864,0.14868667697053728,0.59431915227562371,735,10,10
726,0.60267950779577439,0.20535901559154879,0.61349851753289475,736,10,10
727,0.62000378346145979,0.24000756692291958,0.64558087903060268,737,10,10
728,0.62767589244572086,0.25535178489144172,0.6873196777173225,738,10,10
729,0.62735940438358839,0.25471880876717679,0.73154419054039621,739,10,10
730,0.62100004321391256,0.24200008642782511,0.76936569913519126,740,10,10
731,0.61087029856561925,0.2217405971312385,0.7943086782288038,741,10,10
732,0.59967931382226869,0.19935862764453738,0.80475011580653277,742,10,10
733,0.59068487816452786,0.18136975632905572,0.80302892864853492,743,10,10
734,0.5876396636800727,0.1752793273601454,0.79324872929838053,744,10,10
735,0.59431915227562371,0.18863830455124742,0.77965949416354996,745,10,10
736,0.61349851753289475,0.2269970350657895,0.76588441620943581,746,10,10
737,0.64558087903060268,0.29116175806120537,0.75462279644576591,747,10,10
738,0.6873196777173225,0.37463935543464499,0.74752362942630535,748,10,10
739,0.73154419054039621,0.46308838108079242,0.74510154108065074,749,10,10
740,0.76936569913519126,0.53873139827038252,0.74668715564409915,750,10,10
741,0.7943086782288038,0.5886173564576076,0.75044435383257158,751,10,10
742,0.80475011580653277,0.60950023161306555,0.75344794086289346,752,10,10
743,0.80302892864853492,0.60605785729706985,0.75179463656414158,753,10,10
744,0.79324872929838053,0.58649745859676106,0.74095309874629967,754,10,10
745,0.77965949416354996,0.55931898832709992,0.71698984089397211,755,10,10
746,0.76588441620943581,0.53176883241887163,0.67880170854964583,756,10,10
747,0.75462279644576591,0.50924559289153182,0.62942716200457105,757,10,10
748,0.74752362942630535,0.49504725885261069,0.57455807213099108,758,10,10
749,0.74510154108065074,0.49020308216130148,0.51987493324296741,759,10,10
750,0.74668715564409915,0.49337431128819831,0.46956469694083447,760,10,10
751,0.75044435383257158,0.50088870766514315,0.42611360991582758,761,10,10
752,0.75344794086289346,0.50689588172578692,0.39055652636426619,762,10,10
753,0.75179463656414158,0.50358927312828317,0.36275745894580741,763,10,10
754,0.74095309874629967,0.48190619749259933,0.34167117787897155,764,10,10
755,0.71698984089397211,0.43397968178794422,0.32564366376606085,765,10,10
756,0.67880170854964583,0.35760341709929166,0.31278206150939875,766,10,10
757,0.62942716200457105,0.2588543240091421,0.30136733312654912,767,10,10
758,0.57455807213099108,0.14911614426198216,0.29024348173281816,768,10,10
759,0.51987493324296741,0.039749866485934815,0.27911592908126509,769,10,10
760,0.46956469694083447,-0.060870606118331061,0.26874124233875768,770,10,10
761,0.42611360991582758,-0.14777278016834483,0.26105910730656157,771,10,10
762,0.39055652636426619,-0.21888694727146762,0.25928361997853971,772,10,10
763,0.36275745894580741,-0.27448508210838518,0.26770657474066689,773,10,10
764,0.34167117787897155,-0.31665764424205689,0.29062095866934329,774,10,10
765,0.32564366376606085,-0.34871267246787829,0.33011501055993386,775,10,10
766,0.31278206150939875,-0.37443587698120251,0.38408670245976423,776,10,10
767,0.30136733312654912,-0.39726533374690176,0.44671647938593567,777,10,10
768,0.29024348173281816,-0.41951303653436367,0.51128664542590252,778,10,10
769,0.27911592908126509,-0.44176814183746982,0.57273677045869076,779,10,10
770,0.26874124233875768,-0.46251751532248464,0.62840941686454654,780,10,10
771,0.26105910730656157,-0.47788178538687687,0.67751153573022704,781,10,10
772,0.25928361997853971,-0.48143276004292057,0.72026993713381304,782,10,10
773,0.26770657474066689,-0.46458685051866622,0.7572808350384147,783,10,10
774,0.29062095866934329,-0.41875808266131342,0.78914876724100813,784,10,10
775,0.33011501055993386,-0.33976997888013227,0.81635566851639907,785,10,10
776,0.38408670245976423,-0.23182659508047154,0.83928015336470119,786,10,10
777,0.44671647938593567,-0.10656704122812866,0.85830881579820151,787,10,10
778,0.51128664542590252,0.022573290851805039,0.87400473028500414,788,10,10
779,0.57273677045869076,0.14547354091738152,0.88730324371974956,789,10,10
780,0.62840941686454654,0.25681883372909309,0.89966246797244609,790,10,10
781,0.67751153573022704,0.35502307146045409,0.91296897925013354,791,10,10
782,0.72026993713381304,0.44053987426762609,0.92885513721596236,792,10,10
783,0.7572808350384147,0.5145616700768294,0.94725241479908606,793,10,10
784,0.78914876724100813,0.57829753448201626,0.96486088202004605,794,10,10
785,0.81635566851639907,0.63271133703279814,0.97529353881049996,795,10,10
786,0.83928015336470119,0.67856030672940237,0.9719269209094803,796,10,10
787,0.85830881579820151,0.71661763159640302,0.9512672598450268,797,10,10
788,0.87400473028500414,0.74800946057000828,0.91377331978485132,798,10,10
789,0.88730324371974956,0.77460648743949911,0.86242588265230069,799,10,10
790,0.89966246797244609,0.79932493594489218,0.80108954613110184,800,10,10
791,0.91296897925013354,0.82593795850026708,0.73356270491555708,801,10,10
792,0.92885513721596236,0.85771027443192471,0.66317643623713785,802,10,10
793,0.94725241479908606,0.89450482959817212,0.59265510588244408,803,10,10
794,0.96486088202004605,0.9297217640400921,0.5240834420305317,804,10,10
795,0.97529353881049996,0.95058707762099992,0.45892027867864904,805,10,10
796,0.9719269209094803,0.94385384181896059,0.39803474020168972,806,10,10
797,0.9512672598450268,0.9025345196900536,0.34175421237025655,807,10,10
798,0.91377331978485132,0.82754663956970265,0.28993547204845915,808,10,10
799,0.86242588265230069,0.72485176530460138,0.24210810621313961,809,10,10
800,0.80108954613110184,0.60217909226220367,0.19774594659208994,810,10,10
801,0.73356270491555708,0.46712540983111417,0.15661412322833138,811,10,10
802,0.66317643623713785,0.32635287247427569,0.11898013207963908,812,10,10
803,0.59265510588244408,0.18531021176488816,0.085546462225318559,813,10,10
804,0.5240834420305317,0.048166884061063397,0.057270340247032064,814,10,10
805,0.45892027867864904,-0.082159442642701919,0.035340678869339559,815,10,10
806,0.39803474020168972,-0.20393051959662056,0.021379385079768796,816,10,10
807,0.34175421237025655,-0.3164915752594869,0.017743561368249727,817,10,10
808,0.28993547204845915,-0.42012905590308169,0.027668575476772667,818,10,10
809,0.24210810621313961,-0.51578378757372079,0.05476641386291918,819,10,10
810,0.19774594659208994,-0.60450810681582012,0.10135086893635896,820,10,10
811,0.15661412322833138,-0.6867717535433373,0.16604656503107629,821,10,10
812,0.11898013207963908,-0.76203973584072182,0.2428363101882447,822,10,10
813,0.085546462225318559,-0.82890707554936283,0.32309322074544466,823,10,10
814,0.057270340247032064,-0.88545931950593593,0.39890797644740267,824,10,10
815,0.035340678869339559,-0.92931864226132088,0.46504757598361157,825,10,10
816,0.021379385079768796,-0.95724122984046245,0.5190142986148305,826,10,10
817,0.017743561368249727,-0.96451287726350055,0.56021234367154471,827,10,10
818,0.027668575476772667,-0.9446628490464547,0.58912192318360834,828,10,10
819,0.05476641386291918,-0.89046717227416161,0.60679810101239151,829,10,10
820,0.10135086893635896,-0.79729826212728205,0.61464620019976712,830,10,10
821,0.16604656503107629,-0.66790686993784742,0.61433678199896247,831,10,10
822,0.2428363101882447,-0.51432737962351061,0.60778783214554155,832,10,10
823,0.32309322074544466,-0.35381355850911067,0.5972105948220956,833,10,10
824,0.39890797644740267,-0.20218404710519466,0.58522131801521282,834,10,10
825,0.46504757598361157,-0.069904848032776856,0.57497279547536129,835,10,10
826,0.5190142986148305,0.03802859722966101,0.57016137224207686,836,10,10
827,0.56021234367154471,0.12042468734308942,0.57465814818908789,837,10,10
828,0.58912192318360834,0.17824384636721669,0.59157587392205291,838,10,10
829,0.60679810101239151,0.21359620202478302,0.62191393333206046,839,10,10
830,0.61464620019976712,0.22929240039953425,0.66320805950190309,840,10,10
831,0.61433678199896247,0.22867356399792493,0.70897003150054094,841,10,10
832,0.60778783214554155,0.2155756642910831,0.75039079663846231,842,10,10
833,0.5972105948220956,0.19442118964419119,0.78034119525517487,843,10,10
834,0.58522131801521282,0.17044263603042564,0.79632306438224498,844,10,10
835,0.57497279547536129,0.14994559095072257,0.80006242370211444,845,10,10
836,0.57016137224207686,0.14032274448415372,0.79537996246655984,846,10,10
837,0.57465814818908789,0.14931629637817578,0.78644599875444043,847,10,10
838,0.59157587392205291,0.18315174784410582,0.77689525419641792,848,10,10
839,0.62191393333206046,0.24382786666412093,0.76947143720012423,849,10,10
840,0.66320805950190309,0.32641611900380618,0.76588080083101617,850,10,10
841,0.70897003150054094,0.41794006300108189,0.76671378563313741,851,10,10
842,0.75039079663846231,0.50078159327692462,0.77142048109593686,852,10,10
843,0.78034119525517487,0.56068239051034974,0.77836274597687827,853,10,10
844,0.79632306438224498,0.59264612876448997,0.78491127284411355,854,10,10
845,0.80006242370211444,0.60012484740422889,0.78749860289790319,855,10,10
846,0.79537996246655984,0.59075992493311968,0.78172836002267676,856,10,10
847,0.78644599875444043,0.57289199750888087,0.76318679323620364,857,10,10
848,0.77689525419641792,0.55379050839283583,0.72956905172411168,858,10,10
849,0.76947143720012423,0.53894287440024846,0.68271414743995418,859,10,10
850,0.76588080083101617,0.53176160166203235,0.62791682894950585,860,10,10
851,0.76671378563313741,0.53342757126627482,0.57117611091218112,861,10,10
852,0.77142048109593686,0.54284096219187372,0.51720132294162635,862,10,10
853,0.77836274597687827,0.55672549195375653,0.46890799759065677,863,10,10
854,0.78491127284411355,0.5698225456882271,0.4276147342107533,864,10,10
855,0.78749860289790319,0.57499720579580638,0.39336960704380924,865,10,10
856,0.78172836002267676,0.56345672004535352,0.36527125939085192,866,10,10
857,0.76318679323620364,0.52637358647240728,0.34181042276260726,867,10,10
858,0.72956905172411168,0.45913810344822337,0.32125412470202086,868,10,10
859,0.68271414743995418,0.36542829487990836,0.30204539911071826,869,10,10
860,0.62791682894950585,0.25583365789901169,0.28315162047021414,870,10,10
861,0.57117611091218112,0.14235222182436225,0.26429560494479293,871,10,10
862,0.51720132294162635,0.034402645883252703,0.24606364883738396,872,10,10
863,0.46890799759065677,-0.062184004818686467,0.22996979205444368,873,10,10
864,0.4276147342107533,-0.1447705315784934,0.21856250070771366,874,10,10
865,0.39336960704380924,-0.21326078591238151,0.21548953435147655,875,10,10
866,0.36527125939085192,-0.26945748121829616,0.22511624466537411,876,10,10
867,0.34181042276260726,-0.31637915447478548,0.25116198310886478,877,10,10
868,0.32125412470202086,-0.35749175059595828,0.29453771025888442,878,10,10
869,0.30204539911071826,-0.39590920177856348,0.35202955186801183,879,10,10
870,0.28315162047021414,-0.43369675905957172,0.41745468655777951,880,10,10
871,0.26429560494479293,-0.47140879011041414,0.48438784935651569,881,10,10
872,0.24606364883738396,-0.50787270232523207,0.5481475240984347,882,10,10
873,0.22996979205444368,-0.54006041589111264,0.60618606851262014,883,10,10
874,0.21856250070771366,-0.56287499858457268,0.65753622816879487,884,10,10
875,0.21548953435147655,-0.56902093129704689,0.7020957588728165,885,10,10
876,0.22511624466537411,-0.54976751066925178,0.74010716904179508,886,10,10
877,0.25116198310886478,-0.49767603378227043,0.77188791019810787,887,10,10
878,0.29453771025888442,-0.41092457948223116,0.79775768592615182,888,10,10
879,0.35202955186801183,-0.29594089626397635,0.81809434536192582,889,10,10
880,0.41745468655777951,-0.16509062688444098,0.8334644707757759,890,10,10
881,0.48438784935651569,-0.031224301286968625,0.84479651696186631,891,10,10
882,0.5481475240984347,0.096295048196869404,0.85356754061888496,892,10,10
883,0.60618606851262014,0.21237213702524027,0.8619133860485767,893,10,10
884,0.65753622816879487,0.31507245633758973,0.8724341171931308,894,10,10
885,0.7020957588728165,0.404191517745633,0.8873854685983289,895,10,10
886,0.74010716904179508,0.48021433808359015,0.90719950184944909,896,10,10
887,0.77188791019810787,0.54377582039621575,0.9289727053914224,897,10,10
888,0.79775768592615182,0.59551537185230363,0.94634030754532994,898,10,10
889,0.81809434536192582,0.63618869072385165,0.95186176770060149,899,10,10
890,0.8334644707757759,0.6669289415515518,0.94056764368430812,900,10,10
891,0.84479651696186631,0.68959303392373261,0.91161852287109413,901,10,10
892,0.85356754061888496,0.70713508123776991,0.86738387393715743,902,10,10
893,0.8619133860485767,0.7238267720971534,0.81171358624045553,903,10,10
894,0.8724341171931308,0.7448682343862616,0.74870046339909391,904,10,10
895,0.8873854685983289,0.77477093719665779,0.68205888503517342,905,10,10
896,0.90719950184944909,0.81439900369889817,0.6148655512076987,906,10,10
897,0.9289727053914224,0.85794541078284481,0.54947200705123844,907,10,10
898,0.94634030754532994,0.89268061509065988,0.48749558743868021,908,10,10
899,0.95186176770060149,0.90372353540120298,0.42984064505747938,909,10,10
900,0.94056764368430812,0.88113528736861624,0.37672803995686621,910,10,10
901,0.91161852287109413,0.82323704574218826,0.32775627161126691,911,10,10
902,0.86738387393715743,0.73476774787431487,0.28208246337501636,912,10,10
903,0.81171358624045553,0.62342717248091106,0.23881206861711957,913,10,10
904,0.74870046339909391,0.49740092679818781,0.19750985856247144,914,10,10
905,0.68205888503517342,0.36411777007034685,0.15850905072139046,915,10,10
906,0.6148655512076987,0.2297311024153974,0.12278782388435337,916,10,10
907,0.54947200705123844,0.098944014102476885,0.091622250783671616,917,10,10
908,0.48749558743868021,-0.025008825122639577,0.066412520690635413,918,10,10
909,0.42984064505747938,-0.14031870988504125,0.048811762364725009,919,10,10
910,0.37672803995686621,-0.24654392008626758,0.041014732140390142,920,10,10
911,0.32775627161126691,-0.34448745677746617,0.045947558941041931,921,10,10
912,0.28208246337501636,-0.43583507324996729,0.066958814416962512,922,10,10
913,0.23881206861711957,-0.52237586276576087,0.10655811661111551,923,10,10
914,0.19750985856247144,-0.60498028287505712,0.1643956076760659,924,10,10
915,0.15850905072139046,-0.68298189855721914,0.2360350885785048,925,10,10
916,0.12278782388435337,-0.75442435223129323,0.3140937228372489,926,10,10
917,0.091622250783671616,-0.81675549843265682,0.39097622191252185,927,10,10
918,0.066412520690635413,-0.86717495861872917,0.46097678850546642,928,10,10
919,0.048811762364725009,-0.90237647527054998,0.5207796879519343,929,10,10
920,0.041014732140390142,-0.91797053571921972,0.56894099445205493,930,10,10
921,0.045947558941041931,-0.90810488211791618,0.60519930775161535,931,10,10
922,0.066958814416962512,-0.866082371166075,0.63002570733976715,932,10,10
923,0.10655811661111551,-0.78688376677776894,0.64441550021127936,933,10,10
924,0.1643956076760659,-0.67120878464786826,0.64978494437850542,934,10,10
925,0.2360350885785048,-0.52792982284299039,0.6479034979526721,935,10,10
926,0.3140937228372489,-0.3718125543255022,0.64087862859035427,936,10,10
927,0.39097622191252185,-0.2180475561749563,0.63121478808639531,937,10,10
928,0.46097678850546642,-0.078046422989067166,0.62191448760785117,938,10,10
929,0.5207796879519343,0.041559375903868601,0.61650197751871405,939,10,10
930,0.56894099445205493,0.13788198890410985,0.61875336254312618,940,10,10
931,0.60519930775161535,0.21039861550323069,0.63193507847740715,941,10,10
932,0.63002570733976715,0.2600514146795343,0.65759597126645952,942,10,10
933,0.64441550021127936,0.28883100042255871,0.69421827616535081,943,10,10
934,0.64978494437850542,0.29956988875701085,0.73630838516588104,944,10,10
935,0.6479034979526721,0.29580699590534421,0.77526784499135903,945,10,10
936,0.64087862859035427,0.28175725718070854,0.80292373133139372,946,10,10
937,0.63121478808639531,0.26242957617279061,0.8152727462923911,947,10,10
938,0.62191448760785117,0.24382897521570235,0.81312787637206008,948,10,10
939,0.61650197751871405,0.2330039550374281,0.80019415811553507,949,10,10
940,0.61875336254312618,0.23750672508625237,0.78099821155158644,950,10,10
941,0.63193507847740715,0.26387015695481431,0.75970874020153356,951,10,10
942,0.65759597126645952,0.31519194253291904,0.73965799261352083,952,10,10
943,0.69421827616535081,0.38843655233070162,0.72317284839963691,953,10,10
944,0.73630838516588104,0.47261677033176208,0.71148233822738571,954,10,10
945,0.77526784499135903,0.55053568998271807,0.70462547018746646,955,10,10
946,0.80292373133139372,0.60584746266278744,0.70138114170271371,956,10,10
947,0.8152727462923911,0.63054549258478221,0.69927570944556494,957,10,10
948,0.81312787637206008,0.62625575274412015,0.69471435496353207,958,10,10
949,0.80019415811553507,0.60038831623107014,0.68335954077578565,959,10,10
950,0.78099821155158644,0.56199642310317288,0.66113754200967456,960,10,10
951,0.75970874020153356,0.51941748040306712,0.62611938681887958,961,10,10
952,0.73965799261352083,0.47931598522704166,0.58011916413847908,962,10,10
953,0.72317284839963691,0.44634569679927383,0.52805120782895021,963,10,10
954,0.71148233822738571,0.42296467645477143,0.47554389722308255,964,10,10
955,0.70462547018746646,0.40925094037493293,0.42714719079634283,965,10,10
956,0.70138114170271371,0.40276228340542741,0.38586850726703903,966,10,10
957,0.69927570944556494,0.39855141889112988,0.35333728059840913,967,10,10
958,0.69471435496353207,0.38942870992706413,0.33002663535605425,968,10,10
959,0.68335954077578565,0.36671908155157129,0.31540943560708729,969,10,10
960,0.66113754200967456,0.32227508401934912,0.30812999625175597,970,10,10
961,0.62611938681887958,0.25223877363775915,0.30627939082718164,971,10,10
962,0.58011916413847908,0.16023832827695816,0.30778804513822861,972,10,10
963,0.52805120782895021,0.056102415657900417,0.31088355204546525,973,10,10
964,0.47554389722308255,-0.048912205553834909,0.31454042792087705,974,10,10
965,0.42714719079634283,-0.14570561840731433,0.31886058597517575,975,10,10
966,0.38586850726703903,-0.22826298546592194,0.32534554157049744,976,10,10
967,0.35333728059840913,-0.29332543880318174,0.33698073496765524,977,10,10
968,0.33002663535605425,-0.33994672928789149,0.35781241797164964,978,10,10
969,0.31540943560708729,-0.36918112878582543,0.39142765947690378,979,10,10
970,0.30812999625175597,-0.38374000749648807,0.43845559713295307,980,10,10
971,0.30627939082718164,-0.38744121834563672,0.49516801116736914,981,10,10
972,0.30778804513822861,-0.38442390972354279,0.55517004049672392,982,10,10
973,0.31088355204546525,-0.3782328959090695,0.61264580072191688,983,10,10
974,0.31454042792087705,-0.37091914415824589,0.66423958229573943,984,10,10
975,0.31886058597517575,-0.3622788280496485,0.70900074912797317,985,10,10
976,0.32534554157049744,-0.34930891685900511,0.74747727811303177,986,10,10
977,0.33698073496765524,-0.32603853006468952,0.78082788369264133,987,10,10
978,0.35781241797164964,-0.28437516405670071,0.8102356211338283,988,10,10
979,0.39142765947690378,-0.21714468104619244,0.83662223350675258,989,10,10
980,0.43845559713295307,-0.12308880573409386,0.86058732916875691,990,10,10
981,0.49516801116736914,-0.0096639776652617249,0.88248601482533395,991,10,10
982,0.55517004049672392,0.11034008099344783,0.90256877672188873,992,10,10
983,0.61264580072191688,0.22529160144383376,0.92112907841498248,993,10,10
984,0.66423958229573943,0.32847916459147886,0.93861068508483259,994,10,10
985,0.70900074912797317,0.41800149825594635,0.9555666779647759,995,10,10
986,0.74747727811303177,0.49495455622606355,0.97221991368685068,996,10,10
987,0.78082788369264133,0.56165576738528267,0.98738184683793695,997,10,10
988,0.8102356211338283,0.6204712422676566,0.9972587362888774,998,10,10
989,0.83662223350675258,0.67324446701350515,0.99598510504507953,999,10,10
990,0.86058732916875691,0.72117465833751382,0.97870406170077806,1000,10,10
991,0.88248601482533395,0.76497202965066791,0.94428368963663833,1001,10,10
992,0.90256877672188873,0.80513755344377747,0.89502444626713396,1002,10,10
993,0.92112907841498248,0.84225815682996497,0.83474263373433799,1003,10,10
994,0.93861068508483259,0.87722137016966517,0.76730807445416638,1004,10,10
995,0.9555666779647759,0.9111333559295518,0.69604184979424732,1005,10,10
996,0.97221991368685068,0.94443982737370136,0.62360241269087524,1006,10,10
997,0.98738184683793695,0.9747636936758739,0.55204217665991206,1007,10,10
998,0.9972587362888774,0.9945174725777548,0.48289136619538559,1008,10,10
999,0.99598510504507953,0.99197021009015907,0.41722810141349481,1009,10,10
1000,0.97870406170077806,0.95740812340155612,0.35573511299808941,1010,10,10
1001,0.94428368963663833,0.88856737927327667,0.29875342960048018,1011,10,10
1002,0.89502444626713396,0.79004889253426791,0.24634488300074739,1012,10,10
1003,0.83474263373433799,0.66948526746867598,0.19838253928593327,1013,10,10
1004,0.76730807445416638,0.53461614890833276,0.15469323877286567,1014,10,10
1005,0.69604184979424732,0.39208369958849465,0.11524168196728961,1015,10,10
1006,0.62360241269087524,0.24720482538175048,0.080271024736453048,1016,10,10
1007,0.55204217665991206,0.10408435331982413,0.050329635487670332,1017,10,10
1008,0.48289136619538559,-0.03421726760922883,0.026267841080916718,1018,10,10
1009,0.41722810141349481,-0.16554379717301038,0.0093509783276893681,1019,10,10
1010,0.35573511299808941,-0.28852977400382118,0.0015104139163828411,1020,10,10
1011,0.29875342960048018,-0.40249314079903964,0.0055884949583505338,1021,10,10
1012,0.24634488300074739,-0.50731023399850517,0.025217581183349481,1022,10,10
1013,0.19838253928593327,-0.6032349214281334,0.063727689234563803,1023,10,10
1014,0.15469323877286567,-0.69061352245426866,0.12182930886127519,1024,10,10
1015,0.11524168196728961,-0.76951663606542076,0.19548231310936492,1025,10,10
1016,0.080271024736453048,-0.83945795052709393,0.27646663040575681,1026,10,10
1017,0.050329635487670332,-0.89934072902465934,0.35568838876566844,1027,10,10
1018,0.026267841080916718,-0.94746431783816654,0.42627053183876112,1028,10,10
1019,0.0093509783276893681,-0.98129804334462123,0.48451168014464852,1029,10,10
1020,0.0015104139163828411,-0.99697917216723431,0.52926334503555283,1030,10,10
1021,0.0055884949583505338,-0.98882301008329898,0.56091753040610726,1031,10,10
1022,0.025217581183349481,-0.94956483763330102,0.58063628553713642,1032,10,10
1023,0.063727689234563803,-0.87254462153087242,0.58993554972920825,1033,10,10
1024,0.12182930886127519,-0.75634138227744963,0.59052482416017427,1034,10,10
1025,0.19548231310936492,-0.60903537378127015,0.58428288839843756,1035,10,10
1026,0.27646663040575681,-0.44706673918848638,0.57330696393844183,1036,10,10
1027,0.35568838876566844,-0.28862322246866312,0.56002128349302416,1037,10,10
1028,0.42627053183876112,-0.14745893632247775,0.54732518498430571,1038,10,10
1029,0.48451168014464852,-0.030976639710702969,0.53869329774088337,1039,10,10
1030,0.52926334503555283,0.058526690071105669,0.53802388219239738,1040,10,10
1031,0.56091753040610726,0.12183506081221451,0.54898041037872336,1041,10,10
1032,0.58063628553713642,0.16127257107427284,0.57379025863368838,1042,10,10
1033,0.58993554972920825,0.17987109945841651,0.61182777380504882,1043,10,10
1034,0.59052482416017427,0.18104964832034853,0.65854322768146556,1044,10,10
1035,0.58428288839843756,0.16856577679687512,0.70593362215097777,1045,10,10
1036,0.57330696393844183,0.14661392787688365,0.74570508389378964,1046,10,10
1037,0.56002128349302416,0.12004256698604832,0.77315741299053464,1047,10,10
1038,0.54732518498430571,0.094650369968611425,0.78825607118703622,1048,10,10
1039,0.53869329774088337,0.07738659548176674,0.79395966650523497,1049,10,10
1040,0.53802388219239738,0.076047764384794769,0.79419240633462618,1050,10,10
1041,0.54898041037872336,0.09796082075744672,0.79262649244732108,1051,10,10
1042,0.57379025863368838,0.14758051726737675,0.79214588111312689,1052,10,10
1043,0.61182777380504882,0.22365554761009765,0.79463240815600411,1053,10,10
1044,0.65854322768146556,0.31708645536293112,0.80088434012131682,1054,10,10
1045,0.70593362215097777,0.41186724430195554,0.81063020307165212,1055,10,10
1046,0.74570508389378964,0.49141016778757929,0.82264918817357846,1056,10,10
1047,0.77315741299053464,0.54631482598106929,0.83494716317952533,1057,10,10
1048,0.78825607118703622,0.57651214237407244,0.84482515037964312,1058,10,10
1049,0.79395966650523497,0.58791933301046995,0.84871627724946708,1059,10,10
1050,0.79419240633462618,0.58838481266925236,0.84214193562158224,1060,10,10
1051,0.79262649244732108,0.58525298489464217,0.82084857260545341,1061,10,10
1052,0.79214588111312689,0.58429176222625379,0.78345627804263718,1062,10,10
1053,0.79463240815600411,0.58926481631200822,0.73305959761928563,1063,10,10
1054,0.80088434012131682,0.60176868024263364,0.67550398134769374,1064,10,10
1055,0.81063020307165212,0.62126040614330424,0.61649335606500388,1065,10,10
1056,0.82264918817357846,0.64529837634715692,0.56008548680031367,1066,10,10
1057,0.83494716317952533,0.66989432635905066,0.50851383412221229,1067,10,10
1058,0.84482515037964312,0.68965030075928624,0.46250223030658849,1068,10,10
1059,0.84871627724946708,0.69743255449893415,0.42167192419671751,1069,10,10
1060,0.84214193562158224,0.68428387124316448,0.38495987950810706,1070,10,10
1061,0.82084857260545341,0.64169714521090682,0.35104040441623591,1071,10,10
1062,0.78345627804263718,0.56691255608527436,0.31871641405836582,1072,10,10
1063,0.73305959761928563,0.46611919523857126,0.2872137320824944,1073,10,10
1064,0.67550398134769374,0.35100796269538748,0.25632188611472356,1074,10,10
1065,0.61649335606500388,0.23298671213000777,0.22639354348098908,1075,10,10
1066,0.56008548680031367,0.12017097360062734,0.19829919175875499,1076,10,10
1067,0.50851383412221229,0.017027668244424587,0.17345666300857976,1077,10,10
1068,0.46250223030658849,-0.074995539386823018,0.15397806050822146,1078,10,10
1069,0.42167192419671751,-0.15665615160656499,0.14282285277269227,1079,10,10
1070,0.38495987950810706,-0.23008024098378588,0.14367802920742709,1080,10,10
1071,0.35104040441623591,-0.29791919116752819,0.16020278458181711,1081,10,10
1072,0.31871641405836582,-0.36256717188326837,0.1945050503746012,1082,10,10
1073,0.2872137320824944,-0.4255725358350112,0.24556817637816827,1083,10,10
1074,0.25632188611472356,-0.48735622777055287,0.30905767967957171,1084,10,10
1075,0.22639354348098908,-0.54721291303802189,0.37891497037926586,1085,10,10
1076,0.19829919175875499,-0.60340161648249002,0.44940007946025856,1086,10,10
1077,0.17345666300857976,-0.65308667398284048,0.51623886012960574,1087,10,10
1078,0.15397806050822146,-0.69204387898355701,0.57673986780990705,1088,10,10
1079,0.14282285277269227,-0.71435429445461551,0.62941567001418841,1089,10,10
1080,0.14367802920742709,-0.71264394158514577,0.67356537578612474,1090,10,10
1081,0.16020278458181711,-0.67959443083636573,0.70900033173526256,1091,10,10
1082,0.1945050503746012,-0.61098989925079761,0.73591392203957096,1092,10,10
1083,0.24556817637816827,-0.5088636472436634,0.75483953736211484,1093,10,10
1084,0.30905767967957171,-0.38188464064085659,0.76666091606140874,1094,10,10
1085,0.37891497037926586,-0.24217005924146828,0.77267548440109535,1095,10,10
1086,0.44940007946025856,-0.10119984107948288,0.77471379143231778,1096,10,10
1087,0.51623886012960574,0.032477720259211473,0.77526273196583917,1097,10,10
1088,0.57673986780990705,0.15347973561981409,0.77743838656175557,1098,10,10
1089,0.62941567001418841,0.25883134002837682,0.78457638163732135,1099,10,10
1090,0.67356537578612474,0.34713075157224949,0.79929606497096051,1100,10,10
1091,0.70900033173526256,0.41800066347052511,0.82219024889480086,1101,10,10
1092,0.73591392203957096,0.47182784407914191,0.85058874086410285,1102,10,10
1093,0.75483953736211484,0.50967907472422969,0.87820284445869412,1103,10,10
1094,0.76666091606140874,0.53332183212281747,0.89678842010275028,1104,10,10
1095,0.77267548440109535,0.54535096880219069,0.8996691348486342,1105,10,10
1096,0.77471379143231778,0.54942758286463556,0.88445159205124446,1106,10,10
1097,0.77526273196583917,0.55052546393167834,0.85289640282439472,1107,10,10
1098,0.77743838656175557,0.55487677312351114,0.80904430879732858,1108,10,10
1099,0.78457638163732135,0.5691527632746427,0.75748263017231654,1109,10,10
1100,0.79929606497096051,0.59859212994192101,0.70238754636674117,1110,10,10
1101,0.82219024889480086,0.64438049778960171,0.64714466971743301,1111,10,10
1102,0.85058874086410285,0.70117748172820571,0.5942475812212471,1112,10,10
1103,0.87820284445869412,0.75640568891738824,0.54528184559473203,1113,10,10
1104,0.89678842010275028,0.79357684020550057,0.50089739059969263,1114,10,10
1105,0.8996691348486342,0.7993382696972684,0.46075680440781241,1115,10,10
1106,0.88445159205124446,0.76890318410248892,0.4235550965240758,1116,10,10
1107,0.85289640282439472,0.70579280564878943,0.38730418133431249,1117,10,10
1108,0.80904430879732858,0.61808861759465716,0.35002591283806844,1118,10,10
1109,0.75748263017231654,0.51496526034463308,0.31068915426639782,1119,10,10
1110,0.70238754636674117,0.40477509273348233,0.26983263507970545,1120,10,10
1111,0.64714466971743301,0.29428933943486602,0.22936542635668869,1121,10,10
1112,0.5942475812212471,0.1884951624424942,0.19176518009825994,1122,10,10
1113,0.54528184559473203,0.090563691189464057,0.15942972240330361,1123,10,10
1114,0.50089739059969263,0.0017947811993852536,0.13456011775245097,1124,10,10
1115,0.46075680440781241,-0.07848639118437517,0.11936791455629178,1125,10,10
1116,0.4235550965240758,-0.15288980695184839,0.1162353349099856,1126,10,10
1117,0.38730418133431249,-0.22539163733137502,0.12751916395872337,1127,10,10
1118,0.35002591283806844,-0.29994817432386311,0.1548365310127352,1128,10,10
1119,0.31068915426639782,-0.37862169146720437,0.19805711081066113,1129,10,10
1120,0.26983263507970545,-0.4603347298405891,0.25471792978414876,1130,10,10
1121,0.22936542635668869,-0.54126914728662268,0.32048202939871712,1131,10,10
1122,0.19176518009825994,-0.61646963980348013,0.39038934639596579,1132,10,10
1123,0.15942972240330361,-0.68114055519339278,0.46001342537687895,1133,10,10
1124,0.13456011775245097,-0.73087976449509806,0.52593401614688051,1134,10,10
1125,0.11936791455629178,-0.76126417088741638,0.58560281437864292,1135,10,10
1126,0.1162353349099856,-0.76752933018002878,0.63704817633466171,1136,10,10
1127,0.12751916395872337,-0.74496167208255326,0.67881396604963851,1137,10,10
1128,0.1548365310127352,-0.6903269379745296,0.71017320965808328,1138,10,10
1129,0.19805711081066113,-0.60388577837867774,0.73132451092297956,1139,10,10
1130,0.25471792978414876,-0.49056414043170249,0.74335445302227743,1140,10,10
1131,0.32048202939871712,-0.35903594120256577,0.74805264496984769,1141,10,10
1132,0.39038934639596579,-0.21922130720806843,0.74775482039483698,1142,10,10
1133,0.46001342537687895,-0.079973149246242103,0.74526291561118574,1143,10,10
1134,0.52593401614688051,0.051868032293761024,0.74375392732157797,1144,10,10
1135,0.58560281437864292,0.17120562875728584,0.74652258166302621,1145,10,10
1136,0.63704817633466171,0.27409635266932342,0.75643626122644614,1146,10,10
1137,0.67881396604963851,0.35762793209927701,0.77511362457674315,1147,10,10
1138,0.71017320965808328,0.42034641931616656,0.80195950489038703,1148,10,10
1139,0.73132451092297956,0.46264902184595913,0.83330456135049336,1149,10,10
1140,0.74335445302227743,0.48670890604455486,0.862331076697744,1150,10,10
1141,0.74805264496984769,0.49610528993969538,0.88084165082169019,1151,10,10
1142,0.74775482039483698,0.49550964078967397,0.8826391801911887,1152,10,10
1143,0.74526291561118574,0.49052583122237148,0.86602829710314533,1153,10,10
1144,0.74375392732157797,0.48750785464315594,0.83356354621720474,1154,10,10
1145,0.74652258166302621,0.49304516332605242,0.79003835444447712,1155,10,10
1146,0.75643626122644614,0.51287252245289228,0.74057993511696096,1156,10,10
1147,0.77511362457674315,0.55022724915348631,0.68959533212417834,1157,10,10
1148,0.80195950489038703,0.60391900978077406,0.64039419486506499,1158,10,10
1149,0.83330456135049336,0.66660912270098671,0.59512461800169025,1159,10,10
1150,0.862331076697744,0.72466215339548801,0.55478330169662893,1160,10,10
1151,0.88084165082169019,0.76168330164338038,0.51921675520447919,1161,10,10
1152,0.8826391801911887,0.7652783603823774,0.48715725454197129,1162,10,10
1153,0.86602829710314533,0.73205659420629066,0.4564285091209605,1163,10,10
1154,0.83356354621720474,0.66712709243440949,0.42446975002964243,1164,10,10
1155,0.79003835444447712,0.58007670888895424,0.38920303322535021,1165,10,10
1156,0.74057993511696096,0.48115987023392193,0.34997446721209285,1166,10,10
1157,0.68959533212417834,0.37919066424835668,0.30799063487947231,1167,10,10
1158,0.64039419486506499,0.28078838973012998,0.2658565689533442,1168,10,10
1159,0.59512461800169025,0.19024923600338051,0.22661746025936805,1169,10,10
1160,0.55478330169662893,0.10956660339325786,0.19309886119848529,1170,10,10
1161,0.51921675520447919,0.038433510408958371,0.16781373351586518,1171,10,10
1162,0.48715725454197129,-0.02568549091605743,0.15312776870046729,1172,10,10
1163,0.4564285091209605,-0.087142981758078997,0.15127848840943381,1173,10,10
1164,0.42446975002964243,-0.15106049994071513,0.16400977558480551,1174,10,10
1165,0.38920303322535021,-0.22159393354929957,0.19188417470108737,1175,10,10
1166,0.34997446721209285,-0.30005106557581429,0.23371543831865554,1176,10,10
1167,0.30799063487947231,-0.38401873024105537,0.28665043362149722,1177,10,10
1168,0.2658565689533442,-0.46828686209331161,0.34694645979996258,1178,10,10
1169,0.22661746025936805,-0.54676507948126396,0.41092268090719847,1179,10,10
1170,0.19309886119848529,-0.61380227760302941,0.47553435526311927,1180,10,10
1171,0.16781373351586518,-0.6643725329682697,0.53839546556258622,1181,10,10
1172,0.15312776870046729,-0.69374446259906541,0.59742541339758248,1182,10,10
1173,0.15127848840943381,-0.69744302318113238,0.65050604949651336,1183,10,10
1174,0.16400977558480551,-0.67198044883038899,0.69556007930792763,1184,10,10
1175,0.19188417470108737,-0.61623165059782525,0.73108438950769405,1185,10,10
1176,0.23371543831865554,-0.53256912336268891,0.75665824560235717,1186,10,10
1177,0.28665043362149722,-0.42669913275700555,0.77303039629546677,1187,10,10
1178,0.34694645979996258,-0.30610708040007484,0.78189325519209496,1188,10,10
1179,0.41092268090719847,-0.17815463818560306,0.78562400668325538,1189,10,10
1180,0.47553435526311927,-0.048931289473761463,0.78708878736664356,1190,10,10
1181,0.53839546556258622,0.076790931125172435,0.78941984688753442,1191,10,10
1182,0.59742541339758248,0.19485082679516497,0.79563082921295281,1192,10,10
1183,0.65050604949651336,0.30101209899302672,0.80802530074050061,1193,10,10
1184,0.69556007930792763,0.39112015861585525,0.82748518783341407,1194,10,10
1185,0.73108438950769405,0.46216877901538811,0.85277752988070843,1195,10,10
1186,0.75665824560235717,0.51331649120471434,0.88007749030938021,1196,10,10
1187,0.77303039629546677,0.54606079259093354,0.90317340019037506,1197,10,10
1188,0.78189325519209496,0.56378651038418992,0.91495289121713985,1198,10,10
1189,0.78562400668325538,0.57124801336651077,0.90995982682886245,1199,10,10
1190,0.78708878736664356,0.57417757473328712,0.88648598371081044,1200,10,10
1191,0.78941984688753442,0.57883969377506883,0.84674450204664919,1201,10,10
1192,0.79563082921295281,0.59126165842590561,0.7953581569697642,1202,10,10
1193,0.80802530074050061,0.61605060148100121,0.73752090415211569,1203,10,10
1194,0.82748518783341407,0.65497037566682814,0.67778731412623905,1204,10,10
1195,0.85277752988070843,0.70555505976141686,0.61957536071519659,1205,10,10
1196,0.88007749030938021,0.76015498061876041,0.56507449526639753,1206,10,10
1197,0.90317340019037506,0.80634680038075013,0.51529453062699271,1207,10,10
1198,0.91495289121713985,0.8299057824342797,0.47015204712644254,1208,10,10
1199,0.90995982682886245,0.8199196536577249,0.42862556509662447,1209,10,10
1200,0.88648598371081044,0.77297196742162089,0.38907667089435699,1210,10,10
1201,0.84674450204664919,0.69348900409329839,0.34979145647614457,1211,10,10
1202,0.7953581569697642,0.59071631393952839,0.30964039659859094,1212,10,10
1203,0.73752090415211569,0.47504180830423137,0.26857664638786866,1213,10,10
1204,0.67778731412623905,0.3555746282524781,0.22768269134840685,1214,10,10
1205,0.61957536071519659,0.23915072143039318,0.18876561975654593,1215,10,10
1206,0.56507449526639753,0.13014899053279505,0.15385987293556452,1216,10,10
1207,0.51529453062699271,0.030589061253985417,0.12500253732532446,1217,10,10
1208,0.47015204712644254,-0.059695905747114919,0.10433297419013948,1218,10,10
1209,0.42862556509662447,-0.14274886980675106,0.094303493463785582,1219,10,10
1210,0.38907667089435699,-0.22184665821128602,0.09768128358079628,1220,10,10
1211,0.34979145647614457,-0.30041708704771086,0.11701752894682566,1221,10,10
1212,0.30964039659859094,-0.38071920680281812,0.15351922228974826,1222,10,10
1213,0.26857664638786866,-0.46284670722426269,0.20592001052083556,1223,10,10
1214,0.22768269134840685,-0.5446346173031863,0.27035222604549602,1224,10,10
1215,0.18876561975654593,-0.62246876048690813,0.34147949390401205,1225,10,10
1216,0.15385987293556452,-0.69228025412887095,0.41400362080878444,1226,10,10
1217,0.12500253732532446,-0.74999492534935108,0.48358590883843483,1227,10,10
1218,0.10433297419013948,-0.79133405161972104,0.54701006576481825,1228,10,10
1219,0.094303493463785582,-0.81139301307242884,0.60197964472116128,1229,10,10
1220,0.09768128358079628,-0.80463743283840738,0.64695958492236127,1230,10,10
1221,0.11701752894682566,-0.76596494210634869,0.68119150524600636,1231,10,10
1222,0.15351922228974826,-0.69296155542050353,0.70475371125784347,1232,10,10
1223,0.20592001052083556,-0.58815997895832894,0.71851756653337018,1233,10,10
1224,0.27035222604549602,-0.45929554790900795,0.72401216741432195,1234,10,10
1225,0.34147949390401205,-0.31704101219197589,0.72330718207978895,1235,10,10
1226,0.41400362080878444,-0.17199275838243111,0.71897620920323002,1236,10,10
1227,0.48358590883843483,-0.032828182323130339,0.71409448121011154,1237,10,10
1228,0.54701006576481825,0.094020131529636508,0.71212549084296961,1238,10,10
1229,0.60197964472116128,0.20395928944232256,0.71651796144561197,1239,10,10
1230,0.64695958492236127,0.29391916984472255,0.72994667612229813,1240,10,10
1231,0.68119150524600636,0.36238301049201271,0.75332587320139699,1241,10,10
1232,0.70475371125784347,0.40950742251568695,0.78479495585002534,1242,10,10
1233,0.71851756653337018,0.43703513306674036,0.81903457039841865,1243,10,10
1234,0.72401216741432195,0.4480243348286439,0.8479140618383183,1244,10,10
1235,0.72330718207978895,0.44661436415957789,0.86337715096266343,1245,10,10
1236,0.71897620920323002,0.43795241840646004,0.86105353163697795,1246,10,10
1237,0.71409448121011154,0.42818896242022308,0.84151525763473556,1247,10,10
1238,0.71212549084296961,0.42425098168593922,0.80872240764400438,1248,10,10
1239,0.71651796144561197,0.43303592289122395,0.7677752585520714,1249,10,10
1240,0.72994667612229813,0.45989335224459627,0.72344874279019755,1250,10,10
1241,0.75332587320139699,0.50665174640279398,0.67958044962400466,1251,10,10
1242,0.78479495585002534,0.56958991170005069,0.63890661705305485,1252,10,10
1243,0.81903457039841865,0.6380691407968373,0.60302843803933182,1253,10,10
1244,0.8479140618383183,0.6958281236766366,0.57236395108406291,1254,10,10
1245,0.86337715096266343,0.72675430192532686,0.54608296400564338,1255,10,10
1246,0.86105353163697795,0.72210706327395591,0.5221392139183858,1256,10,10
1247,0.84151525763473556,0.68303051526947112,0.49758037616146822,1257,10,10
1248,0.80872240764400438,0.61744481528800876,0.46928572547959085,1258,10,10
1249,0.7677752585520714,0.53555051710414281,0.43510376576680371,1259,10,10
1250,0.72344874279019755,0.4468974855803951,0.39495183739492712,1260,10,10
1251,0.67958044962400466,0.35916089924800931,0.35105607504670333,1261,10,10
1252,0.63890661705305485,0.2778132341061097,0.30701276686523199,1262,10,10
1253,0.60302843803933182,0.20605687607866363,0.26651272712849705,1263,10,10
1254,0.57236395108406291,0.14472790216812581,0.23268298310427413,1264,10,10
1255,0.54608296400564338,0.092165928011286757,0.20807443614586946,1265,10,10
1256,0.5221392139183858,0.044278427836771606,0.19480434172087771,1266,10,10
1257,0.49758037616146822,-0.0048392476770635628,0.1944827964449225,1267,10,10
1258,0.46928572547959085,-0.061428549040818292,0.20785485094817119,1268,10,10
1259,0.43510376576680371,-0.12979246846639259,0.23439084389979248,1269,10,10
1260,0.39495183739492712,-0.21009632521014576,0.27220881809456127,1270,10,10
1261,0.35105607504670333,-0.29788784990659334,0.31851761635765613,1271,10,10
1262,0.30701276686523199,-0.38597446626953602,0.37036984576770948,1272,10,10
1263,0.26651272712849705,-0.4669745457430059,0.42532334880369543,1273,10,10
1264,0.23268298310427413,-0.53463403379145169,0.4817273169634062,1274,10,10
1265,0.20807443614586946,-0.58385112770826109,0.53852589403926776,1275,10,10
1266,0.19480434172087771,-0.61039131655824463,0.59461900713216076,1276,10,10
1267,0.1944827964449225,-0.611034407110155,0.64814424857861497,1277,10,10
1268,0.20785485094817119,-0.58429029810365762,0.6964254072443834,1278,10,10
1269,0.23439084389979248,-0.53121831220041504,0.73690201414624401,1279,10,10
1270,0.27220881809456127,-0.45558236381087747,0.76821803746954154,1280,10,10
1271,0.31851761635765613,-0.36296476728468774,0.79058000324659516,1281,10,10
1272,0.37036984576770948,-0.25926030846458104,0.80546922951501176,1282,10,10
1273,0.42532334880369543,-0.14935330239260913,0.81519847362124309,1283,10,10
1274,0.4817273169634062,-0.036545366073187591,0.82252941057210738,1284,10,10
1275,0.53852589403926776,0.077051788078535521,0.83030084965704476,1285,10,10
1276,0.59461900713216076,0.18923801426432152,0.84098000078544888,1286,10,10
1277,0.64814424857861497,0.29628849715722994,0.85614602387495831,1287,10,10
1278,0.6964254072443834,0.3928508144887668,0.87600329174359992,1288,10,10
1279,0.73690201414624401,0.47380402829248802,0.89903572189463277,1289,10,10
1280,0.76821803746954154,0.53643607493908307,0.92191910980419112,1290,10,10
1281,0.79058000324659516,0.58116000649319033,0.9398460365349337,1291,10,10
1282,0.80546922951501176,0.61093845903002353,0.94738619654441181,1292,10,10
1283,0.81519847362124309,0.63039694724248618,0.9398460114742524,1293,10,10
1284,0.82252941057210738,0.64505882114421476,0.91481747419200177,1294,10,10
1285,0.83030084965704476,0.66060169931408952,0.8731550591265419,1295,10,10
1286,0.84098000078544888,0.68196000157089776,0.81855551959961026,1296,10,10
1287,0.85614602387495831,0.71229204774991661,0.75599731297158301,1297,10,10
1288,0.87600329174359992,0.75200658348719984,0.69021710360637967,1298,10,10
1289,0.89903572189463277,0.79807144378926553,0.62489961713562814,1299,10,10
1290,0.92191910980419112,0.84383821960838223,0.56245975296629391,1300,10,10
1291,0.9398460365349337,0.87969207306986741,0.50410649245525929,1301,10,10
1292,0.94738619654441181,0.89477239308882361,0.45002211414531257,1302,10,10
1293,0.9398460114742524,0.87969202294850479,0.39963021204467003,1303,10,10
1294,0.91481747419200177,0.82963494838400353,0.35196867730826703,1304,10,10
1295,0.8731550591265419,0.7463101182530838,0.30613209310850442,1305,10,10
1296,0.81855551959961026,0.63711103919922052,0.26165921604565873,1306,10,10
1297,0.75599731297158301,0.51199462594316603,0.2187136529402017,1307,10,10
1298,0.69021710360637967,0.38043420721275933,0.17800451093658845,1308,10,10
1299,0.62489961713562814,0.24979923427125628,0.1405610751383993,1309,10,10
1300,0.56245975296629391,0.12491950593258783,0.10755871681625201,1310,10,10
1301,0.50410649245525929,0.0082129849105185837,0.08032409582311778,1311,10,10
1302,0.45002211414531257,-0.099955771709374863,0.060517067835539333,1312,10,10
1303,0.39963021204467003,-0.20073957591065994,0.050384266633044412,1313,10,10
1304,0.35196867730826703,-0.29606264538346594,0.05287224406678153,1314,10,10
1305,0.30613209310850442,-0.38773581378299116,0.071234781234185557,1315,10,10
1306,0.26165921604565873,-0.47668156790868255,0.10779642237036456,1316,10,10
1307,0.2187136529402017,-0.56257269411959654,0.16221871236219904,1317,10,10
1308,0.17800451093658845,-0.64399097812682315,0.23062373947213743,1318,10,10
1309,0.1405610751383993,-0.71887784972320135,0.3065948780919952,1319,10,10
1310,0.10755871681625201,-0.78488256636749598,0.3832789600297058,1320,10,10
1311,0.08032409582311778,-0.83935180835376444,0.45503383458203944,1321,10,10
1312,0.060517067835539333,-0.87896586432892132,0.51801112810807981,1322,10,10
1313,0.050384266633044412,-0.89923146673391119,0.57002855997645918,1323,10,10
1314,0.05287224406678153,-0.89425551186643693,0.61022310462243468,1324,10,10
1315,0.071234781234185557,-0.85753043753162883,0.638718644736194,1325,10,10
1316,0.10779642237036456,-0.78440715525927085,0.65635152671808583,1326,10,10
1317,0.16221871236219904,-0.67556257527560193,0.66445871031114179,1327,10,10
1318,0.23062373947213743,-0.53875252105572513,0.66474904219616904,1328,10,10
1319,0.3065948780919952,-0.38681024381600959,0.65927646196439504,1329,10,10
1320,0.3832789600297058,-0.23344207994058841,0.65050779494635935,1330,10,10
1321,0.45503383458203944,-0.089932330835921115,0.64143076263331822,1331,10,10
1322,0.51801112810807981,0.03602225621615962,0.63556962225807134,1332,10,10
1323,0.57002855997645918,0.14005711995291836,0.63669815641191319,1333,10,10
1324,0.61022310462243468,0.22044620924486935,0.64809840351555903,1334,10,10
1325,0.638718644736194,0.27743728947238799,0.67146585959310523,1335,10,10
1326,0.65635152671808583,0.31270305343617166,0.70572152999987814,1336,10,10
1327,0.66445871031114179,0.32891742062228357,0.74606516619632868,1337,10,10
1328,0.66474904219616904,0.32949808439233808,0.7843106887800696,1338,10,10
1329,0.65927646196439504,0.31855292392879009,0.81181462211410826,1339,10,10
1330,0.65050779494635935,0.3010155898927187,0.82354890768351974,1340,10,10
1331,0.64143076263331822,0.28286152526663644,0.81961282388339085,1341,10,10
1332,0.63556962225807134,0.27113924451614269,0.80358434639982523,1342,10,10
1333,0.63669815641191319,0.27339631282382637,0.78019705560250008,1343,10,10
1334,0.64809840351555903,0.29619680703111806,0.75391377507408364,1344,10,10
1335,0.67146585959310523,0.34293171918621046,0.72835830585285433,1345,10,10
1336,0.70572152999987814,0.41144305999975628,0.70614357586120646,1346,10,10
1337,0.74606516619632868,0.49213033239265735,0.68879056433737162,1347,10,10
1338,0.7843106887800696,0.5686213775601392,0.67662476259280824,1348,10,10
1339,0.81181462211410826,0.62362924422821653,0.66866709897032461,1349,10,10
1340,0.82354890768351974,0.64709781536703948,0.66260834463865637,1350,10,10
1341,0.81961282388339085,0.6392256477667817,0.65496508341876281,1351,10,10
1342,0.80358434639982523,0.60716869279965047,0.64153567459701333,1352,10,10
1343,0.78019705560250008,0.56039411120500016,0.61841052664687846,1353,10,10
1344,0.75391377507408364,0.50782755014816727,0.58366972414874674,1354,10,10
1345,0.72835830585285433,0.45671661170570865,0.53883659640467385,1355,10,10
1346,0.70614357586120646,0.41228715172241293,0.48843178215609556,1356,10,10
1347,0.68879056433737162,0.37758112867474325,0.43785460605220361,1357,10,10
1348,0.67662476259280824,0.35324952518561648,0.39162886809685804,1358,10,10
1349,0.66866709897032461,0.33733419794064923,0.35288086407605668,1359,10,10
1350,0.66260834463865637,0.32521668927731273,0.32346867882163893,1360,10,10
1351,0.65496508341876281,0.30993016683752561,0.30416554441923116,1361,10,10
1352,0.64153567459701333,0.28307134919402666,0.2947428276059319,1362,10,10
1353,0.61841052664687846,0.23682105329375691,0.29404962370974075,1363,10,10
1354,0.58366972414874674,0.16733944829749348,0.30022085195076081,1364,10,10
1355,0.53883659640467385,0.077673192809347702,0.31105723236414751,1365,10,10
1356,0.48843178215609556,-0.023136435687808876,0.32452048725844934,1366,10,10
1357,0.43785460605220361,-0.12429078789559278,0.33925001777446373,1367,10,10
1358,0.39162886809685804,-0.21674226380628392,0.35501707113631908,1368,10,10
1359,0.35288086407605668,-0.29423827184788665,0.37303262039374302,1369,10,10
1360,0.32346867882163893,-0.35306264235672213,0.39594757265790553,1370,10,10
1361,0.30416554441923116,-0.39166891116153768,0.42716014218959814,1371,10,10
1362,0.2947428276059319,-0.4105143447881362,0.46899245866458983,1372,10,10
1363,0.29404962370974075,-0.4119007525805185,0.5204176020242427,1373,10,10
1364,0.30022085195076081,-0.39955829609847837,0.57670326189499266,1374,10,10
1365,0.31105723236414751,-0.37788553527170499,0.63191119154274866,1375,10,10
1366,0.32452048725844934,-0.35095902548310132,0.68173500654679697,1376,10,10
1367,0.33925001777446373,-0.32149996445107254,0.72445751261156455,1377,10,10
1368,0.35501707113631908,-0.28996585772736183,0.76038335005659041,1378,10,10
1369,0.37303262039374302,-0.25393475921251396,0.79087773276929729,1379,10,10
1370,0.39594757265790553,-0.20810485468418893,0.817581354604486,1380,10,10
1371,0.42716014218959814,-0.14567971562080373,0.84191141185779572,1381,10,10
1372,0.46899245866458983,-0.062015082670820343,0.86482301715017851,1382,10,10
1373,0.5204176020242427,0.040835204048485396,0.88678458036792096,1383,10,10
1374,0.57670326189499266,0.15340652378998532,0.90790095256764392,1384,10,10
1375,0.63191119154274866,0.26382238308549733,0.92809273728196873,1385,10,10
1376,0.68173500654679697,0.36347001309359395,0.94722921594988607,1386,10,10
1377,0.72445751261156455,0.44891502522312909,0.96510858087111806,1387,10,10
1378,0.76038335005659041,0.52076670011318082,0.98114520820079809,1388,10,10
1379,0.79087773276929729,0.58175546553859458,0.99362884170128807,1389,10,10
1380,0.817581354604486,0.635162709208972,0.9988857555542856,1390,10,10
1381,0.84191141185779572,0.68382282371559144,0.99174588541455311,1391,10,10
1382,0.86482301715017851,0.72964603430035702,0.96822421014974813,1392,10,10
1383,0.88678458036792096,0.77356916073584192,0.9279976732686237,1393,10,10
1384,0.90790095256764392,0.81580190513528783,0.87402178704586553,1394,10,10
1385,0.92809273728196873,0.85618547456393745,0.81051708326724048,1395,10,10
1386,0.94722921594988607,0.89445843189977214,0.74145561411270267,1396,10,10
1387,0.96510858087111806,0.93021716174223612,0.66998484066923814,1397,10,10
1388,0.98114520820079809,0.96229041640159618,0.59839889530607626,1398,10,10
1389,0.99362884170128807,0.98725768340257614,0.52831223123296078,1399,10,10
1390,0.9988857555542856,0.99777151110857121,0.46085673211207701,1400,10,10
1391,0.99174588541455311,0.98349177082910622,0.39682708980840598,1401,10,10
1392,0.96822421014974813,0.93644842029949626,0.33676227062161179,1402,10,10
1393,0.9279976732686237,0.8559953465372474,0.28098647133904237,1403,10,10
1394,0.87402178704586553,0.74804357409173106,0.22964228653773053,1404,10,10
1395,0.81051708326724048,0.62103416653448096,0.18274246864102534,1405,10,10
1396,0.74145561411270267,0.48291122822540533,0.14025806634559687,1406,10,10
1397,0.66998484066923814,0.33996968133847627,0.10224497250857731,1407,10,10
1398,0.59839889530607626,0.19679779061215252,0.068974789921860236,1408,10,10
1399,0.52831223123296078,0.056624462465921566,0.041023941136146359,1409,10,10
1400,0.46085673211207701,-0.078286535775845989,0.019351007417298571,1410,10,10
1401,0.39682708980840598,-0.20634582038318805,0.0054521684193391878,1411,10,10
1402,0.33676227062161179,-0.32647545875677642,0.0015956687267159506,1412,10,10
1403,0.28098647133904237,-0.43802705732191527,0.010943969550321982,1413,10,10
1404,0.22964228653773053,-0.54071542692453889,0.037123740157695456,1414,10,10
1405,0.18274246864102534,-0.63451506271794933,0.082707501447844028,1415,10,10
1406,0.14025806634559687,-0.7194838673088062,0.14684000681448572,1416,10,10
1407,0.10224497250857731,-0.79551005498284533,0.22390698333704628,1417,10,10
1408,0.068974789921860236,-0.86205042015627953,0.30513269679950339,1418,10,10
1409,0.041023941136146359,-0.91795211772770724,0.3819977855928896,1419,10,10
1410,0.019351007417298571,-0.96129798516540288,0.44865518821847861,1420,10,10
1411,0.0054521684193391878,-0.98909566316132158,0.5023044657061051,1421,10,10
1412,0.0015956687267159506,-0.99680866254656808,0.54239164072406043,1422,10,10
1413,0.010943969550321982,-0.97811206089935598,0.56965340239217077,1423,10,10
1414,0.037123740157695456,-0.92575251968460903,0.58544592410678276,1424,10,10
1415,0.082707501447844028,-0.834584997104312,0.59139782551604969,1425,10,10
1416,0.14684000681448572,-0.70631998637102855,0.58929243983654045,1426,10,10
1417,0.22390698333704628,-0.55218603332590743,0.58108001297098777,1427,10,10
1418,0.30513269679950339,-0.38973460640099322,0.56896265998229834,1428,10,10
1419,0.3819977855928896,-0.23600442881422079,0.55552851340604592,1429,10,10
1420,0.44865518821847861,-0.10268962356304279,0.54389252801809984,1430,10,10
1421,0.5023044657061051,0.0046089314122101932,0.53771828347530448,1431,10,10
1422,0.54239164072406043,0.084783281448120862,0.5408947154108753,1432,10,10
1423,0.56965340239217077,0.13930680478434154,0.55668280654719093,1433,10,10
1424,0.58544592410678276,0.17089184821356551,0.58643256517491793,1434,10,10
1425,0.59139782551604969,0.18279565103209938,0.62823155737043235,1435,10,10
1426,0.58929243983654045,0.1785848796730809,0.67616105953112149,1436,10,10
1427,0.58108001297098777,0.16216002594197554,0.7216311295713389,1437,10,10
1428,0.56896265998229834,0.13792531996459667,0.75723252319485945,1438,10,10
1429,0.55552851340604592,0.11105702681209184,0.77997257726675828,1439,10,10
1430,0.54389252801809984,0.087785056036199682,0.7911610032687193,1440,10,10
1431,0.53771828347530448,0.075436566950608963,0.7943272722302851,1441,10,10
1432,0.5408947154108753,0.081789430821750608,0.79341799241798905,1442,10,10
1433,0.55668280654719093,0.11336561309438187,0.79186642952152264,1443,10,10
1434,0.58643256517491793,0.17286513034983586,0.79221356346389915,1444,10,10
1435,0.62823155737043235,0.25646311474086469,0.79595687795581538,1445,10,10
1436,0.67616105953112149,0.35232211906224298,0.80350094412382256,1446,10,10
1437,0.7216311295713389,0.44326225914267781,0.81420757150934575,1447,10,10
1438,0.75723252319485945,0.51446504638971891,0.82654993530690801,1448,10,10
1439,0.77997257726675828,0.55994515453351656,0.8382778257153275,1449,10,10
1440,0.7911610032687193,0.5823220065374386,0.84640910081771481,1450,10,10
1441,0.7943272722302851,0.58865454446057019,0.84703108464450694,1451,10,10
1442,0.79341799241798905,0.5868359848359781,0.83553524466549323,1452,10,10
1443,0.79186642952152264,0.58373285904304528,0.80837248741456258,1453,10,10
1444,0.79221356346389915,0.5844271269277983,0.76574461548909489,1454,10,10
1445,0.79595687795581538,0.59191375591163076,0.71207121377505744,1455,10,10
1446,0.80350094412382256,0.60700188824764512,0.65344237079730338,1456,10,10
1447,0.81420757150934575,0.6284151430186915,0.5950631764904637,1457,10,10
1448,0.82654993530690801,0.65309987061381602,0.54031644018541813,1458,10,10
1449,0.8382778257153275,0.67655565143065499,0.49084297266548305,1459,10,10
1450,0.84640910081771481,0.69281820163542962,0.44691570142377213,1460,10,10
1451,0.84703108464450694,0.69406216928901387,0.40785406980551925,1461,10,10
1452,0.83553524466549323,0.67107048933098645,0.37244497979184132,1462,10,10
1453,0.80837248741456258,0.61674497482912516,0.33936006012766962,1463,10,10
1454,0.76574461548909489,0.53148923097818979,0.30752195206345428,1464,10,10
1455,0.71207121377505744,0.42414242755011489,0.27634891275058326,1465,10,10
1456,0.65344237079730338,0.30688474159460677,0.24583877354065015,1466,10,10
1457,0.5950631764904637,0.19012635298092739,0.21653699707351207,1467,10,10
1458,0.54031644018541813,0.080632880370836268,0.18950530192560522,1468,10,10
1459,0.49084297266548305,-0.018314054669033908,0.16639516272516003,1469,10,10
1460,0.44691570142377213,-0.10616859715245575,0.14962035057894757,1470,10,10
1461,0.40785406980551925,-0.1842918603889615,0.14245253424604662,1471,10,10
1462,0.37244497979184132,-0.25511004041631735,0.1487080179711836,1472,10,10
1463,0.33936006012766962,-0.32127987974466077,0.17168715777312066,1473,10,10
1464,0.30752195206345428,-0.38495609587309143,0.21248201702392963,1474,10,10
1465,0.27634891275058326,-0.44730217449883347,0.26875624366073025,1475,10,10
1466,0.24583877354065015,-0.50832245291869971,0.33528276212941266,1476,10,10
1467,0.21653699707351207,-0.56692600585297592,0.40591558143186346,1477,10,10
1468,0.18950530192560522,-0.62098939614878956,0.47539664993235342,1478,10,10
1469,0.16639516272516003,-0.66720967454967994,0.54007592622206557,1479,10,10
1470,0.14962035057894757,-0.70075929884210486,0.59777189988351231,1480,10,10
1471,0.14245253424604662,-0.71509493150790671,0.64733779078528708,1481,10,10
1472,0.1487080179711836,-0.70258396405763279,0.68828767735541097,1482,10,10
1473,0.17168715777312066,-0.65662568445375868,0.72058144648146449,1483,10,10
1474,0.21248201702392963,-0.57503596595214068,0.74453522042358877,1484,10,10
1475,0.26875624366073025,-0.46248751267853949,0.76080211712491774,1485,10,10
1476,0.33528276212941266,-0.32943447574117468,0.7704016092170044,1486,10,10
1477,0.40591558143186346,-0.18816883713627308,0.7748049864275236,1487,10,10
1478,0.47539664993235342,-0.049206700135293158,0.77606732370696108,1488,10,10
1479,0.54007592622206557,0.080151852444131144,0.77691972075514049,1489,10,10
1480,0.59777189988351231,0.19554379976702463,0.78062859331550372,1490,10,10
1481,0.64733779078528708,0.29467558157057416,0.79039397682921453,1491,10,10
1482,0.68828767735541097,0.37657535471082193,0.80823630431362103,1492,10,10
1483,0.72058144648146449,0.44116289296292899,0.83364499796038027,1493,10,10
1484,0.74453522042358877,0.48907044084717755,0.86254965306881015,1494,10,10
1485,0.76080211712491774,0.52160423424983549,0.8876064876062103,1495,10,10
1486,0.7704016092170044,0.5408032184340088,0.90072787443953228,1496,10,10
1487,0.7748049864275236,0.5496099728550472,0.89668025181136712,1497,10,10
1488,0.77606732370696108,0.55213464741392215,0.87479000331978052,1498,10,10
1489,0.77691972075514049,0.55383944151028097,0.83791260580039539,1499,10,10
1490,0.78062859331550372,0.56125718663100743,0.79045191110395052,1500,10,10
1491,0.79039397682921453,0.58078795365842906,0.73691250696640453,1501,10,10
1492,0.80823630431362103,0.61647260862724207,0.68119767514318807,1502,10,10
1493,0.83364499796038027,0.66728999592076055,0.62636350813182462,1503,10,10
1494,0.86254965306881015,0.7250993061376203,0.57456604223912422,1504,10,10
1495,0.8876064876062103,0.77521297521242061,0.52704885888187936,1505,10,10
1496,0.90072787443953228,0.80145574887906457,0.48410431090378614,1506,10,10
1497,0.89668025181136712,0.79336050362273425,0.44503232096358941,1507,10,10
1498,0.87479000331978052,0.74958000663956104,0.40823445747309189,1508,10,10
1499,0.83791260580039539,0.67582521160079079,0.37164342561645847,1509,10,10
1500,0.79045191110395052,0.58090382220790104,0.33354526950956737,1510,10,10
1501,0.73691250696640453,0.47382501393280907,0.29346992321568488,1511,10,10
1502,0.68119767514318807,0.36239535028637615,0.2525318269861373,1512,10,10
1503,0.62636350813182462,0.25272701626364924,0.21293529899830602,1513,10,10
1504,0.57456604223912422,0.14913208447824844,0.17715400997218719,1514,10,10
1505,0.52704885888187936,0.054097717763758713,0.14748390545277021,1515,10,10
1506,0.48410431090378614,-0.031791378192427722,0.12609343384925073,1516,10,10
1507,0.44503232096358941,-0.10993535807282118,0.11525577106648402,1517,10,10
1508,0.40823445747309189,-0.18353108505381621,0.11740673887413644,1518,10,10
1509,0.37164342561645847,-0.25671314876708307,0.13475598820958914,1519,10,10
1510,0.33354526950956737,-0.33290946098086527,0.16839599767916108,1520,10,10
1511,0.29346992321568488,-0.41306015356863024,0.21733771212262115,1521,10,10
1512,0.2525318269861373,-0.4949363460277254,0.27827307640787785,1522,10,10
1513,0.21293529899830602,-0.57412940200338802,0.34642286910704057,1523,10,10
1514,0.17715400997218719,-0.64569198005562556,0.41687754555455309,1524,10,10
1515,0.14748390545277021,-0.70503218909445953,0.4855421201589879,1525,10,10
1516,0.12609343384925073,-0.74781313230149848,0.54934630495288483,1526,10,10
1517,0.11525577106648402,-0.76948845786703202,0.60599212360253996,1527,10,10
1518,0.11740673887413644,-0.76518652225172712,0.65371371678304202,1528,10,10
1519,0.13475598820958914,-0.73048802358082177,0.69133239947153846,1529,10,10
1520,0.16839599767916108,-0.66320800464167784,0.71849290260944965,1530,10,10
1521,0.21733771212262115,-0.5653245757547577,0.7357703221082329,1531,10,10
1522,0.27827307640787785,-0.4434538471842443,0.74455308063803649,1532,10,10
1523,0.34642286910704057,-0.30715426178591887,0.74685617187552755,1533,10,10
1524,0.41687754555455309,-0.16624490889089383,0.74520095764517535,1534,10,10
1525,0.4855421201589879,-0.0289157596820242,0.74255077468637276,1535,10,10
1526,0.54934630495288483,0.098692609905769668,0.74217865107737213,1536,10,10
1527,0.60599212360253996,0.21198424720507991,0.74731010185340341,1537,10,10
1528,0.65371371678304202,0.30742743356608404,0.76046042574181449,1538,10,10
1529,0.69133239947153846,0.38266479894307692,0.78253246642558139,1539,10,10
1530,0.71849290260944965,0.43698580521889929,0.81183969109697096,1540,10,10
1531,0.7357703221082329,0.4715406442164658,0.84342155878816105,1541,10,10
1532,0.74455308063803649,0.48910616127607298,0.86957134050119089,1542,10,10
1533,0.74685617187552755,0.4937123437510551,0.88241330840278698,1543,10,10
1534,0.74520095764517535,0.49040191529035071,0.87732229203655332,1544,10,10
1535,0.74255077468637276,0.48510154937274552,0.85442316981189925,1545,10,10
1536,0.74217865107737213,0.48435730215474426,0.8174062010398262,1546,10,10
1537,0.74731010185340341,0.49462020370680682,0.77137305454331784,1547,10,10
1538,0.76046042574181449,0.52092085148362899,0.72124521882328207,1548,10,10
1539,0.78253246642558139,0.56506493285116277,0.67102024017522421,1549,10,10
1540,0.81183969109697096,0.62367938219394192,0.62355623698664897,1550,10,10
1541,0.84342155878816105,0.6868431175763221,0.58055473730065077,1551,10,10
1542,0.86957134050119089,0.73914268100238179,0.54256692900483483,1552,10,10
1543,0.88241330840278698,0.76482661680557396,0.50899310160468492,1553,10,10
1544,0.87732229203655332,0.75464458407310664,0.47816045524663542,1554,10,10
1545,0.85442316981189925,0.7088463396237985,0.44763364852825355,1555,10,10
1546,0.8174062010398262,0.63481240207965239,0.41488207299372365,1556,10,10
1547,0.77137305454331784,0.54274610908663568,0.37823945337235476,1557,10,10
1548,0.72124521882328207,0.44249043764656415,0.33774654944641946,1558,10,10
1549,0.67102024017522421,0.34204048035044843,0.29526469608523209,1559,10,10
1550,0.62355623698664897,0.24711247397329794,0.25372159592804988,1560,10,10
1551,0.58055473730065077,0.16110947460130154,0.21616523356691494,1561,10,10
1552,0.54256692900483483,0.085133858009669661,0.18531578378457114,1562,10,10
1553,0.50899310160468492,0.017986203209369833,0.163618103440616,1563,10,10
1554,0.47816045524663542,-0.043679089506729163,0.15339218271510688,1564,10,10
1555,0.44763364852825355,-0.10473270294349291,0.15672257215917562,1565,10,10
1556,0.41488207299372365,-0.1702358540125527,0.17495144123980946,1566,10,10
1557,0.37823945337235476,-0.24352109325529048,0.20798817749429507,1567,10,10
1558,0.33774654944641946,-0.32450690110716107,0.25396233591878598,1568,10,10
1559,0.29526469608523209,-0.40947060782953582,0.30960682447842475,1569,10,10
1560,0.25372159592804988,-0.49255680814390024,0.3711648572223808,1570,10,10
1561,0.21616523356691494,-0.56766953286617006,0.43522890951164894,1571,10,10
1562,0.18531578378457114,-0.62936843243085772,0.4990939075602705,1572,10,10
1563,0.163618103440616,-0.67276379311876799,0.5605961311126596,1573,10,10
1564,0.15339218271510688,-0.69321563456978619,0.61769685555033438,1574,10,10
1565,0.15672257215917562,-0.68655485568164876,0.66824152781769908,1575,10,10
1566,0.17495144123980946,-0.65009711752038113,0.71023755402097177,1576,10,10
1567,0.20798817749429507,-0.5840236450114098,0.74247475651351913,1577,10,10
1568,0.25396233591878598,-0.49207532816242805,0.76492554964123771,1578,10,10
1569,0.30960682447842475,-0.38078635104315051,0.77869198267954509,1579,10,10
1570,0.3711648572223808,-0.25767028555523841,0.78573460265642281,1580,10,10
1571,0.43522890951164894,-0.12954218097670211,0.78862726016420048,1581,10,10
1572,0.4990939075602705,-0.0018121848794590001,0.79035783540158722,1582,10,10
1573,0.5605961311126596,0.1211922622253192,0.79405247852912531,1583,10,10
1574,0.61769685555033438,0.23539371110066876,0.80251145288158443,1584,10,10
1575,0.66824152781769908,0.33648305563539815,0.81756531042333425,1585,10,10
1576,0.71023755402097177,0.42047510804194355,0.8393678972783285,1586,10,10
1577,0.74247475651351913,0.48494951302703826,0.86577003742116254,1587,10,10
1578,0.76492554964123771,0.52985109928247542,0.89203844060576676,1588,10,10
1579,0.77869198267954509,0.55738396535909018,0.91147008644767558,1589,10,10
1580,0.78573460265642281,0.57146920531284562,0.91731737997207519,1590,10,10
1581,0.78862726016420048,0.57725452032840097,0.90533687967258436,1591,10,10
1582,0.79035783540158722,0.58071567080317443,0.87528415477008858,1592,10,10
1583,0.79405247852912531,0.58810495705825061,0.83041376877652684,1593,10,10
1584,0.80251145288158443,0.60502290576316886,0.77572362051104127,1594,10,10
1585,0.81756531042333425,0.63513062084666849,0.7162784976219716,1595,10,10
1586,0.8393678972783285,0.678735794556657,0.65626375091712685,1596,10,10
1587,0.86577003742116254,0.73154007484232508,0.59866317037417915,1597,10,10
1588,0.89203844060576676,0.78407688121153352,0.54523872355088543,1598,10,10
1589,0.91147008644767558,0.82294017289535115,0.49660095929772519,1599,10,10
1590,0.91731737997207519,0.83463475994415037,0.45231870235378419,1600,10,10
1591,0.90533687967258436,0.81067375934516872,0.41112993541861309,1601,10,10
1592,0.87528415477008858,0.75056830954017717,0.37134453661128036,1602,10,10
1593,0.83041376877652684,0.66082753755305368,0.33144132863585546,1603,10,10
1594,0.77572362051104127,0.55144724102208253,0.29068639570059274,1604,10,10
1595,0.7162784976219716,0.4325569952439432,0.24946956880379662,1605,10,10
1596,0.65626375091712685,0.31252750183425371,0.20916064311091695,1606,10,10
1597,0.59866317037417915,0.19732634074835831,0.17163787311486911,1607,10,10
1598,0.54523872355088543,0.090477447101770858,0.13888582544731326,1608,10,10
1599,0.49660095929772519,-0.0067980814045496274,0.11291488725685304,1609,10,10
1600,0.45231870235378419,-0.095362595292431629,0.095938864154983511,1610,10,10
1601,0.41112993541861309,-0.17774012916277382,0.090553177353427661,1611,10,10
1602,0.37134453661128036,-0.25731092677743927,0.09958019489647843,1612,10,10
1603,0.33144132863585546,-0.33711734272828908,0.12529484684224904,1613,10,10
1604,0.29068639570059274,-0.41862720859881453,0.1681573226065696,1614,10,10
1605,0.24946956880379662,-0.50106086239240677,0.2258998665396651,1615,10,10
1606,0.20916064311091695,-0.58167871377816605,0.29388045736954621,1616,10,10
1607,0.17163787311486911,-0.65672425377026178,0.36651589842643312,1617,10,10
1608,0.13888582544731326,-0.72222834910537348,0.43869524779584862,1618,10,10
1609,0.11291488725685304,-0.77417022548629388,0.5064331346440385,1619,10,10
1610,0.095938864154983511,-0.80812227169003292,0.566856260140849,1620,10,10
1611,0.090553177353427661,-0.81889364529314468,0.61798241865707271,1621,10,10
1612,0.09958019489647843,-0.8008396102070432,0.65861495581700358,1622,10,10
1613,0.12529484684224904,-0.74941030631550198,0.68837109621193648,1623,10,10
1614,0.1681573226065696,-0.66368535478686086,0.70768956669618277,1624,10,10
1615,0.2258998665396651,-0.54820026692066981,0.71773319379820755,1625,10,10
1616,0.29388045736954621,-0.41223908526090758,0.72025107716811521,1626,10,10
1617,0.36651589842643312,-0.26696820314713376,0.71749823098792076,1627,10,10
1618,0.43869524779584862,-0.12260950440830276,0.71223217633227287,1628,10,10
1619,0.5064331346440385,0.012866269288076992,0.70769976316954419,1629,10,10
1620,0.566856260140849,0.133712520281698,0.70744349749168711,1630,10,10
1621,0.61798241865707271,0.23596483731414541,0.71476650944631415,1631,10,10
1622,0.65861495581700358,0.31722991163400716,0.73185995366754031,1632,10,10
1623,0.68837109621193648,0.37674219242387297,0.7587692153699338,1633,10,10
1624,0.70768956669618277,0.41537913339236554,0.79241732273505994,1634,10,10
1625,0.71773319379820755,0.43546638759641509,0.82624090673013362,1635,10,10
1626,0.72025107716811521,0.44050215433623041,0.85164607082241162,1636,10,10
1627,0.71749823098792076,0.43499646197584152,0.86154532253888583,1637,10,10
1628,0.71223217633227287,0.42446435266454574,0.85342267612587419,1638,10,10
1629,0.70769976316954419,0.41539952633908839,0.82937754278133879,1639,10,10
1630,0.70744349749168711,0.41488699498337422,0.79401904337764817,1640,10,10
1631,0.71476650944631415,0.42953301889262829,0.75242514166775687,1641,10,10
1632,0.73185995366754031,0.46371990733508062,0.70904199590447381,1642,10,10
1633,0.7587692153699338,0.51753843073986761,0.66729300790499713,1643,10,10
1634,0.79241732273505994,0.58483464547011987,0.62949042957047696,1644,10,10
1635,0.82624090673013362,0.65248181346026723,0.59680014661400516,1645,10,10
1636,0.85164607082241162,0.70329214164482323,0.56917349634774717,1646,10,10
1637,0.86154532253888583,0.72309064507777165,0.54529127855273785,1647,10,10
1638,0.85342267612587419,0.70684535225174838,0.52266739340786661,1648,10,10
1639,0.82937754278133879,0.65875508556267759,0.49809585033113318,1649,10,10
1640,0.79401904337764817,0.58803808675529634,0.468557224594153,1650,10,10
1641,0.75242514166775687,0.50485028333551374,0.43245536024551146,1651,10,10
1642,0.70904199590447381,0.41808399180894762,0.39055938135263901,1652,10,10
1643,0.66729300790499713,0.33458601580999425,0.34581542139869476,1653,10,10
1644,0.62949042957047696,0.25898085914095392,0.30210235604553481,1654,10,10
1645,0.59680014661400516,0.19360029322801031,0.26304634848093494,1655,10,10
1646,0.56917349634774717,0.13834699269549433,0.23160284213154764,1656,10,10
1647,0.54529127855273785,0.090582557105475692,0.21015123886268067,1657,10,10
1648,0.52266739340786661,0.045334786815733219,0.20059237260404789,1658,10,10
1649,0.49809585033113318,-0.0038082993377336338,0.20418314431134321,1659,10,10
1650,0.468557224594153,-0.062885550811694002,0.22115850262273759,1660,10,10
1651,0.43245536024551146,-0.13508927950897709,0.25044537528268479,1661,10,10
1652,0.39055938135263901,-0.21888123729472198,0.28979535859281735,1662,10,10
1653,0.34581542139869476,-0.30836915720261049,0.33636866643882046,1663,10,10
1654,0.30210235604553481,-0.39579528790893037,0.38747112392890953,1664,10,10
1655,0.26304634848093494,-0.47390730303813011,0.44109242233550927,1665,10,10
1656,0.23160284213154764,-0.53679431573690473,0.49603918141662068,1666,10,10
1657,0.21015123886268067,-0.57969752227463867,0.55157469355463884,1667,10,10
1658,0.20059237260404789,-0.59881525479190423,0.60663308397032856,1668,10,10
1659,0.20418314431134321,-0.59163371137731358,0.65911653627340738,1669,10,10
1660,0.22115850262273759,-0.55768299475452476,0.70611641612975529,1670,10,10
1661,0.25044537528268479,-0.49910924943463042,0.74510467295362337,1671,10,10
1662,0.28979535859281735,-0.42040928281436529,0.77498473409875213,1672,10,10
1663,0.33636866643882046,-0.32726266712235907,0.79626263064925706,1673,10,10
1664,0.38747112392890953,-0.22505775214218093,0.81065036092189524,1674,10,10
1665,0.44109242233550927,-0.11781515532898146,0.82059484468348831,1675,10,10
1666,0.49603918141662068,-0.0079216371667586438,0.82887545761095816,1676,10,10
1667,0.55157469355463884,0.10314938710927768,0.83819752852877427,1677,10,10
1668,0.60663308397032856,0.21326616794065711,0.85072265563427829,1678,10,10
1669,0.65911653627340738,0.31823307254681477,0.86757976016025917,1679,10,10
1670,0.70611641612975529,0.41223283225951057,0.88846034317621247,1680,10,10
1671,0.74510467295362337,0.49020934590724674,0.91139595278874874,1681,10,10
1672,0.77498473409875213,0.54996946819750425,0.93281277500078241,1682,10,10
1673,0.79626263064925706,0.59252526129851413,0.9479567555642272,1683,10,10
1674,0.81065036092189524,0.62130072184379048,0.95173410715747864,1684,10,10
1675,0.82059484468348831,0.64118968936697662,0.93995776159985744,1685,10,10
1676,0.82887545761095816,0.65775091522191631,0.91079610277984246,1686,10,10
1677,0.83819752852877427,0.67639505705754854,0.86563392740722167,1687,10,10
1678,0.85072265563427829,0.70144531126855658,0.80847761261841422,1688,10,10
1679,0.86757976016025917,0.73515952032051834,0.74432071306425807,1689,10,10
1680,0.88846034317621247,0.77692068635242495,0.67771029024565488,1690,10,10
1681,0.91139595278874874,0.82279190557749748,0.61206073377063919,1691,10,10
1682,0.93281277500078241,0.86562555000156483,0.54951256997082187,1692,10,10
1683,0.9479567555642272,0.89591351112845441,0.49103799098894085,1693,10,10
1684,0.95173410715747864,0.90346821431495727,0.43665687150289489,1694,10,10
1685,0.93995776159985744,0.87991552319971489,0.38574489510695753,1695,10,10
1686,0.91079610277984246,0.82159220555968493,0.33742934797219409,1696,10,10
1687,0.86563392740722167,0.73126785481444334,0.29100506876691329,1697,10,10
1688,0.80847761261841422,0.61695522523682844,0.24623843759361044,1698,10,10
1689,0.74432071306425807,0.48864142612851613,0.20344790656849157,1699,10,10
1690,0.67771029024565488,0.35542058049130976,0.16337342927980447,1700,10,10
1691,0.61206073377063919,0.22412146754127837,0.12697904191653409,1701,10,10
1692,0.54951256997082187,0.099025139941643747,0.095353597410522808,1702,10,10
1693,0.49103799098894085,-0.017924018022118293,0.0697844525260502,1703,10,10
1694,0.43665687150289489,-0.12668625699421021,0.051973622368345511,1704,10,10
1695,0.38574489510695753,-0.22851020978608494,0.044285811570827602,1705,10,10
1696,0.33742934797219409,-0.32514130405561181,0.049801390036535019,1706,10,10
1697,0.29100506876691329,-0.41798986246617342,0.071783264170182867,1707,10,10
1698,0.24623843759361044,-0.50752312481277917,0.11226422226955367,1708,10,10
1699,0.20344790656849157,-0.59310418686301691,0.17029026173007233,1709,10,10
1700,0.16337342927980447,-0.67325314144039106,0.24130561324975394,1710,10,10
1701,0.12697904191653409,-0.74604191616693183,0.31848274931009707,1711,10,10
1702,0.095353597410522808,-0.80929280517895441,0.39492181532173387,1712,10,10
1703,0.0697844525260502,-0.8604310949478996,0.46518505484899492,1713,10,10
1704,0.051973622368345511,-0.89605275526330896,0.52574324274858109,1714,10,10
1705,0.044285811570827602,-0.91142837685834477,0.57476749438389119,1715,10,10
1706,0.049801390036535019,-0.90039721992693,0.6117340327251708,1716,10,10
1707,0.071783264170182867,-0.85643347165963424,0.63705214659960419,1717,10,10
1708,0.11226422226955367,-0.77547155546089264,0.65176645944541223,1718,10,10
1709,0.17029026173007233,-0.65941947653985533,0.65734924650829452,1719,10,10
1710,0.24130561324975394,-0.51738877350049206,0.65559778106978239,1720,10,10
1711,0.31848274931009707,-0.36303450137980586,0.64864046256042807,1721,10,10
1712,0.39492181532173387,-0.21015636935653226,0.63903060228577147,1722,10,10
1713,0.46518505484899492,-0.069629890302010167,0.62986032069445497,1723,10,10
1714,0.52574324274858109,0.051486485497162171,0.62474520736382466,1724,10,10
1715,0.57476749438389119,0.14953498876778237,0.62746235664853434,1725,10,10
1716,0.6117340327251708,0.22346806545034159,0.64112204450654153,1726,10,10
1717,0.63705214659960419,0.27410429319920837,0.66702365872365865,1727,10,10
1718,0.65176645944541223,0.30353291889082445,0.70346495274417331,1728,10,10
1719,0.65734924650829452,0.31469849301658903,0.74491353690813267,1729,10,10
1720,0.65559778106978239,0.31119556213956479,0.78277905965465211,1730,10,10
1721,0.64864046256042807,0.29728092512085613,0.80883447709628842,1731,10,10
1722,0.63903060228577147,0.27806120457154293,0.81906705705606153,1732,10,10
1723,0.62986032069445497,0.25972064138890993,0.81443851905444631,1733,10,10
1724,0.62474520736382466,0.24949041472764932,0.798873983427829,1734,10,10
1725,0.62746235664853434,0.25492471329706867,0.77706950563816701,1735,10,10
1726,0.64112204450654153,0.28224408901308307,0.75328494463583406,1736,10,10
1727,0.66702365872365865,0.3340473174473173,0.73089568115160553,1737,10,10
1728,0.70346495274417331,0.40692990548834662,0.71225363797742358,1738,10,10
1729,0.74491353690813267,0.48982707381626533,0.69860154768930693,1739,10,10
1730,0.78277905965465211,0.56555811930930422,0.68996563384700416,1740,10,10
1731,0.80883447709628842,0.61766895419257684,0.68506580109833193,1741,10,10
1732,0.81906705705606153,0.63813411411212306,0.68132818334460243,1742,10,10
1733,0.81443851905444631,0.62887703810889262,0.6750703836399794,1743,10,10
1734,0.798873983427829,0.59774796685565801,0.66197820930015461,1744,10,10
1735,0.77706950563816701,0.55413901127633403,0.63819284354481309,1745,10,10
1736,0.75328494463583406,0.50656988927166813,0.60212807359980847,1746,10,10
1737,0.73089568115160553,0.46179136230321105,0.55584774577397877,1747,10,10
1738,0.71225363797742358,0.42450727595484716,0.50429256711290182,1748,10,10
1739,0.69860154768930693,0.39720309537861387,0.45297689974578631,1749,10,10
1740,0.68996563384700416,0.37993126769400831,0.40632483990006185,1750,10,10
1741,0.68506580109833193,0.37013160219666386,0.36726819867251231,1751,10,10
1742,0.68132818334460243,0.36265636668920487,0.33741723118506323,1752,10,10
1743,0.6750703836399794,0.3501407672799588,0.31725853909339402,1753,10,10
1744,0.66197820930015461,0.32395641860030921,0.30627530604814629,1754,10,10
1745,0.63819284354481309,0.27638568708962619,0.30308913526077536,1755,10,10
1746,0.60212807359980847,0.20425614719961693,0.30572605394856389,1756,10,10
1747,0.55584774577397877,0.11169549154795755,0.3120231091835286,1757,10,10
1748,0.50429256711290182,0.0085851342258036478,0.32011569890524755,1758,10,10
1749,0.45297689974578631,-0.09404620050842738,0.32892218571250958,1759,10,10
1750,0.40632483990006185,-0.1873503201998763,0.33855230978412881,1760,10,10
1751,0.36726819867251231,-0.26546360265497537,0.35057605894416577,1761,10,10
1752,0.33741723118506323,-0.32516553762987355,0.3680238015679736,1762,10,10
1753,0.31725853909339402,-0.36548292181321196,0.39473716646076767,1763,10,10
1754,0.30627530604814629,-0.38744938790370742,0.43355629241626059,1764,10,10
1755,0.30308913526077536,-0.39382172947844929,0.48389462950379075,1765,10,10
1756,0.30572605394856389,-0.38854789210287222,0.54110274563543348,1766,10,10
1757,0.3120231091835286,-0.3759537816329428,0.59887041528632912,1767,10,10
1758,0.32011569890524755,-0.3597686021895049,0.65228145153527628,1768,10,10
1759,0.32892218571250958,-0.34215562857498083,0.69903682953313984,1769,10,10
1760,0.33855230978412881,-0.32289538043174237,0.73899505280867006,1770,10,10
1761,0.35057605894416577,-0.29884788211166846,0.77319841306346815,1771,10,10
1762,0.3680238015679736,-0.26395239686405281,0.8030536511275671,1772,10,10
1763,0.39473716646076767,-0.21052566707846465,0.82982301185642671,1773,10,10
1764,0.43355629241626059,-0.13288741516747882,0.85439663484936257,1774,10,10
1765,0.48389462950379075,-0.032210740992418496,0.87727749422638113,1775,10,10
1766,0.54110274563543348,0.082205491270866959,0.89869681163377857,1776,10,10
1767,0.59887041528632912,0.19774083057265823,0.91877466774749605,1777,10,10
1768,0.65228145153527628,0.30456290307055256,0.93765264672804105,1778,10,10
1769,0.69903682953313984,0.39807365906627967,0.95552679955674169,1779,10,10
1770,0.73899505280867006,0.47799010561734012,0.97244591480075437,1780,10,10
1771,0.77319841306346815,0.5463968261269363,0.98764488702200803,1781,10,10
1772,0.8030536511275671,0.60610730225513421,0.99844102484302832,1782,10,10
1773,0.82982301185642671,0.65964602371285341,0.99983759196144484,1783,10,10
1774,0.85439663484936257,0.70879326969872514,0.98651706052833044,1784,10,10
1775,0.87727749422638113,0.75455498845276225,0.95605940103873843,1785,10,10
1776,0.89869681163377857,0.79739362326755714,0.90988919697226422,1786,10,10
1777,0.91877466774749605,0.83754933549499211,0.85166308780248867,1787,10,10
1778,0.93765264672804105,0.8753052934560821,0.78544080718895126,1788,10,10
1779,0.95552679955674169,0.91105359911348338,0.71476177169909649,1789,10,10
1780,0.97244591480075437,0.94489182960150875,0.64241628900958148,1790,10,10
1781,0.98764488702200803,0.97528977404401607,0.57051202937191881,1791,10,10
1782,0.99844102484302832,0.99688204968605665,0.50060861199397011,1792,10,10
1783,0.99983759196144484,0.99967518392288968,0.43383060957503311,1793,10,10
1784,0.98651706052833044,0.97303412105666087,0.37094240147552737,1794,10,10
1785,0.95605940103873843,0.91211880207747686,0.31239965706111106,1795,10,10
1786,0.90988919697226422,0.81977839394452845,0.25839783650764409,1796,10,10
1787,0.85166308780248867,0.70332617560497734,0.20893527471666565,1797,10,10
1788,0.78544080718895126,0.57088161437790252,0.16390904357580294,1798,10,10
1789,0.71476177169909649,0.42952354339819299,0.12325458102657944,1799,10,10
1790,0.64241628900958148,0.28483257801916295,0.087097932577075418,1800,10,10
1791,0.57051202937191881,0.14102405874383761,0.055849256251151634,1801,10,10
1792,0.50060861199397011,0.0012172239879402191,0.030235596689924336,1802,10,10
1793,0.43383060957503311,-0.13233878084993378,0.011384363068159452,1803,10,10
1794,0.37094240147552737,-0.25811519704894526,0.0010326895683673235,1804,10,10
1795,0.31239965706111106,-0.37520068587777788,0.0017813476523392384,1805,10,10
1796,0.25839783650764409,-0.48320432698471183,0.017105081273023848,1806,10,10
1797,0.20893527471666565,-0.58212945056666876,0.050569619855451498,1807,10,10
1798,0.16390904357580294,-0.67218191284839413,0.10380776253745291,1808,10,10
1799,0.12325458102657944,-0.75349083794684113,0.17412051378193466,1809,10,10
1800,0.087097932577075418,-0.82580413484584914,0.25415816243805933,1810,10,10
1801,0.055849256251151634,-0.88830148749769677,0.33468658731080347,1811,10,10
1802,0.030235596689924336,-0.93952880662015137,0.40802453473642947,1812,10,10
1803,0.011384363068159452,-0.97723127386368114,0.46961955858523069,1813,10,10
1804,0.0010326895683673235,-0.99793462086326534,0.51774215686431135,1814,10,10
1805,0.0017813476523392384,-0.99643730469532155,0.55248966875147243,1815,10,10
1806,0.017105081273023848,-0.9657898374539523,0.57491392451095291,1816,10,10
1807,0.050569619855451498,-0.898860760289097,0.58649893498866901,1817,10,10
1808,0.10380776253745291,-0.79238447492509412,0.58893312705747858,1818,10,10
1809,0.17412051378193466,-0.65175897243613068,0.5840578178000172,1819,10,10
1810,0.25415816243805933,-0.49168367512388134,0.5739072900364125,1820,10,10
1811,0.33468658731080347,-0.33062682537839305,0.56080939110677097,1821,10,10
1812,0.40802453473642947,-0.18395093052714107,0.54753029805028208,1822,10,10
1813,0.46961955858523069,-0.060760882829538621,0.53739916676569921,1823,10,10
1814,0.51774215686431135,0.035484313728622707,0.53424240344589335,1824,10,10
1815,0.55248966875147243,0.10497933750294486,0.54187393407848672,1825,10,10
1816,0.57491392451095291,0.14982784902190582,0.56302562780018051,1826,10,10
1817,0.58649893498866901,0.17299786997733801,0.59795561449790358,1827,10,10
1818,0.58893312705747858,0.17786625411495716,0.64321024880764688,1828,10,10
1819,0.5840578178000172,0.1681156356000344,0.69151608533271425,1829,10,10
1820,0.5739072900364125,0.147814580072825,0.73424600454857469,1830,10,10
1821,0.56080939110677097,0.12161878221354194,0.76550597382159835,1831,10,10
1822,0.54753029805028208,0.095060596100564165,0.78413265915081498,1832,10,10
1823,0.53739916676569921,0.07479833353139842,0.79251359322711068,1833,10,10
1824,0.53424240344589335,0.068484806891786709,0.79445814521416047,1834,10,10
1825,0.54187393407848672,0.083747868156973437,0.79375149043945581,1835,10,10
1826,0.56302562780018051,0.12605125560036101,0.79348229545240834,1836,10,10
1827,0.59795561449790358,0.19591122899580715,0.79577368156184736,1837,10,10
1828,0.64321024880764688,0.28642049761529376,0.80167764344548043,1838,10,10
1829,0.69151608533271425,0.3830321706654285,0.81116820998163119,1839,10,10
1830,0.73424600454857469,0.46849200909714939,0.82324426408608531,1840,10,10
1831,0.76550597382159835,0.5310119476431967,0.83611282144668653,1841,10,10
1832,0.78413265915081498,0.56826531830162996,0.84730766365095589,1842,10,10
1833,0.79251359322711068,0.58502718645422136,0.85356957907355391,1843,10,10
1834,0.79445814521416047,0.58891629042832094,0.85065907170268829,1844,10,10
1835,0.79375149043945581,0.58750298087891162,0.83402576339147816,1845,10,10
1836,0.79348229545240834,0.58696459090481667,0.80117081020280656,1846,10,10
1837,0.79577368156184736,0.59154736312369471,0.75394171416605604,1847,10,10
1838,0.80167764344548043,0.60335528689096085,0.69771061293239944,1848,10,10
1839,0.81116820998163119,0.62233641996326239,0.63844224221438306,1849,10,10
1840,0.82324426408608531,0.64648852817217062,0.58070451686763569,1850,10,10
1841,0.83611282144668653,0.67222564289337305,0.52720926222226916,1851,10,10
1842,0.84730766365095589,0.69461532730191178,0.47905414437157645,1852,10,10
1843,0.85356957907355391,0.70713915814710782,0.43612646244802578,1853,10,10
1844,0.85065907170268829,0.70131814340537657,0.39752652668566424,1854,10,10
1845,0.83402576339147816,0.66805152678295632,0.36199443675397003,1855,10,10
1846,0.80117081020280656,0.60234162040561312,0.32831386261017043,1856,10,10
1847,0.75394171416605604,0.50788342833211209,0.29563087466475735,1857,10,10
1848,0.69771061293239944,0.39542122586479889,0.26362452962563504,1858,10,10
1849,0.63844224221438306,0.27688448442876612,0.23252422226196229,1859,10,10
1850,0.58070451686763569,0.16140903373527138,0.20305595395736081,1860,10,10
1851,0.52720926222226916,0.054418524444538319,0.17644055236957271,1861,10,10
1852,0.47905414437157645,-0.041891711256847097,0.15451343607318266,1862,10,10
1853,0.43612646244802578,-0.12774707510394845,0.13990249075996417,1863,10,10
1854,0.39752652668566424,-0.20494694662867152,0.13604084524284998,1864,10,10
1855,0.36199443675397003,-0.27601112649205994,0.14667807682986003,1865,10,10
1856,0.32831386261017043,-0.34337227477965915,0.17462873980086838,1866,10,10
1857,0.29563087466475735,-0.4087382506704853,0.2201034699414566,1867,10,10
1858,0.26362452962563504,-0.47275094074872992,0.27989475960753124,1868,10,10
1859,0.23252422226196229,-0.53495155547607542,0.34837509526503624,1869,10,10
1860,0.20305595395736081,-0.59388809208527837,0.41951996683358611,1870,10,10
1861,0.17644055236957271,-0.64711889526085464,0.48843192039439814,1871,10,10
1862,0.15451343607318266,-0.69097312785363463,0.55179892389775598,1872,10,10
1863,0.13990249075996417,-0.72019501848007161,0.6076625896626443,1873,10,10
1864,0.13604084524284998,-0.72791830951430003,0.65500979918880675,1874,10,10
1865,0.14667807682986003,-0.70664384634027999,0.69345659035756468,1875,10,10
1866,0.17462873980086838,-0.6507425203982633,0.72307313125997508,1876,10,10
1867,0.2201034699414566,-0.55979306011708685,0.74430601162166865,1877,10,10
1868,0.27989475960753124,-0.44021048078493752,0.75795765359859835,1878,10,10
1869,0.34837509526503624,-0.30324980946992752,0.76521916909175725,1879,10,10
1870,0.41951996683358611,-0.16096006633282778,0.76776651857671496,1880,10,10
1871,0.48843192039439814,-0.023136159211203711,0.76789130256404814,1881,10,10
1872,0.55179892389775598,0.10359784779551195,0.76854864727939187,1882,10,10
1873,0.6076625896626443,0.21532517932528861,0.77311022907565641,1883,10,10
1874,0.65500979918880675,0.3100195983776135,0.78462782942438214,1884,10,10
1875,0.69345659035756468,0.38691318071512937,0.80464521697282698,1885,10,10
1876,0.72307313125997508,0.44614626251995015,0.83189001205870505,1886,10,10
1877,0.74430601162166865,0.4886120232433373,0.86144257187642304,1887,10,10
1878,0.75795765359859835,0.51591530719719669,0.88545094096547772,1888,10,10
1879,0.76521916909175725,0.53043833818351449,0.89609469283944754,1889,10,10
1880,0.76776651857671496,0.53553303715342992,0.88905508615628559,1890,10,10
1881,0.76789130256404814,0.53578260512809628,0.86460048260806177,1891,10,10
1882,0.76854864727939187,0.53709729455878374,0.82613848735755779,1892,10,10
1883,0.77311022907565641,0.54622045815131282,0.77823438486255891,1893,10,10
1884,0.78462782942438214,0.56925565884876428,0.72532107213100849,1894,10,10
1885,0.80464521697282698,0.60929043394565396,0.67112674045943321,1895,10,10
1886,0.83189001205870505,0.66378002411741011,0.61849686926302272,1896,10,10
1887,0.86144257187642304,0.72288514375284607,0.56936175949239187,1897,10,10
1888,0.88545094096547772,0.77090188193095543,0.52471472860117052,1898,10,10
1889,0.89609469283944754,0.79218938567889507,0.48455593453345802,1899,10,10
1890,0.88905508615628559,0.77811017231257118,0.44785879430021197,1900,10,10
1891,0.86460048260806177,0.72920096521612354,0.41272987251667032,1901,10,10
1892,0.82613848735755779,0.65227697471511559,0.37695773166977847,1902,10,10
1893,0.77823438486255891,0.55646876972511783,0.33893668317991993,1903,10,10
1894,0.72532107213100849,0.45064214426201699,0.29853649666837906,1904,10,10
1895,0.67112674045943321,0.34225348091886643,0.2572723657976243,1905,10,10
1896,0.61849686926302272,0.23699373852604544,0.21763106668113005,1906,10,10
1897,0.56936175949239187,0.13872351898478374,0.18221933953272146,1907,10,10
1898,0.52471472860117052,0.049429457202341043,0.15339337413969906,1908,10,10
1899,0.48455593453345802,-0.030888130933083957,0.13336520706092311,1909,10,10
1900,0.44785879430021197,-0.10428241139957606,0.12441751726376038,1910,10,10
1901,0.41272987251667032,-0.17454025496665937,0.12888038291254034,1911,10,10
1902,0.37695773166977847,-0.24608453666044305,0.14865071597638294,1912,10,10
1903,0.33893668317991993,-0.32212663364016014,0.18431228463730628,1913,10,10
1904,0.29853649666837906,-0.40292700666324188,0.23437519362864376,1914,10,10
1905,0.2572723657976243,-0.48545526840475139,0.29532339412902919,1915,10,10
1906,0.21763106668113005,-0.56473786663773984,0.36257062851820848,1916,10,10
1907,0.18221933953272146,-0.63556132093455708,0.43165056928728623,1917,10,10
1908,0.15339337413969906,-0.69321325172060189,0.49891748547825537,1918,10,10
1909,0.13336520706092311,-0.73326958587815372,0.56158853058808389,1919,10,10
1910,0.12441751726376038,-0.75116496547247924,0.61744642155294371,1920,10,10
1911,0.12888038291254034,-0.74223923417491933,0.66465794407320955,1921,10,10
1912,0.14865071597638294,-0.70269856804723418,0.70194265102033859,1922,10,10
1913,0.18431228463730628,-0.63137543072538738,0.72889583827497229,1923,10,10
1914,0.23437519362864376,-0.53124961274271243,0.74610962904320166,1924,10,10
1915,0.29532339412902919,-0.40935321174194161,0.75503109249762912,1925,10,10
1916,0.36257062851820848,-0.27485874296358304,0.75775316213967503,1926,10,10
1917,0.43165056928728623,-0.13669886142542753,0.7568768923312672,1927,10,10
1918,0.49891748547825537,-0.0021650290434892527,0.75541708748764691,1928,10,10
1919,0.56158853058808389,0.12317706117616778,0.75661756318181828,1929,10,10
1920,0.61744642155294371,0.23489284310588743,0.76353418227145065,1930,10,10
1921,0.66465794407320955,0.3293158881464191,0.77834262951633515,1931,10,10
1922,0.70194265102033859,0.40388530204067719,0.80146061936067881,1932,10,10
1923,0.72889583827497229,0.45779167654994457,0.83065545086307313,1933,10,10
1924,0.74610962904320166,0.49221925808640332,0.86054596532798655,1934,10,10
1925,0.75503109249762912,0.51006218499525824,0.88340822879642011,1935,10,10
1926,0.75775316213967503,0.51550632427935006,0.89186279645288624,1936,10,10
1927,0.7568768923312672,0.51375378466253441,0.88201590352393155,1937,10,10
1928,0.75541708748764691,0.51083417497529382,0.85457318578234986,1938,10,10
1929,0.75661756318181828,0.51323512636363655,0.81351780930385031,1939,10,10
1930,0.76353418227145065,0.52706836454290129,0.7640215421444978,1940,10,10
1931,0.77834262951633515,0.5566852590326703,0.71094874876261538,1941,10,10
1932,0.80146061936067881,0.60292123872135761,0.65817588030474838,1942,10,10
1933,0.83065545086307313,0.66131090172614626,0.60840946291562559,1943,10,10
1934,0.86054596532798655,0.7210919306559731,0.56318746979445289,1944,10,10
1935,0.88340822879642011,0.76681645759284023,0.52290447150962938,1945,10,10
1936,0.89186279645288624,0.78372559290577248,0.4868448852747953,1946,10,10
1937,0.88201590352393155,0.76403180704786311,0.45331804340511767,1947,10,10
1938,0.85457318578234986,0.70914637156469973,0.42003799545273107,1948,10,10
1939,0.81351780930385031,0.62703561860770063,0.38482461925524303,1949,10,10
1940,0.7640215421444978,0.5280430842889956,0.34648475347529911,1950,10,10
1941,0.71094874876261538,0.42189749752523076,0.30543741515356099,1951,10,10
1942,0.65817588030474838,0.31635176060949677,0.26361499312284181,1952,10,10
1943,0.60840946291562559,0.21681892583125117,0.22371553908987166,1953,10,10
1944,0.56318746979445289,0.12637493958890578,0.18846162851482376,1954,10,10
1945,0.52290447150962938,0.045808943019258752,0.16034389852269867,1955,10,10
1946,0.4868448852747953,-0.026310229450409395,0.14174620388596396,1956,10,10
1947,0.45331804340511767,-0.093363913189764669,0.1350754163168488,1957,10,10
1948,0.42003799545273107,-0.15992400909453786,0.14256412010024028,1958,10,10
1949,0.38482461925524303,-0.23035076148951394,0.16562100862904441,1959,10,10
1950,0.34648475347529911,-0.30703049304940178,0.20400292636750172,1960,10,10
1951,0.30543741515356099,-0.38912516969287803,0.25544760301666924,1961,10,10
1952,0.26361499312284181,-0.47277001375431638,0.31618347870946811,1962,10,10
1953,0.22371553908987166,-0.55256892182025674,0.38199054772023217,1963,10,10
1954,0.18846162851482376,-0.62307674297035254,0.44909562642035783,1964,10,10
1955,0.16034389852269867,-0.6793122029546026,0.51448953007167419,1965,10,10
1956,0.14174620388596396,-0.71650759222807214,0.57574529024442123,1966,10,10
1957,0.1350754163168488,-0.72984916736630234,0.63069927251336166,1967,10,10
1958,0.14256412010024028,-0.71487175979951945,0.67739019059548145,1968,10,10
1959,0.16562100862904441,-0.66875798274191123,0.71438501332453097,1969,10,10
1960,0.20400292636750172,-0.59199414726499655,0.74119185966045997,1970,10,10
1961,0.25544760301666924,-0.48910479396666151,0.75839070875853309,1971,10,10
1962,0.31618347870946811,-0.36763304258106377,0.76747584390814227,1972,10,10
1963,0.38199054772023217,-0.23601890455953567,0.77063601335809673,1973,10,10
1964,0.44909562642035783,-0.10180874715928434,0.7705996945833713,1974,10,10
1965,0.51448953007167419,0.02897906014334839,0.77049109745371547,1975,10,10
1966,0.57574529024442123,0.15149058048884245,0.7735502459734297,1976,10,10
1967,0.63069927251336166,0.26139854502672333,0.78260952908066106,1977,10,10
1968,0.67739019059548145,0.35478038119096289,0.79935967204865588,1978,10,10
1969,0.71438501332453097,0.42877002664906194,0.82354256131749637,1979,10,10
1970,0.74119185966045997,0.48238371932091995,0.85224220366257986,1980,10,10
1971,0.75839070875853309,0.51678141751706619,0.879681253414062,1981,10,10
1972,0.76747584390814227,0.53495168781628455,0.89831207370537147,1982,10,10
1973,0.77063601335809673,0.54127202671619346,0.90146776550150398,1983,10,10
1974,0.7705996945833713,0.54119938916674259,0.88608975043663718,1984,10,10
1975,0.77049109745371547,0.54098219490743094,0.85346944804712532,1985,10,10
1976,0.7735502459734297,0.54710049194685939,0.80785755333201603,1986,10,10
1977,0.78260952908066106,0.56521905816132212,0.75447268598318395,1987,10,10
1978,0.79935967204865588,0.59871934409731176,0.69810697634337759,1988,10,10
1979,0.82354256131749637,0.64708512263499274,0.64250663350792403,1989,10,10
1980,0.85224220366257986,0.70448440732515971,0.59021829668848946,1990,10,10
1981,0.879681253414062,0.75936250682812401,0.54260342931339722,1991,10,10
1982,0.89831207370537147,0.79662414741074294,0.49988010422250767,1992,10,10
1983,0.90146776550150398,0.80293553100300796,0.46119755856163186,1993,10,10
1984,0.88608975043663718,0.77217950087327436,0.42484939705374503,1994,10,10
1985,0.85346944804712532,0.70693889609425065,0.38874326841993861,1995,10,10
1986,0.80785755333201603,0.61571510666403206,0.35112374854382761,1996,10,10
1987,0.75447268598318395,0.50894537196636791,0.31131670627594016,1997,10,10
1988,0.69810697634337759,0.39621395268675519,0.27008534922360533,1998,10,10
1989,0.64250663350792403,0.28501326701584806,0.22934495369421123,1999,10,10
1990,0.59021829668848946,0.18043659337697893,0.19149489734244421,2000,10,10
1991,0.54260342931339722,0.085206858626794446,0.1589173698006035,2001,10,10
1992,0.49988010422250767,-0.00023979155498465854,0.13390187818856134,2002,10,10
1993,0.46119755856163186,-0.077604882876736281,0.11882550625843946,2003,10,10
1994,0.42484939705374503,-0.15030120589250995,0.11624596452688453,2004,10,10
1995,0.38874326841993861,-0.22251346316012277,0.12858511338818288,2005,10,10
1996,0.35112374854382761,-0.29775250291234479,0.15728255067126459,2006,10,10
1997,0.31131670627594016,-0.37736658744811968,0.20179533054771032,2007,10,10
1998,0.27008534922360533,-0.45982930155278934,0.2592521645003647,2008,10,10
1999,0.22934495369421123,-0.54131009261157748,0.32518820268830406,2009,10,10
2000,0.19149489734244421,-0.61701020531511164,0.39482738578279791,2010,10,10
2001,0.1589173698006035,-0.68216526039879299,0.46403701261870256,2011,10,10
2002,0.13390187818856134,-0.73219624362287727,0.52959349409055889,2012,10,10
2003,0.11882550625843946,-0.76234898748312108,0.58898671283066317,2013,10,10
2004,0.11624596452688453,-0.76750807094623097,0.64019426581741201,2014,10,10
2005,0.12858511338818288,-0.74282977322363419,0.68171438425018882,2015,10,10
2006,0.15728255067126459,-0.68543489865747076,0.71280875612213523,2016,10,10
2007,0.20179533054771032,-0.59640933890457937,0.73367528748843658,2017,10,10
2008,0.2592521645003647,-0.4814956709992706,0.74539682226131254,2018,10,10
2009,0.32518820268830406,-0.34962359462339188,0.74976929363495137,2019,10,10
2010,0.39482738578279791,-0.21034522843440417,0.74916529838411028,2020,10,10
2011,0.46403701261870256,-0.07192597476259488,0.74646401883981073,2021,10,10
2012,0.52959349409055889,0.059186988181117783,0.74494314851417143,2022,10,10
2013,0.58898671283066317,0.17797342566132635,0.74796729070389134,2023,10,10
2014,0.64019426581741201,0.28038853163482402,0.75837279867851115,2024,10,10
2015,0.68171438425018882,0.36342876850037764,0.77761683462321762,2025,10,10
2016,0.71280875612213523,0.42561751224427047,0.80485817246423941,2026,10,10
2017,0.73367528748843658,0.46735057497687316,0.83619842905923025,2027,10,10
2018,0.74539682226131254,0.49079364452262508,0.86471770393186775,2028,10,10
2019,0.74976929363495137,0.49953858726990275,0.88229243399352464,2029,10,10
2020,0.74916529838411028,0.49833059676822056,0.88292049968738207,2030,10,10
2021,0.74646401883981073,0.49292803767962146,0.86511853784261683,2031,10,10
2022,0.74494314851417143,0.48988629702834285,0.83159400471763634,2032,10,10
2023,0.74796729070389134,0.49593458140778268,0.78721178408997039,2033,10,10
2024,0.75837279867851115,0.5167455973570223,0.73711040555630369,2034,10,10
2025,0.77761683462321762,0.55523366924643525,0.68568122219688088,2035,10,10
2026,0.80485817246423941,0.60971634492847882,0.6362111152200195,2036,10,10
2027,0.83619842905923025,0.67239685811846051,0.59082135256723411,2037,10,10
2028,0.86471770393186775,0.72943540786373551,0.55046967335886032,2038,10,10
2029,0.88229243399352464,0.76458486798704928,0.51494129837174563,2039,10,10
2030,0.88292049968738207,0.76584099937476413,0.48288709950207814,2040,10,10
2031,0.86511853784261683,0.73023707568523366,0.45205789362992815,2041,10,10
2032,0.83159400471763634,0.66318800943527267,0.41987715806354453,2042,10,10
2033,0.78721178408997039,0.57442356817994078,0.38433935459719981,2043,10,10
2034,0.73711040555630369,0.47422081111260739,0.34492152024936523,2044,10,10
2035,0.68568122219688088,0.37136244439376176,0.30293808739248951,2045,10,10
2036,0.6362111152200195,0.27242223044003899,0.26102290630026065,2046,10,10
2037,0.59082135256723411,0.18164270513446823,0.22219117838049474,2047,10,10
2038,0.55046967335886032,0.10093934671772065,0.1892330002542513,2048,10,10
2039,0.51494129837174563,0.029882596743491252,0.16465210865392324,2049,10,10
2040,0.48288709950207814,-0.034225800995843714,0.15083278527888438,2050,10,10
2041,0.45205789362992815,-0.095884212740143693,0.15003836890632544,2051,10,10
2042,0.41987715806354453,-0.16024568387291094,0.16400823915878193,2052,10,10
2043,0.38433935459719981,-0.23132129080560038,0.19323346011288514,2053,10,10
2044,0.34492152024936523,-0.31015695950126954,0.2363889887293788,2054,10,10
2045,0.30293808739248951,-0.39412382521502098,0.29046609647280791,2055,10,10
2046,0.26102290630026065,-0.4779541873994787,0.35161268113478084,2056,10,10
2047,0.22219117838049474,-0.55561764323901053,0.41610912383247112,2057,10,10
2048,0.1892330002542513,-0.62153399949149746,0.48091971497524871,2058,10,10
2049,0.16465210865392324,-0.67069578269215357,0.54367520983728213,2059,10,10
2050,0.15083278527888438,-0.69833442944223123,0.60229950755139727,2060,10,10
2051,0.15003836890632544,-0.69992326218734913,0.65468748724603754,2061,10,10
2052,0.16400823915878193,-0.67198352168243614,0.69882285729672144,2062,10,10
2053,0.19323346011288514,-0.61353307977422977,0.73331493251422397,2063,10,10
2054,0.2363889887293788,-0.5272220225412424,0.75786511200447471,2064,10,10
2055,0.29046609647280791,-0.41906780705438418,0.77331689619301969,2065,10,10
2056,0.35161268113478084,-0.29677463773043833,0.78142564474719622,2066,10,10
2057,0.41610912383247112,-0.16778175233505777,0.78461316554580862,2067,10,10
2058,0.48091971497524871,-0.038160570049502573,0.78578254404873726,2068,10,10
2059,0.54367520983728213,0.08735041967456425,0.78809274622083791,2069,10,10
2060,0.60229950755139727,0.20459901510279455,0.79455690466755369,2070,10,10
2061,0.65468748724603754,0.30937497449207507,0.80742653542128384,2071,10,10
2062,0.69882285729672144,0.39764571459344289,0.82745884802479086,2072,10,10
2063,0.73331493251422397,0.46662986502844794,0.85321452905487871,2073,10,10
2064,0.75786511200447471,0.51573022400894941,0.88060599178335486,2074,10,10
2065,0.77331689619301969,0.54663379238603937,0.90320174105570517,2075,10,10
2066,0.78142564474719622,0.56285128949439245,0.91386979759326481,2076,10,10
2067,0.78461316554580862,0.56922633109161724,0.90740748748960764,2077,10,10
2068,0.78578254404873726,0.57156508809747453,0.88250349026899344,2078,10,10
2069,0.78809274622083791,0.57618549244167583,0.84169094738778538,2079,10,10
2070,0.79455690466755369,0.58911380933510737,0.78972523807799555,2080,10,10
2071,0.80742653542128384,0.61485307084256768,0.7317796380929581,2081,10,10
2072,0.82745884802479086,0.65491769604958172,0.67231582618000441,2082,10,10
2073,0.85321452905487871,0.70642905810975742,0.61464244135710855,2083,10,10
2074,0.88060599178335486,0.76121198356670972,0.56084457668791632,2084,10,10
2075,0.90320174105570517,0.80640348211141033,0.51183470475873938,2085,10,10
2076,0.91386979759326481,0.82773959518652962,0.46743628057535702,2086,10,10
2077,0.90740748748960764,0.81481497497921529,0.42654200377227902,2087,10,10
2078,0.88250349026899344,0.76500698053798688,0.38744968373849947,2088,10,10
2079,0.84169094738778538,0.68338189477557076,0.34842638693886524,2089,10,10
2080,0.78972523807799555,0.5794504761559911,0.30838375476535695,2090,10,10
2081,0.7317796380929581,0.46355927618591619,0.26736547223754686,2091,10,10
2082,0.67231582618000441,0.34463165236000881,0.22655532103272777,2092,10,10
2083,0.61464244135710855,0.2292848827142171,0.18783525104460366,2093,10,10
2084,0.56084457668791632,0.12168915337583264,0.15328252578273954,2094,10,10
2085,0.51183470475873938,0.023669409517478757,0.12496517247079537,2095,10,10
2086,0.46743628057535702,-0.065127438849285957,0.10505934142128612,2096,10,10
2087,0.42654200377227902,-0.14691599245544196,0.096054414526126161,2097,10,10
2088,0.38744968373849947,-0.22510063252300105,0.10071751593534838,2098,10,10
2089,0.34842638693886524,-0.30314722612226952,0.12150442905917805,2099,10,10
2090,0.30838375476535695,-0.38323249046928609,0.15940544425974962,2100,10,10
2091,0.26736547223754686,-0.46526905552490627,0.2128878297323186,2101,10,10
2092,0.22655532103272777,-0.54688935793454441,0.27790674131966808,2102,10,10
2093,0.18783525104460366,-0.62432949791079273,0.3491161071095466,2103,10,10
2094,0.15328252578273954,-0.69343494843452091,0.42133533909223631,2104,10,10
2095,0.12496517247079537,-0.75006965505840928,0.49037853090968364,2105,10,10
2096,0.10505934142128612,-0.78988131715742771,0.55315102738918909,2106,10,10
2097,0.096054414526126161,-0.80789117094774765,0.60742879029008101,2107,10,10
2098,0.10071751593534838,-0.79856496812930322,0.65171574529430021,2108,10,10
2099,0.12150442905917805,-0.75699114188164396,0.6852833716679112,2109,10,10
2100,0.15940544425974962,-0.68118911148050076,0.70824362339002411,2110,10,10
2101,0.2128878297323186,-0.57422434053536286,0.7215052692744609,2111,10,10
2102,0.27790674131966808,-0.44418651736066384,0.72663625793992481,2112,10,10
2103,0.3491161071095466,-0.30176778578090679,0.72574777109795496,2113,10,10
2104,0.42133533909223631,-0.15732932181552739,0.72145846937861502,2114,10,10
2105,0.49037853090968364,-0.019242938180632718,0.71688433331600121,2115,10,10
2106,0.55315102738918909,0.10630205477837817,0.7155020241950607,2116,10,10
2107,0.60742879029008101,0.21485758058016202,0.72071166308426748,2117,10,10
2108,0.65171574529430021,0.30343149058860042,0.73505120938112922,2118,10,10
2109,0.6852833716679112,0.3705667433358224,0.7592040995565601,2119,10,10
2110,0.70824362339002411,0.41648724678004823,0.79100183041391758,2120,10,10
2111,0.7215052692744609,0.44301053854892181,0.82481945868407969,2121,10,10
2112,0.72663625793992481,0.45327251587984962,0.85241063818806251,2122,10,10
2113,0.72574777109795496,0.45149554219590993,0.86594636293959515,2123,10,10
2114,0.72145846937861502,0.44291693875723004,0.8615043396189257,2124,10,10
2115,0.71688433331600121,0.43376866663200242,0.84004051631918608,2125,10,10
2116,0.7155020241950607,0.43100404839012141,0.80569819449149105,2126,10,10
2117,0.72071166308426748,0.44142332616853497,0.7636015230506269,2127,10,10
2118,0.73505120938112922,0.47010241876225844,0.71847039432129078,2128,10,10
2119,0.7592040995565601,0.51840819911312019,0.67405864462532772,2129,10,10
2120,0.79100183041391758,0.58200366082783517,0.63300999035082828,2130,10,10
2121,0.82481945868407969,0.64963891736815937,0.59682875871028995,2131,10,10
2122,0.85241063818806251,0.70482127637612502,0.56583263882406165,2132,10,10
2123,0.86594636293959515,0.7318927258791903,0.53909483379459144,2133,10,10
2124,0.8615043396189257,0.72300867923785139,0.51449797410728371,2134,10,10
2125,0.84004051631918608,0.68008103263837216,0.48908213282553092,2135,10,10
2126,0.80569819449149105,0.6113963889829821,0.4598243817111034,2136,10,10
2127,0.7636015230506269,0.52720304610125379,0.42478474589466869,2137,10,10
2128,0.71847039432129078,0.43694078864258157,0.38412997891180367,2138,10,10
2129,0.67405864462532772,0.34811728925065544,0.34023688693411752,2139,10,10
2130,0.63300999035082828,0.26601998070165656,0.29668941943312449,2140,10,10
2131,0.59682875871028995,0.19365751742057991,0.25707111732193472,2141,10,10
2132,0.56583263882406165,0.1316652776481233,0.22440716348299961,2142,10,10
2133,0.53909483379459144,0.078189667589182887,0.20119696876255366,2143,10,10
2134,0.51449797410728371,0.028995948214567413,0.18954681715132696,2144,10,10
2135,0.48908213282553092,-0.021835734348938152,0.19105897538617353,2145,10,10
2136,0.4598243817111034,-0.080351236577793195,0.20643360850103404,2146,10,10
2137,0.42478474589466869,-0.15043050821066262,0.23504371489451342,2147,10,10
2138,0.38412997891180367,-0.23174004217639266,0.27488273270666119,2148,10,10
2139,0.34023688693411752,-0.31952622613176496,0.32305367807412017,2149,10,10
2140,0.29668941943312449,-0.40662116113375102,0.37654898991579144,2150,10,10
2141,0.25707111732193472,-0.48585776535613057,0.43289850098705612,2151,10,10
2142,0.22440716348299961,-0.55118567303400079,0.49040914300372357,2152,10,10
2143,0.20119696876255366,-0.59760606247489267,0.54791530270081323,2153,10,10
2144,0.18954681715132696,-0.62090636569734614,0.6041307471959505,2154,10,10
2145,0.19105897538617353,-0.61788204922765289,0.65702811111885828,2155,10,10
2146,0.20643360850103404,-0.58713278299793192,0.70395015408443118,2156,10,10
2147,0.23504371489451342,-0.52991257021097316,0.74258063166429933,2157,10,10
2148,0.27488273270666119,-0.45023453458667761,0.77189390301388605,2158,10,10
2149,0.32305367807412017,-0.35389264385175967,0.79236713880856735,2159,10,10
2150,0.37654898991579144,-0.24690202016841711,0.80565350816737291,2160,10,10
2151,0.43289850098705612,-0.13420299802588775,0.81416553585256257,2161,10,10
2152,0.49040914300372357,-0.019181713992552862,0.82072141708213897,2162,10,10
2153,0.54791530270081323,0.095830605401626467,0.82817981792351814,2163,10,10
2154,0.6041307471959505,0.208261494391901,0.83897892898415272,2164,10,10
2155,0.65702811111885828,0.31405622223771656,0.85460139642094335,2165,10,10
2156,0.70395015408443118,0.40790030816886236,0.87507039256108654,2166,10,10
2157,0.74258063166429933,0.48516126332859866,0.89859299281126559,2167,10,10
2158,0.77189390301388605,0.5437878060277721,0.9214887665883712,2168,10,10
2159,0.79236713880856735,0.5847342776171347,0.93860002524351316,2169,10,10
2160,0.80565350816737291,0.61130701633474582,0.94432638505264888,2170,10,10
2161,0.81416553585256257,0.62833107170512514,0.93417260130193858,2171,10,10
2162,0.82072141708213897,0.64144283416427794,0.90631072212495301,2172,10,10
2163,0.82817981792351814,0.65635963584703627,0.86227575585928196,2173,10,10
2164,0.83897892898415272,0.67795785796830543,0.80619173273302402,2174,10,10
2165,0.85460139642094335,0.7092027928418867,0.74311238325146167,2175,10,10
2166,0.87507039256108654,0.75014078512217308,0.67762776918766465,2176,10,10
2167,0.89859299281126559,0.79718598562253118,0.61320100639133746,2177,10,10
2168,0.9214887665883712,0.8429775331767424,0.55202586975704604,2178,10,10
2169,0.93860002524351316,0.87720005048702632,0.49511348373549363,2179,10,10
2170,0.94432638505264888,0.88865277010529775,0.44247529698565224,2180,10,10
2171,0.93417260130193858,0.86834520260387715,0.39339664870078428,2181,10,10
2172,0.90631072212495301,0.81262144424990601,0.34682381972823562,2182,10,10
2173,0.86227575585928196,0.72455151171856391,0.30182274971490203,2183,10,10
2174,0.80619173273302402,0.61238346546604805,0.25797104464832304,2184,10,10
2175,0.74311238325146167,0.48622476650292334,0.21552155153900826,2185,10,10
2176,0.67762776918766465,0.35525553837532931,0.17529122954171925,2186,10,10
2177,0.61320100639133746,0.22640201278267491,0.13841092998730173,2187,10,10
2178,0.55202586975704604,0.10405173951409208,0.10614910142801583,2188,10,10
2179,0.49511348373549363,-0.0097730325290127373,0.079933406642385837,2189,10,10
2180,0.44247529698565224,-0.11504940602869551,0.061549761328199191,2190,10,10
2181,0.39339664870078428,-0.21320670259843144,0.053388706547831531,2191,10,10
2182,0.34682381972823562,-0.30635236054352877,0.058492189428924431,2192,10,10
2183,0.30182274971490203,-0.39635450057019594,0.080015293722427674,2193,10,10
2184,0.25797104464832304,-0.48405791070335391,0.11984976878085887,2194,10,10
2185,0.21552155153900826,-0.56895689692198348,0.17697210353967752,2195,10,10
2186,0.17529122954171925,-0.64941754091656145,0.2469315977364758,2196,10,10
2187,0.13841092998730173,-0.72317814002539649,0.32316640095409832,2197,10,10
2188,0.10614910142801583,-0.78770179714396837,0.39907615450913975,2198,10,10
2189,0.079933406642385837,-0.8401331867152283,0.46942365192614244,2199,10,10
2190,0.061549761328199191,-0.87690047734360166,0.53071529214972513,2200,10,10
2191,0.053388706547831531,-0.89322258690433698,0.5810032045138076,2201,10,10
2192,0.058492189428924431,-0.88301562114215115,0.61955550187714969,2202,10,10
2193,0.080015293722427674,-0.83996941255514468,0.64656617403987215,2203,10,10
2194,0.11984976878085887,-0.76030046243828231,0.66291526015974755,2204,10,10
2195,0.17697210353967752,-0.64605579292064497,0.66997853137437513,2205,10,10
2196,0.2469315977364758,-0.50613680452704846,0.66951289346914766,2206,10,10
2197,0.32316640095409832,-0.35366719809180336,0.66364058926020775,2207,10,10
2198,0.39907615450913975,-0.20184769098172051,0.65492243652438809,2208,10,10
2199,0.46942365192614244,-0.061152696147715124,0.64645421843084472,2209,10,10
2200,0.53071529214972513,0.061430584299450253,0.64183577641043832,2210,10,10
2201,0.5810032045138076,0.16200640902761521,0.64479995921147903,2211,10,10
2202,0.61955550187714969,0.23911100375429939,0.65839052203429771,2212,10,10
2203,0.64656617403987215,0.29313234807974431,0.68383788717764415,2213,10,10
2204,0.66291526015974755,0.32583052031949511,0.71939142570589787,2214,10,10
2205,0.66997853137437513,0.33995706274875026,0.75951198740474224,2215,10,10
2206,0.66951289346914766,0.33902578693829533,0.79563129230632601,2216,10,10
2207,0.66364058926020775,0.32728117852041549,0.81950888445860748,2217,10,10
2208,0.65492243652438809,0.30984487304877617,0.82707187099459967,2218,10,10
2209,0.64645421843084472,0.29290843686168944,0.81925478857406653,2219,10,10
2210,0.64183577641043832,0.28367155282087664,0.80003422761510989,2220,10,10
2211,0.64479995921147903,0.28959991842295807,0.7742083857467541,2221,10,10
2212,0.65839052203429771,0.31678104406859542,0.74614870803792666,2222,10,10
2213,0.68383788717764415,0.36767577435528831,0.71933295995922319,2223,10,10
2214,0.71939142570589787,0.43878285141179574,0.69620793471941467,2224,10,10
2215,0.75951198740474224,0.51902397480948448,0.67811135330735683,2225,10,10
2216,0.79563129230632601,0.59126258461265202,0.66516339568148464,2226,10,10
2217,0.81950888445860748,0.63901776891721496,0.65616049649143671,2227,10,10
2218,0.82707187099459967,0.65414374198919933,0.64857215839718674,2228,10,10
2219,0.81925478857406653,0.63850957714813306,0.63875259287367814,2229,10,10
2220,0.80003422761510989,0.60006845523021979,0.62251284303679444,2230,10,10
2221,0.7742083857467541,0.5484167714935082,0.59630080936994845,2231,10,10
2222,0.74614870803792666,0.49229741607585331,0.55893049542998308,2232,10,10
2223,0.71933295995922319,0.43866591991844639,0.51267264346339703,2233,10,10
2224,0.69620793471941467,0.39241586943882933,0.46233230764377259,2234,10,10
2225,0.67811135330735683,0.35622270661471367,0.41311113997486737,2235,10,10
2226,0.66516339568148464,0.33032679136296927,0.369173165152201,2236,10,10
2227,0.65616049649143671,0.31232099298287341,0.33334790022318839,2237,10,10
2228,0.64857215839718674,0.29714431679437348,0.30730115837510108,2238,10,10
2229,0.63875259287367814,0.27750518574735628,0.29167804137343839,2239,10,10
2230,0.62251284303679444,0.24502568607358888,0.28614138043674608,2240,10,10
2231,0.59630080936994845,0.1926016187398969,0.28943543201599925,2241,10,10
2232,0.55893049542998308,0.11786099085996615,0.29960986338915996,2242,10,10
2233,0.51267264346339703,0.025345286926794053,0.31443029083344037,2243,10,10
2234,0.46233230764377259,-0.075335384712454823,0.3318980858223492,2244,10,10
2235,0.41311113997486737,-0.17377772005026526,0.35077536453576158,2245,10,10
2236,0.369173165152201,-0.261653669695598,0.37102627703189167,2246,10,10
2237,0.33334790022318839,-0.33330419955362323,0.39406797722263381,2247,10,10
2238,0.30730115837510108,-0.38539768324979784,0.42260213956608655,2248,10,10
2239,0.29167804137343839,-0.41664391725312322,0.45958548715740422,2249,10,10
2240,0.28614138043674608,-0.42771723912650783,0.50615169923690329,2250,10,10
2241,0.28943543201599925,-0.4211291359680015,0.55981808156731272,2251,10,10
2242,0.29960986338915996,-0.40078027322168008,0.61523979199769607,2252,10,10
2243,0.31443029083344037,-0.37113941833311925,0.66710886536027458,2253,10,10
2244,0.3318980858223492,-0.3362038283553016,0.71232245391942695,2254,10,10
2245,0.35077536453576158,-0.29844927092847684,0.75021760920361313,2255,10,10
2246,0.37102627703189167,-0.25794744593621666,0.78176284620803327,2256,10,10
2247,0.39406797722263381,-0.21186404555473237,0.80865063078099308,2257,10,10
2248,0.42260213956608655,-0.15479572086782689,0.83262207640116626,2258,10,10
2249,0.45958548715740422,-0.080829025685191569,0.85505087580903683,2259,10,10
2250,0.50615169923690329,0.01230339847380657,0.87675993935166707,2260,10,10
2251,0.55981808156731272,0.11963616313462544,0.89803714559013037,2261,10,10
2252,0.61523979199769607,0.23047958399539215,0.91878723955879715,2262,10,10
2253,0.66710886536027458,0.33421773072054917,0.93871840169841836,2263,10,10
2254,0.71232245391942695,0.42464490783885389,0.95743898292455643,2264,10,10
2255,0.75021760920361313,0.50043521840722627,0.97432969241344869,2265,10,10
2256,0.78176284620803327,0.56352569241606654,0.98805548873682802,2266,10,10
2257,0.80865063078099308,0.61730126156198617,0.99577620740731487,2267,10,10
2258,0.83262207640116626,0.66524415280233251,0.99290556224427107,2268,10,10
2259,0.85505087580903683,0.71010175161807365,0.97482625998401595,2269,10,10
2260,0.87675993935166707,0.75351987870333414,0.93977649148487519,2270,10,10
2261,0.89803714559013037,0.79607429118026074,0.88973315438592171,2271,10,10
2262,0.91878723955879715,0.83757447911759431,0.82877646856012821,2272,10,10
2263,0.93871840169841836,0.87743680339683672,0.76119048616999074,2273,10,10
2264,0.95743898292455643,0.91487796584911285,0.690502015152335,2274,10,10
2265,0.97432969241344869,0.94865938482689738,0.61927348806446736,2275,10,10
2266,0.98805548873682802,0.97611097747365605,0.54924209799077073,2276,10,10
2267,0.99577620740731487,0.99155241481462975,0.48155825381147777,2277,10,10
2268,0.99290556224427107,0.98581112448854213,0.41699938210127119,2278,10,10
2269,0.97482625998401595,0.94965251996803191,0.35610770340600895,2279,10,10
2270,0.93977649148487519,0.87955298296975037,0.29925388409637921,2280,10,10
2271,0.88973315438592171,0.77946630877184342,0.24666073068325253,2281,10,10
2272,0.82877646856012821,0.65755293712025642,0.19842682853513297,2282,10,10
2273,0.76119048616999074,0.52238097233998149,0.15457920766097283,2283,10,10
2274,0.690502015152335,0.38100403030467,0.1151687416547444,2284,10,10
2275,0.61927348806446736,0.23854697612893472,0.080397110769159258,2285,10,10
2276,0.54924209799077073,0.098484195981541456,0.050735436919768881,2286,10,10
2277,0.48155825381147777,-0.036883492377044469,0.027020043734323713,2287,10,10
2278,0.41699938210127119,-0.16600123579745762,0.010585340168192878,2288,10,10
2279,0.35610770340600895,-0.28778459318798211,0.0034746191113468926,2289,10,10
2280,0.29925388409637921,-0.40149223180724158,0.0086075758576439881,2290,10,10
2281,0.24666073068325253,-0.50667853863349488,0.029543203746392625,2291,10,10
2282,0.19842682853513297,-0.60314634292973412,0.069307472377823059,2292,10,10
2283,0.15457920766097283,-0.69084158467805434,0.12821183991357873,2293,10,10
2284,0.1151687416547444,-0.76966251669051122,0.20205399901800056,2294,10,10
2285,0.080397110769159258,-0.83920577846168154,0.28280167779993309,2295,10,10
2286,0.050735436919768881,-0.89852912616046221,0.36164042218445591,2296,10,10
2287,0.027020043734323713,-0.94595991253135259,0.43183138893318612,2297,10,10
2288,0.010585340168192878,-0.97882931966361419,0.48967794745701498,2298,10,10
2289,0.0034746191113468926,-0.99305076177730622,0.53400575918137116,2299,10,10
2290,0.0086075758576439881,-0.98278484828471202,0.56521290583540329,2300,10,10
2291,0.029543203746392625,-0.94091359250721474,0.58450219990086094,2301,10,10
2292,0.069307472377823059,-0.86138505524435383,0.59343594255405663,2302,10,10
2293,0.12821183991357873,-0.74357632017284248,0.59375168181278437,2303,10,10
2294,0.20205399901800056,-0.59589200196399883,0.58734078477355378,2304,10,10
2295,0.28280167779993309,-0.43439664440013381,0.57631785234876198,2305,10,10
2296,0.36164042218445591,-0.27671915563108818,0.56314589705005269,2306,10,10
2297,0.43183138893318612,-0.13633722213362776,0.5507824816501915,2307,10,10
2298,0.48967794745701498,-0.020644105085970033,0.54274829321266604,2308,10,10
2299,0.53400575918137116,0.068011518362742329,0.54291825905818392,2309,10,10
2300,0.56521290583540329,0.13042581167080658,0.55482514703868735,2310,10,10
2301,0.58450219990086094,0.16900439980172188,0.58048898052840259,2311,10,10
2302,0.59343594255405663,0.18687188510811326,0.61905998171108823,2312,10,10
2303,0.59375168181278437,0.18750336362556874,0.66577639707036362,2313,10,10
2304,0.58734078477355378,0.17468156954710756,0.71249946599268321,2314,10,10
2305,0.57631785234876198,0.15263570469752397,0.7509978733800351,2315,10,10
2306,0.56314589705005269,0.12629179410010538,0.77683211981311129,2316,10,10
2307,0.5507824816501915,0.101564963300383,0.79026069325164383,2317,10,10
2308,0.54274829321266604,0.085496586425332088,0.79443349418287712,2318,10,10
2309,0.54291825905818392,0.085836518116367833,0.79335026687857901,2319,10,10
2310,0.55482514703868735,0.1096502940773747,0.7906871013552903,2320,10,10
2311,0.58048898052840259,0.16097796105680517,0.78930212165495461,2321,10,10
2312,0.61905998171108823,0.23811996342217645,0.79104213631949905,2322,10,10
2313,0.66577639707036362,0.33155279414072725,0.7966637045422712,2323,10,10
2314,0.71249946599268321,0.42499893198536642,0.8058414222844692,2324,10,10
2315,0.7509978733800351,0.50199574676007019,0.81728262336289093,2325,10,10
2316,0.77683211981311129,0.55366423962622258,0.82889888012949364,2326,10,10
2317,0.79026069325164383,0.58052138650328766,0.83787128487364271,2327,10,10
2318,0.79443349418287712,0.58886698836575424,0.84050682550102251,2328,10,10
2319,0.79335026687857901,0.58670053375715803,0.83228625111482679,2329,10,10
2320,0.7906871013552903,0.5813742027105806,0.80915351032527927,2330,10,10
2321,0.78930212165495461,0.57860424330990923,0.77016896459407314,2331,10,10
2322,0.79104213631949905,0.58208427263899809,0.71882641651308077,2332,10,10
2323,0.7966637045422712,0.5933274090845424,0.66109469060825254,2333,10,10
2324,0.8058414222844692,0.6116828445689384,0.60258255466992217,2334,10,10
2325,0.81728262336289093,0.63456524672578185,0.54718218026797794,2335,10,10
2326,0.82889888012949364,0.65779776025898729,0.49697109967907172,2336,10,10
2327,0.83787128487364271,0.67574256974728542,0.45254701784683954,2337,10,10
2328,0.84050682550102251,0.68101365100204503,0.41343145854673885,2338,10,10
2329,0.83228625111482679,0.66457250222965358,0.37848020990462722,2339,10,10
2330,0.80915351032527927,0.61830702065055854,0.34630036637059081,2340,10,10
2331,0.77016896459407314,0.54033792918814627,0.31564262949578281,2341,10,10
2332,0.71882641651308077,0.43765283302616154,0.28570112606220277,2342,10,10
2333,0.66109469060825254,0.32218938121650509,0.25626122942850149,2343,10,10
2334,0.60258255466992217,0.20516510933984433,0.22770590897742429,2344,10,10
2335,0.54718218026797794,0.094364360535955871,0.20097853274970623,2345,10,10
2336,0.49697109967907172,-0.00605780064185657,0.17762272750264679,2346,10,10
2337,0.45254701784683954,-0.094905964306320922,0.15993555975323073,2347,10,10
2338,0.41343145854673885,-0.1731370829065223,0.15109874084001426,2348,10,10
2339,0.37848020990462722,-0.24303958019074556,0.15496246255824209,2349,10,10
2340,0.34630036637059081,-0.30739926725881839,0.17509577069480139,2350,10,10
2341,0.31564262949578281,-0.36871474100843438,0.21309528343796891,2351,10,10
2342,0.28570112606220277,-0.42859774787559446,0.26714412534854937,2352,10,10
2343,0.25626122942850149,-0.48747754114299702,0.33226792712043662,2353,10,10
2344,0.22770590897742429,-0.54458818204515147,0.40226244977857128,2354,10,10
2345,0.20097853274970623,-0.59804293450058754,0.47167739388743785,2355,10,10
2346,0.17762272750264679,-0.64475454499470641,0.53670387315335777,2356,10,10
2347,0.15993555975323073,-0.68012888049353859,0.59508693075466534,2357,10,10
2348,0.15109874084001426,-0.69780251831997142,0.64566307225275787,2358,10,10
2349,0.15496246255824209,-0.69007507488351583,0.6879361763475309,2359,10,10
2350,0.17509577069480139,-0.64980845861039715,0.72182683383339108,2360,10,10
2351,0.21309528343796891,-0.57380943312406218,0.74757301819632904,2361,10,10
2352,0.26714412534854937,-0.46571174930290127,0.76571852889009895,2362,10,10
2353,0.33226792712043662,-0.33546414575912675,0.77715103861671686,2363,10,10
2354,0.40226244977857128,-0.19547510044285743,0.78318853367338626,2364,10,10
2355,0.47167739388743785,-0.056645212225124308,0.78571230847896956,2365,10,10
2356,0.53670387315335777,0.073407746306715538,0.78728023394971536,2366,10,10
2357,0.59508693075466534,0.19017386150933069,0.79104206241154695,2367,10,10
2358,0.64566307225275787,0.29132614450551575,0.80021314985453884,2368,10,10
2359,0.6879361763475309,0.37587235269506181,0.81700182931540355,2369,10,10
2360,0.72182683383339108,0.44365366766678216,0.84122532699873354,2370,10,10
2361,0.74757301819632904,0.49514603639265808,0.86918843996996187,2371,10,10
2362,0.76571852889009895,0.5314370577801979,0.89381998598451551,2372,10,10
2363,0.77715103861671686,0.55430207723343372,0.90703672667889745,2373,10,10
2364,0.78318853367338626,0.56637706734677251,0.90333036243899101,2374,10,10
2365,0.78571230847896956,0.57142461695793911,0.88166170558419599,2375,10,10
2366,0.78728023394971536,0.57456046789943072,0.84461384713853893,2376,10,10
2367,0.79104206241154695,0.58208412482309391,0.79646354002595177,2377,10,10
2368,0.80021314985453884,0.60042629970907768,0.74170193765294934,2378,10,10
2369,0.81700182931540355,0.6340036586308071,0.68428559737686179,2379,10,10
2370,0.84122532699873354,0.68245065399746707,0.62735640162589734,2380,10,10
2371,0.86918843996996187,0.73837687993992374,0.57317391932649409,2381,10,10
2372,0.89381998598451551,0.78763997196903102,0.5231069097687765,2382,10,10
2373,0.90703672667889745,0.81407345335779491,0.47760934396677851,2383,10,10
2374,0.90333036243899101,0.80666072487798202,0.43618698956964747,2384,10,10
2375,0.88166170558419599,0.76332341116839197,0.39746858036627153,2385,10,10
2376,0.84461384713853893,0.68922769427707786,0.35957230747912777,2386,10,10
2377,0.79646354002595177,0.59292708005190353,0.32085051841792744,2387,10,10
2378,0.74170193765294934,0.48340387530589868,0.28074107649365732,2388,10,10
2379,0.68428559737686179,0.36857119475372357,0.24014826075659138,2389,10,10
2380,0.62735640162589734,0.25471280325179468,0.2010433385809654,2390,10,10
2381,0.57317391932649409,0.14634783865298817,0.16571497354787887,2391,10,10
2382,0.5231069097687765,0.046213819537552991,0.13633560940770023,2392,10,10
2383,0.47760934396677851,-0.04478131206644298,0.11500361150025189,2393,10,10
2384,0.43618698956964747,-0.12762602086070507,0.10398485105354047,2394,10,10
2385,0.39746858036627153,-0.20506283926745694,0.10580646433307546,2395,10,10
2386,0.35957230747912777,-0.28085538504174445,0.12290079597035532,2396,10,10
2387,0.32085051841792744,-0.35829896316414511,0.15667213561193488,2397,10,10
2388,0.28074107649365732,-0.43851784701268537,0.20636808999890005,2398,10,10
2389,0.24014826075659138,-0.51970347848681731,0.26865518556331058,2399,10,10
2390,0.2010433385809654,-0.59791332283806919,0.33844192543686064,2400,10,10
2391,0.16571497354787887,-0.66857005290424221,0.4103816353710309,2401,10,10
2392,0.13633560940770023,-0.72732878118459954,0.48001117462804904,2402,10,10
2393,0.11500361150025189,-0.7699927769994962,0.54406824507978202,2403,10,10
2394,0.10398485105354047,-0.79203029789291901,0.60025772096353069,2404,10,10
2395,0.10580646433307546,-0.78838707133384911,0.64697225751137033,2405,10,10
2396,0.12290079597035532,-0.75419840805928939,0.68326375541075501,2406,10,10
2397,0.15667213561193488,-0.68665572877613024,0.70898390206106077,2407,10,10
2398,0.20636808999890005,-0.5872638200021999,0.72483628055234495,2408,10,10
2399,0.26865518556331058,-0.46268962887337883,0.73225962324682004,2409,10,10
2400,0.33844192543686064,-0.32311614912627873,0.73326858278290241,2410,10,10
2401,0.4103816353710309,-0.17923672925793821,0.73036478963086504,2411,10,10
2402,0.48001117462804904,-0.039977650743901916,0.72650428245987575,2412,10,10
2403,0.54406824507978202,0.08813649015956404,0.72499989543463184,2413,10,10
2404,0.60025772096353069,0.20051544192706139,0.72919161173852209,2414,10,10
2405,0.64697225751137033,0.29394451502274066,0.74178160384072578,2415,10,10
2406,0.68326375541075501,0.36652751082151003,0.76388851662730595,2416,10,10
2407,0.70898390206106077,0.41796780412212153,0.79399436131461976,2417,10,10
2408,0.72483628055234495,0.44967256110468989,0.82716369744251661,2418,10,10
2409,0.73225962324682004,0.46451924649364007,0.85552216634504075,2419,10,10
2410,0.73326858278290241,0.46653716556580482,0.87094594018173443,2420,10,10
2411,0.73036478963086504,0.46072957926173008,0.86866747773452413,2421,10,10
2412,0.72650428245987575,0.4530085649197515,0.84879503670500456,2422,10,10
2413,0.72499989543463184,0.44999979086926367,0.81501642494394966,2423,10,10
2414,0.72919161173852209,0.45838322347704419,0.77239067614629053,2424,10,10
2415,0.74178160384072578,0.48356320768145156,0.72578088762077009,2425,10,10
2416,0.76388851662730595,0.52777703325461189,0.67914384108131509,2426,10,10
2417,0.79399436131461976,0.58798872262923951,0.63532489193170039,2427,10,10
2418,0.82716369744251661,0.65432739488503322,0.59603091777383321,2428,10,10
2419,0.85552216634504075,0.71104433269008149,0.56181383170140631,2429,10,10
2420,0.87094594018173443,0.74189188036346887,0.53203783211588407,2430,10,10
2421,0.86866747773452413,0.73733495546904826,0.5049178653609333,2431,10,10
2422,0.84879503670500456,0.69759007341000911,0.47779285858770959,2432,10,10
2423,0.81501642494394966,0.63003284988789932,0.44778813299484294,2433,10,10
2424,0.77239067614629053,0.54478135229258107,0.41285856495197693,2434,10,10
2425,0.72578088762077009,0.45156177524154018,0.37281918814577875,2435,10,10
2426,0.67914384108131509,0.35828768216263018,0.32961571628428793,2436,10,10
2427,0.63532489193170039,0.27064978386340077,0.28651604416644982,2437,10,10
2428,0.59603091777383321,0.19206183554766643,0.24695258418554342,2438,10,10
2429,0.56181383170140631,0.12362766340281262,0.21390607941354273,2439,10,10
2430,0.53203783211588407,0.064075664231768137,0.18989837563392328,2440,10,10
2431,0.5049178653609333,0.009835730721866609,0.17714416894314697,2441,10,10
2432,0.47779285858770959,-0.04441428282458082,0.17748283288518849,2442,10,10
2433,0.44778813299484294,-0.10442373401031413,0.19197956132928187,2443,10,10
2434,0.41285856495197693,-0.17428287009604615,0.22040201735980255,2444,10,10
2435,0.37281918814577875,-0.25436162370844251,0.26100366069886333,2445,10,10
2436,0.32961571628428793,-0.34076856743142414,0.3108971951159713,2446,10,10
2437,0.28651604416644982,-0.42696791166710035,0.36683935413470847,2447,10,10
2438,0.24695258418554342,-0.50609483162891311,0.42596290800605735,2448,10,10
2439,0.21390607941354273,-0.57218784117291455,0.48610740506814065,2449,10,10
2440,0.18989837563392328,-0.62020324873215338,0.54565794015573776,2450,10,10
2441,0.17714416894314697,-0.64571166211370601,0.60301620202597717,2451,10,10
2442,0.17748283288518849,-0.64503433422962297,0.65610009609117381,2452,10,10
2443,0.19197956132928187,-0.61604087734143631,0.70245119076738061,2453,10,10
2444,0.22040201735980255,-0.55919596528039484,0.74004361141946962,2454,10,10
2445,0.26100366069886333,-0.47799267860227335,0.76807097784310874,2455,10,10
2446,0.3108971951159713,-0.37820560976805739,0.78711275220181975,2456,10,10
2447,0.36683935413470847,-0.26632129173058305,0.79884324426178765,2457,10,10
2448,0.42596290800605735,-0.1480741839878853,0.80567160523627634,2458,10,10
2449,0.48610740506814065,-0.027785189863718696,0.8104441517639619,2459,10,10
2450,0.54565794015573776,0.091315880311475528,0.81612672594246705,2460,10,10
2451,0.60301620202597717,0.20603240405195433,0.82536504145699263,2461,10,10
2452,0.65610009609117381,0.31220019218234762,0.83992462024905024,2462,10,10
2453,0.70245119076738061,0.40490238153476121,0.86011030149004564,2463,10,10
2454,0.74004361141946962,0.48008722283893923,0.88428749247845417,2464,10,10
2455,0.76807097784310874,0.53614195568621748,0.90867141825025666,2465,10,10
2456,0.78711275220181975,0.57422550440363951,0.92768752561624379,2466,10,10
2457,0.79884324426178765,0.59768648852357531,0.93519239476012916,2467,10,10
2458,0.80567160523627634,0.61134321047255269,0.92638159738654635,2468,10,10
2459,0.8104441517639619,0.62088830352792379,0.89952477763984662,2469,10,10
2460,0.81612672594246705,0.63225345188493409,0.85645676340335009,2470,10,10
2461,0.82536504145699263,0.65073008291398526,0.80152110911032504,2471,10,10
2462,0.83992462024905024,0.67984924049810047,0.73983941870868553,2472,10,10
2463,0.86011030149004564,0.72022060298009127,0.67598874266885278,2473,10,10
2464,0.88428749247845417,0.76857498495690835,0.613405400059858,2474,10,10
2465,0.90867141825025666,0.81734283650051331,0.55426588765214868,2475,10,10
2466,0.92768752561624379,0.85537505123248758,0.49956361197320109,2476,10,10
2467,0.93519239476012916,0.87038478952025833,0.44926156723875521,2477,10,10
2468,0.92638159738654635,0.8527631947730927,0.40253066311077729,2478,10,10
2469,0.89952477763984662,0.79904955527969324,0.35812260177537325,2479,10,10
2470,0.85645676340335009,0.71291352680670017,0.31486349642654143,2480,10,10
2471,0.80152110911032504,0.60304221822065007,0.2721322902736254,2481,10,10
2472,0.73983941870868553,0.47967883741737105,0.23011715930348642,2482,10,10
2473,0.67598874266885278,0.35197748533770556,0.18973508243306522,2483,10,10
2474,0.613405400059858,0.22681080011971599,0.15232708968666236,2484,10,10
2475,0.55426588765214868,0.10853177530429736,0.11939204527358745,2485,10,10
2476,0.49956361197320109,-0.00087277605359781241,0.092544644111556509,2486,10,10
2477,0.44926156723875521,-0.10147686552248958,0.073690469918663681,2487,10,10
2478,0.40253066311077729,-0.19493867377844543,0.06526151092590679,2488,10,10
2479,0.35812260177537325,-0.2837547964492535,0.070239519887474594,2489,10,10
2480,0.31486349642654143,-0.37027300714691713,0.091596028399434357,2490,10,10
2481,0.2721322902736254,-0.4557354194527492,0.13096641149563287,2491,10,10
2482,0.23011715930348642,-0.53976568139302716,0.18716658059641764,2492,10,10
2483,0.18973508243306522,-0.6205298351338695,0.25584877797390554,2493,10,10
2484,0.15232708968666236,-0.69534582062667527,0.3308002622945948,2494,10,10
2485,0.11939204527358745,-0.76121590945282513,0.40583185455518916,2495,10,10
2486,0.092544644111556509,-0.81491071177688701,0.47599768427505362,2496,10,10
2487,0.073690469918663681,-0.85261906016267264,0.53789042855056635,2497,10,10
2488,0.06526151092590679,-0.86947697814818636,0.58945157992584152,2498,10,10
2489,0.070239519887474594,-0.85952096022505087,0.6297147755338075,2499,10,10
2490,0.091596028399434357,-0.81680794320113126,0.65861547917764762,2500,10,10
2491,0.13096641149563287,-0.73806717700873425,0.67682986865266637,2501,10,10
2492,0.18716658059641764,-0.62566683880716467,0.68561427766638683,2502,10,10
2493,0.25584877797390554,-0.48830244405218892,0.68668010044670347,2503,10,10
2494,0.3308002622945948,-0.33839947541081039,0.68215152623047948,2504,10,10
2495,0.40583185455518916,-0.18833629088962167,0.67461126373815794,2505,10,10
2496,0.47599768427505362,-0.048004631449892754,0.66716944404947243,2506,10,10
2497,0.53789042855056635,0.075780857101132693,0.66340335790539984,2507,10,10
2498,0.58945157992584152,0.17890315985168304,0.66696501787700579,2508,10,10
2499,0.6297147755338075,0.25942955106761501,0.68076497920747037,2509,10,10
2500,0.65861547917764762,0.31723095835529524,0.70588095964813791,2510,10,10
2501,0.67682986865266637,0.35365973730533273,0.74043028231841013,2511,10,10
2502,0.68561427766638683,0.37122855533277366,0.77880952255962599,2512,10,10
2503,0.68668010044670347,0.37336020089340693,0.81248101180910193,2513,10,10
2504,0.68215152623047948,0.36430305246095895,0.83327440632276517,2514,10,10
2505,0.67461126373815794,0.34922252747631588,0.83716075552436264,2515,10,10
2506,0.66716944404947243,0.33433888809894485,0.82511928281249702,2516,10,10
2507,0.66340335790539984,0.32680671581079968,0.80121405662490852,2517,10,10
2508,0.66696501787700579,0.33393003575401159,0.77036039658786792,2518,10,10
2509,0.68076497920747037,0.36152995841494073,0.73704269728350236,2519,10,10
2510,0.70588095964813791,0.41176191929627581,0.70483035001488392,2520,10,10
2511,0.74043028231841013,0.48086056463682025,0.67624386864344255,2521,10,10
2512,0.77880952255962599,0.55761904511925198,0.65268939951809779,2522,10,10
2513,0.81248101180910193,0.62496202361820385,0.63435850216183143,2523,10,10
2514,0.83327440632276517,0.66654881264553034,0.62011905105143728,2524,10,10
2515,0.83716075552436264,0.67432151104872529,0.60751190709222957,2525,10,10
2516,0.82511928281249702,0.65023856562499405,0.59300400615357374,2526,10,10
2517,0.80121405662490852,0.60242811324981704,0.57266296748966372,2527,10,10
2518,0.77036039658786792,0.54072079317573585,0.54340456583552732,2528,10,10
2519,0.73704269728350236,0.47408539456700471,0.50455583436508999,2529,10,10
2520,0.70483035001488392,0.40966070002976784,0.45858290474364771,2530,10,10
2521,0.67624386864344255,0.35248773728688509,0.41003501778025364,2531,10,10
2522,0.65268939951809779,0.30537879903619558,0.36365839353971624,2532,10,10
2523,0.63435850216183143,0.26871700432366286,0.32325986767431919,2533,10,10
2524,0.62011905105143728,0.24023810210287455,0.29153652384118089,2534,10,10
2525,0.60751190709222957,0.21502381418445915,0.27024019583224823,2535,10,10
2526,0.59300400615357374,0.18600801230714747,0.26024473009620452,2536,10,10
2527,0.57266296748966372,0.14532593497932744,0.26147012693084198,2537,10,10
2528,0.54340456583552732,0.08680913167105464,0.27283445839746867,2538,10,10
2529,0.50455583436508999,0.0091116687301799892,0.29242136783718986,2539,10,10
2530,0.45858290474364771,-0.082834190512704575,0.31790714534003778,2540,10,10
2531,0.41003501778025364,-0.17992996443949272,0.34713242385373544,2541,10,10
2532,0.36365839353971624,-0.27268321292056752,0.37865983882188281,2542,10,10
2533,0.32325986767431919,-0.35348026465136162,0.4121900100463432,2543,10,10
2534,0.29153652384118089,-0.41692695231763821,0.44868192331906909,2544,10,10
2535,0.27024019583224823,-0.45951960833550354,0.48989063985917836,2545,10,10
2536,0.26024473009620452,-0.47951053980759095,0.53702369515303505,2546,10,10
2537,0.26147012693084198,-0.47705974613831603,0.58897870223780247,2547,10,10
2538,0.27283445839746867,-0.45433108320506266,0.64191836779341094,2548,10,10
2539,0.29242136783718986,-0.41515726432562028,0.69113543902486441,2549,10,10
2540,0.31790714534003778,-0.36418570931992444,0.73337608566617463,2550,10,10
2541,0.34713242385373544,-0.30573515229252912,0.76767851112146657,2551,10,10
2542,0.37865983882188281,-0.24268032235623438,0.79491166538265412,2552,10,10
2543,0.4121900100463432,-0.17561997990731359,0.81696244655710981,2553,10,10
2544,0.44868192331906909,-0.10263615336186183,0.83603629715031846,2554,10,10
2545,0.48989063985917836,-0.020218720281643288,0.85413040695469766,2555,10,10
2546,0.53702369515303505,0.074047390306070104,0.87266122715799854,2556,10,10
2547,0.58897870223780247,0.17795740447560493,0.89226243800549321,2557,10,10
2548,0.64191836779341094,0.28383673558682188,0.91277218802615712,2558,10,10
2549,0.69113543902486441,0.38227087804972881,0.93337761772338901,2559,10,10
2550,0.73337608566617463,0.46675217133234925,0.95280554764246983,2560,10,10
2551,0.76767851112146657,0.53535702224293313,0.96938146780610845,2561,10,10
2552,0.79491166538265412,0.58982333076530824,0.98080281227038724,2562,10,10
2553,0.81696244655710981,0.63392489311421962,0.98373990215519913,2563,10,10
2554,0.83603629715031846,0.67207259430063693,0.97400629307047659,2564,10,10
2555,0.85413040695469766,0.70826081390939533,0.94822514171679828,2565,10,10
2556,0.87266122715799854,0.74532245431599708,0.90605600060842684,2566,10,10
2557,0.89226243800549321,0.78452487601098642,0.85048584256164261,2567,10,10
2558,0.91277218802615712,0.82554437605231423,0.78609094410632374,2568,10,10
2559,0.93337761772338901,0.86675523544677802,0.71727273092561206,2569,10,10
2560,0.95280554764246983,0.90561109528493966,0.64741575843833932,2570,10,10
2561,0.96938146780610845,0.93876293561221691,0.57874160064564006,2571,10,10
2562,0.98080281227038724,0.96160562454077447,0.51249221233674103,2572,10,10
2563,0.98373990215519913,0.96747980431039826,0.44923824264077628,2573,10,10
2564,0.97400629307047659,0.94801258614095318,0.38919898207855985,2574,10,10
2565,0.94822514171679828,0.89645028343359656,0.33249199558353637,2575,10,10
2566,0.90605600060842684,0.81211200121685367,0.27926564452776126,2576,10,10
2567,0.85048584256164261,0.70097168512328523,0.22972237363309037,2577,10,10
2568,0.78609094410632374,0.57218188821264748,0.18408768681065538,2578,10,10
2569,0.71727273092561206,0.43454546185122411,0.14259106718786888,2579,10,10
2570,0.64741575843833932,0.29483151687667863,0.1055026488759178,2580,10,10
2571,0.57874160064564006,0.15748320129128013,0.073233907478590529,2581,10,10
2572,0.51249221233674103,0.024984424673482053,0.046481371429450934,2582,10,10
2573,0.44923824264077628,-0.10152351471844745,0.0263949717727875,2583,10,10
2574,0.38919898207855985,-0.2216020358428803,0.014777294022584092,2584,10,10
2575,0.33249199558353637,-0.33501600883292726,0.014263149556524799,2585,10,10
2576,0.27926564452776126,-0.44146871094447748,0.028225905031566599,2586,10,10
2577,0.22972237363309037,-0.54055525273381932,0.059947753375072639,2587,10,10
2578,0.18408768681065538,-0.6318246263786893,0.1108224513072153,2588,10,10
2579,0.14259106718786888,-0.71481786562426231,0.17844830994974303,2589,10,10
2580,0.1055026488759178,-0.78899470224816437,0.25640843338717945,2590,10,10
2581,0.073233907478590529,-0.85353218504281891,0.33636572031823847,2591,10,10
2582,0.046481371429450934,-0.90703725714109817,0.41085448249576634,2592,10,10
2583,0.0263949717727875,-0.94721005645442502,0.47490481592791634,2593,10,10
2584,0.014777294022584092,-0.9704454119548318,0.52616401363170739,2594,10,10
2585,0.014263149556524799,-0.9714737008869504,0.56422142293348665,2595,10,10
2586,0.028225905031566599,-0.94354818993686684,0.58982957406439196,2596,10,10
2587,0.059947753375072639,-0.88010449324985474,0.60433519381927192,2597,10,10
2588,0.1108224513072153,-0.77835509738556941,0.60936627275832123,2598,10,10
2589,0.17844830994974303,-0.64310338010051393,0.60672142225122561,2599,10,10
2590,0.25640843338717945,-0.48718313322564111,0.59839506826361366,2600,10,10
2591,0.33636572031823847,-0.32726855936352306,0.58668695015328398,2601,10,10
2592,0.41085448249576634,-0.17829103500846732,0.57435215644827253,2602,10,10
2593,0.47490481592791634,-0.05019036814416733,0.56471096192837267,2603,10,10
2594,0.52616401363170739,0.052328027263414789,0.5615490078606068,2604,10,10
2595,0.56422142293348665,0.1284428458669733,0.56859507651030794,2605,10,10
2596,0.58982957406439196,0.17965914812878392,0.58852402085313116,2606,10,10
2597,0.60433519381927192,0.20867038763854384,0.6216941304881819,2607,10,10
2598,0.60936627275832123,0.21873254551664245,0.66493132569011315,2608,10,10
2599,0.60672142225122561,0.21344284450245121,0.71117496902469579,2609,10,10
2600,0.59839506826361366,0.19679013652722732,0.75159519454865031,2610,10,10
2601,0.58668695015328398,0.17337390030656796,0.77978374073309797,2611,10,10
2602,0.57435215644827253,0.14870431289654507,0.79423610481414775,2612,10,10
2603,0.56471096192837267,0.12942192385674534,0.79736301681601418,2613,10,10
2604,0.5615490078606068,0.12309801572121359,0.79321181007449215,2614,10,10
2605,0.56859507651030794,0.13719015302061588,0.78586421885717928,2615,10,10
2606,0.58852402085313116,0.17704804170626232,0.77871510882006612,2616,10,10
2607,0.6216941304881819,0.24338826097636379,0.77420789313819782,2617,10,10
2608,0.66493132569011315,0.3298626513802263,0.7737207121647719,2618,10,10
2609,0.71117496902469579,0.42234993804939158,0.77750538471253061,2619,10,10
2610,0.75159519454865031,0.50319038909730063,0.78469769881723495,2620,10,10
2611,0.77978374073309797,0.55956748146619595,0.79342037830851875,2621,10,10
2612,0.79423610481414775,0.5884722096282955,0.80090587193054108,2622,10,10
2613,0.79736301681601418,0.59472603363202836,0.80351922925534791,2623,10,10
2614,0.79321181007449215,0.5864236201489843,0.79684647230691519,2624,10,10
2615,0.78586421885717928,0.57172843771435855,0.77662172177218036,2625,10,10
2616,0.77871510882006612,0.55743021764013223,0.74101197102979843,2626,10,10
2617,0.77420789313819782,0.54841578627639564,0.69247094865436509,2627,10,10
2618,0.7737207121647719,0.54744142432954379,0.63662517143342934,2628,10,10
2619,0.77750538471253061,0.55501076942506122,0.57941666303390649,2629,10,10
2620,0.78469769881723495,0.56939539763446989,0.52529539637272804,2630,10,10
2621,0.79342037830851875,0.5868407566170375,0.47686965145080701,2631,10,10
2622,0.80090587193054108,0.60181174386108216,0.43516617870650803,2632,10,10
2623,0.80351922925534791,0.60703845851069582,0.39999018963224764,2633,10,10
2624,0.79684647230691519,0.59369294461383038,0.37028141084676003,2634,10,10
2625,0.77662172177218036,0.55324344354436072,0.34448928856800787,2635,10,10
2626,0.74101197102979843,0.48202394205959687,0.32097519399054669,2636,10,10
2627,0.69247094865436509,0.38494189730873019,0.29839902650656208,2637,10,10
2628,0.63662517143342934,0.27325034286685868,0.27601490616855917,2638,10,10
2629,0.57941666303390649,0.15883332606781297,0.25382269264275797,2639,10,10
2630,0.52529539637272804,0.050590792745456081,0.23260566482430942,2640,10,10
2631,0.47686965145080701,-0.046260697098385983,0.21396483671457509,2641,10,10
2632,0.43516617870650803,-0.12966764258698393,0.20043378032652232,2642,10,10
2633,0.39999018963224764,-0.20001962073550472,0.19556884131625335,2643,10,10
2634,0.37028141084676003,-0.25943717830647994,0.20361282084440635,2644,10,10
2635,0.34448928856800787,-0.31102142286398426,0.2282270439974777,2645,10,10
2636,0.32097519399054669,-0.35804961201890662,0.27044401631620157,2646,10,10
2637,0.29839902650656208,-0.40320194698687584,0.32733986607790372,2647,10,10
2638,0.27601490616855917,-0.44797018766288166,0.3929925209605647,2648,10,10
2639,0.25382269264275797,-0.49235461471448405,0.46101536828380241,2649,10,10
2640,0.23260566482430942,-0.53478867035138111,0.52653049669143948,2650,10,10
2641,0.21396483671457509,-0.57207032657084977,0.58666944954535416,2651,10,10
2642,0.20043378032652232,-0.59913243934695537,0.64012946368597323,2652,10,10
2643,0.19556884131625335,-0.6088623173674933,0.68651961369403158,2653,10,10
2644,0.20361282084440635,-0.5927743583111873,0.72586545850251349,2654,10,10
2645,0.2282270439974777,-0.54354591200504454,0.7583485797947459,2655,10,10
2646,0.27044401631620157,-0.45911196736759685,0.78423689725634727,2656,10,10
2647,0.32733986607790372,-0.34532026784419256,0.80393506003450632,2657,10,10
2648,0.3929925209605647,-0.21401495807887061,0.81809869706656202,2658,10,10
2649,0.46101536828380241,-0.077969263432395186,0.82778598397591086,2659,10,10
2650,0.52653049669143948,0.053060993382878952,0.83462800901821765,2660,10,10
2651,0.58666944954535416,0.17333889909070832,0.84093814424948587,2661,10,10
2652,0.64012946368597323,0.28025892737194646,0.84954624457462702,2662,10,10
2653,0.68651961369403158,0.37303922738806317,0.86306676966589413,2663,10,10
2654,0.72586545850251349,0.45173091700502699,0.88252695001285331,2664,10,10
2655,0.7583485797947459,0.51669715958949181,0.90583912068631423,2665,10,10
2656,0.78423689725634727,0.56847379451269453,0.92725630911154056,2666,10,10
2657,0.80393506003450632,0.60787012006901264,0.93907451115672957,2667,10,10
2658,0.81809869706656202,0.63619739413312404,0.93511946849543826,2668,10,10
2659,0.82778598397591086,0.65557196795182171,0.91321407841263891,2669,10,10
2660,0.83462800901821765,0.66925601803643531,0.87494234646993096,2670,10,10
2661,0.84093814424948587,0.68187628849897175,0.82396112521971066,2671,10,10
2662,0.84954624457462702,0.69909248914925404,0.76450812234559884,2672,10,10
2663,0.86306676966589413,0.72613353933178826,0.7005643608461849,2673,10,10
2664,0.88252695001285331,0.76505390002570661,0.63548141159808358,2674,10,10
2665,0.90583912068631423,0.81167824137262845,0.57184749387781186,2675,10,10
2666,0.92725630911154056,0.85451261822308111,0.51146249981135028,2676,10,10
2667,0.93907451115672957,0.87814902231345915,0.45535098225285109,2677,10,10
2668,0.93511946849543826,0.87023893699087651,0.40377827880909506,2678,10,10
2669,0.91321407841263891,0.82642815682527782,0.35629020310781456,2679,10,10
2670,0.87494234646993096,0.74988469293986193,0.31187698395629887,2680,10,10
2671,0.82396112521971066,0.64792225043942131,0.26938255381526227,2681,10,10
2672,0.76450812234559884,0.52901624469119768,0.22810506248053403,2682,10,10
2673,0.7005643608461849,0.40112872169236979,0.18824154678142443,2683,10,10
2674,0.63548141159808358,0.27096282319616716,0.15083450140521257,2684,10,10
2675,0.57184749387781186,0.14369498775562373,0.11734834441989719,2685,10,10
2676,0.51146249981135028,0.022924999622700559,0.089346764137209919,2686,10,10
2677,0.45535098225285109,-0.089298035494297823,0.068517425433569368,2687,10,10
2678,0.40377827880909506,-0.19244344238180988,0.056930575094687047,2688,10,10
2679,0.35629020310781456,-0.28741959378437087,0.057270945587783402,2689,10,10
2680,0.31187698395629887,-0.37624603208740226,0.072691495136773643,2690,10,10
2681,0.26938255381526227,-0.46123489236947546,0.10587499087554951,2691,10,10
2682,0.22810506248053403,-0.54378987503893195,0.15730178237336795,2692,10,10
2683,0.18824154678142443,-0.62351690643715107,0.22383528013281595,2693,10,10
2684,0.15083450140521257,-0.69833099718957481,0.2991729911997707,2694,10,10
2685,0.11734834441989719,-0.76530331116020567,0.37606338676428169,2695,10,10
2686,0.089346764137209919,-0.82130647172558013,0.44847674057292775,2696,10,10
2687,0.068517425433569368,-0.86296514913286126,0.51246602161236121,2697,10,10
2688,0.056930575094687047,-0.88613884981062596,0.5659215631131137,2698,10,10
2689,0.057270945587783402,-0.88545810882443321,0.60798677813426216,2699,10,10
2690,0.072691495136773643,-0.85461700972645271,0.6386330115756228,2700,10,10
2691,0.10587499087554951,-0.78825001824890095,0.65846750701803358,2701,10,10
2692,0.15730178237336795,-0.6853964352532641,0.66863811340547008,2702,10,10
2693,0.22383528013281595,-0.5523294397343681,0.67074341955232575,2703,10,10
2694,0.2991729911997707,-0.4016540176004586,0.66677055697200605,2704,10,10
2695,0.37606338676428169,-0.24787322647143661,0.65910545192350334,2705,10,10
2696,0.44847674057292775,-0.10304651885414451,0.65060451438991262,2706,10,10
2697,0.51246602161236121,0.024932043224722422,0.64463219158433571,2707,10,10
2698,0.5659215631131137,0.1318431262262274,0.6448766488240637,2708,10,10
2699,0.60798677813426216,0.21597355626852432,0.65474025477070519,2709,10,10
2700,0.6386330115756228,0.2772660231512456,0.67627851687085028,2710,10,10
2701,0.65846750701803358,0.31693501403606716,0.708906400801248,2711,10,10
2702,0.66863811340547008,0.33727622681094016,0.74829273191399936,2712,10,10
2703,0.67074341955232575,0.3414868391046515,0.78651059767479226,2713,10,10
2704,0.66677055697200605,0.33354111394401209,0.8147807401652406,2714,10,10
2705,0.65910545192350334,0.31821090384700668,0.82756174534448623,2715,10,10
2706,0.65060451438991262,0.30120902877982525,0.82435786005827794,2716,10,10
2707,0.64463219158433571,0.28926438316867142,0.80836042123864105,2717,10,10
2708,0.6448766488240637,0.28975329764812741,0.78418727900146956,2718,10,10
2709,0.65474025477070519,0.30948050954141038,0.75636430189006465,2719,10,10
2710,0.67627851687085028,0.35255703374170055,0.72865365725131725,2720,10,10
2711,0.708906400801248,0.41781280160249601,0.70382906038357707,2721,10,10
2712,0.74829273191399936,0.49658546382799873,0.68358912615416234,2722,10,10
2713,0.78651059767479226,0.57302119534958451,0.66846983742840727,2723,10,10
2714,0.8147807401652406,0.6295614803304812,0.65774254977278412,2724,10,10
2715,0.82756174534448623,0.65512349068897247,0.64936371734233489,2725,10,10
2716,0.82435786005827794,0.64871572011655587,0.64007876153178955,2726,10,10
2717,0.80836042123864105,0.61672084247728209,0.62582297706889434,2727,10,10
2718,0.78418727900146956,0.56837455800293912,0.6026765919360223,2728,10,10
2719,0.75636430189006465,0.5127286037801293,0.56851672830151811,2729,10,10
2720,0.72865365725131725,0.45730731450263451,0.52452493956246182,2730,10,10
2721,0.70382906038357707,0.40765812076715413,0.47491276190528464,2731,10,10
2722,0.68358912615416234,0.36717825230832468,0.42491889605085753,2732,10,10
2723,0.66846983742840727,0.33693967485681453,0.37904154461677592,2733,10,10
2724,0.65774254977278412,0.31548509954556825,0.34047218711073868,2734,10,10
2725,0.64936371734233489,0.29872743468466978,0.31120686413717391,2735,10,10
2726,0.64007876153178955,0.28015752306357911,0.2922207544071741,2736,10,10
2727,0.62582297706889434,0.25164595413778867,0.28352489598821301,2737,10,10
2728,0.6026765919360223,0.2053531838720446,0.28419631336375695,2738,10,10
2729,0.56851672830151811,0.13703345660303623,0.29253147764656789,2739,10,10
2730,0.52452493956246182,0.049049879124923645,0.30638973749507231,2740,10,10
2731,0.47491276190528464,-0.050174476189430717,0.32367676809002216,2741,10,10
2732,0.42491889605085753,-0.15016220789828494,0.34286717990030219,2742,10,10
2733,0.37904154461677592,-0.24191691076644817,0.36347792490167885,2743,10,10
2734,0.34047218711073868,-0.31905562577852264,0.38640277992272665,2744,10,10
2735,0.31120686413717391,-0.37758627172565218,0.41392367468431557,2745,10,10
2736,0.2922207544071741,-0.4155584911856518,0.44899755720338452,2746,10,10
2737,0.28352489598821301,-0.43295020802357398,0.49344146868897593,2747,10,10
2738,0.28419631336375695,-0.43160737327248611,0.54582645649996131,2748,10,10
2739,0.29253147764656789,-0.41493704470686421,0.60138618071040262,2749,10,10
2740,0.30638973749507231,-0.38722052500985538,0.65455344628557077,2750,10,10
2741,0.32367676809002216,-0.35264646381995568,0.70155099083780026,2751,10,10
2742,0.34286717990030219,-0.31426564019939562,0.74111826029281558,2752,10,10
2743,0.36347792490167885,-0.2730441501966423,0.77388290882468735,2753,10,10
2744,0.38640277992272665,-0.22719444015454671,0.80143684532312565,2754,10,10
2745,0.41392367468431557,-0.17215265063136886,0.8255947277429081,2755,10,10
2746,0.44899755720338452,-0.10200488559323095,0.8479077655933448,2756,10,10
2747,0.49344146868897593,-0.013117062622048148,0.86940974829188677,2757,10,10
2748,0.54582645649996131,0.09165291299992262,0.89056805380574888,2758,10,10
2749,0.60138618071040262,0.20277236142080524,0.91139288965712695,2759,10,10
2750,0.65455344628557077,0.30910689257114154,0.93161977947535879,2760,10,10
2751,0.70155099083780026,0.40310198167560052,0.95084743973477193,2761,10,10
2752,0.74111826029281558,0.48223652058563116,0.96849442810880737,2762,10,10
2753,0.77388290882468735,0.54776581764937471,0.98342735060995368,2763,10,10
2754,0.80143684532312565,0.60287369064625129,0.99322463051252052,2764,10,10
2755,0.8255947277429081,0.65118945548581619,0.99366362355489868,2765,10,10
2756,0.8479077655933448,0.6958155311866896,0.9798624888089934,2766,10,10
2757,0.86940974829188677,0.73881949658377355,0.94913807862856581,2767,10,10
2758,0.89056805380574888,0.78113610761149777,0.90262843199317488,2768,10,10
2759,0.91139288965712695,0.8227857793142539,0.84411590964369232,2769,10,10
2760,0.93161977947535879,0.86323955895071758,0.77799168573421107,2770,10,10
2761,0.95084743973477193,0.90169487946954385,0.70803245349086674,2771,10,10
2762,0.96849442810880737,0.93698885621761474,0.63703897942004151,2772,10,10
2763,0.98342735060995368,0.96685470121990735,0.56691637307624221,2773,10,10
2764,0.99322463051252052,0.98644926102504105,0.49890702118227209,2774,10,10
2765,0.99366362355489868,0.98732724710979736,0.4338272529405825,2775,10,10
2766,0.9798624888089934,0.95972497761798681,0.37223713483248971,2776,10,10
2767,0.94913807862856581,0.89827615725713161,0.31452854980744499,2777,10,10
2768,0.90262843199317488,0.80525686398634977,0.26095707837036508,2778,10,10
2769,0.84411590964369232,0.68823181928738464,0.21165904684463013,2779,10,10
2770,0.77799168573421107,0.55598337146842214,0.16668932069815601,2780,10,10
2771,0.70803245349086674,0.41606490698173348,0.12610058027066146,2781,10,10
2772,0.63703897942004151,0.27407795884008301,0.090061900715249679,2782,10,10
2773,0.56691637307624221,0.13383274615248442,0.058982167608135953,2783,10,10
2774,0.49890702118227209,-0.0021859576354558152,0.033609012390769029,2784,10,10
2775,0.4338272529405825,-0.13234549411883501,0.015145429847316561,2785,10,10
2776,0.37223713483248971,-0.25552573033502057,0.0054426665932425511,2786,10,10
2777,0.31452854980744499,-0.37094290038511002,0.0071968697581109775,2787,10,10
2778,0.26095707837036508,-0.47808584325926984,0.023851866090904787,2788,10,10
2779,0.21165904684463013,-0.57668190631073979,0.058701405873933937,2789,10,10
2780,0.16668932069815601,-0.66662135860368799,0.11292240333254114,2790,10,10
2781,0.12610058027066146,-0.74779883945867709,0.18351291055093633,2791,10,10
2782,0.090061900715249679,-0.81987619856950067,0.26324272054267911,2792,10,10
2783,0.058982167608135953,-0.88203566478372808,0.34324523818050429,2793,10,10
2784,0.033609012390769029,-0.93278197521846196,0.41611724515595644,2794,10,10
2785,0.015145429847316561,-0.96970914030536692,0.47738929269052266,2795,10,10
2786,0.0054426665932425511,-0.9891146668135149,0.52530452364658975,2796,10,10
2787,0.0071968697581109775,-0.98560626048377808,0.5599172752088637,2797,10,10
2788,0.023851866090904787,-0.95229626781819043,0.58226009259771194,2798,10,10
2789,0.058701405873933937,-0.88259718825213218,0.5938185923736562,2799,10,10
2790,0.11292240333254114,-0.77415519333491778,0.59628810342505689,2800,10,10
2791,0.18351291055093633,-0.63297417889812735,0.5915171848022992,2801,10,10
2792,0.26324272054267911,-0.47351455891464178,0.58155720445763859,2802,10,10
2793,0.34324523818050429,-0.31350952363899143,0.5687747261385917,2803,10,10
2794,0.41611724515595644,-0.16776550968808712,0.55599626592395923,2804,10,10
2795,0.47738929269052266,-0.045221414618954681,0.54660758405521104,2805,10,10
2796,0.52530452364658975,0.050609047293179499,0.54443216585235565,2806,10,10
2797,0.5599172752088637,0.11983455041772739,0.55316694854428061,2807,10,10
2798,0.58226009259771194,0.16452018519542388,0.57531840469047157,2808,10,10
2799,0.5938185923736562,0.18763718474731239,0.61086773117653881,2809,10,10
2800,0.59628810342505689,0.19257620685011378,0.65607324261117062,2810,10,10
2801,0.5915171848022992,0.1830343696045984,0.70343304529368778,2811,10,10
2802,0.58155720445763859,0.16311440891527718,0.74430720647794923,2812,10,10
2803,0.5687747261385917,0.1375494522771834,0.77305850431863099,2813,10,10
2804,0.55599626592395923,0.11199253184791846,0.78888226037546083,2814,10,10
2805,0.54660758405521104,0.093215168110422075,0.79444376474497924,2815,10,10
2806,0.54443216585235565,0.088864331704711308,0.79370341888850005,2816,10,10
2807,0.55316694854428061,0.10633389708856122,0.79050975856664607,2817,10,10
2808,0.57531840469047157,0.15063680938094315,0.78797471833790167,2818,10,10
2809,0.61086773117653881,0.22173546235307762,0.78823164536270518,2819,10,10
2810,0.65607324261117062,0.31214648522234123,0.79233369476666515,2820,10,10
2811,0.70343304529368778,0.40686609058737555,0.80023387058613937,2821,10,10
2812,0.74430720647794923,0.48861441295589847,0.81086658033097914,2822,10,10
2813,0.77305850431863099,0.54611700863726198,0.82231087634689171,2823,10,10
2814,0.78888226037546083,0.57776452075092166,0.83190078884032359,2824,10,10
2815,0.79444376474497924,0.58888752948995848,0.83613737573709968,2825,10,10
2816,0.79370341888850005,0.58740683777700009,0.83063576350418766,2826,10,10
2817,0.79050975856664607,0.58101951713329214,0.8110413107079717,2827,10,10
2818,0.78797471833790167,0.57594943667580334,0.77548707737529743,2828,10,10
2819,0.78823164536270518,0.57646329072541036,0.72651536986579501,2829,10,10
2820,0.79233369476666515,0.58466738953333031,0.66980589276926972,2830,10,10
2821,0.80023387058613937,0.60046774117227875,0.61124529198653665,2831,10,10
2822,0.81086658033097914,0.62173316066195827,0.5551731774224935,2832,10,10
2823,0.82231087634689171,0.64462175269378341,0.50407414825142816,2833,10,10
2824,0.83190078884032359,0.66380157768064718,0.45886031193360766,2834,10,10
2825,0.83613737573709968,0.67227475147419935,0.41926595564032887,2835,10,10
2826,0.83063576350418766,0.66127152700837533,0.3842506853472441,2836,10,10
2827,0.8110413107079717,0.62208262141594339,0.35241262207307616,2837,10,10
2828,0.77548707737529743,0.55097415475059486,0.32239349236228215,2838,10,10
2829,0.72651536986579501,0.45303073973159003,0.29321522691995416,2839,10,10
2830,0.66980589276926972,0.33961178553853943,0.26447879476141939,2840,10,10
2831,0.61124529198653665,0.22249058397307331,0.23640972464286389,2841,10,10
2832,0.5551731774224935,0.110346354844987,0.20982604544915581,2842,10,10
2833,0.50407414825142816,0.0081482965028563115,0.18615321498247678,2843,10,10
2834,0.45886031193360766,-0.082279376132784687,0.16755423651300802,2844,10,10
2835,0.41926595564032887,-0.16146808871934226,0.15708277507444207,2845,10,10
2836,0.3842506853472441,-0.23149862930551179,0.15855914159179785,2846,10,10
2837,0.35241262207307616,-0.29517475585384767,0.17575595966630747,2847,10,10
2838,0.32239349236228215,-0.3552130152754357,0.21076391418660326,2848,10,10
2839,0.29321522691995416,-0.41356954616009167,0.26236588813407635,2849,10,10
2840,0.26447879476141939,-0.47104241047716122,0.32595740607710894,2850,10,10
2841,0.23640972464286389,-0.52718055071427217,0.39533631198598546,2851,10,10
2842,0.20982604544915581,-0.58034790910168832,0.46483491150071443,2852,10,10
2843,0.18615321498247678,-0.62769357003504644,0.53041122393087681,2853,10,10
2844,0.16755423651300802,-0.6648915269739839,0.58965849335136344,2854,10,10
2845,0.15708277507444207,-0.68583444985111586,0.64134090975550484,2855,10,10
2846,0.15855914159179785,-0.6828817168164043,0.68492818559728275,2856,10,10
2847,0.17575595966630747,-0.64848808066738506,0.72030548629374502,2857,10,10
2848,0.21076391418660326,-0.57847217162679354,0.74765366005364042,2858,10,10
2849,0.26236588813407635,-0.47526822373184729,0.76743473293946518,2859,10,10
2850,0.32595740607710894,-0.34808518784578213,0.78043267651102011,2860,10,10
2851,0.39533631198598546,-0.20932737602802909,0.7878386836744119,2861,10,10
2852,0.46483491150071443,-0.070330176998571137,0.79138247306859377,2862,10,10
2853,0.53041122393087681,0.060822447861753615,0.79346100393459928,2863,10,10
2854,0.58965849335136344,0.17931698670272689,0.79710625534590362,2864,10,10
2855,0.64134090975550484,0.28268181951100968,0.80554410529763854,2865,10,10
2856,0.68492818559728275,0.36985637119456549,0.82119027064955941,2866,10,10
2857,0.72030548629374502,0.44061097258749005,0.84426100912721935,2867,10,10
2858,0.74765366005364042,0.49530732010728085,0.87155177855021471,2868,10,10
2859,0.76743473293946518,0.53486946587893036,0.89635704330622767,2869,10,10
2860,0.78043267651102011,0.56086535302204021,0.91057778944113177,2870,10,10
2861,0.7878386836744119,0.5756773673488238,0.90829365988314426,2871,10,10
2862,0.79138247306859377,0.58276494613718755,0.88794786277779059,2872,10,10
2863,0.79346100393459928,0.58692200786919857,0.85176441643400091,2873,10,10
2864,0.79710625534590362,0.59421251069180725,0.80387023820039583,2874,10,10
2865,0.80554410529763854,0.61108821059527707,0.74875237504750847,2875,10,10
2866,0.82119027064955941,0.64238054129911881,0.6904402389137384,2876,10,10
2867,0.84426100912721935,0.68852201825443871,0.63218206023380175,2877,10,10
2868,0.87155177855021471,0.74310355710042941,0.57635768165340207,2878,10,10
2869,0.89635704330622767,0.79271408661245535,0.52446910449001649,2879,10,10
2870,0.91057778944113177,0.82115557888226354,0.47712634206342802,2880,10,10
2871,0.90829365988314426,0.81658731976628851,0.43401896708941273,2881,10,10
2872,0.88794786277779059,0.77589572555558117,0.39396495665499581,2882,10,10
2873,0.85176441643400091,0.70352883286800183,0.35521694057606645,2883,10,10
2874,0.80387023820039583,0.60774047640079165,0.31613649038231423,2884,10,10
2875,0.74875237504750847,0.49750475009501693,0.27602567971709691,2885,10,10
2876,0.6904402389137384,0.3808804778274768,0.23557505642023244,2886,10,10
2877,0.63218206023380175,0.26436412046760349,0.19656712270863974,2887,10,10
2878,0.57635768165340207,0.15271536330680413,0.16117269284942737,2888,10,10
2879,0.52446910449001649,0.048938208980032982,0.13149477464562354,2889,10,10
2880,0.47712634206342802,-0.045747315873143957,0.10957950235613875,2890,10,10
2881,0.43401896708941273,-0.13196206582117453,0.09765895265302478,2891,10,10
2882,0.39396495665499581,-0.21207008669000837,0.098286394895065687,2892,10,10
2883,0.35521694057606645,-0.28956611884786709,0.11404435999862024,2893,10,10
2884,0.31613649038231423,-0.36772701923537154,0.1466340650502779,2894,10,10
2885,0.27602567971709691,-0.44794864056580619,0.19564264277647839,2895,10,10
2886,0.23557505642023244,-0.52884988715953507,0.25791597428769786,2896,10,10
2887,0.19656712270863974,-0.60686575458272052,0.32826506155739371,2897,10,10
2888,0.16117269284942737,-0.67765461430114526,0.40105082207207116,2898,10,10
2889,0.13149477464562354,-0.73701045070875293,0.47150149329623653,2899,10,10
2890,0.10957950235613875,-0.78084099528772244,0.53615812859591228,2900,10,10
2891,0.09765895265302478,-0.80468209469395047,0.5926727842976478,2901,10,10
2892,0.098286394895065687,-0.80342721020986863,0.63948935657036765,2902,10,10
2893,0.11404435999862024,-0.77191128000275955,0.67574404024415191,2903,10,10
2894,0.1466340650502779,-0.70673186989944425,0.70134816176463122,2904,10,10
2895,0.19564264277647839,-0.60871471444704328,0.71702209476123713,2905,10,10
2896,0.25791597428769786,-0.48416805142460428,0.72418765710668187,2906,10,10
2897,0.32826506155739371,-0.34346987688521258,0.72482211284970299,2907,10,10
2898,0.40105082207207116,-0.19789835585585769,0.72138033500915888,2908,10,10
2899,0.47150149329623653,-0.056997013407526942,0.71677881266059296,2909,10,10
2900,0.53615812859591228,0.072316257191824551,0.71432838985512614,2910,10,10
2901,0.5926727842976478,0.18534556859529561,0.71744455194392387,2911,10,10
2902,0.63948935657036765,0.2789787131407353,0.72900948063216375,2912,10,10
2903,0.67574404024415191,0.35148808048830382,0.75042004473094803,2913,10,10
2904,0.70134816176463122,0.40269632352926243,0.78049354441825736,2914,10,10
2905,0.71702209476123713,0.43404418952247426,0.81458949196990782,2915,10,10
2906,0.72418765710668187,0.44837531421336374,0.84491583703223583,2916,10,10
2907,0.72482211284970299,0.44964422569940599,0.86310932409970331,2917,10,10
2908,0.72138033500915888,0.44276067001831776,0.86397645285749092,2918,10,10
2909,0.71677881266059296,0.43355762532118591,0.84725755159405647,2919,10,10
2910,0.71432838985512614,0.42865677971025229,0.81643544751045172,2920,10,10
2911,0.71744455194392387,0.43488910388784774,0.77649712435508489,2921,10,10
2912,0.72900948063216375,0.45801896126432751,0.73231241532747271,2922,10,10
2913,0.75042004473094803,0.50084008946189607,0.68788800034414332,2923,10,10
2914,0.78049354441825736,0.56098708883651471,0.64614279136531516,2924,10,10
2915,0.81458949196990782,0.62917898393981564,0.60886905916495992,2925,10,10
2916,0.84491583703223583,0.68983167406447166,0.57670470236573745,2926,10,10
2917,0.86310932409970331,0.72621864819940662,0.54908263672089463,2927,10,10
2918,0.86397645285749092,0.72795290571498183,0.52423753123831951,2928,10,10
2919,0.84725755159405647,0.69451510318811294,0.49943163945144708,2929,10,10
2920,0.81643544751045172,0.63287089502090343,0.47157212570477985,2930,10,10
2921,0.77649712435508489,0.55299424871016978,0.43826733624009401,2931,10,10
2922,0.73231241532747271,0.46462483065494542,0.39899311048130504,2932,10,10
2923,0.68788800034414332,0.37577600068828665,0.35556380134190912,2933,10,10
2924,0.64614279136531516,0.29228558273063032,0.31138529403097925,2934,10,10
2925,0.60886905916495992,0.21773811832991985,0.27015506497966851,2935,10,10
2926,0.57670470236573745,0.15340940473147491,0.23507139489737067,2936,10,10
2927,0.54908263672089463,0.098165273441789269,0.20874658529255102,2937,10,10
2928,0.52423753123831951,0.048475062476639019,0.1933619684612575,2938,10,10
2929,0.49943163945144708,-0.0011367210971058306,0.19065065706777501,2939,10,10
2930,0.47157212570477985,-0.056855748590440292,0.20158355142906351,2940,10,10
2931,0.43826733624009401,-0.12346532751981198,0.22593607739172472,2941,10,10
2932,0.39899311048130504,-0.20201377903738993,0.26210985255998581,2942,10,10
2933,0.35556380134190912,-0.28887239731618175,0.30746401748614716,2943,10,10
2934,0.31138529403097925,-0.37722941193804149,0.35902446048642284,2944,10,10
2935,0.27015506497966851,-0.45968987004066297,0.41418279961290505,2945,10,10
2936,0.23507139489737067,-0.52985721020525867,0.47106528913870932,2946,10,10
2937,0.20874658529255102,-0.58250682941489795,0.52843625082310874,2947,10,10
2938,0.1933619684612575,-0.61327606307748495,0.58514898095341283,2948,10,10
2939,0.19065065706777501,-0.61869868586444998,0.63943387401278939,2949,10,10
2940,0.20158355142906351,-0.59683289714187304,0.68871320462201369,2950,10,10
2941,0.22593607739172472,-0.54812784521655056,0.73038406321993832,2951,10,10
2942,0.26210985255998581,-0.47578029488002838,0.76291818380353371,2952,10,10
2943,0.30746401748614716,-0.38507196502770569,0.78632656745697116,2953,10,10
2944,0.35902446048642284,-0.28195107902715433,0.80193646402905017,2954,10,10
2945,0.41418279961290505,-0.1716344007741899,0.81195863010558866,2955,10,10
2946,0.47106528913870932,-0.05786942172258136,0.81910768457528393,2956,10,10
2947,0.52843625082310874,0.056872501646217488,0.82624865381947532,2957,10,10
2948,0.58514898095341283,0.17029796190682567,0.83597291410950136,2958,10,10
2949,0.63943387401278939,0.27886774802557879,0.8500903910956944,2959,10,10
2950,0.68871320462201369,0.37742640924402737,0.86912199855994032,2960,10,10
2951,0.73038406321993832,0.46076812643987664,0.89190132548478962,2961,10,10
2952,0.76291818380353371,0.52583636760706742,0.91539978702452296,2962,10,10
2953,0.78632656745697116,0.57265313491394232,0.93494351566954847,2963,10,10
2954,0.80193646402905017,0.60387292805810033,0.94499807754679255,2964,10,10
2955,0.81195863010558866,0.62391726021117733,0.94053289800032391,2965,10,10
2956,0.81910768457528393,0.63821536915056787,0.91865237874836414,2966,10,10
2957,0.82624865381947532,0.65249730763895064,0.87972676884350476,2967,10,10
2958,0.83597291410950136,0.67194582821900273,0.82715000029292107,2968,10,10
2959,0.8500903910956944,0.7001807821913888,0.76584474714804596,2969,10,10
2960,0.86912199855994032,0.73824399711988065,0.70066490432401596,2970,10,10
2961,0.89190132548478962,0.78380265096957924,0.63548306977035296,2971,10,10
2962,0.91539978702452296,0.83079957404904592,0.57291083829958134,2972,10,10
2963,0.93494351566954847,0.86988703133909695,0.51433486474760237,2973,10,10
2964,0.94499807754679255,0.8899961550935851,0.46007762825296578,2974,10,10
2965,0.94053289800032391,0.88106579600064783,0.40964312545393577,2975,10,10
2966,0.91865237874836414,0.83730475749672828,0.36206832390239918,2976,10,10
2967,0.87972676884350476,0.75945353768700952,0.31636356811397709,2977,10,10
2968,0.82715000029292107,0.65430000058584215,0.27193347878613533,2978,10,10
2969,0.76584474714804596,0.53168949429609191,0.2288176311061044,2979,10,10
2970,0.70066490432401596,0.40132980864803192,0.18766105166920038,2980,10,10
2971,0.63548306977035296,0.27096613954070592,0.14949424687206672,2981,10,10
2972,0.57291083829958134,0.14582167659916268,0.11552225251596779,2982,10,10
2973,0.51433486474760237,0.028669729495204743,0.087082065498744921,2983,10,10
2974,0.46007762825296578,-0.079844743494068449,0.065792505886428126,2984,10,10
2975,0.40964312545393577,-0.18071374909212845,0.053803533701776374,2985,10,10
2976,0.36206832390239918,-0.27586335219520164,0.053948488714949373,2986,10,10
2977,0.31636356811397709,-0.36727286377204582,0.06945769823531453,2987,10,10
2978,0.27193347878613533,-0.45613304242772934,0.1028700967560074,2988,10,10
2979,0.2288176311061044,-0.54236473778779115,0.15434140998890661,2989,10,10
2980,0.18766105166920038,-0.62467789666159923,0.22056631688304273,2990,10,10
2981,0.14949424687206672,-0.70101150625586661,0.29548296573427957,2991,10,10
2982,0.11552225251596779,-0.76895549496806437,0.37226701578318477,2992,10,10
2983,0.087082065498744921,-0.82583586900251016,0.44508263690547029,2993,10,10
2984,0.065792505886428126,-0.86841498822714369,0.50980771152148185,2994,10,10
2985,0.053803533701776374,-0.89239293259644725,0.5639866507412975,2995,10,10
2986,0.053948488714949373,-0.89210302257010121,0.60651309375801266,2996,10,10
2987,0.06945769823531453,-0.86108460352937088,0.63731108152393379,2997,10,10
2988,0.1028700967560074,-0.79425980648798522,0.65706841248133663,2998,10,10
2989,0.15434140998890661,-0.69131718002218678,0.66702117479012835,2999,10,10
2990,0.22056631688304273,-0.55886736623391453,0.66880873183411604,3000,10,10
2991,0.29548296573427957,-0.40903406853144086,0.66442472674365771,3001,10,10
2992,0.37226701578318477,-0.25546596843363045,0.65626571010586754,3002,10,10
2993,0.44508263690547029,-0.10983472618905943,0.64723326871948694,3003,10,10
2994,0.50980771152148185,0.019615423042963709,0.64077136232387222,3004,10,10
2995,0.5639866507412975,0.127973301482595,0.64063804377190858,3005,10,10
2996,0.60651309375801266,0.21302618751602531,0.65023948367440421,3006,10,10
2997,0.63731108152393379,0.27462216304786757,0.67158356446252065,3007,10,10
2998,0.65706841248133663,0.31413682496267326,0.70410010125449096,3008,10,10
2999,0.66702117479012835,0.33404234958025669,0.74361899148754118,3009,10,10
3000,0.66880873183411604,0.33761746366823209,0.78238529986105243,3010,10,10
3001,0.66442472674365771,0.32884945348731542,0.81154102387793303,3011,10,10
3002,0.65626571010586754,0.31253142021173508,0.82525622447261415,3012,10,10
3003,0.64723326871948694,0.29446653743897389,0.82284303860490193,3013,10,10
3004,0.64077136232387222,0.28154272464774444,0.80749540694184885,3014,10,10
3005,0.64063804377190858,0.28127608754381717,0.78391108657918129,3015,10,10
3006,0.65023948367440421,0.30047896734880841,0.75668273169358569,3016,10,10
3007,0.67158356446252065,0.34316712892504131,0.72961506846487068,3017,10,10
3008,0.70410010125449096,0.40820020250898192,0.70551443925110646,3018,10,10
3009,0.74361899148754118,0.48723798297508236,0.68610707136578408,3019,10,10
3010,0.78238529986105243,0.56477059972210486,0.67194217678531831,3020,10,10
3011,0.81154102387793303,0.62308204775586606,0.66227703535597937,3021,10,10
3012,0.82525622447261415,0.65051244894522831,0.65502740388376379,3022,10,10
3013,0.82284303860490193,0.64568607720980387,0.64689100060780691,3023,10,10
3014,0.80749540694184885,0.6149908138836977,0.63376150119980279,3024,10,10
3015,0.78391108657918129,0.56782217315836259,0.61165488099560483,3025,10,10
3016,0.75668273169358569,0.51336546338717137,0.57831364219516312,3026,10,10
3017,0.72961506846487068,0.45923013692974135,0.53475175212729176,3027,10,10
3018,0.70551443925110646,0.41102887850221292,0.48511568126173116,3028,10,10
3019,0.68610707136578408,0.37221414273156816,0.43473186975490918,3029,10,10
3020,0.67194217678531831,0.34388435357063663,0.38824671393384963,3030,10,10
3021,0.66227703535597937,0.32455407071195874,0.34896673222087626,3031,10,10
3022,0.65502740388376379,0.31005480776752758,0.31894192904714314,3032,10,10
3023,0.64689100060780691,0.29378200121561382,0.29915014719397054,3033,10,10
3024,0.63376150119980279,0.26752300239960558,0.28957240611336432,3034,10,10
3025,0.61165488099560483,0.22330976199120967,0.28923977515544058,3035,10,10
3026,0.57831364219516312,0.15662728439032625,0.29639889628312027,3036,10,10
3027,0.53475175212729176,0.069503504254583515,0.30886344497797591,3037,10,10
3028,0.48511568126173116,-0.029768637476537685,0.32450445564132335,3038,10,10
3029,0.43473186975490918,-0.13053626049018163,0.34177981664536572,3039,10,10
3030,0.38824671393384963,-0.22350657213230074,0.36021133282842621,3040,10,10
3031,0.34896673222087626,-0.30206653555824747,0.38072085740523742,3041,10,10
3032,0.31894192904714314,-0.36211614190571373,0.40566477680058749,3042,10,10
3033,0.29915014719397054,-0.40169970561205892,0.43820157082309596,3043,10,10
3034,0.28957240611336432,-0.42085518777327136,0.48056586414566693,3044,10,10
3035,0.28923977515544058,-0.42152044968911884,0.53184325103318686,3045,10,10
3036,0.29639889628312027,-0.40720220743375946,0.58751166190331827,3046,10,10
3037,0.30886344497797591,-0.38227311004404818,0.64180173357211279,3047,10,10
3038,0.32450445564132335,-0.35099108871735329,0.69050532842317192,3048,10,10
3039,0.34177981664536572,-0.31644036670926856,0.73197182303117714,3049,10,10
3040,0.36021133282842621,-0.27957733434314758,0.76657455057777368,3050,10,10
3041,0.38072085740523742,-0.23855828518952515,0.79576453236925204,3051,10,10
3042,0.40566477680058749,-0.18867044639882502,0.82128432942237284,3052,10,10
3043,0.43820157082309596,-0.12359685835380807,0.8446523954177575,3053,10,10
3044,0.48056586414566693,-0.038868271708666136,0.86689742725495855,3054,10,10
3045,0.53184325103318686,0.063686502066373718,0.88850843403218804,3055,10,10
3046,0.58751166190331827,0.17502332380663654,0.90954657755646062,3056,10,10
3047,0.64180173357211279,0.28360346714422557,0.92983011891172018,3057,10,10
3048,0.69050532842317192,0.38101065684634383,0.94907883719374186,3058,10,10
3049,0.73197182303117714,0.46394364606235428,0.96689492127855092,3059,10,10
3050,0.76657455057777368,0.53314910115554737,0.98244059991208166,3060,10,10
3051,0.79576453236925204,0.59152906473850408,0.99372035579701701,3061,10,10
3052,0.82128432942237284,0.64256865884474568,0.99687484344406296,3062,10,10
3053,0.8446523954177575,0.68930479083551499,0.98687254512789657,3063,10,10
3054,0.86689742725495855,0.7337948545099171,0.96023701850911725,3064,10,10
3055,0.88850843403218804,0.77701686806437609,0.91722751957824211,3065,10,10
3056,0.90954657755646062,0.81909315511292125,0.86116375905942388,3066,10,10
3057,0.92983011891172018,0.85966023782344037,0.79638046432243659,3067,10,10
3058,0.94907883719374186,0.89815767438748373,0.72680484459379935,3068,10,10
3059,0.96689492127855092,0.93378984255710185,0.65545659952932722,3069,10,10
3060,0.98244059991208166,0.96488119982416332,0.58446400910959362,3070,10,10
3061,0.99372035579701701,0.98744071159403402,0.51526887172619773,3071,10,10
3062,0.99687484344406296,0.99374968688812593,0.44884969452554369,3072,10,10
3063,0.98687254512789657,0.97374509025579314,0.38588566215584946,3073,10,10
3064,0.96023701850911725,0.92047403701823449,0.32684509588392519,3074,10,10
3065,0.91722751957824211,0.83445503915648422,0.27202244760850602,3075,10,10
3066,0.86116375905942388,0.72232751811884777,0.22156201328589492,3076,10,10
3067,0.79638046432243659,0.59276092864487318,0.17550030142491321,3077,10,10
3068,0.72680484459379935,0.4536096891875987,0.13384655216380195,3078,10,10
3069,0.65545659952932722,0.31091319905865444,0.096702614854600494,3079,10,10
3070,0.58446400910959362,0.16892801821918724,0.064390852429519238,3080,10,10
3071,0.51526887172619773,0.030537743452395461,0.03755173707304562,3081,10,10
3072,0.44884969452554369,-0.10230061094891263,0.017242102855470072,3082,10,10
3073,0.38588566215584946,-0.22822867568830107,0.0051091235122009242,3083,10,10
3074,0.32684509588392519,-0.34630980823214963,0.0036134313262688321,3084,10,10
3075,0.27202244760850602,-0.45595510478298795,0.016066467886421944,3085,10,10
3076,0.22156201328589492,-0.55687597342821016,0.046003160258475895,3086,10,10
3077,0.17550030142491321,-0.64899939715017352,0.095442614072291265,3087,10,10
3078,0.13384655216380195,-0.73230689567239615,0.16259094367549409,3088,10,10
3079,0.096702614854600494,-0.80659477029079896,0.24105234799775707,3089,10,10
3080,0.064390852429519238,-0.8712182951409615,0.32192681321900396,3090,10,10
3081,0.03755173707304562,-0.9248965258539088,0.39714797713268946,3091,10,10
3082,0.017242102855470072,-0.96551579428905987,0.46148053829171382,3092,10,10
3083,0.0051091235122009242,-0.98978175297559812,0.51260477642981583,3093,10,10
3084,0.0036134313262688321,-0.99277313734746231,0.55025462004176062,3094,10,10
3085,0.016066467886421944,-0.96786706422715607,0.57531121511109118,3095,10,10
3086,0.046003160258475895,-0.90799367948304821,0.5891960977312658,3096,10,10
3087,0.095442614072291265,-0.80911477185541747,0.59357036749883929,3097,10,10
3088,0.16259094367549409,-0.67481811264901181,0.59024457131505825,3098,10,10
3089,0.24105234799775707,-0.5178953040044858,0.58120858824890509,3099,10,10
3090,0.32192681321900396,-0.35614637356199208,0.568730463057463,3100,10,10
3091,0.39714797713268946,-0.20570404573462109,0.55549808698236081,3101,10,10
3092,0.46148053829171382,-0.077038923416572369,0.54474687422514267,3102,10,10
3093,0.51260477642981583,0.025209552859631668,0.54022509538219976,3103,10,10
3094,0.55025462004176062,0.10050924008352125,0.54576636700541692,3104,10,10
3095,0.57531121511109118,0.15062243022218236,0.56433591603455568,3105,10,10
3096,0.5891960977312658,0.1783921954625316,0.59671625408439777,3106,10,10
3097,0.59357036749883929,0.18714073499767858,0.64020906333520122,3107,10,10
3098,0.59024457131505825,0.18048914263011651,0.68815684996669013,3108,10,10
3099,0.58120858824890509,0.16241717649781018,0.73183637520598988,3109,10,10
3100,0.568730463057463,0.137460926114926,0.76453876222636841,3110,10,10
3101,0.55549808698236081,0.11099617396472161,0.78424818948959851,3111,10,10
3102,0.54474687422514267,0.089493748450285349,0.79292458407677002,3112,10,10
3103,0.54022509538219976,0.080450190764399521,0.79432679806613227,3113,10,10
3104,0.54576636700541692,0.091532734010833838,0.79237642069208525,3114,10,10
3105,0.56433591603455568,0.12867183206911137,0.79037153760204548,3115,10,10
3106,0.59671625408439777,0.19343250816879554,0.79067596287957698,3116,10,10
3107,0.64020906333520122,0.28041812667040245,0.79459308757542657,3117,10,10
3108,0.68815684996669013,0.37631369993338026,0.8023298553582312,3118,10,10
3109,0.73183637520598988,0.46367275041197975,0.81306098815985539,3119,10,10
3110,0.76453876222636841,0.52907752445273681,0.82508946104815206,3120,10,10
3111,0.78424818948959851,0.56849637897919703,0.83599079446208246,3121,10,10
3112,0.79292458407677002,0.58584916815354005,0.84256429639760566,3122,10,10
3113,0.79432679806613227,0.58865359613226453,0.84067095711582995,3123,10,10
3114,0.79237642069208525,0.5847528413841705,0.82573453775015504,3124,10,10
3115,0.79037153760204548,0.58074307520409096,0.79485127209737561,3125,10,10
3116,0.79067596287957698,0.58135192575915395,0.74926000958761552,3126,10,10
3117,0.79459308757542657,0.58918617515085314,0.6940297957398448,3127,10,10
3118,0.8023298553582312,0.60465971071646241,0.63523272519950513,3128,10,10
3119,0.81306098815985539,0.62612197631971078,0.57771330299423607,3129,10,10
3120,0.82508946104815206,0.65017892209630412,0.52445492088950874,3130,10,10
3121,0.83599079446208246,0.67198158892416493,0.47676825454529609,3131,10,10
3122,0.84256429639760566,0.68512859279521132,0.43468038873277098,3132,10,10
3123,0.84067095711582995,0.68134191423165991,0.39734499578295296,3133,10,10
3124,0.82573453775015504,0.65146907550031008,0.3634595609818031,3134,10,10
3125,0.79485127209737561,0.58970254419475121,0.33167725138172338,3135,10,10
3126,0.74926000958761552,0.49852001917523103,0.30096032544317114,3136,10,10
3127,0.6940297957398448,0.3880595914796896,0.27080419702537423,3137,10,10
3128,0.63523272519950513,0.27046545039901027,0.24130266296387171,3138,10,10
3129,0.57771330299423607,0.15542660598847213,0.21311294821075222,3139,10,10
3130,0.52445492088950874,0.048909841779017471,0.18744236966301883,3140,10,10
3131,0.47676825454529609,-0.046463490909407823,0.16614809203749648,3141,10,10
3132,0.43468038873277098,-0.13063922253445803,0.15191094242420003,3142,10,10
3133,0.39734499578295296,-0.20531000843409408,0.14825744915828687,3143,10,10
3134,0.3634595609818031,-0.2730808780363938,0.15905559152373991,3144,10,10
3135,0.33167725138172338,-0.33664549723655324,0.18719639068198757,3145,10,10
3136,0.30096032544317114,-0.39807934911365772,0.23284615630700728,3146,10,10
3137,0.27080419702537423,-0.45839160594925155,0.29263816982496738,3147,10,10
3138,0.24130266296387171,-0.51739467407225659,0.36079237277939608,3148,10,10
3139,0.21311294821075222,-0.57377410357849556,0.43126085499412636,3149,10,10
3140,0.18744236966301883,-0.62511526067396228,0.49926997251125627,3150,10,10
3141,0.16614809203749648,-0.66770381592500705,0.56171424660121883,3151,10,10
3142,0.15191094242420003,-0.6961781151516,0.61684574056486929,3152,10,10
3143,0.14825744915828687,-0.70348510168342626,0.66380868444194951,3153,10,10
3144,0.15905559152373991,-0.68188881695252013,0.70229595821863111,3154,10,10
3145,0.18719639068198757,-0.62560721863602486,0.73237493973306322,3155,10,10
3146,0.23284615630700728,-0.53430768738598544,0.75443129742822579,3156,10,10
3147,0.29263816982496738,-0.41472366035006525,0.76917618341838945,3157,10,10
3148,0.36079237277939608,-0.27841525444120785,0.77770012185699822,3158,10,10
3149,0.43126085499412636,-0.13747829001174727,0.78158019914784704,3159,10,10
3150,0.49926997251125627,-0.0014600549774874683,0.78301704498004476,3160,10,10
3151,0.56171424660121883,0.12342849320243765,0.78488664207330139,3161,10,10
3152,0.61684574056486929,0.23369148112973859,0.79048601569566179,3162,10,10
3153,0.66380868444194951,0.32761736888389903,0.80276284396390118,3163,10,10
3154,0.70229595821863111,0.40459191643726222,0.82306576202551529,3164,10,10
3155,0.73237493973306322,0.46474987946612645,0.84979532709161776,3165,10,10
3156,0.75443129742822579,0.50886259485645158,0.87767345741985503,3166,10,10
3157,0.76917618341838945,0.5383523668367789,0.89876030259667627,3167,10,10
3158,0.77770012185699822,0.55540024371399643,0.90562797882700119,3168,10,10
3159,0.78158019914784704,0.56316039829569409,0.89458670083650726,3169,10,10
3160,0.78301704498004476,0.56603408996008953,0.86635248104086704,3170,10,10
3161,0.78488664207330139,0.56977328414660278,0.82447465915060314,3171,10,10
3162,0.79048601569566179,0.58097203139132358,0.77347446302971923,3172,10,10
3163,0.80276284396390118,0.60552568792780237,0.71768384976275668,3173,10,10
3164,0.82306576202551529,0.64613152405103058,0.66073265213896282,3174,10,10
3165,0.84979532709161776,0.69959065418323552,0.60538601335685371,3175,10,10
3166,0.87767345741985503,0.75534691483971006,0.55351628164497402,3176,10,10
3167,0.89876030259667627,0.79752060519335255,0.50609053696923767,3177,10,10
3168,0.90562797882700119,0.81125595765400238,0.46313184480091441,3178,10,10
3169,0.89458670083650726,0.78917340167301453,0.42370732332417593,3179,10,10
3170,0.86635248104086704,0.73270496208173408,0.38610569752345619,3180,10,10
3171,0.82447465915060314,0.64894931830120628,0.34838288185295097,3181,10,10
3172,0.77347446302971923,0.54694892605943846,0.30922829925612189,3182,10,10
3173,0.71768384976275668,0.43536769952551335,0.26870534458691964,3183,10,10
3174,0.66073265213896282,0.32146530427792563,0.22829900864037958,3184,10,10
3175,0.60538601335685371,0.21077202671370743,0.19026092250809776,3185,10,10
3176,0.55351628164497402,0.10703256328994804,0.15690864861020967,3186,10,10
3177,0.50609053696923767,0.01218107393847534,0.13039524599253233,3187,10,10
3178,0.46313184480091441,-0.07373631039817119,0.11287452869457566,3188,10,10
3179,0.42370732332417593,-0.15258535335164813,0.10671720991823178,3189,10,10
3180,0.38610569752345619,-0.22778860495308761,0.11444477770958131,3190,10,10
3181,0.34838288185295097,-0.30323423629409807,0.13813421553994881,3191,10,10
3182,0.30922829925612189,-0.38154340148775623,0.17835193877026964,3192,10,10
3183,0.26870534458691964,-0.46258931082616073,0.23325334170841952,3193,10,10
3184,0.22829900864037958,-0.54340198271924089,0.29869448134204113,3194,10,10
3185,0.19026092250809776,-0.61947815498380443,0.36942867450927758,3195,10,10
3186,0.15690864861020967,-0.6861827027795806,0.44050825589568549,3196,10,10
3187,0.13039524599253233,-0.73920950801493535,0.50804815691241367,3197,10,10
3188,0.11287452869457566,-0.7742509426108487,0.56924489597316696,3198,10,10
3189,0.10671720991823178,-0.7865655801635365,0.62207240638778172,3199,10,10
3190,0.11444477770958131,-0.77111044458083744,0.66510803289168374,3200,10,10
3191,0.13813421553994881,-0.72373156892010237,0.69762970825805437,3201,10,10
3192,0.17835193877026964,-0.64329612245946066,0.71977475977471428,3202,10,10
3193,0.23325334170841952,-0.53349331658316101,0.73252846931755444,3203,10,10
3194,0.29869448134204113,-0.40261103731591774,0.73756629832574683,3204,10,10
3195,0.36942867450927758,-0.26114265098144485,0.73710598417726392,3205,10,10
3196,0.44050825589568549,-0.11898348820862903,0.73383991911478585,3206,10,10
3197,0.50804815691241367,0.016096313824827346,0.73088514935010085,3207,10,10
3198,0.56924489597316696,0.13848979194633393,0.73160205490023356,3208,10,10
3199,0.62207240638778172,0.24414481277556344,0.73912970934473676,3209,10,10
3200,0.66510803289168374,0.33021606578336749,0.75559982307476459,3210,10,10
3201,0.69762970825805437,0.39525941651610874,0.78114100043211498,3211,10,10
3202,0.71977475977471428,0.43954951954942856,0.81288975433827482,3212,10,10
3203,0.73252846931755444,0.46505693863510889,0.84458356281412506,3213,10,10
3204,0.73756629832574683,0.47513259665149365,0.8678796411619667,3214,10,10
3205,0.73710598417726392,0.47421196835452784,0.87568043454067801,3215,10,10
3206,0.73383991911478585,0.46767983822957171,0.86518250579809519,3216,10,10
3207,0.73088514935010085,0.4617702987002017,0.83817616616350843,3217,10,10
3208,0.73160205490023356,0.46320410980046711,0.79915004683527102,3218,10,10
3209,0.73912970934473676,0.47825941868947353,0.75323923640480783,3219,10,10
3210,0.75559982307476459,0.51119964614952917,0.70501323837919605,3220,10,10
3211,0.78114100043211498,0.56228200086422997,0.65800638697268532,3221,10,10
3212,0.81288975433827482,0.62577950867654963,0.61461388275236994,3222,10,10
3213,0.84458356281412506,0.68916712562825011,0.57608564615143731,3223,10,10
3214,0.8678796411619667,0.73575928232393339,0.54250820237865582,3224,10,10
3215,0.87568043454067801,0.75136086908135602,0.51279537520698548,3225,10,10
3216,0.86518250579809519,0.73036501159619038,0.48481136820324072,3226,10,10
3217,0.83817616616350843,0.67635233232701686,0.45579540672178709,3227,10,10
3218,0.79915004683527102,0.59830009367054204,0.42318750605646971,3228,10,10
3219,0.75323923640480783,0.50647847280961567,0.38570033555337713,3229,10,10
3220,0.70501323837919605,0.4100264767583921,0.34407054870491921,3230,10,10
3221,0.65800638697268532,0.31601277394537064,0.30084662066875933,3231,10,10
3222,0.61461388275236994,0.22922776550473989,0.25935589332379094,3232,10,10
3223,0.57608564615143731,0.15217129230287463,0.22276661314028123,3233,10,10
3224,0.54250820237865582,0.085016404757311648,0.1937938761016717,3234,10,10
3225,0.51279537520698548,0.025590750413970964,0.17482424228861593,3235,10,10
3226,0.48481136820324072,-0.030377263593518555,0.16800602978450091,3236,10,10
3227,0.45579540672178709,-0.088409186556425823,0.17502394086729647,3237,10,10
3228,0.42318750605646971,-0.15362498788706058,0.19656392132693787,3238,10,10
3229,0.38570033555337713,-0.22859932889324575,0.23180451416616538,3239,10,10
3230,0.34407054870491921,-0.31185890259016158,0.27839830253407616,3240,10,10
3231,0.30084662066875933,-0.39830675866248133,0.33307563949228391,3241,10,10
3232,0.25935589332379094,-0.48128821335241811,0.39250467839065251,3242,10,10
3233,0.22276661314028123,-0.55446677371943753,0.45391121797011302,3243,10,10
3234,0.1937938761016717,-0.61241224779665659,0.51520713242883587,3244,10,10
3235,0.17482424228861593,-0.65035151542276814,0.57465972560771317,3245,10,10
3236,0.16800602978450091,-0.66398794043099818,0.63036955711023479,3246,10,10
3237,0.17502394086729647,-0.64995211826540711,0.68005501160785797,3247,10,10
3238,0.19656392132693787,-0.60687215734612421,0.72151749817922706,3248,10,10
3239,0.23180451416616538,-0.53639097166766925,0.75344916434095188,3249,10,10
3240,0.27839830253407616,-0.44320339493184768,0.77586504648515497,3250,10,10
3241,0.33307563949228391,-0.33384872101543217,0.78998506092278475,3251,10,10
3242,0.39250467839065251,-0.21499064321869499,0.79790156595456063,3252,10,10
3243,0.45391121797011302,-0.092177564059773953,0.80228582221273137,3253,10,10
3244,0.51520713242883587,0.030414264857671736,0.80612616147032523,3254,10,10
3245,0.57465972560771317,0.14931945121542634,0.81237676428386185,3255,10,10
3246,0.63036955711023479,0.26073911422046958,0.82344737624238262,3256,10,10
3247,0.68005501160785797,0.36011002321571595,0.84058687616557193,3257,10,10
3248,0.72151749817922706,0.44303499635845411,0.86328225860547669,3258,10,10
3249,0.75344916434095188,0.50689832868190376,0.88881327856539172,3259,10,10
3250,0.77586504648515497,0.55173009297030995,0.91222705226488265,3260,10,10
3251,0.78998506092278475,0.57997012184556951,0.92715592599795427,3261,10,10
3252,0.79790156595456063,0.59580313190912126,0.92763515042116296,3262,10,10
3253,0.80228582221273137,0.60457164442546274,0.91023914005884232,3263,10,10
3254,0.80612616147032523,0.61225232294065046,0.87525756265948418,3264,10,10
3255,0.81237676428386185,0.6247535285677237,0.82617347982172329,3265,10,10
3256,0.82344737624238262,0.64689475248476525,0.7680059835780646,3266,10,10
3257,0.84058687616557193,0.68117375233114386,0.70571399860216055,3267,10,10
3258,0.86328225860547669,0.72656451721095339,0.64330522550582847,3268,10,10
3259,0.88881327856539172,0.77762655713078344,0.5835519007019202,3269,10,10
3260,0.91222705226488265,0.82445410452976531,0.52799918907782595,3270,10,10
3261,0.92715592599795427,0.85431185199590853,0.4770719917166189,3271,10,10
3262,0.92763515042116296,0.85527030084232591,0.43024328639531761,3272,10,10
3263,0.91023914005884232,0.82047828011768464,0.38631832220146345,3273,10,10
3264,0.87525756265948418,0.75051512531896836,0.34388140240411524,3274,10,10
3265,0.82617347982172329,0.65234695964344658,0.30184405401676478,3275,10,10
3266,0.7680059835780646,0.5360119671561292,0.25989706802330048,3276,10,10
3267,0.70571399860216055,0.41142799720432111,0.21864279069656073,3277,10,10
3268,0.64330522550582847,0.28661045101165694,0.17936430812475815,3278,10,10
3269,0.5835519007019202,0.1671038014038404,0.14365380304347253,3279,10,10
3270,0.52799918907782595,0.055998378155651896,0.11319526586016572,3280,10,10
3271,0.4770719917166189,-0.045856016566762192,0.089818125711085495,3281,10,10
3272,0.43024328639531761,-0.13951342720936477,0.075721408764441708,3282,10,10
3273,0.38631832220146345,-0.2273633555970731,0.073632597430247887,3283,10,10
3274,0.34388140240411524,-0.31223719519176951,0.086563262976780977,3284,10,10
3275,0.30184405401676478,-0.39631189196647043,0.11685196893331316,3285,10,10
3276,0.25989706802330048,-0.48020586395339904,0.16469316817174959,3286,10,10
3277,0.21864279069656073,-0.56271441860687854,0.22720013547468884,3287,10,10
3278,0.17936430812475815,-0.64127138375048376,0.29899364288495561,3288,10,10
3279,0.14365380304347253,-0.71269239391305494,0.373915702127605,3289,10,10
3280,0.11319526586016572,-0.77360946827966859,0.44655840865964103,3290,10,10
3281,0.089818125711085495,-0.82036374857782901,0.51289880278206401,3291,10,10
3282,0.075721408764441708,-0.84855718247111656,0.57025446091957244,3292,10,10
3283,0.073632597430247887,-0.85273480513950428,0.61704479224063857,3293,10,10
3284,0.086563262976780977,-0.82687347404643807,0.65262060104192043,3294,10,10
3285,0.11685196893331316,-0.76629606213337365,0.67715865008379206,3295,10,10
3286,0.16469316817174959,-0.67061366365650077,0.69154067322712098,3296,10,10
3287,0.22720013547468884,-0.54559972905062226,0.69721148572698854,3297,10,10
3288,0.29899364288495561,-0.40201271423008877,0.69607829326469839,3298,10,10
3289,0.373915702127605,-0.25216859574479,0.69049743589280954,3299,10,10
3290,0.44655840865964103,-0.10688318268071795,0.68332667162781757,3300,10,10
3291,0.51289880278206401,0.025797605564128023,0.67793350578615941,3301,10,10
3292,0.57025446091957244,0.14050892183914487,0.67797157589370927,3302,10,10
3293,0.61704479224063857,0.23408958448127715,0.68676364614034113,3303,10,10
3294,0.65262060104192043,0.30524120208384087,0.70633016022019535,3304,10,10
3295,0.67715865008379206,0.35431730016758411,0.7362767196599751,3305,10,10
3296,0.69154067322712098,0.38308134645424197,0.77279833586971847,3306,10,10
3297,0.69721148572698854,0.39442297145397709,0.80854484219589451,3307,10,10
3298,0.69607829326469839,0.39215658652939678,0.83469699360914085,3308,10,10
3299,0.69049743589280954,0.38099487178561908,0.84490862875881156,3309,10,10
3300,0.68332667162781757,0.36665334325563514,0.83784568531142833,3310,10,10
3301,0.67793350578615941,0.35586701157231881,0.81640182263379635,3311,10,10
3302,0.67797157589370927,0.35594315178741853,0.78535756046629834,3312,10,10
3303,0.68676364614034113,0.37352729228068227,0.74957501540053206,3313,10,10
3304,0.70633016022019535,0.41266032044039069,0.71315987174822504,3314,10,10
3305,0.7362767196599751,0.4725534393199502,0.67919772522500954,3315,10,10
3306,0.77279833586971847,0.54559667173943693,0.64968361644374795,3316,10,10
3307,0.80854484219589451,0.61708968439178902,0.62545313331503605,3317,10,10
3308,0.83469699360914085,0.66939398721828169,0.60607585354115234,3318,10,10
3309,0.84490862875881156,0.68981725751762313,0.58978770272594139,3319,10,10
3310,0.83784568531142833,0.67569137062285667,0.57361412389780164,3320,10,10
3311,0.81640182263379635,0.6328036452675927,0.55385577910079931,3321,10,10
3312,0.78535756046629834,0.57071512093259669,0.52708585745839998,3322,10,10
3313,0.74957501540053206,0.49915003080106413,0.49159010927930197,3323,10,10
3314,0.71315987174822504,0.42631974349645008,0.44849548788647609,3324,10,10
3315,0.67919772522500954,0.35839545045001908,0.40145928030137584,3325,10,10
3316,0.64968361644374795,0.29936723288749589,0.35505671283054324,3326,10,10
3317,0.62545313331503605,0.25090626663007209,0.31334895123181511,3327,10,10
3318,0.60607585354115234,0.21215170708230469,0.27941793949286836,3328,10,10
3319,0.58978770272594139,0.17957540545188277,0.25546881093446355,3329,10,10
3320,0.57361412389780164,0.14722824779560328,0.2429408666354117,3330,10,10
3321,0.55385577910079931,0.10771155820159861,0.24242365493332754,3331,10,10
3322,0.52708585745839998,0.054171714916799951,0.25348285926008018,3332,10,10
3323,0.49159010927930197,-0.016819781441396064,0.27463779543114319,3333,10,10
3324,0.44849548788647609,-0.10300902422704783,0.3036545353128608,3334,10,10
3325,0.40145928030137584,-0.19708143939724831,0.33810112832352407,3335,10,10
3326,0.35505671283054324,-0.28988657433891352,0.37596396314847519,3336,10,10
3327,0.31334895123181511,-0.37330209753636978,0.41613525253988193,3337,10,10
3328,0.27941793949286836,-0.44116412101426328,0.45862083237211076,3338,10,10
3329,0.25546881093446355,-0.48906237813107289,0.50425848269283091,3339,10,10
3330,0.2429408666354117,-0.5141182667291766,0.5537117268927263,3340,10,10
3331,0.24242365493332754,-0.51515269013334497,0.60600674117005471,3341,10,10
3332,0.25348285926008018,-0.49303428147983963,0.65793800585512852,3342,10,10
3333,0.27463779543114319,-0.45072440913771361,0.705397881230587,3343,10,10
3334,0.3036545353128608,-0.39269092937427841,0.74542354949498979,3344,10,10
3335,0.33810112832352407,-0.32379774335295186,0.77712648714626376,3345,10,10
3336,0.37596396314847519,-0.24807207370304962,0.80139607357214349,3346,10,10
3337,0.41613525253988193,-0.16772949492023614,0.82019713563554297,3347,10,10
3338,0.45862083237211076,-0.08275833525577847,0.83593123732103913,3348,10,10
3339,0.50425848269283091,0.0085169653856618233,0.85091849565900224,3349,10,10
3340,0.5537117268927263,0.10742345378545259,0.86696485950918201,3350,10,10
3341,0.60600674117005471,0.21201348234010942,0.88503564371026255,3351,10,10
3342,0.65793800585512852,0.31587601171025703,0.90509143053385877,3352,10,10
3343,0.705397881230587,0.410795762461174,0.92611267603286163,3353,10,10
3344,0.74542354949498979,0.49084709898997958,0.94626546993254856,3354,10,10
3345,0.77712648714626376,0.55425297429252751,0.96307263604963644,3355,10,10
3346,0.80139607357214349,0.60279214714428697,0.97343771880674912,3356,10,10
3347,0.82019713563554297,0.64039427127108595,0.97360813764762633,3357,10,10
3348,0.83593123732103913,0.67186247464207827,0.95968544099715569,3358,10,10
3349,0.85091849565900224,0.70183699131800448,0.92924530120694837,3359,10,10
3350,0.86696485950918201,0.73392971901836401,0.88299813527765714,3360,10,10
3351,0.88503564371026255,0.77007128742052511,0.82457423766003457,3361,10,10
3352,0.90509143053385877,0.81018286106771753,0.75875231263234433,3362,10,10
3353,0.92611267603286163,0.85222535206572325,0.6898826972549108,3363,10,10
3354,0.94626546993254856,0.89253093986509713,0.62118504389808515,3364,10,10
3355,0.96307263604963644,0.92614527209927289,0.5546546806124304,3365,10,10
3356,0.97343771880674912,0.94687543761349824,0.49125251850260915,3366,10,10
3357,0.97360813764762633,0.94721627529525265,0.43121800433298119,3367,10,10
3358,0.95968544099715569,0.91937088199431138,0.37442248043684817,3368,10,10
3359,0.92924530120694837,0.85849060241389674,0.32068389076569442,3369,10,10
3360,0.88299813527765714,0.76599627055531427,0.26996688066754554,3370,10,10
3361,0.82457423766003457,0.64914847532006914,0.22243740502064938,3371,10,10
3362,0.75875231263234433,0.51750462526468866,0.17841193075976364,3372,10,10
3363,0.6898826972549108,0.37976539450982161,0.13828702216287023,3373,10,10
3364,0.62118504389808515,0.24237008779617031,0.10252627033516964,3374,10,10
3365,0.5546546806124304,0.10930936122486079,0.071736794107625346,3375,10,10
3366,0.49125251850260915,-0.017494962994781704,0.046824642583783452,3376,10,10
3367,0.43121800433298119,-0.13756399133403763,0.0292029682989998,3377,10,10
3368,0.37442248043684817,-0.25115503912630366,0.02101720118541249,3378,10,10
3369,0.32068389076569442,-0.35863221846861115,0.025253992864029004,3379,10,10
3370,0.26996688066754554,-0.46006623866490892,0.045381850345330196,3380,10,10
3371,0.22243740502064938,-0.5551251899587013,0.084092907342112055,3381,10,10
3372,0.17841193075976364,-0.64317613848047273,0.1413371025671335,3382,10,10
3373,0.13828702216287023,-0.72342595567425949,0.21305111979959268,3383,10,10
3374,0.10252627033516964,-0.79494745932966071,0.29201125659541594,3384,10,10
3375,0.071736794107625346,-0.85652641178474931,0.37030102312660468,3385,10,10
3376,0.046824642583783452,-0.90635071483243312,0.44153209934087384,3386,10,10
3377,0.0292029682989998,-0.94159406340200036,0.501749735523356,3387,10,10
3378,0.02101720118541249,-0.95796559762917499,0.54924172056298126,3388,10,10
3379,0.025253992864029004,-0.94949201427194196,0.58389795372420705,3389,10,10
3380,0.045381850345330196,-0.90923629930933958,0.606575283979086,3390,10,10
3381,0.084092907342112055,-0.83181418531577589,0.61864763279789847,3391,10,10
3382,0.1413371025671335,-0.717325794865733,0.62176179040389867,3392,10,10
3383,0.21305111979959268,-0.57389776040081464,0.61776151343621577,3393,10,10
3384,0.29201125659541594,-0.41597748680916813,0.60873393754340244,3394,10,10
3385,0.37030102312660468,-0.25939795374679064,0.59713555248113437,3395,10,10
3386,0.44153209934087384,-0.11693580131825232,0.58594012232080073,3396,10,10
3387,0.501749735523356,0.0034994710467119994,0.57868762945054675,3397,10,10
3388,0.54924172056298126,0.098483441125962523,0.57922685440616795,3398,10,10
3389,0.58389795372420705,0.16779590744841411,0.59098134451150375,3399,10,10
3390,0.606575283979086,0.213150567958172,0.61582014559164255,3400,10,10
3391,0.61864763279789847,0.23729526559579694,0.65280124405382844,3401,10,10
3392,0.62176179040389867,0.24352358080779735,0.69715766383761812,3402,10,10
3393,0.61776151343621577,0.23552302687243154,0.7406908350764918,3403,10,10
3394,0.60873393754340244,0.21746787508680487,0.77492080048775491,3404,10,10
3395,0.59713555248113437,0.19427110496226874,0.79515368137005693,3405,10,10
3396,0.58594012232080073,0.17188024464160145,0.80165423295724869,3406,10,10
3397,0.57868762945054675,0.1573752589010935,0.79782536296211515,3407,10,10
3398,0.57922685440616795,0.15845370881233589,0.78800851728749566,3408,10,10
3399,0.59098134451150375,0.1819626890230075,0.77621919231369874,3409,10,10
3400,0.61582014559164255,0.23164029118328511,0.76564676895866635,3410,10,10
3401,0.65280124405382844,0.30560248810765689,0.75847896229683365,3411,10,10
3402,0.69715766383761812,0.39431532767523625,0.75580818837132624,3412,10,10
3403,0.7406908350764918,0.48138167015298361,0.75756462596007201,3413,10,10
3404,0.77492080048775491,0.54984160097550983,0.76251320468822525,3414,10,10
3405,0.79515368137005693,0.59030736274011386,0.76833810894954135,3415,10,10
3406,0.80165423295724869,0.60330846591449738,0.77175332104302174,3416,10,10
3407,0.79782536296211515,0.5956507259242303,0.76861590983076278,3417,10,10
3408,0.78800851728749566,0.57601703457499132,0.7544204002622904,3418,10,10
3409,0.77621919231369874,0.55243838462739747,0.72590380937969401,3419,10,10
3410,0.76564676895866635,0.53129353791733269,0.68333439588662304,3420,10,10
3411,0.75847896229683365,0.5169579245936673,0.6310006336522096,3421,10,10
3412,0.75580818837132624,0.51161637674265248,0.57495932580539577,3422,10,10
3413,0.75756462596007201,0.51512925192014403,0.52053293166448023,3423,10,10
3414,0.76251320468822525,0.52502640937645051,0.47130431699902409,3424,10,10
3415,0.76833810894954135,0.53667621789908271,0.42915278115260075,3425,10,10
3416,0.77175332104302174,0.54350664208604349,0.39456628529673865,3426,10,10
3417,0.76861590983076278,0.53723181966152556,0.36695241689259694,3427,10,10
3418,0.7544204002622904,0.50884080052458081,0.34494844569628585,3428,10,10
3419,0.72590380937969401,0.45180761875938802,0.32677669868466341,3429,10,10
3420,0.68333439588662304,0.36666879177324607,0.31064807417559787,3430,10,10
3421,0.6310006336522096,0.26200126730441919,0.29516281039359865,3431,10,10
3422,0.57495932580539577,0.14991865161079154,0.27963058580646732,3432,10,10
3423,0.52053293166448023,0.04106586332896045,0.26426032614378642,3433,10,10
3424,0.47130431699902409,-0.057391366001951827,0.25025437163372277,3434,10,10
3425,0.42915278115260075,-0.1416944376947985,0.23990000508789092,3435,10,10
3426,0.39456628529673865,-0.2108674294065227,0.23665005125007663,3436,10,10
3427,0.36695241689259694,-0.26609516621480611,0.24486685574008529,3437,10,10
3428,0.34494844569628585,-0.31010310860742829,0.26862614754887709,3438,10,10
3429,0.32677669868466341,-0.34644660263067317,0.30950731733442671,3439,10,10
3430,0.31064807417559787,-0.37870385164880427,0.36489611213007983,3440,10,10
3431,0.29516281039359865,-0.4096743792128027,0.42879249824484306,3441,10,10
3432,0.27963058580646732,-0.44073882838706535,0.49460686683198507,3442,10,10
3433,0.26426032614378642,-0.47147934771242717,0.55744236044769302,3443,10,10
3434,0.25025437163372277,-0.49949125673255446,0.61466362043514511,3444,10,10
3435,0.23990000508789092,-0.52019998982421822,0.66535295778953596,3445,10,10
3436,0.23665005125007663,-0.52669989749984669,0.7095342722553194,3446,10,10
3437,0.24486685574008529,-0.51026628851982947,0.74759029975751146,3447,10,10
3438,0.26862614754887709,-0.46274770490224582,0.77994721457328797,3448,10,10
3439,0.30950731733442671,-0.38098536533114657,0.80697155996387238,3449,10,10
3440,0.36489611213007983,-0.27020777573984034,0.82900828416462635,3450,10,10
3441,0.42879249824484306,-0.14241500351031389,0.84650491165810071,3451,10,10
3442,0.49460686683198507,-0.010786266336029859,0.86018588766214266,3452,10,10
3443,0.55744236044769302,0.11488472089538604,0.87124641390684077,3453,10,10
3444,0.61466362043514511,0.22932724087029022,0.88148898219497707,3454,10,10
3445,0.66535295778953596,0.33070591557907192,0.89319343076592383,3455,10,10
3446,0.7095342722553194,0.4190685445106388,0.908387837167276,3456,10,10
3447,0.74759029975751146,0.49518059951502291,0.9273881887442611,3457,10,10
3448,0.77994721457328797,0.55989442914657594,0.94724415742399604,3458,10,10
3449,0.80697155996387238,0.61394311992774475,0.96165709562896862,3459,10,10
3450,0.82900828416462635,0.6580165683292527,0.96350774407832795,3460,10,10
3451,0.84650491165810071,0.69300982331620142,0.94835635545185559,3461,10,10
3452,0.86018588766214266,0.72037177532428531,0.91581974406507927,3462,10,10
3453,0.87124641390684077,0.74249282781368153,0.86846841964936838,3463,10,10
3454,0.88148898219497707,0.76297796438995413,0.81013518240943938,3464,10,10
3455,0.89319343076592383,0.78638686153184767,0.74479076003696421,3465,10,10
3456,0.908387837167276,0.816775674334552,0.6760076697098828,3466,10,10
3457,0.9273881887442611,0.8547763774885222,0.60674416957554256,3467,10,10
3458,0.94724415742399604,0.89448831484799207,0.53927343465531308,3468,10,10
3459,0.96165709562896862,0.92331419125793723,0.47518053938552351,3469,10,10
3460,0.96350774407832795,0.92701548815665591,0.41539066624763477,3470,10,10
3461,0.94835635545185559,0.89671271090371119,0.36021035966238107,3471,10,10
3462,0.91581974406507927,0.83163948813015853,0.30939513591659973,3472,10,10
3463,0.86846841964936838,0.73693683929873677,0.26230806124726996,3473,10,10
3464,0.81013518240943938,0.62027036481887876,0.21824256082876656,3474,10,10
3465,0.74479076003696421,0.48958152007392841,0.17684701247567999,3475,10,10
3466,0.6760076697098828,0.35201533941976559,0.13838996107615209,3476,10,10
3467,0.60674416957554256,0.21348833915108512,0.10367520475359171,3477,10,10
3468,0.53927343465531308,0.078546869310626155,0.073783832308568525,3478,10,10
3469,0.47518053938552351,-0.04963892122895297,0.049973816546030288,3479,10,10
3470,0.41539066624763477,-0.16921866750473047,0.03384139516821201,3480,10,10
3471,0.36021035966238107,-0.27957928067523785,0.027619789110943954,3481,10,10
3472,0.30939513591659973,-0.38120972816680054,0.034367146434274277,3482,10,10
3473,0.26230806124726996,-0.47538387750546007,0.057609696730151247,3483,10,10
3474,0.21824256082876656,-0.56351487834246683,0.099921949742719382,3484,10,10
3475,0.17684701247567999,-0.64630597504863996,0.16068111154932677,3485,10,10
3476,0.13838996107615209,-0.72322007784769582,0.23481771857736633,3486,10,10
3477,0.10367520475359171,-0.79264959049281658,0.31428599092671744,3487,10,10
3478,0.073783832308568525,-0.85243233538286289,0.39115800314711274,3488,10,10
3479,0.049973816546030288,-0.90005236690793944,0.45978887729391071,3489,10,10
3480,0.03384139516821201,-0.93231720966357601,0.51716686002539303,3490,10,10
3481,0.027619789110943954,-0.94476042177811204,0.56223597421505556,3491,10,10
3482,0.034367146434274277,-0.9312657071314514,0.59510987963318307,3492,10,10
3483,0.057609696730151247,-0.88478060653969748,0.61656918132645089,3493,10,10
3484,0.099921949742719382,-0.80015610051456121,0.6278283546689114,3494,10,10
3485,0.16068111154932677,-0.67863777690134652,0.63043505253490695,3495,10,10
3486,0.23481771857736633,-0.53036456284526734,0.62622647556550537,3496,10,10
3487,0.31428599092671744,-0.37142801814656512,0.61734543822000831,3497,10,10
3488,0.39115800314711274,-0.21768399370577451,0.60632739595158403,3498,10,10
3489,0.45978887729391071,-0.080422245412178572,0.59622270457132986,3499,10,10
3490,0.51716686002539303,0.034333720050786054,0.59062790553133238,3500,10,10
3491,0.56223597421505556,0.12447194843011111,0.59339287179197486,3501,10,10
3492,0.59510987963318307,0.19021975926636614,0.60779543720183338,3502,10,10
3493,0.61656918132645089,0.23313836265290178,0.63525880711692928,3503,10,10
3494,0.6278283546689114,0.25565670933782281,0.67397682381950952,3504,10,10
3495,0.63043505253490695,0.2608701050698139,0.71810885038885075,3505,10,10
3496,0.62622647556550537,0.25245295113101074,0.75894943046364882,3506,10,10
3497,0.61734543822000831,0.23469087644001663,0.78867630456486426,3507,10,10
3498,0.60632739595158403,0.21265479190316805,0.80383576182529726,3508,10,10
3499,0.59622270457132986,0.19244540914265973,0.80557015149072364,3509,10,10
3500,0.59062790553133238,0.18125581106266475,0.79759276554505931,3510,10,10
3501,0.59339287179197486,0.18678574358394973,0.78424870521821555,3511,10,10
3502,0.60779543720183338,0.21559087440366675,0.76946187044880543,3512,10,10
3503,0.63525880711692928,0.27051761423385856,0.75630835255289908,3513,10,10
3504,0.67397682381950952,0.34795364763901904,0.74685206719467123,3514,10,10
3505,0.71810885038885075,0.4362177007777015,0.74205048709767263,3515,10,10
3506,0.75894943046364882,0.51789886092729764,0.74168518294868468,3516,10,10
3507,0.78867630456486426,0.57735260912972852,0.74434528937905209,3517,10,10
3508,0.80383576182529726,0.60767152365059451,0.74748277748949232,3518,10,10
3509,0.80557015149072364,0.61114030298144728,0.74751285541050749,3519,10,10
3510,0.79759276554505931,0.59518553109011862,0.74004482960285856,3520,10,10
3511,0.78424870521821555,0.56849741043643109,0.72073682696686092,3521,10,10
3512,0.76946187044880543,0.53892374089761086,0.68726666029023165,3522,10,10
3513,0.75630835255289908,0.51261670510579815,0.64125604657295976,3523,10,10
3514,0.74685206719467123,0.49370413438934246,0.58776216100460499,3524,10,10
3515,0.74205048709767263,0.48410097419534526,0.53270105557431491,3525,10,10
3516,0.74168518294868468,0.48337036589736937,0.4808410305965421,3526,10,10
3517,0.74434528937905209,0.48869057875810418,0.43524623559460035,3527,10,10
3518,0.74748277748949232,0.49496555497898465,0.39744108113019128,3528,10,10
3519,0.74751285541050749,0.49502571082101499,0.36769204937554045,3529,10,10
3520,0.74004482960285856,0.48008965920571711,0.34526075453095667,3530,10,10
3521,0.72073682696686092,0.44147365393372184,0.32867442986113277,3531,10,10
3522,0.68726666029023165,0.37453332058046329,0.31606518287123897,3532,10,10
3523,0.64125604657295976,0.28251209314591952,0.3055731998519392,3533,10,10
3524,0.58776216100460499,0.17552432200920998,0.2957593164709435,3534,10,10
3525,0.53270105557431491,0.065402111148629816,0.28595465585092489,3535,10,10
3526,0.4808410305965421,-0.038317938806915808,0.2765032840445959,3536,10,10
3527,0.43524623559460035,-0.1295075288107993,0.26892106974168795,3537,10,10
3528,0.39744108113019128,-0.20511783773961745,0.26601185601587973,3538,10,10
3529,0.36769204937554045,-0.26461590124891909,0.27179949731971104,3539,10,10
3530,0.34526075453095667,-0.30947849093808666,0.29076165566513573,3540,10,10
3531,0.32867442986113277,-0.34265114027773447,0.32587671934698509,3541,10,10
3532,0.31606518287123897,-0.36786963425752206,0.37630701088432206,3542,10,10
3533,0.3055731998519392,-0.38885360029612159,0.43703194661429229,3543,10,10
3534,0.2957593164709435,-0.408481367058113,0.50125980529850178,3544,10,10
3535,0.28595465585092489,-0.42809068829815022,0.56334702129069714,3545,10,10
3536,0.2765032840445959,-0.4469934319108082,0.62005706584644937,3546,10,10
3537,0.26892106974168795,-0.46215786051662411,0.67024934276178916,3547,10,10
3538,0.26601185601587973,-0.46797628796824053,0.7140269942884323,3548,10,10
3539,0.27179949731971104,-0.45640100536057793,0.75200035422364009,3549,10,10
3540,0.29076165566513573,-0.41847668866972854,0.78484404412510467,3550,10,10
3541,0.32587671934698509,-0.34824656130602982,0.81310983307271212,3551,10,10
3542,0.37630701088432206,-0.24738597823135589,0.83721139638906616,3552,10,10
3543,0.43703194661429229,-0.12593610677141542,0.85751348690300355,3553,10,10
3544,0.50125980529850178,0.0025196105970035632,0.87448498849283163,3554,10,10
3545,0.56334702129069714,0.12669404258139427,0.88888836116580805,3555,10,10
3546,0.62005706584644937,0.24011413169289875,0.90195211770726458,3556,10,10
3547,0.67024934276178916,0.34049868552357831,0.91536944864283842,3557,10,10
3548,0.7140269942884323,0.42805398857686461,0.93080399360454436,3558,10,10
3549,0.75200035422364009,0.50400070844728018,0.94862272197468955,3559,10,10
3550,0.78484404412510467,0.56968808825020933,0.96626966323845631,3560,10,10
3551,0.81310983307271212,0.62621966614542424,0.97789441298174262,3561,10,10
3552,0.83721139638906616,0.67442279277813233,0.97671518883839525,3562,10,10
3553,0.85751348690300355,0.7150269738060071,0.95857743074543844,3563,10,10
3554,0.87448498849283163,0.74896997698566325,0.92334332446162848,3564,10,10
3555,0.88888836116580805,0.7777767223316161,0.87370097785345835,3565,10,10
3556,0.90195211770726458,0.80390423541452916,0.81344186563797805,3566,10,10
3557,0.91536944864283842,0.83073889728567685,0.74638887159227063,3567,10,10
3558,0.93080399360454436,0.86160798720908871,0.67593468136210666,3568,10,10
3559,0.94862272197468955,0.89724544394937911,0.60488329747129588,3569,10,10
3560,0.96626966323845631,0.93253932647691262,0.53541199170865983,3570,10,10
3561,0.97789441298174262,0.95578882596348524,0.46908284419251073,3571,10,10
3562,0.97671518883839525,0.95343037767679051,0.40687802476664714,3572,10,10
3563,0.95857743074543844,0.91715486149087688,0.34924720888833188,3573,10,10
3564,0.92334332446162848,0.84668664892325696,0.29617152615295472,3574,10,10
3565,0.87370097785345835,0.7474019557069167,0.24728054508622996,3575,10,10
3566,0.81344186563797805,0.62688373127595609,0.20207904078421368,3576,10,10
3567,0.74638887159227063,0.49277774318454126,0.16026960123839479,3577,10,10
3568,0.67593468136210666,0.35186936272421332,0.12200069657407692,3578,10,10
3569,0.60488329747129588,0.20976659494259176,0.087864650808529177,3579,10,10
3570,0.53541199170865983,0.070823983417319658,0.058737397991429838,3580,10,10
3571,0.46908284419251073,-0.061834311614978543,0.035724898491276184,3581,10,10
3572,0.40687802476664714,-0.18624395046670572,0.020329991527519409,3582,10,10
3573,0.34924720888833188,-0.30150558222333623,0.014750337584234026,3583,10,10
3574,0.29617152615295472,-0.40765694769409055,0.022081255460470111,3584,10,10
3575,0.24728054508622996,-0.50543890982754003,0.045980541571901928,3585,10,10
3576,0.20207904078421368,-0.59584191843157264,0.089211287626208086,3586,10,10
3577,0.16026960123839479,-0.67946079752321042,0.15122504114112156,3587,10,10
3578,0.12200069657407692,-0.75599860685184617,0.22672536403806887,3588,10,10
3579,0.087864650808529177,-0.82427069838294165,0.3072080329771007,3589,10,10
3580,0.058737397991429838,-0.8825252040171403,0.38434429529717729,3590,10,10
3581,0.035724898491276184,-0.92855020301744762,0.45233938642139682,3591,10,10
3582,0.020329991527519409,-0.95934001694496118,0.50827453573950865,3592,10,10
3583,0.014750337584234026,-0.9704993248315319,0.55133005856450445,3593,10,10
3584,0.022081255460470111,-0.95583748907905974,0.58189801769493044,3594,10,10
3585,0.045980541571901928,-0.9080389168561962,0.6010039238684618,3595,10,10
3586,0.089211287626208086,-0.82157742474758377,0.61003468286318574,3596,10,10
3587,0.15122504114112156,-0.69754991771775687,0.6106362558081937,3597,10,10
3588,0.22672536403806887,-0.54654927192386227,0.60468949477637268,3598,10,10
3589,0.3072080329771007,-0.3855839340457986,0.59434844709757839,3599,10,10
3590,0.38434429529717729,-0.23131140940564543,0.58214535727733208,3600,10,10
3591,0.45233938642139682,-0.095321227157206367,0.57112914958217065,3601,10,10
3592,0.50827453573950865,0.016549071479017297,0.56491487647923233,3602,10,10
3593,0.55133005856450445,0.10266011712900891,0.56740531779814396,3603,10,10
3594,0.58189801769493044,0.16379603538986087,0.58195924358782414,3604,10,10
3595,0.6010039238684618,0.2020078477369236,0.61008026433887075,3605,10,10
3596,0.61003468286318574,0.22006936572637148,0.65002255056946956,3606,10,10
3597,0.6106362558081937,0.22127251161638739,0.69599619989344719,3607,10,10
3598,0.60468949477637268,0.20937898955274536,0.73937236047008703,3608,10,10
3599,0.59434844709757839,0.18869689419515678,0.77244089962411489,3609,10,10
3600,0.58214535727733208,0.16429071455466415,0.79181937100820587,3610,10,10
3601,0.57112914958217065,0.1422582991643413,0.79860380012214005,3611,10,10
3602,0.56491487647923233,0.12982975295846466,0.79635852282465702,3612,10,10
3603,0.56740531779814396,0.13481063559628792,0.7892352491187552,3613,10,10
3604,0.58195924358782414,0.16391848717564828,0.78095646915599315,3614,10,10
3605,0.61008026433887075,0.2201605286777415,0.77439408634563767,3615,10,10
3606,0.65002255056946956,0.30004510113893912,0.77139997377508018,3616,10,10
3607,0.69599619989344719,0.39199239978689437,0.77272243072910007,3617,10,10
3608,0.73937236047008703,0.47874472094017406,0.77798110754838778,3618,10,10
3609,0.77244089962411489,0.54488179924822977,0.78572158038252216,3619,10,10
3610,0.79181937100820587,0.58363874201641175,0.79352216858682767,3620,10,10
3611,0.79860380012214005,0.5972076002442801,0.79804863864007125,3621,10,10
3612,0.79635852282465702,0.59271704564931404,0.79507832931997868,3622,10,10
3613,0.7892352491187552,0.5784704982375104,0.78004526008064068,3623,10,10
3614,0.78095646915599315,0.5619129383119863,0.7499198963050292,3624,10,10
3615,0.77439408634563767,0.54878817269127533,0.70556630696192579,3625,10,10
3616,0.77139997377508018,0.54279994755016037,0.65175539943098693,3626,10,10
3617,0.77272243072910007,0.54544486145820015,0.59457635220387284,3627,10,10
3618,0.77798110754838778,0.55596221509677557,0.53910372804443663,3628,10,10
3619,0.78572158038252216,0.57144316076504431,0.4886205329890585,3629,10,10
3620,0.79352216858682767,0.58704433717365534,0.44473387540498732,3630,10,10
3621,0.79804863864007125,0.5960972772801425,0.40770574206720483,3631,10,10
3622,0.79507832931997868,0.59015665863995737,0.37679174677068455,3632,10,10
3623,0.78004526008064068,0.56009052016128136,0.35059228165671585,3633,10,10
3624,0.7499198963050292,0.4998397926100584,0.32743852180609334,3634,10,10
3625,0.70556630696192579,0.41113261392385159,0.30579117721703286,3635,10,10
3626,0.65175539943098693,0.30351079886197385,0.28458790461935857,3636,10,10
3627,0.59457635220387284,0.18915270440774568,0.26347137230716527,3637,10,10
3628,0.53910372804443663,0.078207456088873251,0.24288584753611872,3638,10,10
3629,0.4886205329890585,-0.022758934021883004,0.22411862036735231,3639,10,10
3630,0.44473387540498732,-0.11053224919002536,0.20939009486565088,3640,10,10
3631,0.40770574206720483,-0.18458851586559033,0.20197004639666261,3641,10,10
3632,0.37679174677068455,-0.24641650645863089,0.20601665766501967,3642,10,10
3633,0.35059228165671585,-0.29881543668656829,0.22561177686301648,3643,10,10
3634,0.32743852180609334,-0.34512295638781332,0.26282903424082721,3644,10,10
3635,0.30579117721703286,-0.38841764556593428,0.31594058031405947,3645,10,10
3636,0.28458790461935857,-0.43082419076128287,0.3796302101376951,3646,10,10
3637,0.26347137230716527,-0.47305725538566945,0.4473221642467487,3647,10,10
3638,0.24288584753611872,-0.5142283049277625,0.51356043292095022,3648,10,10
3639,0.22411862036735231,-0.55176275926529539,0.57494681103950873,3649,10,10
3640,0.20939009486565088,-0.58121981026869829,0.62986826966303178,3650,10,10
3641,0.20197004639666261,-0.59605990720667479,0.67782088787836425,3651,10,10
3642,0.20601665766501967,-0.58796668466996072,0.7188296593610608,3652,10,10
3643,0.22561177686301648,-0.54877644627396704,0.75310691820210707,3653,10,10
3644,0.26282903424082721,-0.47434193151834558,0.78092528815769524,3654,10,10
3645,0.31594058031405947,-0.36811883937188106,0.80263722117449476,3655,10,10
3646,0.3796302101376951,-0.2407395797246098,0.81877887331450583,3656,10,10
3647,0.4473221642467487,-0.1053556715065026,0.83022080194331616,3657,10,10
3648,0.51356043292095022,0.027120865841900432,0.83834523997283628,3658,10,10
3649,0.57494681103950873,0.14989362207901746,0.84519443333016053,3659,10,10
3650,0.62986826966303178,0.25973653932606355,0.85341797089180138,3660,10,10
3651,0.67782088787836425,0.35564177575672851,0.86572743745695302,3661,10,10
3652,0.7188296593610608,0.4376593187221216,0.88367199140150188,3662,10,10
3653,0.75310691820210707,0.50621383640421413,0.9060416075324228,3663,10,10
3654,0.78092528815769524,0.56185057631539048,0.92792562701579562,3664,10,10
3655,0.80263722117449476,0.60527444234898953,0.94183999843919963,3665,10,10
3656,0.81877887331450583,0.63755774662901166,0.94103112530941224,3666,10,10
3657,0.83022080194331616,0.66044160388663231,0.9224222314762468,3667,10,10
3658,0.83834523997283628,0.67669047994567255,0.88691624120584667,3668,10,10
3659,0.84519443333016053,0.69038886666032107,0.83784206754449531,3669,10,10
3660,0.85341797089180138,0.70683594178360276,0.77935702912015248,3670,10,10
3661,0.86572743745695302,0.73145487491390604,0.71549607246186064,3671,10,10
3662,0.88367199140150188,0.76734398280300375,0.64973441188577152,3672,10,10
3663,0.9060416075324228,0.8120832150648456,0.58482038123101232,3673,10,10
3664,0.92792562701579562,0.85585125403159124,0.52273378050990815,3674,10,10
3665,0.94183999843919963,0.88367999687839927,0.4646947232731074,3675,10,10
3666,0.94103112530941224,0.88206225061882448,0.41118256915389317,3676,10,10
3667,0.9224222314762468,0.8448444629524936,0.3619670099368541,3677,10,10
3668,0.88691624120584667,0.77383248241169333,0.31622503680333852,3678,10,10
3669,0.83784206754449531,0.67568413508899061,0.27286566281364194,3679,10,10
3670,0.77935702912015248,0.55871405824030496,0.23107529129385029,3680,10,10
3671,0.71549607246186064,0.43099214492372129,0.19081761115822274,3681,10,10
3672,0.64973441188577152,0.29946882377154305,0.15291307732129764,3682,10,10
3673,0.58482038123101232,0.16964076246202464,0.11869074278089582,3683,10,10
3674,0.52273378050990815,0.045467561019816305,0.089632277572450444,3684,10,10
3675,0.4646947232731074,-0.070610553453785196,0.067329930234962684,3685,10,10
3676,0.41118256915389317,-0.17763486169221365,0.053715427945738158,3686,10,10
3677,0.3619670099368541,-0.2760659801262918,0.051329156082628183,3687,10,10
3678,0.31622503680333852,-0.36754992639332296,0.063305653794184333,3688,10,10
3679,0.27286566281364194,-0.45426867437271612,0.092641238820985766,3689,10,10
3680,0.23107529129385029,-0.53784941741229941,0.14054716908939244,3690,10,10
3681,0.19081761115822274,-0.61836477768355458,0.20473239005334817,3691,10,10
3682,0.15291307732129764,-0.69417384535740467,0.27932117517429939,3692,10,10
3683,0.11869074278089582,-0.76261851443820838,0.35686896803451906,3693,10,10
3684,0.089632277572450444,-0.82073544485509908,0.43080982809041268,3694,10,10
3685,0.067329930234962684,-0.8653401395300746,0.49668546719692735,3695,10,10
3686,0.053715427945738158,-0.89256914410852373,0.55207070090202981,3696,10,10
3687,0.051329156082628183,-0.89734168783474366,0.59596962897629935,3697,10,10
3688,0.063305653794184333,-0.87338869241163131,0.62829834115373995,3698,10,10
3689,0.092641238820985766,-0.81471752235802852,0.64962155620680317,3699,10,10
3690,0.14054716908939244,-0.71890566182121507,0.66103443881559265,3700,10,10
3691,0.20473239005334817,-0.5905352198933036,0.66407362189009911,3701,10,10
3692,0.27932117517429939,-0.44135764965140123,0.66065252339326563,3702,10,10
3693,0.35686896803451906,-0.28626206393096187,0.65306310538262835,3703,10,10
3694,0.43080982809041268,-0.13838034381917463,0.64404713423236259,3704,10,10
3695,0.49668546719692735,-0.0066290656061452902,0.63686320541408514,3705,10,10
3696,0.55207070090202981,0.10414140180405962,0.63518031677753262,3706,10,10
3697,0.59596962897629935,0.1919392579525987,0.64257806694609265,3707,10,10
3698,0.62829834115373995,0.2565966823074799,0.66156483262491717,3708,10,10
3699,0.64962155620680317,0.29924311241360635,0.69229086317280486,3709,10,10
3700,0.66103443881559265,0.3220688776311853,0.73132699790117872,3710,10,10
3701,0.66407362189009911,0.32814724378019822,0.77139862222290911,3711,10,10
3702,0.66065252339326563,0.32130504678653127,0.80354984970877985,3712,10,10
3703,0.65306310538262835,0.3061262107652567,0.82125739456156455,3713,10,10
3704,0.64404713423236259,0.28809426846472519,0.82295726634770294,3714,10,10
3705,0.63686320541408514,0.27372641082817029,0.81120880739427881,3715,10,10
3706,0.63518031677753262,0.27036063355506523,0.79043226277472711,3716,10,10
3707,0.64257806694609265,0.2851561338921853,0.76519927410139377,3717,10,10
3708,0.66156483262491717,0.32312966524983433,0.73941923120574271,3718,10,10
3709,0.69229086317280486,0.38458172634560972,0.7160503254782824,3719,10,10
3710,0.73132699790117872,0.46265399580235744,0.69699511801928582,3720,10,10
3711,0.77139862222290911,0.54279724444581823,0.68301436342285715,3721,10,10
3712,0.80354984970877985,0.6070996994175597,0.67362707609956884,3722,10,10
3713,0.82125739456156455,0.64251478912312909,0.667047966315645,3723,10,10
3714,0.82295726634770294,0.64591453269540589,0.66024602122774823,3724,10,10
3715,0.81120880739427881,0.62241761478855762,0.64923285912634132,3725,10,10
3716,0.79043226277472711,0.58086452554945422,0.62981627347390978,3726,10,10
3717,0.76519927410139377,0.53039854820278753,0.59911336792925163,3727,10,10
3718,0.73941923120574271,0.47883846241148542,0.55734190847676668,3728,10,10
3719,0.7160503254782824,0.4321006509565648,0.50816930963183227,3729,10,10
3720,0.69699511801928582,0.39399023603857164,0.45693413675458389,3730,10,10
3721,0.68301436342285715,0.3660287268457143,0.40855033264234863,3731,10,10
3722,0.67362707609956884,0.34725415219913769,0.36660119508623257,3732,10,10
3723,0.667047966315645,0.33409593263129,0.33334317008279662,3733,10,10
3724,0.66024602122774823,0.32049204245549645,0.30991117100229282,3734,10,10
3725,0.64923285912634132,0.29846571825268264,0.29643492141368272,3735,10,10
3726,0.62981627347390978,0.25963254694781956,0.29210495944349829,3736,10,10
3727,0.59911336792925163,0.19822673585850326,0.29532282409045119,3737,10,10
3728,0.55734190847676668,0.11468381695353336,0.30401384135990767,3738,10,10
3729,0.50816930963183227,0.016338619263664533,0.31607700472363198,3739,10,10
3730,0.45693413675458389,-0.086131726490832228,0.32988837977244034,3740,10,10
3731,0.40855033264234863,-0.18289933471530273,0.3447766491048942,3741,10,10
3732,0.36660119508623257,-0.26679760982753487,0.36139981918791819,3742,10,10
3733,0.33334317008279662,-0.33331365983440675,0.38190582618361657,3743,10,10
3734,0.30991117100229282,-0.38017765799541436,0.40957386639243037,3744,10,10
3735,0.29643492141368272,-0.40713015717263457,0.44741986375343601,3745,10,10
3736,0.29210495944349829,-0.41579008111300342,0.49585516075585373,3746,10,10
3737,0.29532282409045119,-0.40935435181909763,0.55132895313337826,3747,10,10
3738,0.30401384135990767,-0.39197231728018467,0.60792702758406525,3748,10,10
3739,0.31607700472363198,-0.36784599055273604,0.66047016657221724,3749,10,10
3740,0.32988837977244034,-0.34022324045511931,0.70624958096020862,3750,10,10
3741,0.3447766491048942,-0.31044670179021161,0.74489186472977931,3751,10,10
3742,0.36139981918791819,-0.27720036162416362,0.77744667317569305,3752,10,10
3743,0.38190582618361657,-0.23618834763276686,0.80551110891322852,3753,10,10
3744,0.40957386639243037,-0.18085226721513925,0.83062732804839512,3754,10,10
3745,0.44741986375343601,-0.10516027249312798,0.85395289251455497,3755,10,10
3746,0.49585516075585373,-0.0082896784882925401,0.87616005996390334,3756,10,10
3747,0.55132895313337826,0.10265790626675653,0.89750653656514212,3757,10,10
3748,0.60792702758406525,0.2158540551681305,0.91799826312838428,3758,10,10
3749,0.66047016657221724,0.32094033314443449,0.93754931036262057,3759,10,10
3750,0.70624958096020862,0.41249916192041725,0.95603906408971573,3760,10,10
3751,0.74489186472977931,0.48978372945955861,0.97314082982489691,3761,10,10
3752,0.77744667317569305,0.5548933463513861,0.98775014862973587,3762,10,10
3753,0.80551110891322852,0.61102221782645705,0.99705366963200803,3763,10,10
3754,0.83062732804839512,0.66125465609679024,0.99622817309692702,3764,10,10
3755,0.85395289251455497,0.70790578502910995,0.98032235351526742,3765,10,10
3756,0.87616005996390334,0.75232011992780667,0.94731854256226833,3766,10,10
3757,0.89750653656514212,0.79501307313028424,0.89900521113325205,3767,10,10
3758,0.91799826312838428,0.83599652625676857,0.83930802353621692,3768,10,10
3759,0.93754931036262057,0.87509862072524114,0.77241558157812817,3769,10,10
3760,0.95603906408971573,0.91207812817943146,0.7018460936868014,3770,10,10
3761,0.97314082982489691,0.94628165964979383,0.63024218699437695,3771,10,10
3762,0.98775014862973587,0.97550029725947174,0.55948666427597582,3772,10,10
3763,0.99705366963200803,0.99410733926401607,0.49089972747737554,3773,10,10
3764,0.99622817309692702,0.99245634619385403,0.42540810833665621,3774,10,10
3765,0.98032235351526742,0.96064470703053484,0.36365189966745881,3775,10,10
3766,0.94731854256226833,0.89463708512453666,0.3060400436609208,3776,10,10
3767,0.89900521113325205,0.79801042226650409,0.2527845501269278,3777,10,10
3768,0.83930802353621692,0.67861604707243384,0.2039427482180729,3778,10,10
3769,0.77241558157812817,0.54483116315625635,0.15948978602568648,3779,10,10
3770,0.7018460936868014,0.4036921873736028,0.11943283641446865,3780,10,10
3771,0.63024218699437695,0.2604843739887539,0.083947597200575458,3781,10,10
3772,0.55948666427597582,0.11897332855195164,0.053483514825436403,3782,10,10
3773,0.49089972747737554,-0.018200545045248928,0.02882869616505164,3783,10,10
3774,0.42540810833665621,-0.14918378332668758,0.011218916415465772,3784,10,10
3775,0.36365189966745881,-0.27269620066508238,0.0025482070362949269,3785,10,10
3776,0.3060400436609208,-0.3879199126781584,0.0055793699454982412,3786,10,10
3777,0.2527845501269278,-0.4944308997461444,0.023829230342771221,3787,10,10
3778,0.2039427482180729,-0.5921145035638542,0.060586244944806383,3788,10,10
3779,0.15948978602568648,-0.68102042794862705,0.11679982508530744,3789,10,10
3780,0.11943283641446865,-0.76113432717106266,0.1889856703826947,3790,10,10
3781,0.083947597200575458,-0.83210480559884914,0.26943391723314364,3791,10,10
3782,0.053483514825436403,-0.89303297034912721,0.34912965540462076,3792,10,10
3783,0.02882869616505164,-0.94234260766989675,0.42088382842788397,3793,10,10
3784,0.011218916415465772,-0.97756216716906841,0.48058636423737716,3794,10,10
3785,0.0025482070362949269,-0.99490358592741013,0.5267902648085746,3795,10,10
3786,0.0055793699454982412,-0.98884126010900353,0.55974330283513918,3796,10,10
3787,0.023829230342771221,-0.95234153931445753,0.58057229178965486,3797,10,10
3788,0.060586244944806383,-0.87882751011038729,0.59080116319542375,3798,10,10
3789,0.11679982508530744,-0.7664003498293851,0.59214524657523449,3799,10,10
3790,0.1889856703826947,-0.62202865923461059,0.58647461490301189,3800,10,10
3791,0.26943391723314364,-0.46113216553371272,0.5758686282661396,3801,10,10
3792,0.34912965540462076,-0.30174068919075847,0.56272862432456117,3802,10,10
3793,0.42088382842788397,-0.15823234314423207,0.54992301634468432,3803,10,10
3794,0.48058636423737716,-0.038827271525245677,0.54088300327486305,3804,10,10
3795,0.5267902648085746,0.053580529617149208,0.53946304439039017,3805,10,10
3796,0.55974330283513918,0.11948660567027836,0.54933418532930656,3806,10,10
3797,0.58057229178965486,0.16114458357930972,0.57286279945239282,3807,10,10
3798,0.59080116319542375,0.1816023263908475,0.6097389209443953,3808,10,10
3799,0.59214524657523449,0.18429049315046897,0.65582796776036856,3809,10,10
3800,0.58647461490301189,0.17294922980602379,0.70336840274826995,3810,10,10
3801,0.5758686282661396,0.15173725653227921,0.74387625495837906,3811,10,10
3802,0.56272862432456117,0.12545724864912233,0.7721877645103048,3812,10,10
3803,0.54992301634468432,0.099846032689368647,0.78790413394000414,3813,10,10
3804,0.54088300327486305,0.0817660065497261,0.79384957114199761,3814,10,10
3805,0.53946304439039017,0.078926088780780335,0.79396300966456612,3815,10,10
3806,0.54933418532930656,0.098668370658613114,0.79199141926178551,3816,10,10
3807,0.57286279945239282,0.14572559890478565,0.79091461557817855,3817,10,10
3808,0.6097389209443953,0.2194778418887906,0.79271904883388999,3818,10,10
3809,0.65582796776036856,0.31165593552073712,0.79830728385510485,3819,10,10
3810,0.70336840274826995,0.4067368054965399,0.8074987649273877,3820,10,10
3811,0.74387625495837906,0.48775250991675811,0.81913832857365121,3821,10,10
3812,0.7721877645103048,0.54437552902060959,0.83127362598377263,3822,10,10
3813,0.78790413394000414,0.57580826788000827,0.84124625782345275,3823,10,10
3814,0.79384957114199761,0.58769914228399522,0.84555634020793125,3824,10,10
3815,0.79396300966456612,0.58792601932913224,0.83978959685953602,3825,10,10
3816,0.79199141926178551,0.58398283852357102,0.81961545223572163,3826,10,10
3817,0.79091461557817855,0.5818292311563571,0.78334807938430573,3827,10,10
3818,0.79271904883388999,0.58543809766777999,0.73375914124019048,3828,10,10
3819,0.79830728385510485,0.59661456771020971,0.67660343100282572,3829,10,10
3820,0.8074987649273877,0.6149975298547754,0.61768765838255346,3830,10,10
3821,0.81913832857365121,0.63827665714730242,0.56122247857431795,3831,10,10
3822,0.83127362598377263,0.66254725196754527,0.50957389310078982,3832,10,10
3823,0.84124625782345275,0.6824925156469055,0.46356317868314939,3833,10,10
3824,0.84555634020793125,0.69111268041586249,0.42287186032270357,3834,10,10
3825,0.83978959685953602,0.67957919371907205,0.38645724120645414,3835,10,10
3826,0.81961545223572163,0.63923090447144326,0.35297344707638356,3836,10,10
3827,0.78334807938430573,0.56669615876861146,0.32116996477979143,3837,10,10
3828,0.73375914124019048,0.46751828248038096,0.29020258892638079,3838,10,10
3829,0.67660343100282572,0.35320686200565143,0.25979449810417587,3839,10,10
3830,0.61768765838255346,0.23537531676510692,0.23024934673351141,3840,10,10
3831,0.56122247857431795,0.1224449571486359,0.20240641390517841,3841,10,10
3832,0.50957389310078982,0.019147786201579642,0.17766072945089909,3842,10,10
3833,0.46356317868314939,-0.072873642633701219,0.15810256388368638,3843,10,10
3834,0.42287186032270357,-0.15425627935459285,0.14667692422837578,3844,10,10
3835,0.38645724120645414,-0.22708551758709172,0.14708323194304757,3845,10,10
3836,0.35297344707638356,-0.29405310584723288,0.16303772630024843,3846,10,10
3837,0.32116996477979143,-0.35766007044041714,0.19674640038181157,3847,10,10
3838,0.29020258892638079,-0.41959482214723842,0.24729194076746661,3848,10,10
3839,0.25979449810417587,-0.48041100379164825,0.31038989095892627,3849,10,10
3840,0.23024934673351141,-0.53950130653297723,0.37997567703887791,3850,10,10
3841,0.20240641390517841,-0.59518717218964312,0.45028463496330862,3851,10,10
3842,0.17766072945089909,-0.64467854109820188,0.5170326635987742,3852,10,10
3843,0.15810256388368638,-0.68379487223262725,0.57753923578846533,3853,10,10
3844,0.14667692422837578,-0.7066461515432485,0.63033665943389228,3854,10,10
3845,0.14708323194304757,-0.70583353611390487,0.67473720550249305,3855,10,10
3846,0.16303772630024843,-0.67392454739950314,0.71054905693626313,3856,10,10
3847,0.19674640038181157,-0.60650719923637686,0.73794488216578746,3857,10,10
3848,0.24729194076746661,-0.50541611846506673,0.75742457582386291,3858,10,10
3849,0.31038989095892627,-0.37922021808214745,0.76983099186886272,3859,10,10
3850,0.37997567703887791,-0.24004864592224417,0.77641567415608548,3860,10,10
3851,0.45028463496330862,-0.099430730073382767,0.7789589092214031,3861,10,10
3852,0.5170326635987742,0.034065327197548401,0.77989663395948627,3862,10,10
3853,0.57753923578846533,0.15507847157693067,0.7823033678362975,3863,10,10
3854,0.63033665943389228,0.26067331886778455,0.78949572629689191,3864,10,10
3855,0.67473720550249305,0.34947441100498611,0.80410170533209646,3865,10,10
3856,0.71054905693626313,0.42109811387252627,0.82673959725788004,3866,10,10
3857,0.73794488216578746,0.47588976433157493,0.85476630331031378,3867,10,10
3858,0.75742457582386291,0.51484915164772582,0.88192129301608446,3868,10,10
3859,0.76983099186886272,0.53966198373772545,0.89999732081511941,3869,10,10
3860,0.77641567415608548,0.55283134831217096,0.90235221636065366,3870,10,10
3861,0.7789589092214031,0.55791781844280619,0.88659975538789537,3871,10,10
3862,0.77989663395948627,0.55979326791897255,0.85447935876628534,3872,10,10
3863,0.7823033678362975,0.56460673567259501,0.8100031889959588,3873,10,10
3864,0.78949572629689191,0.57899145259378382,0.75773974394814192,3874,10,10
3865,0.80410170533209646,0.60820341066419292,0.70185987566076746,3875,10,10
3866,0.82673959725788004,0.65347919451576009,0.64575378771431591,3876,10,10
3867,0.85476630331031378,0.70953260662062756,0.59192622670416617,3877,10,10
3868,0.88192129301608446,0.76384258603216892,0.54198127591826006,3878,10,10
3869,0.89999732081511941,0.79999464163023881,0.49659973426063697,3879,10,10
3870,0.90235221636065366,0.80470443272130732,0.45549328990753779,3880,10,10
3871,0.88659975538789537,0.77319951077579074,0.41742523491791272,3881,10,10
3872,0.85447935876628534,0.70895871753257067,0.38048591281934202,3882,10,10
3873,0.8100031889959588,0.6200063779919176,0.34276599388054868,3883,10,10
3874,0.75773974394814192,0.51547948789628384,0.30326750712798128,3884,10,10
3875,0.70185987566076746,0.40371975132153493,0.26250726769385169,3885,10,10
3876,0.64575378771431591,0.29150757542863182,0.22232355691999703,3886,10,10
3877,0.59192622670416617,0.18385245340833234,0.18510628132999465,3887,10,10
3878,0.54198127591826006,0.083962551836520127,0.15318059880962817,3888,10,10
3879,0.49659973426063697,-0.0068005314787260573,0.12870552748945452,3889,10,10
3880,0.45549328990753779,-0.089013420184924419,0.11388647519907776,3890,10,10
3881,0.41742523491791272,-0.16514953016417455,0.11113947549493049,3891,10,10
3882,0.38048591281934202,-0.23902817436131596,0.12289353700639102,3892,10,10
3883,0.34276599388054868,-0.31446801223890264,0.15085138387549824,3893,10,10
3884,0.30326750712798128,-0.39346498574403743,0.19492421513328109,3894,10,10
3885,0.26250726769385169,-0.47498546461229663,0.25259087257357576,3895,10,10
3886,0.22232355691999703,-0.55535288616000589,0.31935956974013763,3896,10,10
3887,0.18510628132999465,-0.62978743734001075,0.3900831869242774,3897,10,10
3888,0.15318059880962817,-0.6936388023807436,0.46018464866760578,3898,10,10
3889,0.12870552748945452,-0.74258894502109096,0.52616275016437863,3899,10,10
3890,0.11388647519907776,-0.77222704960184452,0.58546384584765798,3900,10,10
3891,0.11113947549493049,-0.77772104901013905,0.6361832415964952,3901,10,10
3892,0.12289353700639102,-0.7542129259872179,0.67698713158674062,3902,10,10
3893,0.15085138387549824,-0.69829723224900353,0.70728684474699521,3903,10,10
3894,0.19492421513328109,-0.61015156973343787,0.72739251831264029,3904,10,10
3895,0.25259087257357576,-0.49481825485284847,0.73845771320853171,3905,10,10
3896,0.31935956974013763,-0.36128086051972474,0.74230281468295567,3906,10,10
3897,0.3900831869242774,-0.21983362615144519,0.74127615821687343,3907,10,10
3898,0.46018464866760578,-0.079630702664788444,0.73819086114006838,3908,10,10
3899,0.52616275016437863,0.052325500328757268,0.73624596485180971,3909,10,10
3900,0.58546384584765798,0.17092769169531596,0.73877379142736688,3910,10,10
3901,0.6361832415964952,0.27236648319299039,0.74868653006803643,3911,10,10
3902,0.67698713158674062,0.35397426317348124,0.76763155865459365,3912,10,10
3903,0.70728684474699521,0.41457368949399043,0.79499305605027615,3913,10,10
3904,0.72739251831264029,0.45478503662528058,0.82700211906193188,3914,10,10
3905,0.73845771320853171,0.47691542641706341,0.85668075581240466,3915,10,10
3906,0.74230281468295567,0.48460562936591134,0.87572277979615465,3916,10,10
3907,0.74127615821687343,0.48255231643374685,0.87798859282835762,3917,10,10
3908,0.73819086114006838,0.47638172228013675,0.86195853194123417,3918,10,10
3909,0.73624596485180971,0.47249192970361942,0.8303297621868414,3919,10,10
3910,0.73877379142736688,0.47754758285473375,0.78793328063677037,3920,10,10
3911,0.74868653006803643,0.49737306013607285,0.73985845218921586,3921,10,10
3912,0.76763155865459365,0.5352631173091873,0.6904507382191386,3922,10,10
3913,0.79499305605027615,0.5899861121005523,0.64296349854126866,3923,10,10
3914,0.82700211906193188,0.65400423812386377,0.59949913680113875,3924,10,10
3915,0.85668075581240466,0.71336151162480932,0.56101102824295068,3925,10,10
3916,0.87572277979615465,0.7514455595923093,0.52729084896769696,3926,10,10
3917,0.87798859282835762,0.75597718565671523,0.49699071609169054,3927,10,10
3918,0.86195853194123417,0.72391706388246835,0.46782101701971407,3928,10,10
3919,0.8303297621868414,0.6606595243736828,0.43708170048858547,3929,10,10
3920,0.78793328063677037,0.57586656127354074,0.40256520264727985,3930,10,10
3921,0.73985845218921586,0.47971690437843173,0.36356230538492595,3931,10,10
3922,0.6904507382191386,0.38090147643827721,0.32134705100973376,3932,10,10
3923,0.64296349854126866,0.28592699708253733,0.27868713403878137,3933,10,10
3924,0.59949913680113875,0.19899827360227751,0.23880247018416784,3934,10,10
3925,0.56101102824295068,0.12202205648590136,0.2046425627207793,3935,10,10
3926,0.52729084896769696,0.054581697935393914,0.1787728657807798,3936,10,10
3927,0.49699071609169054,-0.0060185678166189138,0.16353517974676629,3937,10,10
3928,0.46782101701971407,-0.064357965960571861,0.16106496438518625,3938,10,10
3929,0.43708170048858547,-0.12583659902282907,0.17294516685144218,3939,10,10
3930,0.40256520264727985,-0.1948695947054403,0.19958264758601627,3940,10,10
3931,0.36356230538492595,-0.27287538923014809,0.23973250141083688,3941,10,10
3932,0.32134705100973376,-0.35730589798053247,0.29063296303242375,3942,10,10
3933,0.27868713403878137,-0.44262573192243726,0.34875585113703766,3943,10,10
3934,0.23880247018416784,-0.52239505963166433,0.41068895395343746,3944,10,10
3935,0.2046425627207793,-0.59071487455844141,0.4736587027542537,3945,10,10
3936,0.1787728657807798,-0.64245426843844045,0.53552691031423394,3946,10,10
3937,0.16353517974676629,-0.67292964050646742,0.59439633716059936,3947,10,10
3938,0.16106496438518625,-0.6778700712296275,0.64818870092704151,3948,10,10
3939,0.17294516685144218,-0.65410966629711564,0.69466990514400329,3949,10,10
3940,0.19958264758601627,-0.60083470482796741,0.7320463062917475,3950,10,10
3941,0.23973250141083688,-0.52053499717832619,0.75961201236565501,3951,10,10
3942,0.29063296303242375,-0.4187340739351525,0.77792442067338974,3952,10,10
3943,0.34875585113703766,-0.30248829772592467,0.78857795231444228,3953,10,10
3944,0.41068895395343746,-0.17862209209312507,0.79390252577692111,3954,10,10
3945,0.4736587027542537,-0.052682594491492596,0.7967241812607212,3955,10,10
3946,0.53552691031423394,0.071053820628467879,0.80011354533877854,3956,10,10
3947,0.59439633716059936,0.18879267432119873,0.8069953206501016,3957,10,10
3948,0.64818870092704151,0.29637740185408301,0.81957941671664347,3958,10,10
3949,0.69466990514400329,0.38933981028800657,0.83869799698765246,3959,10,10
3950,0.7320463062917475,0.46409261258349499,0.86317991570773878,3960,10,10
3951,0.75961201236565501,0.51922402473131002,0.88943915304449528,3961,10,10
3952,0.77792442067338974,0.55584884134677948,0.9116608009580327,3962,10,10
3953,0.78857795231444228,0.57715590462888455,0.92307813341084577,3963,10,10
3954,0.79390252577692111,0.58780505155384222,0.91823346717823129,3964,10,10
3955,0.7967241812607212,0.5934483625214424,0.89503155139666379,3965,10,10
3956,0.80011354533877854,0.60022709067755708,0.85521876962907306,3966,10,10
3957,0.8069953206501016,0.6139906413002032,0.80316201287171007,3967,10,10
3958,0.81957941671664347,0.63915883343328694,0.74403984170129112,3968,10,10
3959,0.83869799698765246,0.67739599397530492,0.68251484071422031,3969,10,10
3960,0.86317991570773878,0.72635983141547755,0.62213717869240914,3970,10,10
3961,0.88943915304449528,0.77887830608899056,0.56521403499942724,3971,10,10
3962,0.9116608009580327,0.8233216019160654,0.51286132579063115,3972,10,10
3963,0.92307813341084577,0.84615626682169154,0.46511204191163918,3973,10,10
3964,0.91823346717823129,0.83646693435646258,0.42109448160196028,3974,10,10
3965,0.89503155139666379,0.79006310279332759,0.37935850168765406,3975,10,10
3966,0.85521876962907306,0.71043753925814612,0.33838656504721754,3976,10,10
3967,0.80316201287171007,0.60632402574342015,0.29718602040970776,3977,10,10
3968,0.74403984170129112,0.48807968340258223,0.2557153058319101,3978,10,10
3969,0.68251484071422031,0.36502968142844061,0.21491272697009675,3979,10,10
3970,0.62213717869240914,0.24427435738481829,0.17635180598868774,3980,10,10
3971,0.56521403499942724,0.13042806999885448,0.14183098264458802,3981,10,10
3972,0.51286132579063115,0.025722651581262301,0.11320045198103372,3982,10,10
3973,0.46511204191163918,-0.069775916176721631,0.092475451115619639,3983,10,10
3974,0.42109448160196028,-0.15781103679607944,0.082061375365534234,3984,10,10
3975,0.37935850168765406,-0.24128299662469188,0.084798478823203169,3985,10,10
3976,0.33838656504721754,-0.32322686990556493,0.10347826616447327,3986,10,10
3977,0.29718602040970776,-0.40562795918058447,0.13967591804165286,3987,10,10
3978,0.2557153058319101,-0.4885693883361798,0.19242909536793068,3988,10,10
3979,0.21491272697009675,-0.57017454605980644,0.25788884545298724,3989,10,10
3980,0.17635180598868774,-0.64729638802262457,0.33042093505199505,3990,10,10
3981,0.14183098264458802,-0.71633803471082391,0.40428423307417871,3991,10,10
3982,0.11320045198103372,-0.77359909603793253,0.47475327769843756,3992,10,10
3983,0.092475451115619639,-0.81504909776876078,0.53839848734823836,3993,10,10
3984,0.082061375365534234,-0.83587724926893148,0.59291296154179463,3994,10,10
3985,0.084798478823203169,-0.83040304235359363,0.63691430668267912,3995,10,10
3986,0.10347826616447327,-0.79304346767105349,0.66986878069599054,3996,10,10
3987,0.13967591804165286,-0.72064816391669428,0.69205353023620308,3997,10,10
3988,0.19242909536793068,-0.61514180926413864,0.70445960515448092,3998,10,10
3989,0.25788884545298724,-0.48422230909402553,0.70865596211830295,3999,10,10
3990,0.33042093505199505,-0.33915812989600991,0.7066977095938296,4000,10,10
3991,0.40428423307417871,-0.19143153385164258,0.7011201475125125,4001,10,10
3992,0.47475327769843756,-0.050493444603124882,0.69497115806511234,4002,10,10
3993,0.53839848734823836,0.076796974696476727,0.69174034801560935,4003,10,10
3994,0.59291296154179463,0.18582592308358925,0.69499420780794563,4004,10,10
3995,0.63691430668267912,0.27382861336535824,0.70762277519311323,4005,10,10
3996,0.66986878069599054,0.33973756139198108,0.73081817083137079,4006,10,10
3997,0.69205353023620308,0.38410706047240617,0.76299966316310563,4007,10,10
3998,0.70445960515448092,0.40891921030896183,0.79902836541927635,4008,10,10
3999,0.70865596211830295,0.4173119242366059,0.83072885728291301,4009,10,10
